transaction_id,customer_id,customer_name,email,transaction_date,amount_usd,currency,status,quantity,country
TX-0000001,C-00001,Noah Kim,noah.kim1@example.com,02/06/2024,535.10,USD,pending,2,CA
TX-0000002,C-00002,Mia Martin,mia.martin2@example.com,03/11/2024,847.01,USD,refunded,3,GB
TX-0000003,C-00003,Liam Smith,liam.smith3@example.com,04/04/2024,2160.03,USD,cancelled,4,AU
TX-0000004,C-00004,Sofia Brown,sofia.brown4@example.com,05/09/2024,219.18,USD,completed,5,DE
TX-0000005,C-00005,Ethan Wilson,ethan.wilson5@example.com,06/02/2024,573.20,USD,pending,6,US
TX-0000006,C-00006,Zoe Garcia,zoe.garcia6@example.com,07/07/2024,673.79,USD,refunded,7,CA
TX-0000007,C-00007,Mateo Nguyen,mateo.nguyen7@example.com,08/12/2024,101.72,USD,cancelled,8,GB
TX-0000008,C-00008,Ava Patel,ava.patel8@example.com,09/05/2024,2492.51,USD,completed,1,AU
TX-0000009,C-00009,Noah Kim,noah.kim9@example.com,10/10/2024,1723.05,USD,pending,2,DE
TX-0000010,C-00010,Mia Martin,mia.martin10@example.com,11/03/2024,2387.98,USD,refunded,3,US
TX-0000011,C-00011,Liam Smith,liam.smith11@example.com,12/08/2024,1625.25,USD,cancelled,4,CA
TX-0000012,C-00012,Sofia Brown,sofia.brown12@example.com,01/01/2024,2211.47,USD,completed,5,GB
TX-0000013,C-00013,Ethan Wilson,ethan.wilson13@example.com,02/06/2024,2231.53,USD,pending,6,AU
TX-0000014,C-00014,Zoe Garcia,zoe.garcia14@example.com,03/11/2024,2178.31,USD,refunded,7,DE
TX-0000015,C-00015,Mateo Nguyen,mateo.nguyen15@example.com,04/04/2024,555.66,USD,cancelled,8,US
TX-0000016,C-00016,Ava Patel,ava.patel16@example.com,05/09/2024,2451.81,USD,completed,1,CA
TX-0000017,C-00017,Noah Kim,noah.kim17@example.com,06/02/2024,1055.04,USD,pending,2,GB
TX-0000018,C-00018,Mia Martin,mia.martin18@example.com,07/07/2024,1715.44,USD,refunded,3,AU
TX-0000019,C-00019,Liam Smith,liam.smith19@example.com,08/12/2024,1928.68,USD,cancelled,4,DE
TX-0000020,C-00020,Sofia Brown,sofia.brown20@example.com,09/05/2024,1586.89,USD,completed,5,US
TX-0000021,C-00021,Ethan Wilson,ethan.wilson21@example.com,10/10/2024,978.69,USD,pending,6,CA
TX-0000022,C-00022,Zoe Garcia,zoe.garcia22@example.com,11/03/2024,336.89,USD,refunded,7,GB
TX-0000023,C-00023,Mateo Nguyen,mateo.nguyen23@example.com,12/08/2024,1440.05,USD,cancelled,8,AU
TX-0000024,C-00024,Ava Patel,ava.patel24@example.com,01/01/2024,145.52,USD,completed,1,DE
TX-0000025,C-00025,Noah Kim,noah.kim25@example.com,02/06/2024,1637.17,USD,pending,2,US
TX-0000026,C-00026,Mia Martin,mia.martin26@example.com,03/11/2024,1056.47,USD,refunded,3,CA
TX-0000027,C-00027,Liam Smith,liam.smith27@example.com,04/04/2024,1502.67,USD,cancelled,4,GB
TX-0000028,C-00028,Sofia Brown,sofia.brown28@example.com,05/09/2024,865.26,USD,completed,5,AU
TX-0000029,C-00029,Ethan Wilson,ethan.wilson29@example.com,06/02/2024,1455.32,USD,pending,6,DE
TX-0000030,C-00030,Zoe Garcia,zoe.garcia30@example.com,07/07/2024,957.30,USD,refunded,7,US
TX-0000031,C-00031,Mateo Nguyen,mateo.nguyen31@example.com,08/12/2024,1643.53,USD,cancelled,8,CA
TX-0000032,C-00032,Ava Patel,ava.patel32@example.com,09/05/2024,2078.10,USD,completed,1,GB
TX-0000033,C-00033,Noah Kim,noah.kim33@example.com,10/10/2024,1496.45,USD,pending,2,AU
TX-0000034,C-00034,Mia Martin,mia.martin34@example.com,11/03/2024,195.76,USD,refunded,3,DE
TX-0000035,C-00035,Liam Smith,liam.smith35@example.com,12/08/2024,179.57,USD,cancelled,4,US
TX-0000036,C-00036,Sofia Brown,sofia.brown36@example.com,01/01/2024,358.95,USD,completed,5,CA
TX-0000037,C-00037,Ethan Wilson,ethan.wilson37@example.com,02/06/2024,2174.41,USD,pending,6,GB
TX-0000038,C-00038,Zoe Garcia,zoe.garcia38@example.com,03/11/2024,281.26,USD,refunded,7,AU
TX-0000039,C-00039,Mateo Nguyen,mateo.nguyen39@example.com,04/04/2024,1028.39,USD,cancelled,8,DE
TX-0000040,C-00040,Ava Patel,ava.patel40@example.com,05/09/2024,1981.68,USD,completed,1,US
TX-0000041,C-00041,Noah Kim,noah.kim41@example.com,06/02/2024,2140.68,USD,pending,2,CA
TX-0000042,C-00042,Mia Martin,mia.martin42@example.com,07/07/2024,1439.15,USD,refunded,3,GB
TX-0000043,C-00043,Liam Smith,liam.smith43@example.com,08/12/2024,1799.89,USD,cancelled,4,AU
TX-0000044,C-00044,Sofia Brown,sofia.brown44@example.com,09/05/2024,1373.89,USD,completed,5,DE
TX-0000045,C-00045,Ethan Wilson,ethan.wilson45@example.com,10/10/2024,182.66,USD,pending,6,US
TX-0000046,C-00046,Zoe Garcia,zoe.garcia46@example.com,11/03/2024,1841.51,USD,refunded,7,CA
TX-0000047,C-00047,Mateo Nguyen,mateo.nguyen47@example.com,12/08/2024,654.96,USD,cancelled,8,GB
TX-0000048,C-00048,Ava Patel,ava.patel48@example.com,01/01/2024,2196.51,USD,completed,1,AU
TX-0000049,C-00049,Noah Kim,noah.kim49@example.com,02/06/2024,581.76,USD,pending,2,DE
TX-0000050,C-00050,Mia Martin,mia.martin50@example.com,03/11/2024,645.34,USD,refunded,3,US
TX-0000051,C-00051,Liam Smith,liam.smith51@example.com,04/04/2024,1192.44,USD,cancelled,4,CA
TX-0000052,C-00052,Sofia Brown,sofia.brown52@example.com,05/09/2024,154.81,USD,completed,5,GB
TX-0000053,C-00053,Ethan Wilson,ethan.wilson53@example.com,06/02/2024,2315.53,USD,pending,6,AU
TX-0000054,C-00054,Zoe Garcia,zoe.garcia54@example.com,07/07/2024,212.77,USD,refunded,7,DE
TX-0000055,C-00055,Mateo Nguyen,mateo.nguyen55@example.com,08/12/2024,1808.82,USD,cancelled,8,US
TX-0000056,C-00056,Ava Patel,ava.patel56@example.com,09/05/2024,1261.64,USD,completed,1,CA
TX-0000057,C-00057,Noah Kim,noah.kim57@example.com,10/10/2024,2052.55,USD,pending,2,GB
TX-0000058,C-00058,Mia Martin,mia.martin58@example.com,11/03/2024,1558.40,USD,refunded,3,AU
TX-0000059,C-00059,Liam Smith,liam.smith59@example.com,12/08/2024,1383.22,USD,cancelled,4,DE
TX-0000060,C-00060,Sofia Brown,sofia.brown60@example.com,01/01/2024,2307.93,USD,completed,5,US
TX-0000061,C-00061,Ethan Wilson,ethan.wilson61@example.com,02/06/2024,2326.97,USD,pending,6,CA
TX-0000062,C-00062,Zoe Garcia,zoe.garcia62@example.com,03/11/2024,1853.38,USD,refunded,7,GB
TX-0000063,C-00063,Mateo Nguyen,mateo.nguyen63@example.com,04/04/2024,290.52,USD,cancelled,8,AU
TX-0000064,C-00064,Ava Patel,ava.patel64@example.com,05/09/2024,588.16,USD,completed,1,DE
TX-0000065,C-00065,Noah Kim,noah.kim65@example.com,06/02/2024,392.36,USD,pending,2,US
TX-0000066,C-00066,Mia Martin,mia.martin66@example.com,07/07/2024,747.55,USD,refunded,3,CA
TX-0000067,C-00067,Liam Smith,liam.smith67@example.com,08/12/2024,13.76,USD,cancelled,4,GB
TX-0000068,C-00068,Sofia Brown,sofia.brown68@example.com,09/05/2024,1406.18,USD,completed,5,AU
TX-0000069,C-00069,Ethan Wilson,ethan.wilson69@example.com,10/10/2024,311.56,USD,pending,6,DE
TX-0000070,C-00070,Zoe Garcia,zoe.garcia70@example.com,11/03/2024,878.65,USD,refunded,7,US
TX-0000071,C-00071,Mateo Nguyen,mateo.nguyen71@example.com,12/08/2024,1861.66,USD,cancelled,8,CA
TX-0000072,C-00072,Ava Patel,ava.patel72@example.com,01/01/2024,863.74,USD,completed,1,GB
TX-0000073,C-00073,Noah Kim,noah.kim73@example.com,02/06/2024,402.26,USD,pending,2,AU
TX-0000074,C-00074,Mia Martin,mia.martin74@example.com,03/11/2024,2169.85,USD,refunded,3,DE
TX-0000075,C-00075,Liam Smith,liam.smith75@example.com,04/04/2024,2479.57,USD,cancelled,4,US
TX-0000076,C-00076,Sofia Brown,sofia.brown76@example.com,05/09/2024,1652.64,USD,completed,5,CA
TX-0000077,C-00077,Ethan Wilson,ethan.wilson77@example.com,06/02/2024,286.82,USD,pending,6,GB
TX-0000078,C-00078,Zoe Garcia,zoe.garcia78@example.com,07/07/2024,1993.14,USD,refunded,7,AU
TX-0000079,C-00079,Mateo Nguyen,mateo.nguyen79@example.com,08/12/2024,31.08,USD,cancelled,8,DE
TX-0000080,C-00080,Ava Patel,ava.patel80@example.com,09/05/2024,96.17,USD,completed,1,US
TX-0000081,C-00081,Noah Kim,noah.kim81@example.com,10/10/2024,2497.36,USD,pending,2,CA
TX-0000082,C-00082,Mia Martin,mia.martin82@example.com,11/03/2024,1119.29,USD,refunded,3,GB
TX-0000083,C-00083,Liam Smith,liam.smith83@example.com,12/08/2024,467.83,USD,cancelled,4,AU
TX-0000084,C-00084,Sofia Brown,sofia.brown84@example.com,01/01/2024,84.60,USD,completed,5,DE
TX-0000085,C-00085,Ethan Wilson,ethan.wilson85@example.com,02/06/2024,2158.39,USD,pending,6,US
TX-0000086,C-00086,Zoe Garcia,zoe.garcia86@example.com,03/11/2024,265.31,USD,refunded,7,CA
TX-0000087,C-00087,Mateo Nguyen,mateo.nguyen87@example.com,04/04/2024,2004.88,USD,cancelled,8,GB
TX-0000088,C-00088,Ava Patel,ava.patel88@example.com,05/09/2024,530.75,USD,completed,1,AU
TX-0000089,C-00089,Noah Kim,noah.kim.invalid,06/02/2024,1735.18,USD,pending,2,DE
TX-0000090,C-00090,Mia Martin,mia.martin90@example.com,07/07/2024,1875.69,USD,refunded,3,US
TX-0000091,C-00091,Liam Smith,liam.smith91@example.com,08/12/2024,689.04,USD,cancelled,4,CA
TX-0000092,C-00092,Sofia Brown,sofia.brown92@example.com,09/05/2024,1591.74,USD,completed,5,GB
TX-0000093,C-00093,Ethan Wilson,ethan.wilson93@example.com,10/10/2024,1133.11,USD,pending,6,AU
TX-0000094,C-00094,Zoe Garcia,zoe.garcia94@example.com,11/03/2024,2462.39,USD,refunded,7,DE
TX-0000095,C-00095,Mateo Nguyen,mateo.nguyen95@example.com,12/08/2024,749.13,USD,cancelled,8,US
TX-0000096,C-00096,Ava Patel,ava.patel96@example.com,01/01/2024,896.01,USD,completed,1,CA
TX-0000097,C-00097,Noah Kim,,02/06/2024,2356.45,USD,pending,2,GB
TX-0000098,C-00098,Mia Martin,mia.martin98@example.com,03/11/2024,1257.13,USD,refunded,3,AU
TX-0000099,C-00099,Liam Smith,liam.smith99@example.com,04/04/2024,2189.85,USD,cancelled,4,DE
TX-0000100,C-00100,Sofia Brown,sofia.brown100@example.com,05/09/2024,2425.50,USD,completed,5,US
TX-0000101,C-00101,Ethan Wilson,ethan.wilson101@example.com,06/02/2024,1987.02,USD,pending,6,CA
TX-0000102,C-00102,Zoe Garcia,zoe.garcia102@example.com,07/07/2024,2415.87,USD,refunded,7,GB
TX-0000103,C-00103,Mateo Nguyen,mateo.nguyen103@example.com,08/12/2024,381.09,USD,cancelled,8,AU
TX-0000104,C-00104,Ava Patel,ava.patel104@example.com,09/05/2024,672.89,USD,completed,1,DE
TX-0000105,C-00105,Noah Kim,noah.kim105@example.com,10/10/2024,284.01,USD,pending,2,US
TX-0000106,C-00106,Mia Martin,mia.martin106@example.com,11/03/2024,1224.82,USD,refunded,3,CA
TX-0000107,C-00107,Liam Smith,liam.smith107@example.com,12/08/2024,11.34,USD,cancelled,4,GB
TX-0000108,C-00108,Sofia Brown,sofia.brown108@example.com,01/01/2024,1877.58,USD,completed,5,AU
TX-0000109,C-00109,Ethan Wilson,ethan.wilson109@example.com,02/06/2024,1274.44,USD,pending,6,DE
TX-0000110,C-00110,Zoe Garcia,zoe.garcia110@example.com,03/11/2024,160.06,USD,refunded,7,US
TX-0000111,C-00111,Mateo Nguyen,mateo.nguyen111@example.com,04/04/2024,2306.70,USD,cancelled,8,CA
TX-0000112,C-00112,Ava Patel,ava.patel112@example.com,05/09/2024,2489.10,USD,completed,1,GB
TX-0000113,C-00113,  NOAH KIM  ,noah.kim113@example.com,06/02/2024,297.55,USD,pending,2,AU
TX-0000114,C-00114,Mia Martin,mia.martin114@example.com,07/07/2024,627.10,USD,refunded,3,DE
TX-0000115,C-00115,Liam Smith,liam.smith115@example.com,08/12/2024,1751.69,USD,cancelled,4,US
TX-0000116,C-00116,Sofia Brown,sofia.brown116@example.com,09/05/2024,7.48,USD,completed,5,CA
TX-0000117,C-00117,Ethan Wilson,ethan.wilson117@example.com,10/10/2024,740.29,USD,pending,6,GB
TX-0000118,C-00118,Zoe Garcia,zoe.garcia118@example.com,11/03/2024,229.72,USD,refunded,7,AU
TX-0000119,C-00119,Mateo Nguyen,mateo.nguyen119@example.com,12/08/2024,1671.06,USD,cancelled,8,DE
TX-0000120,C-00120,Ava Patel,ava.patel120@example.com,01/01/2024,621.10,USD,completed,1,US
TX-0000121,C-00121,Noah Kim,noah.kim121@example.com,02/06/2024,2403.24,USD,pending,2,CA
TX-0000122,C-00122,Mia Martin,mia.martin122@example.com,03/11/2024,648.77,USD,refunded,3,GB
TX-0000123,C-00123,Liam Smith,liam.smith123@example.com,04/04/2024,2342.88,USD,cancelled,4,AU
TX-0000124,C-00124,Sofia Brown,sofia.brown124@example.com,05/09/2024,2186.73,USD,completed,5,DE
TX-0000125,C-00125,Ethan Wilson,ethan.wilson125@example.com,06/02/2024,581.82,USD,pending,6,US
TX-0000126,C-00126,Zoe Garcia,zoe.garcia126@example.com,07/07/2024,1311.36,USD,refunded,7,CA
TX-0000127,C-00127,mateo nguyen,mateo.nguyen127@example.com,08/12/2024,2045.52,USD,cancelled,8,GB
TX-0000128,C-00128,Ava Patel,ava.patel128@example.com,09/05/2024,1337.73,USD,completed,1,AU
TX-0000129,C-00129,Noah Kim,noah.kim129@example.com,10/10/2024,675.96,USD,pending,2,DE
TX-0000130,C-00130,Mia Martin,mia.martin130@example.com,11/03/2024,1154.60,USD,refunded,3,US
TX-0000131,C-00131,Liam Smith,liam.smith131@example.com,12/08/2024,752.13,USD,cancelled,4,ca
TX-0000132,C-00132,Sofia Brown,sofia.brown132@example.com,01/01/2024,226.72,USD,completed,5,GB
TX-0000133,C-00133,Ethan Wilson,ethan.wilson133@example.com,02/06/2024,1570.23,USD,pending,6,AU
TX-0000134,C-00134,Zoe Garcia,zoe.garcia134@example.com,03/11/2024,1187.70,USD,refunded,7,DE
TX-0000135,C-00135,Mateo Nguyen,mateo.nguyen135@example.com,04/04/2024,582.48,USD,cancelled,8,US
TX-0000136,C-00136,Ava Patel,ava.patel136@example.com,05/09/2024,1681.14,USD,completed,1,CA
TX-0000137,C-00137,Noah Kim,noah.kim137@example.com,06/02/2024,849.67,USD,pending,2,GB
TX-0000138,C-00138,Mia Martin,mia.martin138@example.com,07/07/2024,302.96,USD,refunded,3,AU
TX-0000139,C-00139,Liam Smith,liam.smith139@example.com,08/12/2024,1582.03,USD,cancelled,4,DE
TX-0000140,C-00140,Sofia Brown,sofia.brown140@example.com,09/05/2024,1609.20,USD,completed,5,US
TX-0000141,C-00141,Ethan Wilson,ethan.wilson141@example.com,10/10/2024,1999.37,USD,pending,6,CA
TX-0000142,C-00142,Zoe Garcia,zoe.garcia142@example.com,11/03/2024,987.75,USD,refunded,7,GB
TX-0000143,C-00143,Mateo Nguyen,mateo.nguyen143@example.com,12/08/2024,921.28,USD,cancelled,8,AU
TX-0000144,C-00144,Ava Patel,ava.patel144@example.com,01/01/2024,964.90,USD,completed,1,DE
TX-0000145,C-00145,Noah Kim,noah.kim145@example.com,02/06/2024,2349.18,USD,pending,2,US
TX-0000146,C-00146,Mia Martin,mia.martin146@example.com,03/11/2024,719.20,USD,refunded,3,CA
TX-0000147,C-00147,Liam Smith,liam.smith147@example.com,04/04/2024,1446.37,USD,cancelled,4,GB
TX-0000148,C-00148,Sofia Brown,sofia.brown148@example.com,05/09/2024,360.00,USD,completed,5,AU
TX-0000149,C-00149,Ethan Wilson,ethan.wilson149@example.com,06/02/2024,1113.64,usd,pending,6,DE
TX-0000150,C-00150,Zoe Garcia,zoe.garcia150@example.com,07/07/2024,399.61,USD,refunded,7,US
TX-0000151,C-00151,Mateo Nguyen,mateo.nguyen151@example.com,08/12/2024,2346.34,USD,cancelled,8,CA
TX-0000152,C-00152,Ava Patel,ava.patel152@example.com,09/05/2024,1279.13,USD,completed,1,GB
TX-0000153,C-00153,Noah Kim,noah.kim153@example.com,10/10/2024,2375.54,USD,pending,2,AU
TX-0000154,C-00154,Mia Martin,mia.martin154@example.com,11/03/2024,880.22,USD,refunded,3,DE
TX-0000155,C-00155,Liam Smith,liam.smith155@example.com,12/08/2024,1558.12,USD,cancelled,4,US
TX-0000156,C-00156,Sofia Brown,sofia.brown156@example.com,01/01/2024,1597.50,USD,completed,5,CA
TX-0000157,C-00157,Ethan Wilson,ethan.wilson157@example.com,02/06/2024,1481.49,USD,COMPLETE,6,GB
TX-0000158,C-00158,Zoe Garcia,zoe.garcia158@example.com,03/11/2024,157.26,USD,refunded,7,AU
TX-0000159,C-00159,Mateo Nguyen,mateo.nguyen159@example.com,04/04/2024,1988.53,USD,cancelled,8,DE
TX-0000160,C-00160,Ava Patel,ava.patel160@example.com,05/09/2024,869.02,USD,completed,1,US
TX-0000161,C-00161,Noah Kim,noah.kim161@example.com,06/02/2024,1678.15,USD,pending,2,CA
TX-0000162,C-00162,Mia Martin,mia.martin162@example.com,07/07/2024,1851.34,USD,refunded,3,GB
TX-0000163,C-00163,Liam Smith,liam.smith163@example.com,08/12/2024,1876.86,USD,cancelled,4,AU
TX-0000164,C-00164,Sofia Brown,sofia.brown164@example.com,09/05/2024,1167.41,USD,completed,5,DE
TX-0000165,C-00165,Ethan Wilson,ethan.wilson165@example.com,10/10/2024,1499.19,USD,pending,6,US
TX-0000166,C-00166,Zoe Garcia,zoe.garcia166@example.com,11/03/2024,363.07,USD,refunded,7,CA
TX-0000167,C-00167,Mateo Nguyen,mateo.nguyen167@example.com,12/08/2024,1141.44,USD,cancelled,8,GB
TX-0000168,C-00168,Ava Patel,ava.patel168@example.com,01/01/2024,850.85,USD,completed,1,AU
TX-0000169,C-00169,Noah Kim,noah.kim169@example.com,02/06/2024,1523.80,USD,pending,2,DE
TX-0000170,C-00170,Mia Martin,mia.martin170@example.com,03/11/2024,1663.41,USD,refunded,3,US
TX-0000171,C-00171,Liam Smith,liam.smith171@example.com,04/04/2024,345.21,USD,cancelled,4,CA
TX-0000172,C-00172,Sofia Brown,sofia.brown172@example.com,05/09/2024,702.64,USD,completed,5,GB
TX-0000173,C-00173,Ethan Wilson,ethan.wilson173@example.com,06/02/2024,479.37,USD,pending,6,USA
TX-0000174,C-00174,Zoe Garcia,zoe.garcia174@example.com,07/07/2024,1917.03,USD,refunded,7,DE
TX-0000175,C-00175,Mateo Nguyen,mateo.nguyen175@example.com,08/12/2024,1700.86,USD,cancelled,8,US
TX-0000176,C-00176,Ava Patel,ava.patel176@example.com,09/05/2024,1517.66,USD,completed,1,CA
TX-0000177,C-00177,Noah Kim,noah.kim177@example.com,10/10/2024,2308.11,USD,pending,2,GB
TX-0000178,C-00178,Mia Martin,mia.martin.invalid,11/03/2024,412.55,USD,refunded,3,AU
TX-0000179,C-00179,Liam Smith,liam.smith179@example.com,12/08/2024,1690.82,USD,cancelled,4,DE
TX-0000180,C-00180,Sofia Brown,sofia.brown180@example.com,01/01/2024,1566.20,USD,completed,5,US
TX-0000181,C-00181,Ethan Wilson,ethan.wilson181@example.com,02/06/2024,1723.54, USD ,pending,6,CA
TX-0000182,C-00182,Zoe Garcia,zoe.garcia182@example.com,03/11/2024,954.88,USD,refunded,7,GB
TX-0000183,C-00183,Mateo Nguyen,mateo.nguyen183@example.com,04/04/2024,1354.08,USD,cancelled,8,AU
TX-0000184,C-00184,Ava Patel,ava.patel184@example.com,05/09/2024,1489.98,USD,completed,1,DE
TX-0000185,C-00185,Noah Kim,noah.kim185@example.com,06/02/2024,2386.96,USD,pending,2,US
TX-0000186,C-00186,Mia Martin,mia.martin186@example.com,07/07/2024,235.18,USD,refunded,3,CA
TX-0000187,C-00187,Liam Smith,liam.smith187@example.com,08/12/2024,2325.18,USD,cancelled,4,GB
TX-0000188,C-00188,Sofia Brown,sofia.brown188@example.com,09/05/2024,1254.13,USD,completed,5,AU
TX-0000189,C-00189,Ethan Wilson,ethan.wilson189@example.com,10/10/2024,773.54,USD,pending,6,DE
TX-0000190,C-00190,Zoe Garcia,zoe.garcia190@example.com,11/03/2024,1094.67,USD,refunded,7,US
TX-0000191,C-00191,Mateo Nguyen,mateo.nguyen191@example.com,12/08/2024,1110.94,USD,unknown,8,CA
TX-0000192,C-00192,Ava Patel,ava.patel192@example.com,01/01/2024,1065.02,USD,completed,1,GB
TX-0000193,C-00193,Noah Kim,noah.kim193@example.com,02/06/2024,2019.91,USD,pending,2,AU
TX-0000194,C-00194,Mia Martin,,03/11/2024,1241.60,USD,refunded,3,DE
TX-0000195,C-00195,Liam Smith,liam.smith195@example.com,04/04/2024,532.11,USD,cancelled,4,US
TX-0000196,C-00196,Sofia Brown,sofia.brown196@example.com,05/09/2024,1810.95,USD,completed,5,CA
TX-0000197,C-00197,Ethan Wilson,ethan.wilson197@example.com,06/02/2024,2388.48,USD,pending,6,GB
TX-0000198,C-00198,Zoe Garcia,zoe.garcia198@example.com,07/07/2024,1701.41,USD,refunded,7,AU
TX-0000199,C-00199,Mateo Nguyen,mateo.nguyen199@example.com,08/12/2024,1912.29,USD,cancelled,8,DE
TX-0000200,C-00200,Ava Patel,ava.patel200@example.com,09/05/2024,2490.93,USD,completed,1,US
TX-0000201,C-00201,Noah Kim,noah.kim201@example.com,10/10/2024,1314.05,USD,pending,2,CA
TX-0000202,C-00202,Mia Martin,mia.martin202@example.com,11/03/2024,1777.06,USD,refunded,3,GB
TX-0000203,C-00203,Liam Smith,liam.smith203@example.com,12/08/2024,521.55,USD,cancelled,4,AU
TX-0000204,C-00204,Sofia Brown,sofia.brown204@example.com,01/01/2024,1997.06,USD,completed,5,DE
TX-0000205,C-00205,Ethan Wilson,ethan.wilson205@example.com,02/06/2024,2.61,USD,pending,6,US
TX-0000206,C-00206,Zoe Garcia,zoe.garcia206@example.com,03/11/2024,1982.39,USD,refunded,7,CA
TX-0000207,C-00207,Mateo Nguyen,mateo.nguyen207@example.com,04/04/2024,614.83,USD,cancelled,8,GB
TX-0000208,C-00208,Ava Patel,ava.patel208@example.com,05/09/2024,927.68,USD,completed,1,AU
TX-0000209,C-00209,Noah Kim,noah.kim209@example.com,06/02/2024,2358.73,USD,pending,2,DE
TX-0000210,C-00210,Mia Martin,mia.martin210@example.com,07/07/2024,481.41,USD,refunded,3,US
TX-0000211,C-00211,Liam Smith,liam.smith211@example.com,08/12/2024,-99.02,USD,cancelled,4,CA
TX-0000212,C-00212,Sofia Brown,sofia.brown212@example.com,09/05/2024,1417.74,USD,completed,5,GB
TX-0000213,C-00213,Ethan Wilson,ethan.wilson213@example.com,10/10/2024,34.39,USD,pending,6,AU
TX-0000214,C-00214,Zoe Garcia,zoe.garcia214@example.com,11/03/2024,635.76,USD,refunded,7,DE
TX-0000215,C-00215,Mateo Nguyen,mateo.nguyen215@example.com,12/08/2024,1818.04,USD,cancelled,8,US
TX-0000216,C-00216,Ava Patel,ava.patel216@example.com,01/01/2024,1857.86,USD,completed,1,CA
TX-0000217,C-00217,Noah Kim,noah.kim217@example.com,02/06/2024,930.57,USD,pending,2,GB
TX-0000218,C-00218,Mia Martin,mia.martin218@example.com,03/11/2024,2440.07,USD,refunded,3,AU
TX-0000219,C-00219,Liam Smith,liam.smith219@example.com,04/04/2024,2310.70,USD,cancelled,4,DE
TX-0000220,C-00220,Sofia Brown,sofia.brown220@example.com,05/09/2024,221.21,USD,completed,5,US
TX-0000221,C-00221,Ethan Wilson,ethan.wilson221@example.com,06/02/2024,884.83,USD,pending,6,CA
TX-0000222,C-00222,Zoe Garcia,zoe.garcia222@example.com,07/07/2024,1711.21,USD,refunded,7,GB
TX-0000223,C-00223,Mateo Nguyen,mateo.nguyen223@example.com,08/12/2024,,USD,cancelled,8,AU
TX-0000224,C-00224,Ava Patel,ava.patel224@example.com,09/05/2024,1191.98,USD,completed,1,DE
TX-0000225,C-00225,Noah Kim,noah.kim225@example.com,10/10/2024,813.14,USD,pending,2,US
TX-0000226,C-00226,  MIA MARTIN  ,mia.martin226@example.com,11/03/2024,1645.33,USD,refunded,3,CA
TX-0000227,C-00227,Liam Smith,liam.smith227@example.com,12/08/2024,762.80,USD,cancelled,4,GB
TX-0000228,C-00228,Sofia Brown,sofia.brown228@example.com,01/01/2024,469.67,USD,completed,5,AU
TX-0000229,C-00229,Ethan Wilson,ethan.wilson229@example.com,02/06/2024,353.87,USD,pending,6,DE
TX-0000230,C-00230,Zoe Garcia,zoe.garcia230@example.com,03/11/2024,2133.79,USD,refunded,7,US
TX-0000231,C-00231,Mateo Nguyen,mateo.nguyen231@example.com,04/04/2024,1463.43,USD,cancelled,8,CA
TX-0000232,C-00232,Ava Patel,ava.patel232@example.com,05/09/2024,404.39,USD,completed,1,GB
TX-0000233,C-00233,Noah Kim,noah.kim233@example.com,06/02/2024,256.07,USD,pending,2,AU
TX-0000234,C-00234,Mia Martin,mia.martin234@example.com,07/07/2024,1820.96,USD,refunded,3,DE
TX-0000235,C-00235,Liam Smith,liam.smith235@example.com,08/12/2024,1166.15,USD,cancelled,4,US
TX-0000236,C-00236,Sofia Brown,sofia.brown236@example.com,09/05/2024,631.53,USD,completed,5,CA
TX-0000237,C-00237,Ethan Wilson,ethan.wilson237@example.com,10/10/2024,14.04,USD,pending,6,GB
TX-0000238,C-00238,Zoe Garcia,zoe.garcia238@example.com,11/03/2024,2294.20,USD,refunded,7,AU
TX-0000239,C-00239,Mateo Nguyen,mateo.nguyen239@example.com,12/08/2024,89.85,USD,cancelled,8,DE
TX-0000240,C-00240,Ava Patel,ava.patel240@example.com,01/01/2024,111.51,USD,completed,1,US
TX-0000241,C-00241,Noah Kim,noah.kim241@example.com,02/06/2024,1159.39,USD,pending,2,CA
TX-0000242,C-00242,Mia Martin,mia.martin242@example.com,03/11/2024,2232.83,USD,refunded,3,GB
TX-0000243,C-00243,Liam Smith,liam.smith243@example.com,04/04/2024,111.63,USD,cancelled,4,AU
TX-0000244,C-00244,Sofia Brown,sofia.brown244@example.com,05/09/2024,2482.06,USD,completed,5,DE
TX-0000245,C-00245,Ethan Wilson,ethan.wilson245@example.com,06/02/2024,1494.08,USD,pending,6,US
TX-0000246,C-00246,Zoe Garcia,zoe.garcia246@example.com,07/07/2024,98.54,USD,refunded,7,CA
TX-0000247,C-00247,Mateo Nguyen,mateo.nguyen247@example.com,08/12/2024,1365.65,USD,cancelled,8,GB
TX-0000248,C-00248,Ava Patel,ava.patel248@example.com,09/05/2024,628.10,USD,completed,1,AU
TX-0000249,C-00249,Noah Kim,noah.kim249@example.com,10/10/2024,2158.40,USD,pending,2,DE
TX-0000250,C-00250,Mia Martin,mia.martin250@example.com,11/03/2024,1992.21,USD,refunded,3,US
TX-0000251,C-00251,Liam Smith,liam.smith251@example.com,12/08/2024,1974.96,USD,cancelled,4,CA
TX-0000252,C-00252,Sofia Brown,sofia.brown252@example.com,01/01/2024,1617.61,USD,completed,5,GB
TX-0000253,C-00253,Ethan Wilson,ethan.wilson253@example.com,02/06/2024,342.76,USD,pending,6,AU
TX-0000254,C-00254,zoe garcia,zoe.garcia254@example.com,03/11/2024,2164.86,USD,refunded,7,DE
TX-0000255,C-00255,Mateo Nguyen,mateo.nguyen255@example.com,04/04/2024,970.37,USD,cancelled,8,US
TX-0000256,C-00256,Ava Patel,ava.patel256@example.com,05/09/2024,153.34,USD,completed,1,CA
TX-0000257,C-00257,Noah Kim,noah.kim257@example.com,06/02/2024,945.38,USD,pending,2,GB
TX-0000258,C-00258,Mia Martin,mia.martin258@example.com,07/07/2024,2144.17,USD,refunded,3,AU
TX-0000259,C-00259,Liam Smith,liam.smith259@example.com,08/12/2024,1194.31,USD,cancelled,4,DE
TX-0000260,C-00260,Sofia Brown,sofia.brown260@example.com,09/05/2024,418.86,USD,completed,5,US
TX-0000261,C-00261,Ethan Wilson,ethan.wilson261@example.com,10/10/2024,1060.20,USD,pending,6,CA
TX-0000262,C-00262,Zoe Garcia,zoe.garcia262@example.com,11/03/2024,456.20,USD,refunded,7,gb
TX-0000263,C-00263,Mateo Nguyen,mateo.nguyen263@example.com,12/08/2024,2316.87,USD,cancelled,8,AU
TX-0000264,C-00264,Ava Patel,ava.patel264@example.com,01/01/2024,692.81,USD,completed,1,DE
TX-0000265,C-00265,Noah Kim,noah.kim265@example.com,02/06/2024,409.19,USD,pending,2,US
TX-0000266,C-00266,Mia Martin,mia.martin266@example.com,03/11/2024,389.50,USD,refunded,3,CA
TX-0000267,C-00267,Liam Smith,liam.smith.invalid,04/04/2024,1073.69,USD,cancelled,4,GB
TX-0000268,C-00268,Sofia Brown,sofia.brown268@example.com,05/09/2024,1160.83,USD,completed,5,AU
TX-0000269,C-00269,Ethan Wilson,ethan.wilson269@example.com,06/02/2024,2325.98,USD,pending,6,DE
TX-0000270,C-00270,Zoe Garcia,zoe.garcia270@example.com,07/07/2024,363.12,USD,refunded,7,US
TX-0000271,C-00271,Mateo Nguyen,mateo.nguyen271@example.com,08/12/2024,301.28,USD,cancelled,8,CA
TX-0000272,C-00272,Ava Patel,ava.patel272@example.com,09/05/2024,2423.24,USD,completed,1,GB
TX-0000273,C-00273,Noah Kim,noah.kim273@example.com,10/10/2024,139.08,USD,pending,2,AU
TX-0000274,C-00274,Mia Martin,mia.martin274@example.com,11/03/2024,206.23,USD,refunded,3,DE
TX-0000275,C-00275,Liam Smith,liam.smith275@example.com,12/08/2024,1114.12,USD,cancelled,4,US
TX-0000276,C-00276,Sofia Brown,sofia.brown276@example.com,01/01/2024,716.65,USD,completed,5,CA
TX-0000277,C-00277,Ethan Wilson,ethan.wilson277@example.com,02/06/2024,1369.97,USD,pending,6,GB
TX-0000278,C-00278,Zoe Garcia,zoe.garcia278@example.com,03/11/2024,511.83,USD,refunded,7,AU
TX-0000279,C-00279,Mateo Nguyen,mateo.nguyen279@example.com,04/04/2024,1257.87,USD,cancelled,8,DE
TX-0000280,C-00280,Ava Patel,ava.patel280@example.com,05/09/2024,592.45,USD,completed,1,US
TX-0000281,C-00281,Noah Kim,noah.kim281@example.com,06/02/2024,2407.49,USD,pending,2,CA
TX-0000282,C-00282,Mia Martin,mia.martin282@example.com,07/07/2024,1849.83,USD,refunded,3,GB
TX-0000283,C-00283,Liam Smith,liam.smith283@example.com,08/12/2024,1353.73,USD,cancelled,4,AU
TX-0000284,C-00284,Sofia Brown,sofia.brown284@example.com,09/05/2024,1009.96,USD,completed,5,DE
TX-0000285,C-00285,Ethan Wilson,ethan.wilson285@example.com,10/10/2024,1917.84,USD,pending,6,US
TX-0000286,C-00286,Zoe Garcia,zoe.garcia286@example.com,11/03/2024,725.86,USD,refunded,7,CA
TX-0000287,C-00287,Mateo Nguyen,mateo.nguyen287@example.com,12/08/2024,172.28,USD,cancelled,8,GB
TX-0000288,C-00288,Ava Patel,ava.patel288@example.com,01/01/2024,14.03,USD,completed,1,AU
TX-0000289,C-00289,Noah Kim,noah.kim289@example.com,02/06/2024,1479.63,USD,pending,2,DE
TX-0000290,C-00290,Mia Martin,mia.martin290@example.com,03/11/2024,1845.17,USD,refunded,3,US
TX-0000291,C-00291,Liam Smith,,04/04/2024,807.01,USD,cancelled,4,CA
TX-0000292,C-00292,Sofia Brown,sofia.brown292@example.com,05/09/2024,902.98,USD,completed,5,GB
TX-0000293,C-00293,Ethan Wilson,ethan.wilson293@example.com,06/02/2024,302.46,USD,pending,6,AU
TX-0000294,C-00294,Zoe Garcia,zoe.garcia294@example.com,07/07/2024,2242.91,USD,refunded,7,DE
TX-0000295,C-00295,Mateo Nguyen,mateo.nguyen295@example.com,08/12/2024,1397.51,USD,cancelled,8,US
TX-0000296,C-00296,Ava Patel,ava.patel296@example.com,09/05/2024,208.21,USD,completed,1,CA
TX-0000297,C-00297,Noah Kim,noah.kim297@example.com,10/10/2024,1190.70,USD,pending,2,GB
TX-0000298,C-00298,Mia Martin,mia.martin298@example.com,11/03/2024,225.40,usd,refunded,3,AU
TX-0000299,C-00299,Liam Smith,liam.smith299@example.com,12/08/2024,1381.45,USD,cancelled,4,DE
TX-0000300,C-00300,Sofia Brown,sofia.brown300@example.com,01/01/2024,534.52,USD,completed,5,US
TX-0000301,C-00301,Ethan Wilson,ethan.wilson301@example.com,02/06/2024,544.35,USD,pending,6,CA
TX-0000302,C-00302,Zoe Garcia,zoe.garcia302@example.com,03/11/2024,1813.46,USD,refunded,7,GB
TX-0000303,C-00303,Mateo Nguyen,mateo.nguyen303@example.com,04/04/2024,737.40,USD,cancelled,8,AU
TX-0000304,C-00304,Ava Patel,ava.patel304@example.com,05/09/2024,2386.43,USD,completed,1,DE
TX-0000305,C-00305,Noah Kim,noah.kim305@example.com,06/02/2024,822.24,USD,pending,2,US
TX-0000306,C-00306,Mia Martin,mia.martin306@example.com,07/07/2024,1301.40,USD,refunded,3,CA
TX-0000307,C-00307,Liam Smith,liam.smith307@example.com,08/12/2024,393.14,USD,cancelled,4,GB
TX-0000308,C-00308,Sofia Brown,sofia.brown308@example.com,09/05/2024,1408.59,USD,completed,5,AU
TX-0000309,C-00309,Ethan Wilson,ethan.wilson309@example.com,10/10/2024,1722.98,USD,pending,6,DE
TX-0000310,C-00310,Zoe Garcia,zoe.garcia310@example.com,11/03/2024,224.06,USD,refunded,7,US
TX-0000311,C-00311,Mateo Nguyen,mateo.nguyen311@example.com,12/08/2024,2323.85,USD,cancelled,8,CA
TX-0000312,C-00312,Ava Patel,ava.patel312@example.com,01/01/2024,1208.70,USD,completed,1,GB
TX-0000313,C-00313,Noah Kim,noah.kim313@example.com,02/06/2024,839.98,USD,pending,2,AU
TX-0000314,C-00314,Mia Martin,mia.martin314@example.com,03/11/2024,2244.01,USD,COMPLETE,3,DE
TX-0000315,C-00315,Liam Smith,liam.smith315@example.com,04/04/2024,2434.32,USD,cancelled,4,US
TX-0000316,C-00316,Sofia Brown,sofia.brown316@example.com,05/09/2024,840.34,USD,completed,5,CA
TX-0000317,C-00317,Ethan Wilson,ethan.wilson317@example.com,06/02/2024,2350.47,USD,pending,6,GB
TX-0000318,C-00318,Zoe Garcia,zoe.garcia318@example.com,07/07/2024,2314.48,USD,refunded,7,AU
TX-0000319,C-00319,Mateo Nguyen,mateo.nguyen319@example.com,08/12/2024,1210.91,USD,cancelled,8,DE
TX-0000320,C-00320,Ava Patel,ava.patel320@example.com,09/05/2024,706.02,USD,completed,1,US
TX-0000321,C-00321,Noah Kim,noah.kim321@example.com,10/10/2024,2128.64,USD,pending,2,CA
TX-0000322,C-00322,Mia Martin,mia.martin322@example.com,11/03/2024,1492.55,USD,refunded,3,GB
TX-0000323,C-00323,Liam Smith,liam.smith323@example.com,12/08/2024,1266.79,USD,cancelled,4,AU
TX-0000324,C-00324,Sofia Brown,sofia.brown324@example.com,01/01/2024,2218.28,USD,completed,5,DE
TX-0000325,C-00325,Ethan Wilson,ethan.wilson325@example.com,02/06/2024,797.17,USD,pending,6,US
TX-0000326,C-00326,Zoe Garcia,zoe.garcia326@example.com,03/11/2024,2214.10,USD,refunded,7,CA
TX-0000327,C-00327,Mateo Nguyen,mateo.nguyen327@example.com,04/04/2024,927.38,USD,cancelled,8,GB
TX-0000328,C-00328,Ava Patel,ava.patel328@example.com,05/09/2024,470.97,USD,completed,1,AU
TX-0000329,C-00329,Noah Kim,noah.kim329@example.com,06/02/2024,225.38,USD,pending,2,DE
TX-0000330,C-00330,Mia Martin,mia.martin330@example.com,07/07/2024,1482.25,USD,refunded,3,US
TX-0000331,C-00331,Liam Smith,liam.smith331@example.com,08/12/2024,1563.35,USD,cancelled,4,CA
TX-0000332,C-00332,Sofia Brown,sofia.brown332@example.com,09/05/2024,1379.07,USD,completed,5,GB
TX-0000333,C-00333,Ethan Wilson,ethan.wilson333@example.com,10/10/2024,1861.44,USD,pending,6,AU
TX-0000334,C-00334,Zoe Garcia,zoe.garcia334@example.com,11/03/2024,2256.34,USD,refunded,7,DE
TX-0000335,C-00335,Mateo Nguyen,mateo.nguyen335@example.com,12/08/2024,2004.70,USD,cancelled,8,US
TX-0000336,C-00336,Ava Patel,ava.patel336@example.com,01/01/2024,1587.65,USD,completed,1,CA
TX-0000337,C-00337,Noah Kim,noah.kim337@example.com,02/06/2024,1545.45,USD,pending,2,GB
TX-0000338,C-00338,Mia Martin,mia.martin338@example.com,03/11/2024,1790.48,USD,refunded,3,AU
TX-0000339,C-00339,  LIAM SMITH  ,liam.smith339@example.com,04/04/2024,2077.07,USD,cancelled,4,DE
TX-0000340,C-00340,Sofia Brown,sofia.brown340@example.com,05/09/2024,387.57,USD,completed,5,US
TX-0000341,C-00341,Ethan Wilson,ethan.wilson341@example.com,06/02/2024,199.37,USD,pending,6,CA
TX-0000342,C-00342,Zoe Garcia,zoe.garcia342@example.com,07/07/2024,108.28,USD,refunded,7,GB
TX-0000343,C-00343,Mateo Nguyen,mateo.nguyen343@example.com,08/12/2024,499.51,USD,cancelled,8,AU
TX-0000344,C-00344,Ava Patel,ava.patel344@example.com,09/05/2024,32.45,USD,completed,1,DE
TX-0000345,C-00345,Noah Kim,noah.kim345@example.com,10/10/2024,1317.78,USD,pending,2,US
TX-0000346,C-00346,Mia Martin,mia.martin346@example.com,11/03/2024,131.98,USD,refunded,3,USA
TX-0000347,C-00347,Liam Smith,liam.smith347@example.com,12/08/2024,1551.31,USD,cancelled,4,GB
TX-0000348,C-00348,Sofia Brown,sofia.brown348@example.com,01/01/2024,1731.12,USD,completed,5,AU
TX-0000349,C-00349,Ethan Wilson,ethan.wilson349@example.com,02/06/2024,1083.30,USD,pending,6,DE
TX-0000350,C-00350,Zoe Garcia,zoe.garcia350@example.com,03/11/2024,2347.30,USD,refunded,7,US
TX-0000351,C-00351,Mateo Nguyen,mateo.nguyen351@example.com,04/04/2024,2420.66,USD,cancelled,8,CA
TX-0000352,C-00352,Ava Patel,ava.patel352@example.com,05/09/2024,2299.46,USD,completed,1,GB
TX-0000353,C-00353,Noah Kim,noah.kim353@example.com,06/02/2024,2082.53,USD,pending,2,AU
TX-0000354,C-00354,Mia Martin,mia.martin354@example.com,07/07/2024,1017.39,USD,refunded,3,DE
TX-0000355,C-00355,Liam Smith,liam.smith355@example.com,08/12/2024,425.08,USD,cancelled,4,US
TX-0000356,C-00356,Sofia Brown,sofia.brown.invalid,09/05/2024,1286.55,USD,completed,5,CA
TX-0000357,C-00357,Ethan Wilson,ethan.wilson357@example.com,10/10/2024,1287.36,USD,pending,6,GB
TX-0000358,C-00358,Zoe Garcia,zoe.garcia358@example.com,11/03/2024,241.16,USD,refunded,7,AU
TX-0000359,C-00359,Mateo Nguyen,mateo.nguyen359@example.com,12/08/2024,1078.20,USD,cancelled,8,DE
TX-0000360,C-00360,Ava Patel,ava.patel360@example.com,01/01/2024,1745.35,USD,completed,1,US
TX-0000361,C-00361,Noah Kim,noah.kim361@example.com,02/06/2024,1097.55,USD,pending,2,CA
TX-0000362,C-00362,Mia Martin,mia.martin362@example.com,03/11/2024,1176.21, USD ,refunded,3,GB
TX-0000363,C-00363,Liam Smith,liam.smith363@example.com,04/04/2024,1843.77,USD,cancelled,4,AU
TX-0000364,C-00364,Sofia Brown,sofia.brown364@example.com,05/09/2024,2242.16,USD,completed,5,DE
TX-0000365,C-00365,Ethan Wilson,ethan.wilson365@example.com,06/02/2024,275.86,USD,pending,6,US
TX-0000366,C-00366,Zoe Garcia,zoe.garcia366@example.com,07/07/2024,1631.21,USD,refunded,7,CA
TX-0000367,C-00367,Mateo Nguyen,mateo.nguyen367@example.com,08/12/2024,1972.32,USD,cancelled,8,GB
TX-0000368,C-00368,Ava Patel,ava.patel368@example.com,09/05/2024,1055.83,USD,completed,1,AU
TX-0000369,C-00369,Noah Kim,noah.kim369@example.com,10/10/2024,1576.81,USD,pending,2,DE
TX-0000370,C-00370,Mia Martin,mia.martin370@example.com,11/03/2024,387.87,USD,refunded,3,US
TX-0000371,C-00371,Liam Smith,liam.smith371@example.com,12/08/2024,1301.32,USD,cancelled,4,CA
TX-0000372,C-00372,Sofia Brown,sofia.brown372@example.com,01/01/2024,2116.07,USD,completed,5,GB
TX-0000373,C-00373,Ethan Wilson,ethan.wilson373@example.com,02/06/2024,1926.87,USD,pending,6,AU
TX-0000374,C-00374,Zoe Garcia,zoe.garcia374@example.com,03/11/2024,1690.86,USD,refunded,7,DE
TX-0000375,C-00375,Mateo Nguyen,mateo.nguyen375@example.com,04/04/2024,995.66,USD,cancelled,8,US
TX-0000376,C-00376,Ava Patel,ava.patel376@example.com,05/09/2024,1930.33,USD,completed,1,CA
TX-0000377,C-00377,Noah Kim,noah.kim377@example.com,06/02/2024,794.91,USD,pending,2,GB
TX-0000378,C-00378,Mia Martin,mia.martin378@example.com,07/07/2024,1158.17,USD,refunded,3,AU
TX-0000379,C-00379,Liam Smith,liam.smith379@example.com,08/12/2024,1960.95,USD,cancelled,4,DE
TX-0000380,C-00380,Sofia Brown,sofia.brown380@example.com,09/05/2024,1246.86,USD,completed,5,US
TX-0000381,C-00381,ethan wilson,ethan.wilson381@example.com,10/10/2024,1296.88,USD,pending,6,CA
TX-0000382,C-00382,Zoe Garcia,zoe.garcia382@example.com,11/03/2024,1853.42,USD,unknown,7,GB
TX-0000383,C-00383,Mateo Nguyen,mateo.nguyen383@example.com,12/08/2024,1319.77,USD,cancelled,8,AU
TX-0000384,C-00384,Ava Patel,ava.patel384@example.com,01/01/2024,2286.00,USD,completed,1,DE
TX-0000385,C-00385,Noah Kim,noah.kim385@example.com,02/06/2024,395.56,USD,pending,2,US
TX-0000386,C-00386,Mia Martin,mia.martin386@example.com,03/11/2024,926.08,USD,refunded,3,CA
TX-0000387,C-00387,Liam Smith,liam.smith387@example.com,04/04/2024,756.53,USD,cancelled,4,GB
TX-0000388,C-00388,Sofia Brown,,05/09/2024,1471.12,USD,completed,5,AU
TX-0000389,C-00389,Ethan Wilson,ethan.wilson389@example.com,06/02/2024,1650.82,USD,pending,6,DE
TX-0000390,C-00390,Zoe Garcia,zoe.garcia390@example.com,07/07/2024,1201.12,USD,refunded,7,US
TX-0000391,C-00391,Mateo Nguyen,mateo.nguyen391@example.com,08/12/2024,1493.11,USD,cancelled,8,CA
TX-0000392,C-00392,Ava Patel,ava.patel392@example.com,09/05/2024,1394.11,USD,completed,1,GB
TX-0000393,C-00393,Noah Kim,noah.kim393@example.com,10/10/2024,1597.81,USD,pending,2,au
TX-0000394,C-00394,Mia Martin,mia.martin394@example.com,11/03/2024,961.60,USD,refunded,3,DE
TX-0000395,C-00395,Liam Smith,liam.smith395@example.com,12/08/2024,241.73,USD,cancelled,4,US
TX-0000396,C-00396,Sofia Brown,sofia.brown396@example.com,01/01/2024,2130.02,USD,completed,5,CA
TX-0000397,C-00397,Ethan Wilson,ethan.wilson397@example.com,02/06/2024,1581.86,USD,pending,6,GB
TX-0000398,C-00398,Zoe Garcia,zoe.garcia398@example.com,03/11/2024,523.86,USD,refunded,7,AU
TX-0000399,C-00399,Mateo Nguyen,mateo.nguyen399@example.com,04/04/2024,509.45,USD,cancelled,8,DE
TX-0000400,C-00400,Ava Patel,ava.patel400@example.com,05/09/2024,1807.38,USD,completed,1,US
TX-0000401,C-00401,Noah Kim,noah.kim401@example.com,06/02/2024,764.85,USD,pending,2,CA
TX-0000402,C-00402,Mia Martin,mia.martin402@example.com,07/07/2024,1316.43,USD,refunded,3,GB
TX-0000403,C-00403,Liam Smith,liam.smith403@example.com,08/12/2024,1163.40,USD,cancelled,4,AU
TX-0000404,C-00404,Sofia Brown,sofia.brown404@example.com,09/05/2024,247.29,USD,completed,5,DE
TX-0000405,C-00405,Ethan Wilson,ethan.wilson405@example.com,10/10/2024,975.74,USD,pending,6,US
TX-0000406,C-00406,Zoe Garcia,zoe.garcia406@example.com,11/03/2024,783.14,USD,refunded,7,CA
TX-0000407,C-00407,Mateo Nguyen,mateo.nguyen407@example.com,12/08/2024,707.37,USD,cancelled,8,GB
TX-0000408,C-00408,Ava Patel,ava.patel408@example.com,01/01/2024,297.10,USD,completed,1,AU
TX-0000409,C-00409,Noah Kim,noah.kim409@example.com,02/06/2024,2123.10,USD,pending,2,DE
TX-0000410,C-00410,Mia Martin,mia.martin410@example.com,03/11/2024,2263.79,USD,refunded,3,US
TX-0000411,C-00411,Liam Smith,liam.smith411@example.com,04/04/2024,381.29,USD,cancelled,4,CA
TX-0000412,C-00412,Sofia Brown,sofia.brown412@example.com,05/09/2024,280.68,USD,completed,5,GB
TX-0000413,C-00413,Ethan Wilson,ethan.wilson413@example.com,06/02/2024,781.52,USD,pending,6,AU
TX-0000414,C-00414,Zoe Garcia,zoe.garcia414@example.com,07/07/2024,493.42,USD,refunded,7,DE
TX-0000415,C-00415,Mateo Nguyen,mateo.nguyen415@example.com,08/12/2024,765.32,USD,cancelled,8,US
TX-0000416,C-00416,Ava Patel,ava.patel416@example.com,09/05/2024,1269.20,USD,completed,1,CA
TX-0000417,C-00417,Noah Kim,noah.kim417@example.com,10/10/2024,1288.55,USD,pending,2,GB
TX-0000418,C-00418,Mia Martin,mia.martin418@example.com,11/03/2024,840.43,USD,refunded,3,AU
TX-0000419,C-00419,Liam Smith,liam.smith419@example.com,12/08/2024,1789.55,USD,cancelled,4,DE
TX-0000420,C-00420,Sofia Brown,sofia.brown420@example.com,01/01/2024,2459.71,USD,completed,5,US
TX-0000421,C-00421,Ethan Wilson,ethan.wilson421@example.com,02/06/2024,1734.32,USD,pending,6,CA
TX-0000422,C-00422,Zoe Garcia,zoe.garcia422@example.com,03/11/2024,-26.92,USD,refunded,7,GB
TX-0000423,C-00423,Mateo Nguyen,mateo.nguyen423@example.com,04/04/2024,1013.70,USD,cancelled,8,AU
TX-0000424,C-00424,Ava Patel,ava.patel424@example.com,05/09/2024,386.94,USD,completed,1,DE
TX-0000425,C-00425,Noah Kim,noah.kim425@example.com,06/02/2024,1072.46,USD,pending,2,US
TX-0000426,C-00426,Mia Martin,mia.martin426@example.com,07/07/2024,722.67,USD,refunded,3,CA
TX-0000427,C-00427,Liam Smith,liam.smith427@example.com,08/12/2024,357.35,USD,cancelled,4,GB
TX-0000428,C-00428,Sofia Brown,sofia.brown428@example.com,09/05/2024,1842.52,USD,completed,5,AU
TX-0000429,C-00429,Ethan Wilson,ethan.wilson429@example.com,10/10/2024,1183.22,USD,pending,6,DE
TX-0000430,C-00430,Zoe Garcia,zoe.garcia430@example.com,11/03/2024,268.37,USD,refunded,7,US
TX-0000431,C-00431,Mateo Nguyen,mateo.nguyen431@example.com,12/08/2024,2416.75,USD,cancelled,8,CA
TX-0000432,C-00432,Ava Patel,ava.patel432@example.com,01/01/2024,1725.24,USD,completed,1,GB
TX-0000433,C-00433,Noah Kim,noah.kim433@example.com,02/06/2024,1580.90,USD,pending,2,AU
TX-0000434,C-00434,Mia Martin,mia.martin434@example.com,03/11/2024,2147.31,USD,refunded,3,DE
TX-0000435,C-00435,Liam Smith,liam.smith435@example.com,04/04/2024,175.35,USD,cancelled,4,US
TX-0000436,C-00436,Sofia Brown,sofia.brown436@example.com,05/09/2024,1146.46,USD,completed,5,CA
TX-0000437,C-00437,Ethan Wilson,ethan.wilson437@example.com,06/02/2024,372.44,USD,pending,6,GB
TX-0000438,C-00438,Zoe Garcia,zoe.garcia438@example.com,07/07/2024,559.60,USD,refunded,7,AU
TX-0000439,C-00439,Mateo Nguyen,mateo.nguyen439@example.com,08/12/2024,333.12,USD,cancelled,8,DE
TX-0000440,C-00440,Ava Patel,ava.patel440@example.com,09/05/2024,2113.91,USD,completed,1,US
TX-0000441,C-00441,Noah Kim,noah.kim441@example.com,10/10/2024,2404.09,USD,pending,2,CA
TX-0000442,C-00442,Mia Martin,mia.martin442@example.com,11/03/2024,1570.03,USD,refunded,3,GB
TX-0000443,C-00443,Liam Smith,liam.smith443@example.com,12/08/2024,551.09,USD,cancelled,4,AU
TX-0000444,C-00444,Sofia Brown,sofia.brown444@example.com,01/01/2024,2102.33,USD,completed,5,DE
TX-0000445,C-00445,Ethan Wilson,ethan.wilson.invalid,02/06/2024,1753.58,USD,pending,6,US
TX-0000446,C-00446,Zoe Garcia,zoe.garcia446@example.com,03/11/2024,,USD,refunded,7,CA
TX-0000447,C-00447,Mateo Nguyen,mateo.nguyen447@example.com,04/04/2024,708.55,usd,cancelled,8,GB
TX-0000448,C-00448,Ava Patel,ava.patel448@example.com,05/09/2024,956.74,USD,completed,1,AU
TX-0000449,C-00449,Noah Kim,noah.kim449@example.com,06/02/2024,1296.13,USD,pending,2,DE
TX-0000450,C-00450,Mia Martin,mia.martin450@example.com,07/07/2024,1792.85,USD,refunded,3,US
TX-0000451,C-00451,Liam Smith,liam.smith451@example.com,08/12/2024,2416.28,USD,cancelled,4,CA
TX-0000452,C-00452,  SOFIA BROWN  ,sofia.brown452@example.com,09/05/2024,1920.10,USD,completed,5,GB
TX-0000453,C-00453,Ethan Wilson,ethan.wilson453@example.com,10/10/2024,516.03,USD,pending,6,AU
TX-0000454,C-00454,Zoe Garcia,zoe.garcia454@example.com,11/03/2024,1848.01,USD,refunded,7,DE
TX-0000455,C-00455,Mateo Nguyen,mateo.nguyen455@example.com,12/08/2024,986.03,USD,cancelled,8,US
TX-0000456,C-00456,Ava Patel,ava.patel456@example.com,01/01/2024,1724.50,USD,completed,1,CA
TX-0000457,C-00457,Noah Kim,noah.kim457@example.com,02/06/2024,46.81,USD,pending,2,GB
TX-0000458,C-00458,Mia Martin,mia.martin458@example.com,03/11/2024,1469.64,USD,refunded,3,AU
TX-0000459,C-00459,Liam Smith,liam.smith459@example.com,04/04/2024,1397.66,USD,cancelled,4,DE
TX-0000460,C-00460,Sofia Brown,sofia.brown460@example.com,05/09/2024,1187.38,USD,completed,5,US
TX-0000461,C-00461,Ethan Wilson,ethan.wilson461@example.com,06/02/2024,191.43,USD,pending,6,CA
TX-0000462,C-00462,Zoe Garcia,zoe.garcia462@example.com,07/07/2024,285.10,USD,refunded,7,GB
TX-0000463,C-00463,Mateo Nguyen,mateo.nguyen463@example.com,08/12/2024,17.07,USD,cancelled,8,AU
TX-0000464,C-00464,Ava Patel,ava.patel464@example.com,09/05/2024,2193.22,USD,completed,1,DE
TX-0000465,C-00465,Noah Kim,noah.kim465@example.com,10/10/2024,1563.13,USD,pending,2,US
TX-0000466,C-00466,Mia Martin,mia.martin466@example.com,11/03/2024,2300.83,USD,refunded,3,CA
TX-0000467,C-00467,Liam Smith,liam.smith467@example.com,12/08/2024,1301.09,USD,cancelled,4,GB
TX-0000468,C-00468,Sofia Brown,sofia.brown468@example.com,01/01/2024,1091.50,USD,completed,5,AU
TX-0000469,C-00469,Ethan Wilson,ethan.wilson469@example.com,02/06/2024,29.46,USD,pending,6,DE
TX-0000470,C-00470,Zoe Garcia,zoe.garcia470@example.com,03/11/2024,16.36,USD,refunded,7,US
TX-0000471,C-00471,Mateo Nguyen,mateo.nguyen471@example.com,04/04/2024,2284.82,USD,COMPLETE,8,CA
TX-0000472,C-00472,Ava Patel,ava.patel472@example.com,05/09/2024,1719.10,USD,completed,1,GB
TX-0000473,C-00473,Noah Kim,noah.kim473@example.com,06/02/2024,710.03,USD,pending,2,AU
TX-0000474,C-00474,Mia Martin,mia.martin474@example.com,07/07/2024,1606.88,USD,refunded,3,DE
TX-0000475,C-00475,Liam Smith,liam.smith475@example.com,08/12/2024,1112.95,USD,cancelled,4,US
TX-0000476,C-00476,Sofia Brown,sofia.brown476@example.com,09/05/2024,722.24,USD,completed,5,CA
TX-0000477,C-00477,Ethan Wilson,ethan.wilson477@example.com,10/10/2024,111.93,USD,pending,6,GB
TX-0000478,C-00478,Zoe Garcia,zoe.garcia478@example.com,11/03/2024,23.35,USD,refunded,7,AU
TX-0000479,C-00479,Mateo Nguyen,mateo.nguyen479@example.com,12/08/2024,1613.70,USD,cancelled,8,DE
TX-0000480,C-00480,Ava Patel,ava.patel480@example.com,01/01/2024,1352.18,USD,completed,1,US
TX-0000481,C-00481,Noah Kim,noah.kim481@example.com,02/06/2024,2215.15,USD,pending,2,CA
TX-0000482,C-00482,Mia Martin,mia.martin482@example.com,03/11/2024,771.78,USD,refunded,3,GB
TX-0000483,C-00483,Liam Smith,liam.smith483@example.com,04/04/2024,120.45,USD,cancelled,4,AU
TX-0000484,C-00484,Sofia Brown,sofia.brown484@example.com,05/09/2024,1311.95,USD,completed,5,DE
TX-0000485,C-00485,Ethan Wilson,,06/02/2024,1701.18,USD,pending,6,US
TX-0000486,C-00486,Zoe Garcia,zoe.garcia486@example.com,07/07/2024,971.73,USD,refunded,7,CA
TX-0000487,C-00487,Mateo Nguyen,mateo.nguyen487@example.com,08/12/2024,1728.45,USD,cancelled,8,GB
TX-0000488,C-00488,Ava Patel,ava.patel488@example.com,09/05/2024,1032.78,USD,completed,1,AU
TX-0000489,C-00489,Noah Kim,noah.kim489@example.com,10/10/2024,1369.09,USD,pending,2,DE
TX-0000490,C-00490,Mia Martin,mia.martin490@example.com,11/03/2024,1559.61,USD,refunded,3,US
TX-0000491,C-00491,Liam Smith,liam.smith491@example.com,12/08/2024,1496.12,USD,cancelled,4,CA
TX-0000492,C-00492,Sofia Brown,sofia.brown492@example.com,01/01/2024,655.48,USD,completed,5,GB
TX-0000493,C-00493,Ethan Wilson,ethan.wilson493@example.com,02/06/2024,1014.25,USD,pending,6,AU
TX-0000494,C-00494,Zoe Garcia,zoe.garcia494@example.com,03/11/2024,1116.51,USD,refunded,7,DE
TX-0000495,C-00495,Mateo Nguyen,mateo.nguyen495@example.com,04/04/2024,917.73,USD,cancelled,8,US
TX-0000496,C-00496,Ava Patel,ava.patel496@example.com,05/09/2024,980.25,USD,completed,1,CA
TX-0000497,C-00497,Noah Kim,noah.kim497@example.com,06/02/2024,1669.48,USD,pending,2,GB
TX-0000498,C-00498,Mia Martin,mia.martin498@example.com,07/07/2024,1124.10,USD,refunded,3,AU
TX-0000499,C-00499,Liam Smith,liam.smith499@example.com,08/12/2024,2493.10,USD,cancelled,4,DE
TX-0000500,C-00500,Sofia Brown,sofia.brown500@example.com,09/05/2024,650.08,USD,completed,5,US
TX-0000501,C-00501,Ethan Wilson,ethan.wilson501@example.com,10/10/2024,1684.41,USD,pending,6,CA
TX-0000502,C-00502,Zoe Garcia,zoe.garcia502@example.com,11/03/2024,865.26,USD,refunded,7,GB
TX-0000503,C-00503,Mateo Nguyen,mateo.nguyen503@example.com,12/08/2024,595.43,USD,cancelled,8,AU
TX-0000504,C-00504,Ava Patel,ava.patel504@example.com,01/01/2024,305.27,USD,completed,1,DE
TX-0000505,C-00505,Noah Kim,noah.kim505@example.com,02/06/2024,544.25,USD,pending,2,US
TX-0000506,C-00506,Mia Martin,mia.martin506@example.com,03/11/2024,2050.42,USD,refunded,3,CA
TX-0000507,C-00507,Liam Smith,liam.smith507@example.com,04/04/2024,1500.35,USD,cancelled,4,GB
TX-0000508,C-00508,sofia brown,sofia.brown508@example.com,05/09/2024,1041.53,USD,completed,5,AU
TX-0000509,C-00509,Ethan Wilson,ethan.wilson509@example.com,06/02/2024,1287.41,USD,pending,6,DE
TX-0000510,C-00510,Zoe Garcia,zoe.garcia510@example.com,07/07/2024,930.63,USD,refunded,7,US
TX-0000511,C-00511,Mateo Nguyen,mateo.nguyen511@example.com,08/12/2024,534.26,USD,cancelled,8,CA
TX-0000512,C-00512,Ava Patel,ava.patel512@example.com,09/05/2024,207.75,USD,completed,1,GB
TX-0000513,C-00513,Noah Kim,noah.kim513@example.com,10/10/2024,1030.81,USD,pending,2,AU
TX-0000514,C-00514,Mia Martin,mia.martin514@example.com,11/03/2024,2050.15,USD,refunded,3,DE
TX-0000515,C-00515,Liam Smith,liam.smith515@example.com,12/08/2024,385.86,USD,cancelled,4,US
TX-0000516,C-00516,Sofia Brown,sofia.brown516@example.com,01/01/2024,1744.90,USD,completed,5,CA
TX-0000517,C-00517,Ethan Wilson,ethan.wilson517@example.com,02/06/2024,2060.58,USD,pending,6,GB
TX-0000518,C-00518,Zoe Garcia,zoe.garcia518@example.com,03/11/2024,2044.86,USD,refunded,7,AU
TX-0000519,C-00519,Mateo Nguyen,mateo.nguyen519@example.com,04/04/2024,1731.19,USD,cancelled,8,USA
TX-0000520,C-00520,Ava Patel,ava.patel520@example.com,05/09/2024,894.37,USD,completed,1,US
TX-0000521,C-00521,Noah Kim,noah.kim521@example.com,06/02/2024,604.22,USD,pending,2,CA
TX-0000522,C-00522,Mia Martin,mia.martin522@example.com,07/07/2024,2419.47,USD,refunded,3,GB
TX-0000523,C-00523,Liam Smith,liam.smith523@example.com,08/12/2024,1326.10,USD,cancelled,4,AU
TX-0000524,C-00524,Sofia Brown,sofia.brown524@example.com,09/05/2024,133.69,USD,completed,5,de
TX-0000525,C-00525,Ethan Wilson,ethan.wilson525@example.com,10/10/2024,2248.40,USD,pending,6,US
TX-0000526,C-00526,Zoe Garcia,zoe.garcia526@example.com,11/03/2024,1045.55,USD,refunded,7,CA
TX-0000527,C-00527,Mateo Nguyen,mateo.nguyen527@example.com,12/08/2024,1605.68,USD,cancelled,8,GB
TX-0000528,C-00528,Ava Patel,ava.patel528@example.com,01/01/2024,778.37,USD,completed,1,AU
TX-0000529,C-00529,Noah Kim,noah.kim529@example.com,02/06/2024,1623.60,USD,pending,2,DE
TX-0000530,C-00530,Mia Martin,mia.martin530@example.com,03/11/2024,1814.84,USD,refunded,3,US
TX-0000531,C-00531,Liam Smith,liam.smith531@example.com,04/04/2024,1405.79,USD,cancelled,4,CA
TX-0000532,C-00532,Sofia Brown,sofia.brown532@example.com,05/09/2024,334.40,USD,completed,5,GB
TX-0000533,C-00533,Ethan Wilson,ethan.wilson533@example.com,06/02/2024,393.25,USD,pending,6,AU
TX-0000534,C-00534,Zoe Garcia,zoe.garcia.invalid,07/07/2024,2046.13,USD,refunded,7,DE
TX-0000535,C-00535,Mateo Nguyen,mateo.nguyen535@example.com,08/12/2024,602.46,USD,cancelled,8,US
TX-0000536,C-00536,Ava Patel,ava.patel536@example.com,09/05/2024,1706.56,USD,completed,1,CA
TX-0000537,C-00537,Noah Kim,noah.kim537@example.com,10/10/2024,449.25,USD,pending,2,GB
TX-0000538,C-00538,Mia Martin,mia.martin538@example.com,11/03/2024,2007.17,USD,refunded,3,AU
TX-0000539,C-00539,Liam Smith,liam.smith539@example.com,12/08/2024,2332.34,USD,cancelled,4,DE
TX-0000540,C-00540,Sofia Brown,sofia.brown540@example.com,01/01/2024,72.95,USD,completed,5,US
TX-0000541,C-00541,Ethan Wilson,ethan.wilson541@example.com,02/06/2024,675.69,USD,pending,6,CA
TX-0000542,C-00542,Zoe Garcia,zoe.garcia542@example.com,03/11/2024,1345.59,USD,refunded,7,GB
TX-0000543,C-00543,Mateo Nguyen,mateo.nguyen543@example.com,04/04/2024,33.67, USD ,cancelled,8,AU
TX-0000544,C-00544,Ava Patel,ava.patel544@example.com,05/09/2024,393.57,USD,completed,1,DE
TX-0000545,C-00545,Noah Kim,noah.kim545@example.com,06/02/2024,1727.92,USD,pending,2,US
TX-0000546,C-00546,Mia Martin,mia.martin546@example.com,07/07/2024,1524.07,USD,refunded,3,CA
TX-0000547,C-00547,Liam Smith,liam.smith547@example.com,08/12/2024,2339.64,USD,cancelled,4,GB
TX-0000548,C-00548,Sofia Brown,sofia.brown548@example.com,09/05/2024,179.76,USD,completed,5,AU
TX-0000549,C-00549,Ethan Wilson,ethan.wilson549@example.com,10/10/2024,2129.73,USD,pending,6,DE
TX-0000550,C-00550,Zoe Garcia,zoe.garcia550@example.com,11/03/2024,1484.19,USD,refunded,7,US
TX-0000551,C-00551,Mateo Nguyen,mateo.nguyen551@example.com,12/08/2024,922.47,USD,cancelled,8,CA
TX-0000552,C-00552,Ava Patel,ava.patel552@example.com,01/01/2024,1767.00,USD,completed,1,GB
TX-0000553,C-00553,Noah Kim,noah.kim553@example.com,02/06/2024,2439.93,USD,pending,2,AU
TX-0000554,C-00554,Mia Martin,mia.martin554@example.com,03/11/2024,279.16,USD,refunded,3,DE
TX-0000555,C-00555,Liam Smith,liam.smith555@example.com,04/04/2024,2363.43,USD,cancelled,4,US
TX-0000556,C-00556,Sofia Brown,sofia.brown556@example.com,05/09/2024,2058.42,USD,completed,5,CA
TX-0000557,C-00557,Ethan Wilson,ethan.wilson557@example.com,06/02/2024,587.07,USD,pending,6,GB
TX-0000558,C-00558,Zoe Garcia,zoe.garcia558@example.com,07/07/2024,2313.72,USD,refunded,7,AU
TX-0000559,C-00559,Mateo Nguyen,mateo.nguyen559@example.com,08/12/2024,2326.52,USD,cancelled,8,DE
TX-0000560,C-00560,Ava Patel,ava.patel560@example.com,09/05/2024,595.19,USD,completed,1,US
TX-0000561,C-00561,Noah Kim,noah.kim561@example.com,10/10/2024,1712.50,USD,pending,2,CA
TX-0000562,C-00562,Mia Martin,mia.martin562@example.com,11/03/2024,1436.73,USD,refunded,3,GB
TX-0000563,C-00563,Liam Smith,liam.smith563@example.com,12/08/2024,68.08,USD,cancelled,4,AU
TX-0000564,C-00564,Sofia Brown,sofia.brown564@example.com,01/01/2024,2299.96,USD,completed,5,DE
TX-0000565,C-00565,  ETHAN WILSON  ,ethan.wilson565@example.com,02/06/2024,2219.21,USD,pending,6,US
TX-0000566,C-00566,Zoe Garcia,zoe.garcia566@example.com,03/11/2024,1220.28,USD,refunded,7,CA
TX-0000567,C-00567,Mateo Nguyen,mateo.nguyen567@example.com,04/04/2024,2178.64,USD,cancelled,8,GB
TX-0000568,C-00568,Ava Patel,ava.patel568@example.com,05/09/2024,391.15,USD,completed,1,AU
TX-0000569,C-00569,Noah Kim,noah.kim569@example.com,06/02/2024,384.32,USD,pending,2,DE
TX-0000570,C-00570,Mia Martin,mia.martin570@example.com,07/07/2024,2202.26,USD,refunded,3,US
TX-0000571,C-00571,Liam Smith,liam.smith571@example.com,08/12/2024,2221.05,USD,cancelled,4,CA
TX-0000572,C-00572,Sofia Brown,sofia.brown572@example.com,09/05/2024,2436.13,USD,completed,5,GB
TX-0000573,C-00573,Ethan Wilson,ethan.wilson573@example.com,10/10/2024,947.25,USD,unknown,6,AU
TX-0000574,C-00574,Zoe Garcia,zoe.garcia574@example.com,11/03/2024,1754.73,USD,refunded,7,DE
TX-0000575,C-00575,Mateo Nguyen,mateo.nguyen575@example.com,12/08/2024,733.11,USD,cancelled,8,US
TX-0000576,C-00576,Ava Patel,ava.patel576@example.com,01/01/2024,1373.39,USD,completed,1,CA
TX-0000577,C-00577,Noah Kim,noah.kim577@example.com,02/06/2024,1626.71,USD,pending,2,GB
TX-0000578,C-00578,Mia Martin,mia.martin578@example.com,03/11/2024,904.37,USD,refunded,3,AU
TX-0000579,C-00579,Liam Smith,liam.smith579@example.com,04/04/2024,287.86,USD,cancelled,4,DE
TX-0000580,C-00580,Sofia Brown,sofia.brown580@example.com,05/09/2024,106.24,USD,completed,5,US
TX-0000581,C-00581,Ethan Wilson,ethan.wilson581@example.com,06/02/2024,1713.52,USD,pending,6,CA
TX-0000582,C-00582,Zoe Garcia,,07/07/2024,1469.04,USD,refunded,7,GB
TX-0000583,C-00583,Mateo Nguyen,mateo.nguyen583@example.com,08/12/2024,2356.54,USD,cancelled,8,AU
TX-0000584,C-00584,Ava Patel,ava.patel584@example.com,09/05/2024,1137.80,USD,completed,1,DE
TX-0000585,C-00585,Noah Kim,noah.kim585@example.com,10/10/2024,1937.50,USD,pending,2,US
TX-0000586,C-00586,Mia Martin,mia.martin586@example.com,11/03/2024,1515.72,USD,refunded,3,CA
TX-0000587,C-00587,Liam Smith,liam.smith587@example.com,12/08/2024,436.59,USD,cancelled,4,GB
TX-0000588,C-00588,Sofia Brown,sofia.brown588@example.com,01/01/2024,2222.34,USD,completed,5,AU
TX-0000589,C-00589,Ethan Wilson,ethan.wilson589@example.com,02/06/2024,30.19,USD,pending,6,DE
TX-0000590,C-00590,Zoe Garcia,zoe.garcia590@example.com,03/11/2024,2457.38,USD,refunded,7,US
TX-0000591,C-00591,Mateo Nguyen,mateo.nguyen591@example.com,04/04/2024,1624.45,USD,cancelled,8,CA
TX-0000592,C-00592,Ava Patel,ava.patel592@example.com,05/09/2024,92.30,USD,completed,1,GB
TX-0000593,C-00593,Noah Kim,noah.kim593@example.com,06/02/2024,2410.53,USD,pending,2,AU
TX-0000594,C-00594,Mia Martin,mia.martin594@example.com,07/07/2024,1470.42,USD,refunded,3,DE
TX-0000595,C-00595,Liam Smith,liam.smith595@example.com,08/12/2024,559.80,USD,cancelled,4,US
TX-0000596,C-00596,Sofia Brown,sofia.brown596@example.com,09/05/2024,2042.22,usd,completed,5,CA
TX-0000597,C-00597,Ethan Wilson,ethan.wilson597@example.com,10/10/2024,1313.82,USD,pending,6,GB
TX-0000598,C-00598,Zoe Garcia,zoe.garcia598@example.com,11/03/2024,969.57,USD,refunded,7,AU
TX-0000599,C-00599,Mateo Nguyen,mateo.nguyen599@example.com,12/08/2024,380.90,USD,cancelled,8,DE
TX-0000600,C-00600,Ava Patel,ava.patel600@example.com,01/01/2024,838.64,USD,completed,1,US
TX-0000601,C-00601,Noah Kim,noah.kim601@example.com,02/06/2024,1700.06,USD,pending,2,CA
TX-0000602,C-00602,Mia Martin,mia.martin602@example.com,03/11/2024,1578.91,USD,refunded,3,GB
TX-0000603,C-00603,Liam Smith,liam.smith603@example.com,04/04/2024,970.33,USD,cancelled,4,AU
TX-0000604,C-00604,Sofia Brown,sofia.brown604@example.com,05/09/2024,1876.52,USD,completed,5,DE
TX-0000605,C-00605,Ethan Wilson,ethan.wilson605@example.com,06/02/2024,2144.21,USD,pending,6,US
TX-0000606,C-00606,Zoe Garcia,zoe.garcia606@example.com,07/07/2024,536.86,USD,refunded,7,CA
TX-0000607,C-00607,Mateo Nguyen,mateo.nguyen607@example.com,08/12/2024,1839.05,USD,cancelled,8,GB
TX-0000608,C-00608,Ava Patel,ava.patel608@example.com,09/05/2024,1061.14,USD,completed,1,AU
TX-0000609,C-00609,Noah Kim,noah.kim609@example.com,10/10/2024,342.60,USD,pending,2,DE
TX-0000610,C-00610,Mia Martin,mia.martin610@example.com,11/03/2024,806.22,USD,refunded,3,US
TX-0000611,C-00611,Liam Smith,liam.smith611@example.com,12/08/2024,1913.89,USD,cancelled,4,CA
TX-0000612,C-00612,Sofia Brown,sofia.brown612@example.com,01/01/2024,2171.12,USD,completed,5,GB
TX-0000613,C-00613,Ethan Wilson,ethan.wilson613@example.com,02/06/2024,510.30,USD,pending,6,AU
TX-0000614,C-00614,Zoe Garcia,zoe.garcia614@example.com,03/11/2024,2289.75,USD,refunded,7,DE
TX-0000615,C-00615,Mateo Nguyen,mateo.nguyen615@example.com,04/04/2024,525.02,USD,cancelled,8,US
TX-0000616,C-00616,Ava Patel,ava.patel616@example.com,05/09/2024,1754.76,USD,completed,1,CA
TX-0000617,C-00617,Noah Kim,noah.kim617@example.com,06/02/2024,280.29,USD,pending,2,GB
TX-0000618,C-00618,Mia Martin,mia.martin618@example.com,07/07/2024,1387.91,USD,refunded,3,AU
TX-0000619,C-00619,Liam Smith,liam.smith619@example.com,08/12/2024,2484.92,USD,cancelled,4,DE
TX-0000620,C-00620,Sofia Brown,sofia.brown620@example.com,09/05/2024,140.49,USD,completed,5,US
TX-0000621,C-00621,Ethan Wilson,ethan.wilson621@example.com,10/10/2024,2005.65,USD,pending,6,CA
TX-0000622,C-00622,Zoe Garcia,zoe.garcia622@example.com,11/03/2024,53.66,USD,refunded,7,GB
TX-0000623,C-00623,Mateo Nguyen,mateo.nguyen.invalid,12/08/2024,2093.00,USD,cancelled,8,AU
TX-0000624,C-00624,Ava Patel,ava.patel624@example.com,01/01/2024,566.49,USD,completed,1,DE
TX-0000625,C-00625,Noah Kim,noah.kim625@example.com,02/06/2024,439.60,USD,pending,2,US
TX-0000626,C-00626,Mia Martin,mia.martin626@example.com,03/11/2024,843.28,USD,refunded,3,CA
TX-0000627,C-00627,Liam Smith,liam.smith627@example.com,04/04/2024,808.00,USD,cancelled,4,GB
TX-0000628,C-00628,Sofia Brown,sofia.brown628@example.com,05/09/2024,2005.52,USD,COMPLETE,5,AU
TX-0000629,C-00629,Ethan Wilson,ethan.wilson629@example.com,06/02/2024,874.11,USD,pending,6,DE
TX-0000630,C-00630,Zoe Garcia,zoe.garcia630@example.com,07/07/2024,468.95,USD,refunded,7,US
TX-0000631,C-00631,Mateo Nguyen,mateo.nguyen631@example.com,08/12/2024,957.30,USD,cancelled,8,CA
TX-0000632,C-00632,Ava Patel,ava.patel632@example.com,09/05/2024,541.29,USD,completed,1,GB
TX-0000633,C-00633,Noah Kim,noah.kim633@example.com,10/10/2024,-84.69,USD,pending,2,AU
TX-0000634,C-00634,Mia Martin,mia.martin634@example.com,11/03/2024,2489.84,USD,refunded,3,DE
TX-0000635,C-00635,liam smith,liam.smith635@example.com,12/08/2024,1902.38,USD,cancelled,4,US
TX-0000636,C-00636,Sofia Brown,sofia.brown636@example.com,01/01/2024,1235.20,USD,completed,5,CA
TX-0000637,C-00637,Ethan Wilson,ethan.wilson637@example.com,02/06/2024,2293.55,USD,pending,6,GB
TX-0000638,C-00638,Zoe Garcia,zoe.garcia638@example.com,03/11/2024,1581.35,USD,refunded,7,AU
TX-0000639,C-00639,Mateo Nguyen,mateo.nguyen639@example.com,04/04/2024,243.10,USD,cancelled,8,DE
TX-0000640,C-00640,Ava Patel,ava.patel640@example.com,05/09/2024,957.20,USD,completed,1,US
TX-0000641,C-00641,Noah Kim,noah.kim641@example.com,06/02/2024,2020.16,USD,pending,2,CA
TX-0000642,C-00642,Mia Martin,mia.martin642@example.com,07/07/2024,2184.89,USD,refunded,3,GB
TX-0000643,C-00643,Liam Smith,liam.smith643@example.com,08/12/2024,2197.96,USD,cancelled,4,AU
TX-0000644,C-00644,Sofia Brown,sofia.brown644@example.com,09/05/2024,1452.59,USD,completed,5,DE
TX-0000645,C-00645,Ethan Wilson,ethan.wilson645@example.com,10/10/2024,2228.83,USD,pending,6,US
TX-0000646,C-00646,Zoe Garcia,zoe.garcia646@example.com,11/03/2024,507.04,USD,refunded,7,CA
TX-0000647,C-00647,Mateo Nguyen,mateo.nguyen647@example.com,12/08/2024,471.01,USD,cancelled,8,GB
TX-0000648,C-00648,Ava Patel,ava.patel648@example.com,01/01/2024,2267.83,USD,completed,1,AU
TX-0000649,C-00649,Noah Kim,noah.kim649@example.com,02/06/2024,368.82,USD,pending,2,DE
TX-0000650,C-00650,Mia Martin,mia.martin650@example.com,03/11/2024,1981.80,USD,refunded,3,US
TX-0000651,C-00651,Liam Smith,liam.smith651@example.com,04/04/2024,1541.22,USD,cancelled,4,CA
TX-0000652,C-00652,Sofia Brown,sofia.brown652@example.com,05/09/2024,22.57,USD,completed,5,GB
TX-0000653,C-00653,Ethan Wilson,ethan.wilson653@example.com,06/02/2024,2137.91,USD,pending,6,AU
TX-0000654,C-00654,Zoe Garcia,zoe.garcia654@example.com,07/07/2024,1516.96,USD,refunded,7,DE
TX-0000655,C-00655,Mateo Nguyen,mateo.nguyen655@example.com,08/12/2024,1571.71,USD,cancelled,8,us
TX-0000656,C-00656,Ava Patel,ava.patel656@example.com,09/05/2024,235.72,USD,completed,1,CA
TX-0000657,C-00657,Noah Kim,noah.kim657@example.com,10/10/2024,551.31,USD,pending,2,GB
TX-0000658,C-00658,Mia Martin,mia.martin658@example.com,11/03/2024,2382.65,USD,refunded,3,AU
TX-0000659,C-00659,Liam Smith,liam.smith659@example.com,12/08/2024,252.95,USD,cancelled,4,DE
TX-0000660,C-00660,Sofia Brown,sofia.brown660@example.com,01/01/2024,1851.12,USD,completed,5,US
TX-0000661,C-00661,Ethan Wilson,ethan.wilson661@example.com,02/06/2024,2354.57,USD,pending,6,CA
TX-0000662,C-00662,Zoe Garcia,zoe.garcia662@example.com,03/11/2024,1704.68,USD,refunded,7,GB
TX-0000663,C-00663,Mateo Nguyen,mateo.nguyen663@example.com,04/04/2024,373.98,USD,cancelled,8,AU
TX-0000664,C-00664,Ava Patel,ava.patel664@example.com,05/09/2024,2308.32,USD,completed,1,DE
TX-0000665,C-00665,Noah Kim,noah.kim665@example.com,06/02/2024,1509.50,USD,pending,2,US
TX-0000666,C-00666,Mia Martin,mia.martin666@example.com,07/07/2024,1261.22,USD,refunded,3,CA
TX-0000667,C-00667,Liam Smith,liam.smith667@example.com,08/12/2024,247.27,USD,cancelled,4,GB
TX-0000668,C-00668,Sofia Brown,sofia.brown668@example.com,09/05/2024,2013.69,USD,completed,5,AU
TX-0000669,C-00669,Ethan Wilson,ethan.wilson669@example.com,10/10/2024,,USD,pending,6,DE
TX-0000670,C-00670,Zoe Garcia,zoe.garcia670@example.com,11/03/2024,923.46,USD,refunded,7,US
TX-0000671,C-00671,Mateo Nguyen,mateo.nguyen671@example.com,12/08/2024,1726.94,USD,cancelled,8,CA
TX-0000672,C-00672,Ava Patel,ava.patel672@example.com,01/01/2024,1333.73,USD,completed,1,GB
TX-0000673,C-00673,Noah Kim,noah.kim673@example.com,02/06/2024,2160.08,USD,pending,2,AU
TX-0000674,C-00674,Mia Martin,mia.martin674@example.com,03/11/2024,868.29,USD,refunded,3,DE
TX-0000675,C-00675,Liam Smith,liam.smith675@example.com,04/04/2024,5.29,USD,cancelled,4,US
TX-0000676,C-00676,Sofia Brown,sofia.brown676@example.com,05/09/2024,814.72,USD,completed,5,CA
TX-0000677,C-00677,Ethan Wilson,ethan.wilson677@example.com,06/02/2024,1236.02,USD,pending,6,GB
TX-0000678,C-00678,  ZOE GARCIA  ,zoe.garcia678@example.com,07/07/2024,1648.23,USD,refunded,7,AU
TX-0000679,C-00679,Mateo Nguyen,,08/12/2024,1117.51,USD,cancelled,8,DE
TX-0000680,C-00680,Ava Patel,ava.patel680@example.com,09/05/2024,1802.31,USD,completed,1,US
TX-0000681,C-00681,Noah Kim,noah.kim681@example.com,10/10/2024,466.73,USD,pending,2,CA
TX-0000682,C-00682,Mia Martin,mia.martin682@example.com,11/03/2024,496.33,USD,refunded,3,GB
TX-0000683,C-00683,Liam Smith,liam.smith683@example.com,12/08/2024,1111.04,USD,cancelled,4,AU
TX-0000684,C-00684,Sofia Brown,sofia.brown684@example.com,01/01/2024,1509.89,USD,completed,5,DE
TX-0000685,C-00685,Ethan Wilson,ethan.wilson685@example.com,02/06/2024,55.50,USD,pending,6,US
TX-0000686,C-00686,Zoe Garcia,zoe.garcia686@example.com,03/11/2024,1643.33,USD,refunded,7,CA
TX-0000687,C-00687,Mateo Nguyen,mateo.nguyen687@example.com,04/04/2024,2236.54,USD,cancelled,8,GB
TX-0000688,C-00688,Ava Patel,ava.patel688@example.com,05/09/2024,626.38,USD,completed,1,AU
TX-0000689,C-00689,Noah Kim,noah.kim689@example.com,06/02/2024,2319.73,USD,pending,2,DE
TX-0000690,C-00690,Mia Martin,mia.martin690@example.com,07/07/2024,2241.94,USD,refunded,3,US
TX-0000691,C-00691,Liam Smith,liam.smith691@example.com,08/12/2024,2143.09,USD,cancelled,4,CA
TX-0000692,C-00692,Sofia Brown,sofia.brown692@example.com,09/05/2024,985.79,USD,completed,5,USA
TX-0000693,C-00693,Ethan Wilson,ethan.wilson693@example.com,10/10/2024,454.39,USD,pending,6,AU
TX-0000694,C-00694,Zoe Garcia,zoe.garcia694@example.com,11/03/2024,102.54,USD,refunded,7,DE
TX-0000695,C-00695,Mateo Nguyen,mateo.nguyen695@example.com,12/08/2024,2353.46,USD,cancelled,8,US
TX-0000696,C-00696,Ava Patel,ava.patel696@example.com,01/01/2024,1079.58,USD,completed,1,CA
TX-0000697,C-00697,Noah Kim,noah.kim697@example.com,02/06/2024,269.56,USD,pending,2,GB
TX-0000698,C-00698,Mia Martin,mia.martin698@example.com,03/11/2024,288.53,USD,refunded,3,AU
TX-0000699,C-00699,Liam Smith,liam.smith699@example.com,04/04/2024,1343.26,USD,cancelled,4,DE
TX-0000700,C-00700,Sofia Brown,sofia.brown700@example.com,05/09/2024,2278.07,USD,completed,5,US
TX-0000701,C-00701,Ethan Wilson,ethan.wilson701@example.com,06/02/2024,1722.40,USD,pending,6,CA
TX-0000702,C-00702,Zoe Garcia,zoe.garcia702@example.com,07/07/2024,173.46,USD,refunded,7,GB
TX-0000703,C-00703,Mateo Nguyen,mateo.nguyen703@example.com,08/12/2024,704.93,USD,cancelled,8,AU
TX-0000704,C-00704,Ava Patel,ava.patel704@example.com,09/05/2024,2341.46,USD,completed,1,DE
TX-0000705,C-00705,Noah Kim,noah.kim705@example.com,10/10/2024,2212.56,USD,pending,2,US
TX-0000706,C-00706,Mia Martin,mia.martin706@example.com,11/03/2024,2412.43,USD,refunded,3,CA
TX-0000707,C-00707,Liam Smith,liam.smith707@example.com,12/08/2024,1199.58,USD,cancelled,4,GB
TX-0000708,C-00708,Sofia Brown,sofia.brown708@example.com,01/01/2024,2426.96,USD,completed,5,AU
TX-0000709,C-00709,Ethan Wilson,ethan.wilson709@example.com,02/06/2024,1952.22,USD,pending,6,DE
TX-0000710,C-00710,Zoe Garcia,zoe.garcia710@example.com,03/11/2024,128.55,USD,refunded,7,US
TX-0000711,C-00711,Mateo Nguyen,mateo.nguyen711@example.com,04/04/2024,1139.33,USD,cancelled,8,CA
TX-0000712,C-00712,Ava Patel,ava.patel.invalid,05/09/2024,1572.16,USD,completed,1,GB
TX-0000713,C-00713,Noah Kim,noah.kim713@example.com,06/02/2024,2330.69,USD,pending,2,AU
TX-0000714,C-00714,Mia Martin,mia.martin714@example.com,07/07/2024,1856.70,USD,refunded,3,DE
TX-0000715,C-00715,Liam Smith,liam.smith715@example.com,08/12/2024,1264.67,USD,cancelled,4,US
TX-0000716,C-00716,Sofia Brown,sofia.brown716@example.com,09/05/2024,1306.64,USD,completed,5,CA
TX-0000717,C-00717,Ethan Wilson,ethan.wilson717@example.com,10/10/2024,990.23,USD,pending,6,GB
TX-0000718,C-00718,Zoe Garcia,zoe.garcia718@example.com,11/03/2024,11.15,USD,refunded,7,AU
TX-0000719,C-00719,Mateo Nguyen,mateo.nguyen719@example.com,12/08/2024,668.49,USD,cancelled,8,DE
TX-0000720,C-00720,Ava Patel,ava.patel720@example.com,01/01/2024,1963.02,USD,completed,1,US
TX-0000721,C-00721,Noah Kim,noah.kim721@example.com,02/06/2024,2482.78,USD,pending,2,CA
TX-0000722,C-00722,Mia Martin,mia.martin722@example.com,03/11/2024,575.49,USD,refunded,3,GB
TX-0000723,C-00723,Liam Smith,liam.smith723@example.com,04/04/2024,2008.70,USD,cancelled,4,AU
TX-0000724,C-00724,Sofia Brown,sofia.brown724@example.com,05/09/2024,1171.58, USD ,completed,5,DE
TX-0000725,C-00725,Ethan Wilson,ethan.wilson725@example.com,06/02/2024,2162.22,USD,pending,6,US
TX-0000726,C-00726,Zoe Garcia,zoe.garcia726@example.com,07/07/2024,253.01,USD,refunded,7,CA
TX-0000727,C-00727,Mateo Nguyen,mateo.nguyen727@example.com,08/12/2024,1797.71,USD,cancelled,8,GB
TX-0000728,C-00728,Ava Patel,ava.patel728@example.com,09/05/2024,269.89,USD,completed,1,AU
TX-0000729,C-00729,Noah Kim,noah.kim729@example.com,10/10/2024,563.59,USD,pending,2,DE
TX-0000730,C-00730,Mia Martin,mia.martin730@example.com,11/03/2024,1084.27,USD,refunded,3,US
TX-0000731,C-00731,Liam Smith,liam.smith731@example.com,12/08/2024,1121.68,USD,cancelled,4,CA
TX-0000732,C-00732,Sofia Brown,sofia.brown732@example.com,01/01/2024,1701.25,USD,completed,5,GB
TX-0000733,C-00733,Ethan Wilson,ethan.wilson733@example.com,02/06/2024,1742.23,USD,pending,6,AU
TX-0000734,C-00734,Zoe Garcia,zoe.garcia734@example.com,03/11/2024,173.97,USD,refunded,7,DE
TX-0000735,C-00735,Mateo Nguyen,mateo.nguyen735@example.com,04/04/2024,381.87,USD,cancelled,8,US
TX-0000736,C-00736,Ava Patel,ava.patel736@example.com,05/09/2024,233.92,USD,completed,1,CA
TX-0000737,C-00737,Noah Kim,noah.kim737@example.com,06/02/2024,986.76,USD,pending,2,GB
TX-0000738,C-00738,Mia Martin,mia.martin738@example.com,07/07/2024,2441.15,USD,refunded,3,AU
TX-0000739,C-00739,Liam Smith,liam.smith739@example.com,08/12/2024,1386.60,USD,cancelled,4,DE
TX-0000740,C-00740,Sofia Brown,sofia.brown740@example.com,09/05/2024,1246.81,USD,completed,5,US
TX-0000741,C-00741,Ethan Wilson,ethan.wilson741@example.com,10/10/2024,1828.47,USD,pending,6,CA
TX-0000742,C-00742,Zoe Garcia,zoe.garcia742@example.com,11/03/2024,1629.22,USD,refunded,7,GB
TX-0000743,C-00743,Mateo Nguyen,mateo.nguyen743@example.com,12/08/2024,251.27,USD,cancelled,8,AU
TX-0000744,C-00744,Ava Patel,ava.patel744@example.com,01/01/2024,435.90,USD,completed,1,DE
TX-0000745,C-00745,Noah Kim,noah.kim745@example.com,02/06/2024,469.55,usd,pending,2,US
TX-0000746,C-00746,Mia Martin,mia.martin746@example.com,03/11/2024,1294.65,USD,refunded,3,CA
TX-0000747,C-00747,Liam Smith,liam.smith747@example.com,04/04/2024,2101.00,USD,cancelled,4,GB
TX-0000748,C-00748,Sofia Brown,sofia.brown748@example.com,05/09/2024,878.43,USD,completed,5,AU
TX-0000749,C-00749,Ethan Wilson,ethan.wilson749@example.com,06/02/2024,1780.97,USD,pending,6,DE
TX-0000750,C-00750,Zoe Garcia,zoe.garcia750@example.com,07/07/2024,2269.55,USD,refunded,7,US
TX-0000751,C-00751,Mateo Nguyen,mateo.nguyen751@example.com,08/12/2024,1934.92,USD,cancelled,8,CA
TX-0000752,C-00752,Ava Patel,ava.patel752@example.com,09/05/2024,1246.42,USD,completed,1,GB
TX-0000753,C-00753,Noah Kim,noah.kim753@example.com,10/10/2024,1489.90,USD,pending,2,AU
TX-0000754,C-00754,Mia Martin,mia.martin754@example.com,11/03/2024,505.45,USD,refunded,3,DE
TX-0000755,C-00755,Liam Smith,liam.smith755@example.com,12/08/2024,1280.20,USD,cancelled,4,US
TX-0000756,C-00756,Sofia Brown,sofia.brown756@example.com,01/01/2024,2166.85,USD,completed,5,CA
TX-0000757,C-00757,Ethan Wilson,ethan.wilson757@example.com,02/06/2024,2206.64,USD,pending,6,GB
TX-0000758,C-00758,Zoe Garcia,zoe.garcia758@example.com,03/11/2024,1059.24,USD,refunded,7,AU
TX-0000759,C-00759,Mateo Nguyen,mateo.nguyen759@example.com,04/04/2024,961.20,USD,cancelled,8,DE
TX-0000760,C-00760,Ava Patel,ava.patel760@example.com,05/09/2024,1387.48,USD,completed,1,US
TX-0000761,C-00761,Noah Kim,noah.kim761@example.com,06/02/2024,1892.06,USD,pending,2,CA
TX-0000762,C-00762,mia martin,mia.martin762@example.com,07/07/2024,2062.48,USD,refunded,3,GB
TX-0000763,C-00763,Liam Smith,liam.smith763@example.com,08/12/2024,2447.67,USD,cancelled,4,AU
TX-0000764,C-00764,Sofia Brown,sofia.brown764@example.com,09/05/2024,297.82,USD,unknown,5,DE
TX-0000765,C-00765,Ethan Wilson,ethan.wilson765@example.com,10/10/2024,2398.19,USD,pending,6,US
TX-0000766,C-00766,Zoe Garcia,zoe.garcia766@example.com,11/03/2024,2444.46,USD,refunded,7,CA
TX-0000767,C-00767,Mateo Nguyen,mateo.nguyen767@example.com,12/08/2024,1735.87,USD,cancelled,8,GB
TX-0000768,C-00768,Ava Patel,ava.patel768@example.com,01/01/2024,544.45,USD,completed,1,AU
TX-0000769,C-00769,Noah Kim,noah.kim769@example.com,02/06/2024,1963.35,USD,pending,2,DE
TX-0000770,C-00770,Mia Martin,mia.martin770@example.com,03/11/2024,2349.40,USD,refunded,3,US
TX-0000771,C-00771,Liam Smith,liam.smith771@example.com,04/04/2024,1145.74,USD,cancelled,4,CA
TX-0000772,C-00772,Sofia Brown,sofia.brown772@example.com,05/09/2024,1037.60,USD,completed,5,GB
TX-0000773,C-00773,Ethan Wilson,ethan.wilson773@example.com,06/02/2024,1589.64,USD,pending,6,AU
TX-0000774,C-00774,Zoe Garcia,zoe.garcia774@example.com,07/07/2024,1651.21,USD,refunded,7,DE
TX-0000775,C-00775,Mateo Nguyen,mateo.nguyen775@example.com,08/12/2024,556.20,USD,cancelled,8,US
TX-0000776,C-00776,Ava Patel,,09/05/2024,1436.51,USD,completed,1,CA
TX-0000777,C-00777,Noah Kim,noah.kim777@example.com,10/10/2024,1962.34,USD,pending,2,GB
TX-0000778,C-00778,Mia Martin,mia.martin778@example.com,11/03/2024,2496.84,USD,refunded,3,AU
TX-0000779,C-00779,Liam Smith,liam.smith779@example.com,12/08/2024,1232.85,USD,cancelled,4,DE
TX-0000780,C-00780,Sofia Brown,sofia.brown780@example.com,01/01/2024,1174.20,USD,completed,5,US
TX-0000781,C-00781,Ethan Wilson,ethan.wilson781@example.com,02/06/2024,563.50,USD,pending,6,CA
TX-0000782,C-00782,Zoe Garcia,zoe.garcia782@example.com,03/11/2024,2291.42,USD,refunded,7,GB
TX-0000783,C-00783,Mateo Nguyen,mateo.nguyen783@example.com,04/04/2024,1615.73,USD,cancelled,8,AU
TX-0000784,C-00784,Ava Patel,ava.patel784@example.com,05/09/2024,2312.97,USD,completed,1,DE
TX-0000785,C-00785,Noah Kim,noah.kim785@example.com,06/02/2024,567.96,USD,COMPLETE,2,US
TX-0000786,C-00786,Mia Martin,mia.martin786@example.com,07/07/2024,1611.15,USD,refunded,3,ca
TX-0000787,C-00787,Liam Smith,liam.smith787@example.com,08/12/2024,1208.23,USD,cancelled,4,GB
TX-0000788,C-00788,Sofia Brown,sofia.brown788@example.com,09/05/2024,2174.27,USD,completed,5,AU
TX-0000789,C-00789,Ethan Wilson,ethan.wilson789@example.com,10/10/2024,1477.54,USD,pending,6,DE
TX-0000790,C-00790,Zoe Garcia,zoe.garcia790@example.com,11/03/2024,789.78,USD,refunded,7,US
TX-0000791,C-00791,  MATEO NGUYEN  ,mateo.nguyen791@example.com,12/08/2024,2437.33,USD,cancelled,8,CA
TX-0000792,C-00792,Ava Patel,ava.patel792@example.com,01/01/2024,553.17,USD,completed,1,GB
TX-0000793,C-00793,Noah Kim,noah.kim793@example.com,02/06/2024,1197.39,USD,pending,2,AU
TX-0000794,C-00794,Mia Martin,mia.martin794@example.com,03/11/2024,236.11,USD,refunded,3,DE
TX-0000795,C-00795,Liam Smith,liam.smith795@example.com,04/04/2024,1692.94,USD,cancelled,4,US
TX-0000796,C-00796,Sofia Brown,sofia.brown796@example.com,05/09/2024,317.93,USD,completed,5,CA
TX-0000797,C-00797,Ethan Wilson,ethan.wilson797@example.com,06/02/2024,531.74,USD,pending,6,GB
TX-0000798,C-00798,Zoe Garcia,zoe.garcia798@example.com,07/07/2024,602.87,USD,refunded,7,AU
TX-0000799,C-00799,Mateo Nguyen,mateo.nguyen799@example.com,08/12/2024,830.78,USD,cancelled,8,DE
TX-0000800,C-00800,Ava Patel,ava.patel800@example.com,09/05/2024,168.51,USD,completed,1,US
TX-0000801,C-00801,Noah Kim,noah.kim.invalid,10/10/2024,1710.74,USD,pending,2,CA
TX-0000802,C-00802,Mia Martin,mia.martin802@example.com,11/03/2024,2161.79,USD,refunded,3,GB
TX-0000803,C-00803,Liam Smith,liam.smith803@example.com,12/08/2024,1629.06,USD,cancelled,4,AU
TX-0000804,C-00804,Sofia Brown,sofia.brown804@example.com,01/01/2024,2471.38,USD,completed,5,DE
TX-0000805,C-00805,Ethan Wilson,ethan.wilson805@example.com,02/06/2024,1431.30,USD,pending,6,US
TX-0000806,C-00806,Zoe Garcia,zoe.garcia806@example.com,03/11/2024,2269.86,USD,refunded,7,CA
TX-0000807,C-00807,Mateo Nguyen,mateo.nguyen807@example.com,04/04/2024,45.71,USD,cancelled,8,GB
TX-0000808,C-00808,Ava Patel,ava.patel808@example.com,05/09/2024,547.07,USD,completed,1,AU
TX-0000809,C-00809,Noah Kim,noah.kim809@example.com,06/02/2024,695.71,USD,pending,2,DE
TX-0000810,C-00810,Mia Martin,mia.martin810@example.com,07/07/2024,269.31,USD,refunded,3,US
TX-0000811,C-00811,Liam Smith,liam.smith811@example.com,08/12/2024,2277.59,USD,cancelled,4,CA
TX-0000812,C-00812,Sofia Brown,sofia.brown812@example.com,09/05/2024,1035.67,USD,completed,5,GB
TX-0000813,C-00813,Ethan Wilson,ethan.wilson813@example.com,10/10/2024,2392.01,USD,pending,6,AU
TX-0000814,C-00814,Zoe Garcia,zoe.garcia814@example.com,11/03/2024,434.44,USD,refunded,7,DE
TX-0000815,C-00815,Mateo Nguyen,mateo.nguyen815@example.com,12/08/2024,1658.20,USD,cancelled,8,US
TX-0000816,C-00816,Ava Patel,ava.patel816@example.com,01/01/2024,592.40,USD,completed,1,CA
TX-0000817,C-00817,Noah Kim,noah.kim817@example.com,02/06/2024,74.25,USD,pending,2,GB
TX-0000818,C-00818,Mia Martin,mia.martin818@example.com,03/11/2024,1422.70,USD,refunded,3,AU
TX-0000819,C-00819,Liam Smith,liam.smith819@example.com,04/04/2024,1155.61,USD,cancelled,4,DE
TX-0000820,C-00820,Sofia Brown,sofia.brown820@example.com,05/09/2024,852.79,USD,completed,5,US
TX-0000821,C-00821,Ethan Wilson,ethan.wilson821@example.com,06/02/2024,292.48,USD,pending,6,CA
TX-0000822,C-00822,Zoe Garcia,zoe.garcia822@example.com,07/07/2024,2186.03,USD,refunded,7,GB
TX-0000823,C-00823,Mateo Nguyen,mateo.nguyen823@example.com,08/12/2024,296.79,USD,cancelled,8,AU
TX-0000824,C-00824,Ava Patel,ava.patel824@example.com,09/05/2024,608.22,USD,completed,1,DE
TX-0000825,C-00825,Noah Kim,noah.kim825@example.com,10/10/2024,436.20,USD,pending,2,US
TX-0000826,C-00826,Mia Martin,mia.martin826@example.com,11/03/2024,1066.40,USD,refunded,3,CA
TX-0000827,C-00827,Liam Smith,liam.smith827@example.com,12/08/2024,1799.57,USD,cancelled,4,GB
TX-0000828,C-00828,Sofia Brown,sofia.brown828@example.com,01/01/2024,2059.56,USD,completed,5,AU
TX-0000829,C-00829,Ethan Wilson,ethan.wilson829@example.com,02/06/2024,1528.91,USD,pending,6,DE
TX-0000830,C-00830,Zoe Garcia,zoe.garcia830@example.com,03/11/2024,1570.77,USD,refunded,7,US
TX-0000831,C-00831,Mateo Nguyen,mateo.nguyen831@example.com,04/04/2024,195.05,USD,cancelled,8,CA
TX-0000832,C-00832,Ava Patel,ava.patel832@example.com,05/09/2024,1886.38,USD,completed,1,GB
TX-0000833,C-00833,Noah Kim,noah.kim833@example.com,06/02/2024,993.37,USD,pending,2,AU
TX-0000834,C-00834,Mia Martin,mia.martin834@example.com,07/07/2024,2241.07,USD,refunded,3,DE
TX-0000835,C-00835,Liam Smith,liam.smith835@example.com,08/12/2024,2464.92,USD,cancelled,4,US
TX-0000836,C-00836,Sofia Brown,sofia.brown836@example.com,09/05/2024,2317.52,USD,completed,5,CA
TX-0000837,C-00837,Ethan Wilson,ethan.wilson837@example.com,10/10/2024,144.49,USD,pending,6,GB
TX-0000838,C-00838,Zoe Garcia,zoe.garcia838@example.com,11/03/2024,2347.54,USD,refunded,7,AU
TX-0000839,C-00839,Mateo Nguyen,mateo.nguyen839@example.com,12/08/2024,1056.46,USD,cancelled,8,DE
TX-0000840,C-00840,Ava Patel,ava.patel840@example.com,01/01/2024,1320.20,USD,completed,1,US
TX-0000841,C-00841,Noah Kim,noah.kim841@example.com,02/06/2024,2011.90,USD,pending,2,CA
TX-0000842,C-00842,Mia Martin,mia.martin842@example.com,03/11/2024,984.85,USD,refunded,3,GB
TX-0000843,C-00843,Liam Smith,liam.smith843@example.com,04/04/2024,1776.28,USD,cancelled,4,AU
TX-0000844,C-00844,Sofia Brown,sofia.brown844@example.com,05/09/2024,-51.45,USD,completed,5,DE
TX-0000845,C-00845,Ethan Wilson,ethan.wilson845@example.com,06/02/2024,1209.89,USD,pending,6,US
TX-0000846,C-00846,Zoe Garcia,zoe.garcia846@example.com,07/07/2024,1361.09,USD,refunded,7,CA
TX-0000847,C-00847,Mateo Nguyen,mateo.nguyen847@example.com,08/12/2024,2250.97,USD,cancelled,8,GB
TX-0000848,C-00848,Ava Patel,ava.patel848@example.com,09/05/2024,557.63,USD,completed,1,AU
TX-0000849,C-00849,Noah Kim,noah.kim849@example.com,10/10/2024,1524.00,USD,pending,2,DE
TX-0000850,C-00850,Mia Martin,mia.martin850@example.com,11/03/2024,2123.78,USD,refunded,3,US
TX-0000851,C-00851,Liam Smith,liam.smith851@example.com,12/08/2024,1018.18,USD,cancelled,4,CA
TX-0000852,C-00852,Sofia Brown,sofia.brown852@example.com,01/01/2024,1962.87,USD,completed,5,GB
TX-0000853,C-00853,Ethan Wilson,ethan.wilson853@example.com,02/06/2024,920.17,USD,pending,6,AU
TX-0000854,C-00854,Zoe Garcia,zoe.garcia854@example.com,03/11/2024,2240.95,USD,refunded,7,DE
TX-0000855,C-00855,Mateo Nguyen,mateo.nguyen855@example.com,04/04/2024,1823.13,USD,cancelled,8,US
TX-0000856,C-00856,Ava Patel,ava.patel856@example.com,05/09/2024,252.87,USD,completed,1,CA
TX-0000857,C-00857,Noah Kim,noah.kim857@example.com,06/02/2024,2310.27,USD,pending,2,GB
TX-0000858,C-00858,Mia Martin,mia.martin858@example.com,07/07/2024,699.56,USD,refunded,3,AU
TX-0000859,C-00859,Liam Smith,liam.smith859@example.com,08/12/2024,2049.65,USD,cancelled,4,DE
TX-0000860,C-00860,Sofia Brown,sofia.brown860@example.com,09/05/2024,1622.45,USD,completed,5,US
TX-0000861,C-00861,Ethan Wilson,ethan.wilson861@example.com,10/10/2024,1499.98,USD,pending,6,CA
TX-0000862,C-00862,Zoe Garcia,zoe.garcia862@example.com,11/03/2024,853.46,USD,refunded,7,GB
TX-0000863,C-00863,Mateo Nguyen,mateo.nguyen863@example.com,12/08/2024,1651.05,USD,cancelled,8,AU
TX-0000864,C-00864,Ava Patel,ava.patel864@example.com,01/01/2024,2363.75,USD,completed,1,DE
TX-0000865,C-00865,Noah Kim,noah.kim865@example.com,02/06/2024,760.05,USD,pending,2,USA
TX-0000866,C-00866,Mia Martin,mia.martin866@example.com,03/11/2024,891.64,USD,refunded,3,CA
TX-0000867,C-00867,Liam Smith,liam.smith867@example.com,04/04/2024,1371.63,USD,cancelled,4,GB
TX-0000868,C-00868,Sofia Brown,sofia.brown868@example.com,05/09/2024,561.67,USD,completed,5,AU
TX-0000869,C-00869,Ethan Wilson,ethan.wilson869@example.com,06/02/2024,995.68,USD,pending,6,DE
TX-0000870,C-00870,Zoe Garcia,zoe.garcia870@example.com,07/07/2024,227.19,USD,refunded,7,US
TX-0000871,C-00871,Mateo Nguyen,mateo.nguyen871@example.com,08/12/2024,15.58,USD,cancelled,8,CA
TX-0000872,C-00872,Ava Patel,ava.patel872@example.com,09/05/2024,1853.11,USD,completed,1,GB
TX-0000873,C-00873,Noah Kim,,10/10/2024,197.49,USD,pending,2,AU
TX-0000874,C-00874,Mia Martin,mia.martin874@example.com,11/03/2024,1219.54,USD,refunded,3,DE
TX-0000875,C-00875,Liam Smith,liam.smith875@example.com,12/08/2024,2432.26,USD,cancelled,4,US
TX-0000876,C-00876,Sofia Brown,sofia.brown876@example.com,01/01/2024,1963.49,USD,completed,5,CA
TX-0000877,C-00877,Ethan Wilson,ethan.wilson877@example.com,02/06/2024,240.78,USD,pending,6,GB
TX-0000878,C-00878,Zoe Garcia,zoe.garcia878@example.com,03/11/2024,727.99,USD,refunded,7,AU
TX-0000879,C-00879,Mateo Nguyen,mateo.nguyen879@example.com,04/04/2024,178.35,USD,cancelled,8,DE
TX-0000880,C-00880,Ava Patel,ava.patel880@example.com,05/09/2024,527.97,USD,completed,1,US
TX-0000881,C-00881,Noah Kim,noah.kim881@example.com,06/02/2024,1390.26,USD,pending,2,CA
TX-0000882,C-00882,Mia Martin,mia.martin882@example.com,07/07/2024,2429.79,USD,refunded,3,GB
TX-0000883,C-00883,Liam Smith,liam.smith883@example.com,08/12/2024,1020.50,USD,cancelled,4,AU
TX-0000884,C-00884,Sofia Brown,sofia.brown884@example.com,09/05/2024,400.52,USD,completed,5,DE
TX-0000885,C-00885,Ethan Wilson,ethan.wilson885@example.com,10/10/2024,2431.37,USD,pending,6,US
TX-0000886,C-00886,Zoe Garcia,zoe.garcia886@example.com,11/03/2024,2064.41,USD,refunded,7,CA
TX-0000887,C-00887,Mateo Nguyen,mateo.nguyen887@example.com,12/08/2024,1358.43,USD,cancelled,8,GB
TX-0000888,C-00888,Ava Patel,ava.patel888@example.com,01/01/2024,2077.70,USD,completed,1,AU
TX-0000889,C-00889,noah kim,noah.kim889@example.com,02/06/2024,792.08,USD,pending,2,DE
TX-0000890,C-00890,Mia Martin,mia.martin.invalid,03/11/2024,2342.84,USD,refunded,3,US
TX-0000891,C-00891,Liam Smith,liam.smith891@example.com,04/04/2024,2285.17,USD,cancelled,4,CA
TX-0000892,C-00892,Sofia Brown,sofia.brown892@example.com,05/09/2024,,USD,completed,5,GB
TX-0000893,C-00893,Ethan Wilson,ethan.wilson893@example.com,06/02/2024,1578.08,USD,pending,6,AU
TX-0000894,C-00894,Zoe Garcia,zoe.garcia894@example.com,07/07/2024,20.29,usd,refunded,7,DE
TX-0000895,C-00895,Mateo Nguyen,mateo.nguyen895@example.com,08/12/2024,2454.55,USD,cancelled,8,US
TX-0000896,C-00896,Ava Patel,ava.patel896@example.com,09/05/2024,1193.12,USD,completed,1,CA
TX-0000897,C-00897,Noah Kim,noah.kim897@example.com,10/10/2024,1928.39,USD,pending,2,GB
TX-0000898,C-00898,Mia Martin,mia.martin898@example.com,11/03/2024,223.98,USD,refunded,3,AU
TX-0000899,C-00899,Liam Smith,liam.smith899@example.com,12/08/2024,332.67,USD,cancelled,4,DE
TX-0000900,C-00900,Sofia Brown,sofia.brown900@example.com,01/01/2024,2119.56,USD,completed,5,US
TX-0000901,C-00901,Ethan Wilson,ethan.wilson901@example.com,02/06/2024,2307.40,USD,pending,6,CA
TX-0000902,C-00902,Zoe Garcia,zoe.garcia902@example.com,03/11/2024,694.90,USD,refunded,7,GB
TX-0000903,C-00903,Mateo Nguyen,mateo.nguyen903@example.com,04/04/2024,1890.78,USD,cancelled,8,AU
TX-0000904,C-00904,  AVA PATEL  ,ava.patel904@example.com,05/09/2024,2461.21,USD,completed,1,DE
TX-0000905,C-00905,Noah Kim,noah.kim905@example.com,06/02/2024,111.91, USD ,pending,2,US
TX-0000906,C-00906,Mia Martin,mia.martin906@example.com,07/07/2024,961.44,USD,refunded,3,CA
TX-0000907,C-00907,Liam Smith,liam.smith907@example.com,08/12/2024,81.49,USD,cancelled,4,GB
TX-0000908,C-00908,Sofia Brown,sofia.brown908@example.com,09/05/2024,1173.51,USD,completed,5,AU
TX-0000909,C-00909,Ethan Wilson,ethan.wilson909@example.com,10/10/2024,1184.99,USD,pending,6,DE
TX-0000910,C-00910,Zoe Garcia,zoe.garcia910@example.com,11/03/2024,1232.81,USD,refunded,7,US
TX-0000911,C-00911,Mateo Nguyen,mateo.nguyen911@example.com,12/08/2024,1882.14,USD,cancelled,8,CA
TX-0000912,C-00912,Ava Patel,ava.patel912@example.com,01/01/2024,2075.76,USD,completed,1,GB
TX-0000913,C-00913,Noah Kim,noah.kim913@example.com,02/06/2024,502.48,USD,pending,2,AU
TX-0000914,C-00914,Mia Martin,mia.martin914@example.com,03/11/2024,1679.54,USD,refunded,3,DE
TX-0000915,C-00915,Liam Smith,liam.smith915@example.com,04/04/2024,2009.79,USD,cancelled,4,US
TX-0000916,C-00916,Sofia Brown,sofia.brown916@example.com,05/09/2024,1741.76,USD,completed,5,CA
TX-0000917,C-00917,Ethan Wilson,ethan.wilson917@example.com,06/02/2024,77.24,USD,pending,6,gb
TX-0000918,C-00918,Zoe Garcia,zoe.garcia918@example.com,07/07/2024,2476.60,USD,refunded,7,AU
TX-0000919,C-00919,Mateo Nguyen,mateo.nguyen919@example.com,08/12/2024,2182.48,USD,cancelled,8,DE
TX-0000920,C-00920,Ava Patel,ava.patel920@example.com,09/05/2024,2438.96,USD,completed,1,US
TX-0000921,C-00921,Noah Kim,noah.kim921@example.com,10/10/2024,2345.69,USD,pending,2,CA
TX-0000922,C-00922,Mia Martin,mia.martin922@example.com,11/03/2024,708.22,USD,refunded,3,GB
TX-0000923,C-00923,Liam Smith,liam.smith923@example.com,12/08/2024,577.72,USD,cancelled,4,AU
TX-0000924,C-00924,Sofia Brown,sofia.brown924@example.com,01/01/2024,2201.89,USD,completed,5,DE
TX-0000925,C-00925,Ethan Wilson,ethan.wilson925@example.com,02/06/2024,147.80,USD,pending,6,US
TX-0000926,C-00926,Zoe Garcia,zoe.garcia926@example.com,03/11/2024,393.02,USD,refunded,7,CA
TX-0000927,C-00927,Mateo Nguyen,mateo.nguyen927@example.com,04/04/2024,1727.76,USD,cancelled,8,GB
TX-0000928,C-00928,Ava Patel,ava.patel928@example.com,05/09/2024,1860.92,USD,completed,1,AU
TX-0000929,C-00929,Noah Kim,noah.kim929@example.com,06/02/2024,2224.96,USD,pending,2,DE
TX-0000930,C-00930,Mia Martin,mia.martin930@example.com,07/07/2024,1860.87,USD,refunded,3,US
TX-0000931,C-00931,Liam Smith,liam.smith931@example.com,08/12/2024,1851.74,USD,cancelled,4,CA
TX-0000932,C-00932,Sofia Brown,sofia.brown932@example.com,09/05/2024,2496.91,USD,completed,5,GB
TX-0000933,C-00933,Ethan Wilson,ethan.wilson933@example.com,10/10/2024,805.48,USD,pending,6,AU
TX-0000934,C-00934,Zoe Garcia,zoe.garcia934@example.com,11/03/2024,1938.26,USD,refunded,7,DE
TX-0000935,C-00935,Mateo Nguyen,mateo.nguyen935@example.com,12/08/2024,823.59,USD,cancelled,8,US
TX-0000936,C-00936,Ava Patel,ava.patel936@example.com,01/01/2024,1348.02,USD,completed,1,CA
TX-0000937,C-00937,Noah Kim,noah.kim937@example.com,02/06/2024,227.94,USD,pending,2,GB
TX-0000938,C-00938,Mia Martin,mia.martin938@example.com,03/11/2024,264.85,USD,refunded,3,AU
TX-0000939,C-00939,Liam Smith,liam.smith939@example.com,04/04/2024,1011.10,USD,cancelled,4,DE
TX-0000940,C-00940,Sofia Brown,sofia.brown940@example.com,05/09/2024,34.06,USD,completed,5,US
TX-0000941,C-00941,Ethan Wilson,ethan.wilson941@example.com,06/02/2024,2464.11,USD,pending,6,CA
TX-0000942,C-00942,Zoe Garcia,zoe.garcia942@example.com,07/07/2024,2417.33,USD,COMPLETE,7,GB
TX-0000943,C-00943,Mateo Nguyen,mateo.nguyen943@example.com,08/12/2024,545.11,USD,cancelled,8,AU
TX-0000944,C-00944,Ava Patel,ava.patel944@example.com,09/05/2024,2287.15,USD,completed,1,DE
TX-0000945,C-00945,Noah Kim,noah.kim945@example.com,10/10/2024,1267.58,USD,pending,2,US
TX-0000946,C-00946,Mia Martin,mia.martin946@example.com,11/03/2024,1575.22,USD,refunded,3,CA
TX-0000947,C-00947,Liam Smith,liam.smith947@example.com,12/08/2024,1602.47,USD,cancelled,4,GB
TX-0000948,C-00948,Sofia Brown,sofia.brown948@example.com,01/01/2024,895.46,USD,completed,5,AU
TX-0000949,C-00949,Ethan Wilson,ethan.wilson949@example.com,02/06/2024,1110.86,USD,pending,6,DE
TX-0000950,C-00950,Zoe Garcia,zoe.garcia950@example.com,03/11/2024,197.38,USD,refunded,7,US
TX-0000951,C-00951,Mateo Nguyen,mateo.nguyen951@example.com,04/04/2024,1485.52,USD,cancelled,8,CA
TX-0000952,C-00952,Ava Patel,ava.patel952@example.com,05/09/2024,1884.95,USD,completed,1,GB
TX-0000953,C-00953,Noah Kim,noah.kim953@example.com,06/02/2024,52.88,USD,pending,2,AU
TX-0000954,C-00954,Mia Martin,mia.martin954@example.com,07/07/2024,2038.33,USD,refunded,3,DE
TX-0000955,C-00955,Liam Smith,liam.smith955@example.com,08/12/2024,2291.66,USD,unknown,4,US
TX-0000956,C-00956,Sofia Brown,sofia.brown956@example.com,09/05/2024,1505.59,USD,completed,5,CA
TX-0000957,C-00957,Ethan Wilson,ethan.wilson957@example.com,10/10/2024,1807.72,USD,pending,6,GB
TX-0000958,C-00958,Zoe Garcia,zoe.garcia958@example.com,11/03/2024,1177.65,USD,refunded,7,AU
TX-0000959,C-00959,Mateo Nguyen,mateo.nguyen959@example.com,12/08/2024,2083.90,USD,cancelled,8,DE
TX-0000960,C-00960,Ava Patel,ava.patel960@example.com,01/01/2024,2014.64,USD,completed,1,US
TX-0000961,C-00961,Noah Kim,noah.kim961@example.com,02/06/2024,612.90,USD,pending,2,CA
TX-0000962,C-00962,Mia Martin,mia.martin962@example.com,03/11/2024,2158.97,USD,refunded,3,GB
TX-0000963,C-00963,Liam Smith,liam.smith963@example.com,04/04/2024,525.23,USD,cancelled,4,AU
TX-0000964,C-00964,Sofia Brown,sofia.brown964@example.com,05/09/2024,108.15,USD,completed,5,DE
TX-0000965,C-00965,Ethan Wilson,ethan.wilson965@example.com,06/02/2024,2133.61,USD,pending,6,US
TX-0000966,C-00966,Zoe Garcia,zoe.garcia966@example.com,07/07/2024,456.36,USD,refunded,7,CA
TX-0000967,C-00967,Mateo Nguyen,mateo.nguyen967@example.com,08/12/2024,1851.68,USD,cancelled,8,GB
TX-0000968,C-00968,Ava Patel,ava.patel968@example.com,09/05/2024,1491.28,USD,completed,1,AU
TX-0000969,C-00969,Noah Kim,noah.kim969@example.com,10/10/2024,342.49,USD,pending,2,DE
TX-0000970,C-00970,Mia Martin,,11/03/2024,244.57,USD,refunded,3,US
TX-0000971,C-00971,Liam Smith,liam.smith971@example.com,12/08/2024,1925.27,USD,cancelled,4,CA
TX-0000972,C-00972,Sofia Brown,sofia.brown972@example.com,01/01/2024,1844.80,USD,completed,5,GB
TX-0000973,C-00973,Ethan Wilson,ethan.wilson973@example.com,02/06/2024,325.36,USD,pending,6,AU
TX-0000974,C-00974,Zoe Garcia,zoe.garcia974@example.com,03/11/2024,179.88,USD,refunded,7,DE
TX-0000975,C-00975,Mateo Nguyen,mateo.nguyen975@example.com,04/04/2024,2092.36,USD,cancelled,8,US
TX-0000976,C-00976,Ava Patel,ava.patel976@example.com,05/09/2024,2279.34,USD,completed,1,CA
TX-0000977,C-00977,Noah Kim,noah.kim977@example.com,06/02/2024,1030.89,USD,pending,2,GB
TX-0000978,C-00978,Mia Martin,mia.martin978@example.com,07/07/2024,942.42,USD,refunded,3,AU
TX-0000979,C-00979,Liam Smith,liam.smith.invalid,08/12/2024,1382.22,USD,cancelled,4,DE
TX-0000980,C-00980,Sofia Brown,sofia.brown980@example.com,09/05/2024,863.89,USD,completed,5,US
TX-0000981,C-00981,Ethan Wilson,ethan.wilson981@example.com,10/10/2024,1860.42,USD,pending,6,CA
TX-0000982,C-00982,Zoe Garcia,zoe.garcia982@example.com,11/03/2024,1308.31,USD,refunded,7,GB
TX-0000983,C-00983,Mateo Nguyen,mateo.nguyen983@example.com,12/08/2024,1478.87,USD,cancelled,8,AU
TX-0000984,C-00984,Ava Patel,ava.patel984@example.com,01/01/2024,631.28,USD,completed,1,DE
TX-0000985,C-00985,Noah Kim,noah.kim985@example.com,02/06/2024,852.61,USD,pending,2,US
TX-0000986,C-00986,Mia Martin,mia.martin986@example.com,03/11/2024,1714.82,USD,refunded,3,CA
TX-0000987,C-00987,Liam Smith,liam.smith987@example.com,04/04/2024,2077.12,USD,cancelled,4,GB
TX-0000988,C-00988,Sofia Brown,sofia.brown988@example.com,05/09/2024,186.31,USD,completed,5,AU
TX-0000989,C-00989,Ethan Wilson,ethan.wilson989@example.com,06/02/2024,961.40,USD,pending,6,DE
TX-0000990,C-00990,Zoe Garcia,zoe.garcia990@example.com,07/07/2024,728.96,USD,refunded,7,US
TX-0000991,C-00991,Mateo Nguyen,mateo.nguyen991@example.com,08/12/2024,1774.30,USD,cancelled,8,CA
TX-0000992,C-00992,Ava Patel,ava.patel992@example.com,09/05/2024,782.06,USD,completed,1,GB
TX-0000993,C-00993,Noah Kim,noah.kim993@example.com,10/10/2024,1589.41,USD,pending,2,AU
TX-0000994,C-00994,Mia Martin,mia.martin994@example.com,11/03/2024,1649.18,USD,refunded,3,DE
TX-0000995,C-00995,Liam Smith,liam.smith995@example.com,12/08/2024,745.49,USD,cancelled,4,US
TX-0000996,C-00996,Sofia Brown,sofia.brown996@example.com,01/01/2024,1048.00,USD,completed,5,CA
TX-0000997,C-00997,Ethan Wilson,ethan.wilson997@example.com,02/06/2024,1533.70,USD,pending,6,GB
TX-0000998,C-00998,Zoe Garcia,zoe.garcia998@example.com,03/11/2024,326.87,USD,refunded,7,AU
TX-0000999,C-00999,Mateo Nguyen,mateo.nguyen999@example.com,04/04/2024,190.84,USD,cancelled,8,DE
TX-0001000,C-01000,Ava Patel,ava.patel1000@example.com,05/09/2024,676.68,USD,completed,1,US
TX-0001001,C-01001,Noah Kim,noah.kim1001@example.com,06/02/2024,896.46,USD,pending,2,CA
TX-0001002,C-01002,Mia Martin,mia.martin1002@example.com,07/07/2024,2407.66,USD,refunded,3,GB
TX-0001003,C-01003,Liam Smith,liam.smith1003@example.com,08/12/2024,214.63,USD,cancelled,4,AU
TX-0001004,C-01004,Sofia Brown,sofia.brown1004@example.com,09/05/2024,1912.32,USD,completed,5,DE
TX-0001005,C-01005,Ethan Wilson,ethan.wilson1005@example.com,10/10/2024,1914.51,USD,pending,6,US
TX-0001006,C-01006,Zoe Garcia,zoe.garcia1006@example.com,11/03/2024,1904.16,USD,refunded,7,CA
TX-0001007,C-01007,Mateo Nguyen,mateo.nguyen1007@example.com,12/08/2024,760.20,USD,cancelled,8,GB
TX-0001008,C-01008,Ava Patel,ava.patel1008@example.com,01/01/2024,1780.94,USD,completed,1,AU
TX-0001009,C-01009,Noah Kim,noah.kim1009@example.com,02/06/2024,1263.53,USD,pending,2,DE
TX-0001010,C-01010,Mia Martin,mia.martin1010@example.com,03/11/2024,1339.26,USD,refunded,3,US
TX-0001011,C-01011,Liam Smith,liam.smith1011@example.com,04/04/2024,2368.34,USD,cancelled,4,CA
TX-0001012,C-01012,Sofia Brown,sofia.brown1012@example.com,05/09/2024,1075.54,USD,completed,5,GB
TX-0001013,C-01013,Ethan Wilson,ethan.wilson1013@example.com,06/02/2024,290.66,USD,pending,6,AU
TX-0001014,C-01014,Zoe Garcia,zoe.garcia1014@example.com,07/07/2024,439.25,USD,refunded,7,DE
TX-0001015,C-01015,Mateo Nguyen,mateo.nguyen1015@example.com,08/12/2024,59.59,USD,cancelled,8,US
TX-0001016,C-01016,ava patel,ava.patel1016@example.com,09/05/2024,2141.54,USD,completed,1,CA
TX-0001017,C-01017,  NOAH KIM  ,noah.kim1017@example.com,10/10/2024,1248.91,USD,pending,2,GB
TX-0001018,C-01018,Mia Martin,mia.martin1018@example.com,11/03/2024,2330.67,USD,refunded,3,AU
TX-0001019,C-01019,Liam Smith,liam.smith1019@example.com,12/08/2024,516.88,USD,cancelled,4,DE
TX-0001020,C-01020,Sofia Brown,sofia.brown1020@example.com,01/01/2024,963.71,USD,completed,5,US
TX-0001021,C-01021,Ethan Wilson,ethan.wilson1021@example.com,02/06/2024,15.44,USD,pending,6,CA
TX-0001022,C-01022,Zoe Garcia,zoe.garcia1022@example.com,03/11/2024,1427.77,USD,refunded,7,GB
TX-0001023,C-01023,Mateo Nguyen,mateo.nguyen1023@example.com,04/04/2024,52.57,USD,cancelled,8,AU
TX-0001024,C-01024,Ava Patel,ava.patel1024@example.com,05/09/2024,1374.61,USD,completed,1,DE
TX-0001025,C-01025,Noah Kim,noah.kim1025@example.com,06/02/2024,2130.93,USD,pending,2,US
TX-0001026,C-01026,Mia Martin,mia.martin1026@example.com,07/07/2024,2481.33,USD,refunded,3,CA
TX-0001027,C-01027,Liam Smith,liam.smith1027@example.com,08/12/2024,1233.98,USD,cancelled,4,GB
TX-0001028,C-01028,Sofia Brown,sofia.brown1028@example.com,09/05/2024,509.11,USD,completed,5,AU
TX-0001029,C-01029,Ethan Wilson,ethan.wilson1029@example.com,10/10/2024,258.91,USD,pending,6,DE
TX-0001030,C-01030,Zoe Garcia,zoe.garcia1030@example.com,11/03/2024,345.15,USD,refunded,7,US
TX-0001031,C-01031,Mateo Nguyen,mateo.nguyen1031@example.com,12/08/2024,919.47,USD,cancelled,8,CA
TX-0001032,C-01032,Ava Patel,ava.patel1032@example.com,01/01/2024,1535.44,USD,completed,1,GB
TX-0001033,C-01033,Noah Kim,noah.kim1033@example.com,02/06/2024,2041.77,USD,pending,2,AU
TX-0001034,C-01034,Mia Martin,mia.martin1034@example.com,03/11/2024,2251.74,USD,refunded,3,DE
TX-0001035,C-01035,Liam Smith,liam.smith1035@example.com,04/04/2024,608.51,USD,cancelled,4,US
TX-0001036,C-01036,Sofia Brown,sofia.brown1036@example.com,05/09/2024,1217.98,USD,completed,5,CA
TX-0001037,C-01037,Ethan Wilson,ethan.wilson1037@example.com,06/02/2024,2438.63,USD,pending,6,GB
TX-0001038,C-01038,Zoe Garcia,zoe.garcia1038@example.com,07/07/2024,568.86,USD,refunded,7,USA
TX-0001039,C-01039,Mateo Nguyen,mateo.nguyen1039@example.com,08/12/2024,9.67,USD,cancelled,8,DE
TX-0001040,C-01040,Ava Patel,ava.patel1040@example.com,09/05/2024,913.05,USD,completed,1,US
TX-0001041,C-01041,Noah Kim,noah.kim1041@example.com,10/10/2024,466.08,USD,pending,2,CA
TX-0001042,C-01042,Mia Martin,mia.martin1042@example.com,11/03/2024,1372.45,USD,refunded,3,GB
TX-0001043,C-01043,Liam Smith,liam.smith1043@example.com,12/08/2024,2366.97,usd,cancelled,4,AU
TX-0001044,C-01044,Sofia Brown,sofia.brown1044@example.com,01/01/2024,420.38,USD,completed,5,DE
TX-0001045,C-01045,Ethan Wilson,ethan.wilson1045@example.com,02/06/2024,2250.55,USD,pending,6,US
TX-0001046,C-01046,Zoe Garcia,zoe.garcia1046@example.com,03/11/2024,451.69,USD,refunded,7,CA
TX-0001047,C-01047,Mateo Nguyen,mateo.nguyen1047@example.com,04/04/2024,538.03,USD,cancelled,8,GB
TX-0001048,C-01048,Ava Patel,ava.patel1048@example.com,05/09/2024,754.27,USD,completed,1,au
TX-0001049,C-01049,Noah Kim,noah.kim1049@example.com,06/02/2024,2080.83,USD,pending,2,DE
TX-0001050,C-01050,Mia Martin,mia.martin1050@example.com,07/07/2024,2362.18,USD,refunded,3,US
TX-0001051,C-01051,Liam Smith,liam.smith1051@example.com,08/12/2024,1589.19,USD,cancelled,4,CA
TX-0001052,C-01052,Sofia Brown,sofia.brown1052@example.com,09/05/2024,1856.78,USD,completed,5,GB
TX-0001053,C-01053,Ethan Wilson,ethan.wilson1053@example.com,10/10/2024,2012.78,USD,pending,6,AU
TX-0001054,C-01054,Zoe Garcia,zoe.garcia1054@example.com,11/03/2024,1182.89,USD,refunded,7,DE
TX-0001055,C-01055,Mateo Nguyen,mateo.nguyen1055@example.com,12/08/2024,-91.57,USD,cancelled,8,US
TX-0001056,C-01056,Ava Patel,ava.patel1056@example.com,01/01/2024,496.48,USD,completed,1,CA
TX-0001057,C-01057,Noah Kim,noah.kim1057@example.com,02/06/2024,1812.86,USD,pending,2,GB
TX-0001058,C-01058,Mia Martin,mia.martin1058@example.com,03/11/2024,667.43,USD,refunded,3,AU
TX-0001059,C-01059,Liam Smith,liam.smith1059@example.com,04/04/2024,702.93,USD,cancelled,4,DE
TX-0001060,C-01060,Sofia Brown,sofia.brown1060@example.com,05/09/2024,1382.06,USD,completed,5,US
TX-0001061,C-01061,Ethan Wilson,ethan.wilson1061@example.com,06/02/2024,2451.94,USD,pending,6,CA
TX-0001062,C-01062,Zoe Garcia,zoe.garcia1062@example.com,07/07/2024,1787.11,USD,refunded,7,GB
TX-0001063,C-01063,Mateo Nguyen,mateo.nguyen1063@example.com,08/12/2024,2412.44,USD,cancelled,8,AU
TX-0001064,C-01064,Ava Patel,ava.patel1064@example.com,09/05/2024,757.70,USD,completed,1,DE
TX-0001065,C-01065,Noah Kim,noah.kim1065@example.com,10/10/2024,775.25,USD,pending,2,US
TX-0001066,C-01066,Mia Martin,mia.martin1066@example.com,11/03/2024,309.72,USD,refunded,3,CA
TX-0001067,C-01067,Liam Smith,,12/08/2024,1588.57,USD,cancelled,4,GB
TX-0001068,C-01068,Sofia Brown,sofia.brown.invalid,01/01/2024,1156.57,USD,completed,5,AU
TX-0001069,C-01069,Ethan Wilson,ethan.wilson1069@example.com,02/06/2024,67.89,USD,pending,6,DE
TX-0001070,C-01070,Zoe Garcia,zoe.garcia1070@example.com,03/11/2024,2409.94,USD,refunded,7,US
TX-0001071,C-01071,Mateo Nguyen,mateo.nguyen1071@example.com,04/04/2024,2165.26,USD,cancelled,8,CA
TX-0001072,C-01072,Ava Patel,ava.patel1072@example.com,05/09/2024,496.33,USD,completed,1,GB
TX-0001073,C-01073,Noah Kim,noah.kim1073@example.com,06/02/2024,2214.73,USD,pending,2,AU
TX-0001074,C-01074,Mia Martin,mia.martin1074@example.com,07/07/2024,1447.79,USD,refunded,3,DE
TX-0001075,C-01075,Liam Smith,liam.smith1075@example.com,08/12/2024,382.92,USD,cancelled,4,US
TX-0001076,C-01076,Sofia Brown,sofia.brown1076@example.com,09/05/2024,1599.06,USD,completed,5,CA
TX-0001077,C-01077,Ethan Wilson,ethan.wilson1077@example.com,10/10/2024,1050.97,USD,pending,6,GB
TX-0001078,C-01078,Zoe Garcia,zoe.garcia1078@example.com,11/03/2024,1067.78,USD,refunded,7,AU
TX-0001079,C-01079,Mateo Nguyen,mateo.nguyen1079@example.com,12/08/2024,2120.55,USD,cancelled,8,DE
TX-0001080,C-01080,Ava Patel,ava.patel1080@example.com,01/01/2024,690.39,USD,completed,1,US
TX-0001081,C-01081,Noah Kim,noah.kim1081@example.com,02/06/2024,1963.07,USD,pending,2,CA
TX-0001082,C-01082,Mia Martin,mia.martin1082@example.com,03/11/2024,609.09,USD,refunded,3,GB
TX-0001083,C-01083,Liam Smith,liam.smith1083@example.com,04/04/2024,333.61,USD,cancelled,4,AU
TX-0001084,C-01084,Sofia Brown,sofia.brown1084@example.com,05/09/2024,1777.11,USD,completed,5,DE
TX-0001085,C-01085,Ethan Wilson,ethan.wilson1085@example.com,06/02/2024,738.37,USD,pending,6,US
TX-0001086,C-01086,Zoe Garcia,zoe.garcia1086@example.com,07/07/2024,2134.59, USD ,refunded,7,CA
TX-0001087,C-01087,Mateo Nguyen,mateo.nguyen1087@example.com,08/12/2024,2201.42,USD,cancelled,8,GB
TX-0001088,C-01088,Ava Patel,ava.patel1088@example.com,09/05/2024,1260.12,USD,completed,1,AU
TX-0001089,C-01089,Noah Kim,noah.kim1089@example.com,10/10/2024,907.20,USD,pending,2,DE
TX-0001090,C-01090,Mia Martin,mia.martin1090@example.com,11/03/2024,546.80,USD,refunded,3,US
TX-0001091,C-01091,Liam Smith,liam.smith1091@example.com,12/08/2024,421.93,USD,cancelled,4,CA
TX-0001092,C-01092,Sofia Brown,sofia.brown1092@example.com,01/01/2024,762.94,USD,completed,5,GB
TX-0001093,C-01093,Ethan Wilson,ethan.wilson1093@example.com,02/06/2024,1353.29,USD,pending,6,AU
TX-0001094,C-01094,Zoe Garcia,zoe.garcia1094@example.com,03/11/2024,663.42,USD,refunded,7,DE
TX-0001095,C-01095,Mateo Nguyen,mateo.nguyen1095@example.com,04/04/2024,2152.93,USD,cancelled,8,US
TX-0001096,C-01096,Ava Patel,ava.patel1096@example.com,05/09/2024,1828.00,USD,completed,1,CA
TX-0001097,C-01097,Noah Kim,noah.kim1097@example.com,06/02/2024,1115.85,USD,pending,2,GB
TX-0001098,C-01098,Mia Martin,mia.martin1098@example.com,07/07/2024,659.84,USD,refunded,3,AU
TX-0001099,C-01099,Liam Smith,liam.smith1099@example.com,08/12/2024,2367.24,USD,COMPLETE,4,DE
TX-0001100,C-01100,Sofia Brown,sofia.brown1100@example.com,09/05/2024,18.50,USD,completed,5,US
TX-0001101,C-01101,Ethan Wilson,ethan.wilson1101@example.com,10/10/2024,1141.72,USD,pending,6,CA
TX-0001102,C-01102,Zoe Garcia,zoe.garcia1102@example.com,11/03/2024,1882.63,USD,refunded,7,GB
TX-0001103,C-01103,Mateo Nguyen,mateo.nguyen1103@example.com,12/08/2024,501.11,USD,cancelled,8,AU
TX-0001104,C-01104,Ava Patel,ava.patel1104@example.com,01/01/2024,1299.39,USD,completed,1,DE
TX-0001105,C-01105,Noah Kim,noah.kim1105@example.com,02/06/2024,2382.49,USD,pending,2,US
TX-0001106,C-01106,Mia Martin,mia.martin1106@example.com,03/11/2024,2106.29,USD,refunded,3,CA
TX-0001107,C-01107,Liam Smith,liam.smith1107@example.com,04/04/2024,2035.28,USD,cancelled,4,GB
TX-0001108,C-01108,Sofia Brown,sofia.brown1108@example.com,05/09/2024,1983.83,USD,completed,5,AU
TX-0001109,C-01109,Ethan Wilson,ethan.wilson1109@example.com,06/02/2024,656.60,USD,pending,6,DE
TX-0001110,C-01110,Zoe Garcia,zoe.garcia1110@example.com,07/07/2024,1453.58,USD,refunded,7,US
TX-0001111,C-01111,Mateo Nguyen,mateo.nguyen1111@example.com,08/12/2024,2389.12,USD,cancelled,8,CA
TX-0001112,C-01112,Ava Patel,ava.patel1112@example.com,09/05/2024,1918.16,USD,completed,1,GB
TX-0001113,C-01113,Noah Kim,noah.kim1113@example.com,10/10/2024,758.95,USD,pending,2,AU
TX-0001114,C-01114,Mia Martin,mia.martin1114@example.com,11/03/2024,1649.55,USD,refunded,3,DE
TX-0001115,C-01115,Liam Smith,liam.smith1115@example.com,12/08/2024,,USD,cancelled,4,US
TX-0001116,C-01116,Sofia Brown,sofia.brown1116@example.com,01/01/2024,1459.91,USD,completed,5,CA
TX-0001117,C-01117,Ethan Wilson,ethan.wilson1117@example.com,02/06/2024,1052.88,USD,pending,6,GB
TX-0001118,C-01118,Zoe Garcia,zoe.garcia1118@example.com,03/11/2024,1690.12,USD,refunded,7,AU
TX-0001119,C-01119,Mateo Nguyen,mateo.nguyen1119@example.com,04/04/2024,533.74,USD,cancelled,8,DE
TX-0001120,C-01120,Ava Patel,ava.patel1120@example.com,05/09/2024,2496.57,USD,completed,1,US
TX-0001121,C-01121,Noah Kim,noah.kim1121@example.com,06/02/2024,2001.58,USD,pending,2,CA
TX-0001122,C-01122,Mia Martin,mia.martin1122@example.com,07/07/2024,214.56,USD,refunded,3,GB
TX-0001123,C-01123,Liam Smith,liam.smith1123@example.com,08/12/2024,2206.99,USD,cancelled,4,AU
TX-0001124,C-01124,Sofia Brown,sofia.brown1124@example.com,09/05/2024,1605.54,USD,completed,5,DE
TX-0001125,C-01125,Ethan Wilson,ethan.wilson1125@example.com,10/10/2024,1690.05,USD,pending,6,US
TX-0001126,C-01126,Zoe Garcia,zoe.garcia1126@example.com,11/03/2024,2491.88,USD,refunded,7,CA
TX-0001127,C-01127,Mateo Nguyen,mateo.nguyen1127@example.com,12/08/2024,54.65,USD,cancelled,8,GB
TX-0001128,C-01128,Ava Patel,ava.patel1128@example.com,01/01/2024,2277.64,USD,completed,1,AU
TX-0001129,C-01129,Noah Kim,noah.kim1129@example.com,02/06/2024,1309.80,USD,pending,2,DE
TX-0001130,C-01130,  MIA MARTIN  ,mia.martin1130@example.com,03/11/2024,2449.35,USD,refunded,3,US
TX-0001131,C-01131,Liam Smith,liam.smith1131@example.com,04/04/2024,1663.77,USD,cancelled,4,CA
TX-0001132,C-01132,Sofia Brown,sofia.brown1132@example.com,05/09/2024,238.96,USD,completed,5,GB
TX-0001133,C-01133,Ethan Wilson,ethan.wilson1133@example.com,06/02/2024,1634.10,USD,pending,6,AU
TX-0001134,C-01134,Zoe Garcia,zoe.garcia1134@example.com,07/07/2024,681.48,USD,refunded,7,DE
TX-0001135,C-01135,Mateo Nguyen,mateo.nguyen1135@example.com,08/12/2024,1178.64,USD,cancelled,8,US
TX-0001136,C-01136,Ava Patel,ava.patel1136@example.com,09/05/2024,1143.36,USD,completed,1,CA
TX-0001137,C-01137,Noah Kim,noah.kim1137@example.com,10/10/2024,772.91,USD,pending,2,GB
TX-0001138,C-01138,Mia Martin,mia.martin1138@example.com,11/03/2024,1013.89,USD,refunded,3,AU
TX-0001139,C-01139,Liam Smith,liam.smith1139@example.com,12/08/2024,314.63,USD,cancelled,4,DE
TX-0001140,C-01140,Sofia Brown,sofia.brown1140@example.com,01/01/2024,971.52,USD,completed,5,US
TX-0001141,C-01141,Ethan Wilson,ethan.wilson1141@example.com,02/06/2024,1163.87,USD,pending,6,CA
TX-0001142,C-01142,Zoe Garcia,zoe.garcia1142@example.com,03/11/2024,465.14,USD,refunded,7,GB
TX-0001143,C-01143,mateo nguyen,mateo.nguyen1143@example.com,04/04/2024,1517.72,USD,cancelled,8,AU
TX-0001144,C-01144,Ava Patel,ava.patel1144@example.com,05/09/2024,2104.90,USD,completed,1,DE
TX-0001145,C-01145,Noah Kim,noah.kim1145@example.com,06/02/2024,1593.56,USD,pending,2,US
TX-0001146,C-01146,Mia Martin,mia.martin1146@example.com,07/07/2024,2195.90,USD,unknown,3,CA
TX-0001147,C-01147,Liam Smith,liam.smith1147@example.com,08/12/2024,1146.05,USD,cancelled,4,GB
TX-0001148,C-01148,Sofia Brown,sofia.brown1148@example.com,09/05/2024,1235.36,USD,completed,5,AU
TX-0001149,C-01149,Ethan Wilson,ethan.wilson1149@example.com,10/10/2024,933.02,USD,pending,6,DE
TX-0001150,C-01150,Zoe Garcia,zoe.garcia1150@example.com,11/03/2024,1128.42,USD,refunded,7,US
TX-0001151,C-01151,Mateo Nguyen,mateo.nguyen1151@example.com,12/08/2024,215.33,USD,cancelled,8,CA
TX-0001152,C-01152,Ava Patel,ava.patel1152@example.com,01/01/2024,2467.01,USD,completed,1,GB
TX-0001153,C-01153,Noah Kim,noah.kim1153@example.com,02/06/2024,722.88,USD,pending,2,AU
TX-0001154,C-01154,Mia Martin,mia.martin1154@example.com,03/11/2024,1747.66,USD,refunded,3,DE
TX-0001155,C-01155,Liam Smith,liam.smith1155@example.com,04/04/2024,1564.17,USD,cancelled,4,US
TX-0001156,C-01156,Sofia Brown,sofia.brown1156@example.com,05/09/2024,278.17,USD,completed,5,CA
TX-0001157,C-01157,Ethan Wilson,ethan.wilson.invalid,06/02/2024,1417.57,USD,pending,6,GB
TX-0001158,C-01158,Zoe Garcia,zoe.garcia1158@example.com,07/07/2024,57.17,USD,refunded,7,AU
TX-0001159,C-01159,Mateo Nguyen,mateo.nguyen1159@example.com,08/12/2024,1555.36,USD,cancelled,8,DE
TX-0001160,C-01160,Ava Patel,ava.patel1160@example.com,09/05/2024,29.90,USD,completed,1,US
TX-0001161,C-01161,Noah Kim,noah.kim1161@example.com,10/10/2024,1674.20,USD,pending,2,CA
TX-0001162,C-01162,Mia Martin,mia.martin1162@example.com,11/03/2024,75.51,USD,refunded,3,GB
TX-0001163,C-01163,Liam Smith,liam.smith1163@example.com,12/08/2024,825.48,USD,cancelled,4,AU
TX-0001164,C-01164,Sofia Brown,,01/01/2024,2074.42,USD,completed,5,DE
TX-0001165,C-01165,Ethan Wilson,ethan.wilson1165@example.com,02/06/2024,1813.46,USD,pending,6,US
TX-0001166,C-01166,Zoe Garcia,zoe.garcia1166@example.com,03/11/2024,563.46,USD,refunded,7,CA
TX-0001167,C-01167,Mateo Nguyen,mateo.nguyen1167@example.com,04/04/2024,1118.08,USD,cancelled,8,GB
TX-0001168,C-01168,Ava Patel,ava.patel1168@example.com,05/09/2024,1607.69,USD,completed,1,AU
TX-0001169,C-01169,Noah Kim,noah.kim1169@example.com,06/02/2024,1698.91,USD,pending,2,DE
TX-0001170,C-01170,Mia Martin,mia.martin1170@example.com,07/07/2024,1974.91,USD,refunded,3,US
TX-0001171,C-01171,Liam Smith,liam.smith1171@example.com,08/12/2024,2393.17,USD,cancelled,4,CA
TX-0001172,C-01172,Sofia Brown,sofia.brown1172@example.com,09/05/2024,14.77,USD,completed,5,GB
TX-0001173,C-01173,Ethan Wilson,ethan.wilson1173@example.com,10/10/2024,164.50,USD,pending,6,AU
TX-0001174,C-01174,Zoe Garcia,zoe.garcia1174@example.com,11/03/2024,1030.67,USD,refunded,7,DE
TX-0001175,C-01175,Mateo Nguyen,mateo.nguyen1175@example.com,12/08/2024,1085.18,USD,cancelled,8,US
TX-0001176,C-01176,Ava Patel,ava.patel1176@example.com,01/01/2024,76.58,USD,completed,1,CA
TX-0001177,C-01177,Noah Kim,noah.kim1177@example.com,02/06/2024,1117.39,USD,pending,2,GB
TX-0001178,C-01178,Mia Martin,mia.martin1178@example.com,03/11/2024,843.00,USD,refunded,3,AU
TX-0001179,C-01179,Liam Smith,liam.smith1179@example.com,04/04/2024,947.24,USD,cancelled,4,de
TX-0001180,C-01180,Sofia Brown,sofia.brown1180@example.com,05/09/2024,1722.64,USD,completed,5,US
TX-0001181,C-01181,Ethan Wilson,ethan.wilson1181@example.com,06/02/2024,1771.10,USD,pending,6,CA
TX-0001182,C-01182,Zoe Garcia,zoe.garcia1182@example.com,07/07/2024,850.54,USD,refunded,7,GB
TX-0001183,C-01183,Mateo Nguyen,mateo.nguyen1183@example.com,08/12/2024,1218.54,USD,cancelled,8,AU
TX-0001184,C-01184,Ava Patel,ava.patel1184@example.com,09/05/2024,851.92,USD,completed,1,DE
TX-0001185,C-01185,Noah Kim,noah.kim1185@example.com,10/10/2024,6.51,USD,pending,2,US
TX-0001186,C-01186,Mia Martin,mia.martin1186@example.com,11/03/2024,1735.09,USD,refunded,3,CA
TX-0001187,C-01187,Liam Smith,liam.smith1187@example.com,12/08/2024,1461.33,USD,cancelled,4,GB
TX-0001188,C-01188,Sofia Brown,sofia.brown1188@example.com,01/01/2024,407.17,USD,completed,5,AU
TX-0001189,C-01189,Ethan Wilson,ethan.wilson1189@example.com,02/06/2024,1472.47,USD,pending,6,DE
TX-0001190,C-01190,Zoe Garcia,zoe.garcia1190@example.com,03/11/2024,1849.05,USD,refunded,7,US
TX-0001191,C-01191,Mateo Nguyen,mateo.nguyen1191@example.com,04/04/2024,1437.43,USD,cancelled,8,CA
TX-0001192,C-01192,Ava Patel,ava.patel1192@example.com,05/09/2024,189.32,usd,completed,1,GB
TX-0001193,C-01193,Noah Kim,noah.kim1193@example.com,06/02/2024,1471.32,USD,pending,2,AU
TX-0001194,C-01194,Mia Martin,mia.martin1194@example.com,07/07/2024,1071.03,USD,refunded,3,DE
TX-0001195,C-01195,Liam Smith,liam.smith1195@example.com,08/12/2024,1268.14,USD,cancelled,4,US
TX-0001196,C-01196,Sofia Brown,sofia.brown1196@example.com,09/05/2024,1509.26,USD,completed,5,CA
TX-0001197,C-01197,Ethan Wilson,ethan.wilson1197@example.com,10/10/2024,2253.89,USD,pending,6,GB
TX-0001198,C-01198,Zoe Garcia,zoe.garcia1198@example.com,11/03/2024,1558.13,USD,refunded,7,AU
TX-0001199,C-01199,Mateo Nguyen,mateo.nguyen1199@example.com,12/08/2024,2009.99,USD,cancelled,8,DE
TX-0001200,C-01200,Ava Patel,ava.patel1200@example.com,01/01/2024,878.77,USD,completed,1,US
TX-0001201,C-01201,Noah Kim,noah.kim1201@example.com,02/06/2024,881.64,USD,pending,2,CA
TX-0001202,C-01202,Mia Martin,mia.martin1202@example.com,03/11/2024,2198.25,USD,refunded,3,GB
TX-0001203,C-01203,Liam Smith,liam.smith1203@example.com,04/04/2024,549.59,USD,cancelled,4,AU
TX-0001204,C-01204,Sofia Brown,sofia.brown1204@example.com,05/09/2024,1738.23,USD,completed,5,DE
TX-0001205,C-01205,Ethan Wilson,ethan.wilson1205@example.com,06/02/2024,204.86,USD,pending,6,US
TX-0001206,C-01206,Zoe Garcia,zoe.garcia1206@example.com,07/07/2024,1839.47,USD,refunded,7,CA
TX-0001207,C-01207,Mateo Nguyen,mateo.nguyen1207@example.com,08/12/2024,2174.74,USD,cancelled,8,GB
TX-0001208,C-01208,Ava Patel,ava.patel1208@example.com,09/05/2024,1779.32,USD,completed,1,AU
TX-0001209,C-01209,Noah Kim,noah.kim1209@example.com,10/10/2024,2492.07,USD,pending,2,DE
TX-0001210,C-01210,Mia Martin,mia.martin1210@example.com,11/03/2024,393.78,USD,refunded,3,US
TX-0001211,C-01211,Liam Smith,liam.smith1211@example.com,12/08/2024,1861.60,USD,cancelled,4,USA
TX-0001212,C-01212,Sofia Brown,sofia.brown1212@example.com,01/01/2024,983.62,USD,completed,5,GB
TX-0001213,C-01213,Ethan Wilson,ethan.wilson1213@example.com,02/06/2024,1624.15,USD,pending,6,AU
TX-0001214,C-01214,Zoe Garcia,zoe.garcia1214@example.com,03/11/2024,1194.06,USD,refunded,7,DE
TX-0001215,C-01215,Mateo Nguyen,mateo.nguyen1215@example.com,04/04/2024,2335.83,USD,cancelled,8,US
TX-0001216,C-01216,Ava Patel,ava.patel1216@example.com,05/09/2024,1530.50,USD,completed,1,CA
TX-0001217,C-01217,Noah Kim,noah.kim1217@example.com,06/02/2024,67.00,USD,pending,2,GB
TX-0001218,C-01218,Mia Martin,mia.martin1218@example.com,07/07/2024,1079.14,USD,refunded,3,AU
TX-0001219,C-01219,Liam Smith,liam.smith1219@example.com,08/12/2024,1166.82,USD,cancelled,4,DE
TX-0001220,C-01220,Sofia Brown,sofia.brown1220@example.com,09/05/2024,1885.16,USD,completed,5,US
TX-0001221,C-01221,Ethan Wilson,ethan.wilson1221@example.com,10/10/2024,1074.17,USD,pending,6,CA
TX-0001222,C-01222,Zoe Garcia,zoe.garcia1222@example.com,11/03/2024,54.96,USD,refunded,7,GB
TX-0001223,C-01223,Mateo Nguyen,mateo.nguyen1223@example.com,12/08/2024,1389.53,USD,cancelled,8,AU
TX-0001224,C-01224,Ava Patel,ava.patel1224@example.com,01/01/2024,1594.97,USD,completed,1,DE
TX-0001225,C-01225,Noah Kim,noah.kim1225@example.com,02/06/2024,1277.16,USD,pending,2,US
TX-0001226,C-01226,Mia Martin,mia.martin1226@example.com,03/11/2024,2476.62,USD,refunded,3,CA
TX-0001227,C-01227,Liam Smith,liam.smith1227@example.com,04/04/2024,404.64,USD,cancelled,4,GB
TX-0001228,C-01228,Sofia Brown,sofia.brown1228@example.com,05/09/2024,2179.58,USD,completed,5,AU
TX-0001229,C-01229,Ethan Wilson,ethan.wilson1229@example.com,06/02/2024,559.49,USD,pending,6,DE
TX-0001230,C-01230,Zoe Garcia,zoe.garcia1230@example.com,07/07/2024,2144.52,USD,refunded,7,US
TX-0001231,C-01231,Mateo Nguyen,mateo.nguyen1231@example.com,08/12/2024,2098.52,USD,cancelled,8,CA
TX-0001232,C-01232,Ava Patel,ava.patel1232@example.com,09/05/2024,348.16,USD,completed,1,GB
TX-0001233,C-01233,Noah Kim,noah.kim1233@example.com,10/10/2024,1188.93,USD,pending,2,AU
TX-0001234,C-01234,Mia Martin,mia.martin1234@example.com,11/03/2024,73.11,USD,refunded,3,DE
TX-0001235,C-01235,Liam Smith,liam.smith1235@example.com,12/08/2024,1061.43,USD,cancelled,4,US
TX-0001236,C-01236,Sofia Brown,sofia.brown1236@example.com,01/01/2024,2313.09,USD,completed,5,CA
TX-0001237,C-01237,Ethan Wilson,ethan.wilson1237@example.com,02/06/2024,683.56,USD,pending,6,GB
TX-0001238,C-01238,Zoe Garcia,zoe.garcia1238@example.com,03/11/2024,1987.78,USD,refunded,7,AU
TX-0001239,C-01239,Mateo Nguyen,mateo.nguyen1239@example.com,04/04/2024,2295.88,USD,cancelled,8,DE
TX-0001240,C-01240,Ava Patel,ava.patel1240@example.com,05/09/2024,2168.77,USD,completed,1,US
TX-0001241,C-01241,Noah Kim,noah.kim1241@example.com,06/02/2024,892.72,USD,pending,2,CA
TX-0001242,C-01242,Mia Martin,mia.martin1242@example.com,07/07/2024,1782.59,USD,refunded,3,GB
TX-0001243,C-01243,  LIAM SMITH  ,liam.smith1243@example.com,08/12/2024,61.69,USD,cancelled,4,AU
TX-0001244,C-01244,Sofia Brown,sofia.brown1244@example.com,09/05/2024,2389.42,USD,completed,5,DE
TX-0001245,C-01245,Ethan Wilson,ethan.wilson1245@example.com,10/10/2024,2329.24,USD,pending,6,US
TX-0001246,C-01246,Zoe Garcia,zoe.garcia.invalid,11/03/2024,1560.65,USD,refunded,7,CA
TX-0001247,C-01247,Mateo Nguyen,mateo.nguyen1247@example.com,12/08/2024,834.89,USD,cancelled,8,GB
TX-0001248,C-01248,Ava Patel,ava.patel1248@example.com,01/01/2024,239.10,USD,completed,1,AU
TX-0001249,C-01249,Noah Kim,noah.kim1249@example.com,02/06/2024,94.82,USD,pending,2,DE
TX-0001250,C-01250,Mia Martin,mia.martin1250@example.com,03/11/2024,915.89,USD,refunded,3,US
TX-0001251,C-01251,Liam Smith,liam.smith1251@example.com,04/04/2024,2100.37,USD,cancelled,4,CA
TX-0001252,C-01252,Sofia Brown,sofia.brown1252@example.com,05/09/2024,2211.80,USD,completed,5,GB
TX-0001253,C-01253,Ethan Wilson,ethan.wilson1253@example.com,06/02/2024,552.27,USD,pending,6,AU
TX-0001254,C-01254,Zoe Garcia,zoe.garcia1254@example.com,07/07/2024,1015.97,USD,refunded,7,DE
TX-0001255,C-01255,Mateo Nguyen,mateo.nguyen1255@example.com,08/12/2024,203.75,USD,cancelled,8,US
TX-0001256,C-01256,Ava Patel,ava.patel1256@example.com,09/05/2024,836.31,USD,COMPLETE,1,CA
TX-0001257,C-01257,Noah Kim,noah.kim1257@example.com,10/10/2024,776.95,USD,pending,2,GB
TX-0001258,C-01258,Mia Martin,mia.martin1258@example.com,11/03/2024,1085.30,USD,refunded,3,AU
TX-0001259,C-01259,Liam Smith,liam.smith1259@example.com,12/08/2024,1411.76,USD,cancelled,4,DE
TX-0001260,C-01260,Sofia Brown,sofia.brown1260@example.com,01/01/2024,2039.35,USD,completed,5,US
TX-0001261,C-01261,Ethan Wilson,,02/06/2024,2015.06,USD,pending,6,CA
TX-0001262,C-01262,Zoe Garcia,zoe.garcia1262@example.com,03/11/2024,202.96,USD,refunded,7,GB
TX-0001263,C-01263,Mateo Nguyen,mateo.nguyen1263@example.com,04/04/2024,1188.60,USD,cancelled,8,AU
TX-0001264,C-01264,Ava Patel,ava.patel1264@example.com,05/09/2024,2484.90,USD,completed,1,DE
TX-0001265,C-01265,Noah Kim,noah.kim1265@example.com,06/02/2024,110.22,USD,pending,2,US
TX-0001266,C-01266,Mia Martin,mia.martin1266@example.com,07/07/2024,-96.82,USD,refunded,3,CA
TX-0001267,C-01267,Liam Smith,liam.smith1267@example.com,08/12/2024,2398.13, USD ,cancelled,4,GB
TX-0001268,C-01268,Sofia Brown,sofia.brown1268@example.com,09/05/2024,2297.40,USD,completed,5,AU
TX-0001269,C-01269,Ethan Wilson,ethan.wilson1269@example.com,10/10/2024,404.98,USD,pending,6,DE
TX-0001270,C-01270,zoe garcia,zoe.garcia1270@example.com,11/03/2024,164.76,USD,refunded,7,US
TX-0001271,C-01271,Mateo Nguyen,mateo.nguyen1271@example.com,12/08/2024,1475.26,USD,cancelled,8,CA
TX-0001272,C-01272,Ava Patel,ava.patel1272@example.com,01/01/2024,1791.74,USD,completed,1,GB
TX-0001273,C-01273,Noah Kim,noah.kim1273@example.com,02/06/2024,1423.94,USD,pending,2,AU
TX-0001274,C-01274,Mia Martin,mia.martin1274@example.com,03/11/2024,2398.00,USD,refunded,3,DE
TX-0001275,C-01275,Liam Smith,liam.smith1275@example.com,04/04/2024,2038.22,USD,cancelled,4,US
TX-0001276,C-01276,Sofia Brown,sofia.brown1276@example.com,05/09/2024,2081.90,USD,completed,5,CA
TX-0001277,C-01277,Ethan Wilson,ethan.wilson1277@example.com,06/02/2024,1877.93,USD,pending,6,GB
TX-0001278,C-01278,Zoe Garcia,zoe.garcia1278@example.com,07/07/2024,984.56,USD,refunded,7,AU
TX-0001279,C-01279,Mateo Nguyen,mateo.nguyen1279@example.com,08/12/2024,647.65,USD,cancelled,8,DE
TX-0001280,C-01280,Ava Patel,ava.patel1280@example.com,09/05/2024,2172.54,USD,completed,1,US
TX-0001281,C-01281,Noah Kim,noah.kim1281@example.com,10/10/2024,209.28,USD,pending,2,CA
TX-0001282,C-01282,Mia Martin,mia.martin1282@example.com,11/03/2024,102.80,USD,refunded,3,GB
TX-0001283,C-01283,Liam Smith,liam.smith1283@example.com,12/08/2024,1789.68,USD,cancelled,4,AU
TX-0001284,C-01284,Sofia Brown,sofia.brown1284@example.com,01/01/2024,1247.69,USD,completed,5,DE
TX-0001285,C-01285,Ethan Wilson,ethan.wilson1285@example.com,02/06/2024,1250.67,USD,pending,6,US
TX-0001286,C-01286,Zoe Garcia,zoe.garcia1286@example.com,03/11/2024,37.47,USD,refunded,7,CA
TX-0001287,C-01287,Mateo Nguyen,mateo.nguyen1287@example.com,04/04/2024,2179.17,USD,cancelled,8,GB
TX-0001288,C-01288,Ava Patel,ava.patel1288@example.com,05/09/2024,1053.62,USD,completed,1,AU
TX-0001289,C-01289,Noah Kim,noah.kim1289@example.com,06/02/2024,2325.92,USD,pending,2,DE
TX-0001290,C-01290,Mia Martin,mia.martin1290@example.com,07/07/2024,1626.70,USD,refunded,3,US
TX-0001291,C-01291,Liam Smith,liam.smith1291@example.com,08/12/2024,176.75,USD,cancelled,4,CA
TX-0001292,C-01292,Sofia Brown,sofia.brown1292@example.com,09/05/2024,227.27,USD,completed,5,GB
TX-0001293,C-01293,Ethan Wilson,ethan.wilson1293@example.com,10/10/2024,236.89,USD,pending,6,AU
TX-0001294,C-01294,Zoe Garcia,zoe.garcia1294@example.com,11/03/2024,1348.24,USD,refunded,7,DE
TX-0001295,C-01295,Mateo Nguyen,mateo.nguyen1295@example.com,12/08/2024,2235.33,USD,cancelled,8,US
TX-0001296,C-01296,Ava Patel,ava.patel1296@example.com,01/01/2024,1066.94,USD,completed,1,CA
TX-0001297,C-01297,Noah Kim,noah.kim1297@example.com,02/06/2024,1483.61,USD,pending,2,GB
TX-0001298,C-01298,Mia Martin,mia.martin1298@example.com,03/11/2024,2063.44,USD,refunded,3,AU
TX-0001299,C-01299,Liam Smith,liam.smith1299@example.com,04/04/2024,2070.41,USD,cancelled,4,DE
TX-0001300,C-01300,Sofia Brown,sofia.brown1300@example.com,05/09/2024,1757.08,USD,completed,5,US
TX-0001301,C-01301,Ethan Wilson,ethan.wilson1301@example.com,06/02/2024,218.72,USD,pending,6,CA
TX-0001302,C-01302,Zoe Garcia,zoe.garcia1302@example.com,07/07/2024,930.70,USD,refunded,7,GB
TX-0001303,C-01303,Mateo Nguyen,mateo.nguyen1303@example.com,08/12/2024,1725.21,USD,cancelled,8,AU
TX-0001304,C-01304,Ava Patel,ava.patel1304@example.com,09/05/2024,1003.80,USD,completed,1,DE
TX-0001305,C-01305,Noah Kim,noah.kim1305@example.com,10/10/2024,1685.37,USD,pending,2,US
TX-0001306,C-01306,Mia Martin,mia.martin1306@example.com,11/03/2024,399.29,USD,refunded,3,CA
TX-0001307,C-01307,Liam Smith,liam.smith1307@example.com,12/08/2024,331.41,USD,cancelled,4,GB
TX-0001308,C-01308,Sofia Brown,sofia.brown1308@example.com,01/01/2024,1352.02,USD,completed,5,AU
TX-0001309,C-01309,Ethan Wilson,ethan.wilson1309@example.com,02/06/2024,2358.78,USD,pending,6,DE
TX-0001310,C-01310,Zoe Garcia,zoe.garcia1310@example.com,03/11/2024,1032.15,USD,refunded,7,us
TX-0001311,C-01311,Mateo Nguyen,mateo.nguyen1311@example.com,04/04/2024,1000.94,USD,cancelled,8,CA
TX-0001312,C-01312,Ava Patel,ava.patel1312@example.com,05/09/2024,691.98,USD,completed,1,GB
TX-0001313,C-01313,Noah Kim,noah.kim1313@example.com,06/02/2024,98.03,USD,pending,2,AU
TX-0001314,C-01314,Mia Martin,mia.martin1314@example.com,07/07/2024,408.32,USD,refunded,3,DE
TX-0001315,C-01315,Liam Smith,liam.smith1315@example.com,08/12/2024,918.58,USD,cancelled,4,US
TX-0001316,C-01316,Sofia Brown,sofia.brown1316@example.com,09/05/2024,1183.12,USD,completed,5,CA
TX-0001317,C-01317,Ethan Wilson,ethan.wilson1317@example.com,10/10/2024,263.25,USD,pending,6,GB
TX-0001318,C-01318,Zoe Garcia,zoe.garcia1318@example.com,11/03/2024,119.33,USD,refunded,7,AU
TX-0001319,C-01319,Mateo Nguyen,mateo.nguyen1319@example.com,12/08/2024,1680.23,USD,cancelled,8,DE
TX-0001320,C-01320,Ava Patel,ava.patel1320@example.com,01/01/2024,217.20,USD,completed,1,US
TX-0001321,C-01321,Noah Kim,noah.kim1321@example.com,02/06/2024,1225.41,USD,pending,2,CA
TX-0001322,C-01322,Mia Martin,mia.martin1322@example.com,03/11/2024,2100.37,USD,refunded,3,GB
TX-0001323,C-01323,Liam Smith,liam.smith1323@example.com,04/04/2024,776.22,USD,cancelled,4,AU
TX-0001324,C-01324,Sofia Brown,sofia.brown1324@example.com,05/09/2024,1912.88,USD,completed,5,DE
TX-0001325,C-01325,Ethan Wilson,ethan.wilson1325@example.com,06/02/2024,986.35,USD,pending,6,US
TX-0001326,C-01326,Zoe Garcia,zoe.garcia1326@example.com,07/07/2024,1104.67,USD,refunded,7,CA
TX-0001327,C-01327,Mateo Nguyen,mateo.nguyen1327@example.com,08/12/2024,2208.39,USD,cancelled,8,GB
TX-0001328,C-01328,Ava Patel,ava.patel1328@example.com,09/05/2024,861.98,USD,completed,1,AU
TX-0001329,C-01329,Noah Kim,noah.kim1329@example.com,10/10/2024,669.24,USD,pending,2,DE
TX-0001330,C-01330,Mia Martin,mia.martin1330@example.com,11/03/2024,6.68,USD,refunded,3,US
TX-0001331,C-01331,Liam Smith,liam.smith1331@example.com,12/08/2024,637.89,USD,cancelled,4,CA
TX-0001332,C-01332,Sofia Brown,sofia.brown1332@example.com,01/01/2024,1874.80,USD,completed,5,GB
TX-0001333,C-01333,Ethan Wilson,ethan.wilson1333@example.com,02/06/2024,1494.55,USD,pending,6,AU
TX-0001334,C-01334,Zoe Garcia,zoe.garcia1334@example.com,03/11/2024,2419.34,USD,refunded,7,DE
TX-0001335,C-01335,Mateo Nguyen,mateo.nguyen.invalid,04/04/2024,442.46,USD,cancelled,8,US
TX-0001336,C-01336,Ava Patel,ava.patel1336@example.com,05/09/2024,2335.87,USD,completed,1,CA
TX-0001337,C-01337,Noah Kim,noah.kim1337@example.com,06/02/2024,25.11,USD,unknown,2,GB
TX-0001338,C-01338,Mia Martin,mia.martin1338@example.com,07/07/2024,,USD,refunded,3,AU
TX-0001339,C-01339,Liam Smith,liam.smith1339@example.com,08/12/2024,1037.93,USD,cancelled,4,DE
TX-0001340,C-01340,Sofia Brown,sofia.brown1340@example.com,09/05/2024,468.29,USD,completed,5,US
TX-0001341,C-01341,Ethan Wilson,ethan.wilson1341@example.com,10/10/2024,1089.26,usd,pending,6,CA
TX-0001342,C-01342,Zoe Garcia,zoe.garcia1342@example.com,11/03/2024,1035.41,USD,refunded,7,GB
TX-0001343,C-01343,Mateo Nguyen,mateo.nguyen1343@example.com,12/08/2024,424.53,USD,cancelled,8,AU
TX-0001344,C-01344,Ava Patel,ava.patel1344@example.com,01/01/2024,1222.35,USD,completed,1,DE
TX-0001345,C-01345,Noah Kim,noah.kim1345@example.com,02/06/2024,1290.02,USD,pending,2,US
TX-0001346,C-01346,Mia Martin,mia.martin1346@example.com,03/11/2024,628.76,USD,refunded,3,CA
TX-0001347,C-01347,Liam Smith,liam.smith1347@example.com,04/04/2024,40.36,USD,cancelled,4,GB
TX-0001348,C-01348,Sofia Brown,sofia.brown1348@example.com,05/09/2024,142.88,USD,completed,5,AU
TX-0001349,C-01349,Ethan Wilson,ethan.wilson1349@example.com,06/02/2024,1827.95,USD,pending,6,DE
TX-0001350,C-01350,Zoe Garcia,zoe.garcia1350@example.com,07/07/2024,2103.73,USD,refunded,7,US
TX-0001351,C-01351,Mateo Nguyen,mateo.nguyen1351@example.com,08/12/2024,395.74,USD,cancelled,8,CA
TX-0001352,C-01352,Ava Patel,ava.patel1352@example.com,09/05/2024,63.93,USD,completed,1,GB
TX-0001353,C-01353,Noah Kim,noah.kim1353@example.com,10/10/2024,2331.62,USD,pending,2,AU
TX-0001354,C-01354,Mia Martin,mia.martin1354@example.com,11/03/2024,272.68,USD,refunded,3,DE
TX-0001355,C-01355,Liam Smith,liam.smith1355@example.com,12/08/2024,1937.65,USD,cancelled,4,US
TX-0001356,C-01356,  SOFIA BROWN  ,sofia.brown1356@example.com,01/01/2024,1068.89,USD,completed,5,CA
TX-0001357,C-01357,Ethan Wilson,ethan.wilson1357@example.com,02/06/2024,2464.11,USD,pending,6,GB
TX-0001358,C-01358,Zoe Garcia,,03/11/2024,1345.66,USD,refunded,7,AU
TX-0001359,C-01359,Mateo Nguyen,mateo.nguyen1359@example.com,04/04/2024,450.31,USD,cancelled,8,DE
TX-0001360,C-01360,Ava Patel,ava.patel1360@example.com,05/09/2024,1149.14,USD,completed,1,US
TX-0001361,C-01361,Noah Kim,noah.kim1361@example.com,06/02/2024,13.93,USD,pending,2,CA
TX-0001362,C-01362,Mia Martin,mia.martin1362@example.com,07/07/2024,1983.63,USD,refunded,3,GB
TX-0001363,C-01363,Liam Smith,liam.smith1363@example.com,08/12/2024,2372.32,USD,cancelled,4,AU
TX-0001364,C-01364,Sofia Brown,sofia.brown1364@example.com,09/05/2024,1829.86,USD,completed,5,DE
TX-0001365,C-01365,Ethan Wilson,ethan.wilson1365@example.com,10/10/2024,507.29,USD,pending,6,US
TX-0001366,C-01366,Zoe Garcia,zoe.garcia1366@example.com,11/03/2024,2365.63,USD,refunded,7,CA
TX-0001367,C-01367,Mateo Nguyen,mateo.nguyen1367@example.com,12/08/2024,726.62,USD,cancelled,8,GB
TX-0001368,C-01368,Ava Patel,ava.patel1368@example.com,01/01/2024,1202.88,USD,completed,1,AU
TX-0001369,C-01369,Noah Kim,noah.kim1369@example.com,02/06/2024,1567.00,USD,pending,2,DE
TX-0001370,C-01370,Mia Martin,mia.martin1370@example.com,03/11/2024,1578.89,USD,refunded,3,US
TX-0001371,C-01371,Liam Smith,liam.smith1371@example.com,04/04/2024,737.10,USD,cancelled,4,CA
TX-0001372,C-01372,Sofia Brown,sofia.brown1372@example.com,05/09/2024,1227.96,USD,completed,5,GB
TX-0001373,C-01373,Ethan Wilson,ethan.wilson1373@example.com,06/02/2024,596.77,USD,pending,6,AU
TX-0001374,C-01374,Zoe Garcia,zoe.garcia1374@example.com,07/07/2024,1469.45,USD,refunded,7,DE
TX-0001375,C-01375,Mateo Nguyen,mateo.nguyen1375@example.com,08/12/2024,1497.86,USD,cancelled,8,US
TX-0001376,C-01376,Ava Patel,ava.patel1376@example.com,09/05/2024,1423.77,USD,completed,1,CA
TX-0001377,C-01377,Noah Kim,noah.kim1377@example.com,10/10/2024,1739.33,USD,pending,2,GB
TX-0001378,C-01378,Mia Martin,mia.martin1378@example.com,11/03/2024,1210.25,USD,refunded,3,AU
TX-0001379,C-01379,Liam Smith,liam.smith1379@example.com,12/08/2024,999.63,USD,cancelled,4,DE
TX-0001380,C-01380,Sofia Brown,sofia.brown1380@example.com,01/01/2024,1668.20,USD,completed,5,US
TX-0001381,C-01381,Ethan Wilson,ethan.wilson1381@example.com,02/06/2024,462.78,USD,pending,6,CA
TX-0001382,C-01382,Zoe Garcia,zoe.garcia1382@example.com,03/11/2024,1351.74,USD,refunded,7,GB
TX-0001383,C-01383,Mateo Nguyen,mateo.nguyen1383@example.com,04/04/2024,281.10,USD,cancelled,8,AU
TX-0001384,C-01384,Ava Patel,ava.patel1384@example.com,05/09/2024,245.78,USD,completed,1,USA
TX-0001385,C-01385,Noah Kim,noah.kim1385@example.com,06/02/2024,2077.21,USD,pending,2,US
TX-0001386,C-01386,Mia Martin,mia.martin1386@example.com,07/07/2024,2299.18,USD,refunded,3,CA
TX-0001387,C-01387,Liam Smith,liam.smith1387@example.com,08/12/2024,2019.55,USD,cancelled,4,GB
TX-0001388,C-01388,Sofia Brown,sofia.brown1388@example.com,09/05/2024,714.25,USD,completed,5,AU
TX-0001389,C-01389,Ethan Wilson,ethan.wilson1389@example.com,10/10/2024,837.75,USD,pending,6,DE
TX-0001390,C-01390,Zoe Garcia,zoe.garcia1390@example.com,11/03/2024,1533.14,USD,refunded,7,US
TX-0001391,C-01391,Mateo Nguyen,mateo.nguyen1391@example.com,12/08/2024,2171.86,USD,cancelled,8,CA
TX-0001392,C-01392,Ava Patel,ava.patel1392@example.com,01/01/2024,1689.00,USD,completed,1,GB
TX-0001393,C-01393,Noah Kim,noah.kim1393@example.com,02/06/2024,21.04,USD,pending,2,AU
TX-0001394,C-01394,Mia Martin,mia.martin1394@example.com,03/11/2024,152.61,USD,refunded,3,DE
TX-0001395,C-01395,Liam Smith,liam.smith1395@example.com,04/04/2024,924.18,USD,cancelled,4,US
TX-0001396,C-01396,Sofia Brown,sofia.brown1396@example.com,05/09/2024,586.99,USD,completed,5,CA
TX-0001397,C-01397,ethan wilson,ethan.wilson1397@example.com,06/02/2024,1132.09,USD,pending,6,GB
TX-0001398,C-01398,Zoe Garcia,zoe.garcia1398@example.com,07/07/2024,1464.40,USD,refunded,7,AU
TX-0001399,C-01399,Mateo Nguyen,mateo.nguyen1399@example.com,08/12/2024,2354.94,USD,cancelled,8,DE
TX-0001400,C-01400,Ava Patel,ava.patel1400@example.com,09/05/2024,109.36,USD,completed,1,US
TX-0001401,C-01401,Noah Kim,noah.kim1401@example.com,10/10/2024,1004.37,USD,pending,2,CA
TX-0001402,C-01402,Mia Martin,mia.martin1402@example.com,11/03/2024,968.82,USD,refunded,3,GB
TX-0001403,C-01403,Liam Smith,liam.smith1403@example.com,12/08/2024,1106.82,USD,cancelled,4,AU
TX-0001404,C-01404,Sofia Brown,sofia.brown1404@example.com,01/01/2024,1652.76,USD,completed,5,DE
TX-0001405,C-01405,Ethan Wilson,ethan.wilson1405@example.com,02/06/2024,985.42,USD,pending,6,US
TX-0001406,C-01406,Zoe Garcia,zoe.garcia1406@example.com,03/11/2024,1938.41,USD,refunded,7,CA
TX-0001407,C-01407,Mateo Nguyen,mateo.nguyen1407@example.com,04/04/2024,2030.70,USD,cancelled,8,GB
TX-0001408,C-01408,Ava Patel,ava.patel1408@example.com,05/09/2024,1398.65,USD,completed,1,AU
TX-0001409,C-01409,Noah Kim,noah.kim1409@example.com,06/02/2024,2259.48,USD,pending,2,DE
TX-0001410,C-01410,Mia Martin,mia.martin1410@example.com,07/07/2024,2377.76,USD,refunded,3,US
TX-0001411,C-01411,Liam Smith,liam.smith1411@example.com,08/12/2024,296.70,USD,cancelled,4,CA
TX-0001412,C-01412,Sofia Brown,sofia.brown1412@example.com,09/05/2024,2069.95,USD,completed,5,GB
TX-0001413,C-01413,Ethan Wilson,ethan.wilson1413@example.com,10/10/2024,1511.42,USD,COMPLETE,6,AU
TX-0001414,C-01414,Zoe Garcia,zoe.garcia1414@example.com,11/03/2024,421.74,USD,refunded,7,DE
TX-0001415,C-01415,Mateo Nguyen,mateo.nguyen1415@example.com,12/08/2024,730.67,USD,cancelled,8,US
TX-0001416,C-01416,Ava Patel,ava.patel1416@example.com,01/01/2024,908.01,USD,completed,1,CA
TX-0001417,C-01417,Noah Kim,noah.kim1417@example.com,02/06/2024,239.70,USD,pending,2,GB
TX-0001418,C-01418,Mia Martin,mia.martin1418@example.com,03/11/2024,116.19,USD,refunded,3,AU
TX-0001419,C-01419,Liam Smith,liam.smith1419@example.com,04/04/2024,535.71,USD,cancelled,4,DE
TX-0001420,C-01420,Sofia Brown,sofia.brown1420@example.com,05/09/2024,27.88,USD,completed,5,US
TX-0001421,C-01421,Ethan Wilson,ethan.wilson1421@example.com,06/02/2024,1958.10,USD,pending,6,CA
TX-0001422,C-01422,Zoe Garcia,zoe.garcia1422@example.com,07/07/2024,1440.83,USD,refunded,7,GB
TX-0001423,C-01423,Mateo Nguyen,mateo.nguyen1423@example.com,08/12/2024,349.69,USD,cancelled,8,AU
TX-0001424,C-01424,Ava Patel,ava.patel.invalid,09/05/2024,515.61,USD,completed,1,DE
TX-0001425,C-01425,Noah Kim,noah.kim1425@example.com,10/10/2024,487.42,USD,pending,2,US
TX-0001426,C-01426,Mia Martin,mia.martin1426@example.com,11/03/2024,343.61,USD,refunded,3,CA
TX-0001427,C-01427,Liam Smith,liam.smith1427@example.com,12/08/2024,1924.73,USD,cancelled,4,GB
TX-0001428,C-01428,Sofia Brown,sofia.brown1428@example.com,01/01/2024,2450.87,USD,completed,5,AU
TX-0001429,C-01429,Ethan Wilson,ethan.wilson1429@example.com,02/06/2024,2281.31,USD,pending,6,DE
TX-0001430,C-01430,Zoe Garcia,zoe.garcia1430@example.com,03/11/2024,1121.20,USD,refunded,7,US
TX-0001431,C-01431,Mateo Nguyen,mateo.nguyen1431@example.com,04/04/2024,1173.89,USD,cancelled,8,CA
TX-0001432,C-01432,Ava Patel,ava.patel1432@example.com,05/09/2024,2011.98,USD,completed,1,GB
TX-0001433,C-01433,Noah Kim,noah.kim1433@example.com,06/02/2024,2176.62,USD,pending,2,AU
TX-0001434,C-01434,Mia Martin,mia.martin1434@example.com,07/07/2024,1990.75,USD,refunded,3,DE
TX-0001435,C-01435,Liam Smith,liam.smith1435@example.com,08/12/2024,866.72,USD,cancelled,4,US
TX-0001436,C-01436,Sofia Brown,sofia.brown1436@example.com,09/05/2024,1317.83,USD,completed,5,CA
TX-0001437,C-01437,Ethan Wilson,ethan.wilson1437@example.com,10/10/2024,732.11,USD,pending,6,GB
TX-0001438,C-01438,Zoe Garcia,zoe.garcia1438@example.com,11/03/2024,926.14,USD,refunded,7,AU
TX-0001439,C-01439,Mateo Nguyen,mateo.nguyen1439@example.com,12/08/2024,1386.42,USD,cancelled,8,DE
TX-0001440,C-01440,Ava Patel,ava.patel1440@example.com,01/01/2024,324.35,USD,completed,1,US
TX-0001441,C-01441,Noah Kim,noah.kim1441@example.com,02/06/2024,2097.48,USD,pending,2,ca
TX-0001442,C-01442,Mia Martin,mia.martin1442@example.com,03/11/2024,242.36,USD,refunded,3,GB
TX-0001443,C-01443,Liam Smith,liam.smith1443@example.com,04/04/2024,341.38,USD,cancelled,4,AU
TX-0001444,C-01444,Sofia Brown,sofia.brown1444@example.com,05/09/2024,1630.04,USD,completed,5,DE
TX-0001445,C-01445,Ethan Wilson,ethan.wilson1445@example.com,06/02/2024,776.54,USD,pending,6,US
TX-0001446,C-01446,Zoe Garcia,zoe.garcia1446@example.com,07/07/2024,2332.39,USD,refunded,7,CA
TX-0001447,C-01447,Mateo Nguyen,mateo.nguyen1447@example.com,08/12/2024,1680.53,USD,cancelled,8,GB
TX-0001448,C-01448,Ava Patel,ava.patel1448@example.com,09/05/2024,113.15, USD ,completed,1,AU
TX-0001449,C-01449,Noah Kim,noah.kim1449@example.com,10/10/2024,9.56,USD,pending,2,DE
TX-0001450,C-01450,Mia Martin,mia.martin1450@example.com,11/03/2024,924.20,USD,refunded,3,US
TX-0001451,C-01451,Liam Smith,liam.smith1451@example.com,12/08/2024,897.21,USD,cancelled,4,CA
TX-0001452,C-01452,Sofia Brown,sofia.brown1452@example.com,01/01/2024,654.12,USD,completed,5,GB
TX-0001453,C-01453,Ethan Wilson,ethan.wilson1453@example.com,02/06/2024,237.10,USD,pending,6,AU
TX-0001454,C-01454,Zoe Garcia,zoe.garcia1454@example.com,03/11/2024,1412.53,USD,refunded,7,DE
TX-0001455,C-01455,Mateo Nguyen,,04/04/2024,1190.30,USD,cancelled,8,US
TX-0001456,C-01456,Ava Patel,ava.patel1456@example.com,05/09/2024,2075.17,USD,completed,1,CA
TX-0001457,C-01457,Noah Kim,noah.kim1457@example.com,06/02/2024,2200.96,USD,pending,2,GB
TX-0001458,C-01458,Mia Martin,mia.martin1458@example.com,07/07/2024,1767.06,USD,refunded,3,AU
TX-0001459,C-01459,Liam Smith,liam.smith1459@example.com,08/12/2024,1276.43,USD,cancelled,4,DE
TX-0001460,C-01460,Sofia Brown,sofia.brown1460@example.com,09/05/2024,1413.00,USD,completed,5,US
TX-0001461,C-01461,Ethan Wilson,ethan.wilson1461@example.com,10/10/2024,1446.05,USD,pending,6,CA
TX-0001462,C-01462,Zoe Garcia,zoe.garcia1462@example.com,11/03/2024,1780.26,USD,refunded,7,GB
TX-0001463,C-01463,Mateo Nguyen,mateo.nguyen1463@example.com,12/08/2024,877.05,USD,cancelled,8,AU
TX-0001464,C-01464,Ava Patel,ava.patel1464@example.com,01/01/2024,1050.51,USD,completed,1,DE
TX-0001465,C-01465,Noah Kim,noah.kim1465@example.com,02/06/2024,2126.60,USD,pending,2,US
TX-0001466,C-01466,Mia Martin,mia.martin1466@example.com,03/11/2024,581.51,USD,refunded,3,CA
TX-0001467,C-01467,Liam Smith,liam.smith1467@example.com,04/04/2024,960.82,USD,cancelled,4,GB
TX-0001468,C-01468,Sofia Brown,sofia.brown1468@example.com,05/09/2024,1407.51,USD,completed,5,AU
TX-0001469,C-01469,  ETHAN WILSON  ,ethan.wilson1469@example.com,06/02/2024,375.98,USD,pending,6,DE
TX-0001470,C-01470,Zoe Garcia,zoe.garcia1470@example.com,07/07/2024,1168.52,USD,refunded,7,US
TX-0001471,C-01471,Mateo Nguyen,mateo.nguyen1471@example.com,08/12/2024,578.85,USD,cancelled,8,CA
TX-0001472,C-01472,Ava Patel,ava.patel1472@example.com,09/05/2024,2364.54,USD,completed,1,GB
TX-0001473,C-01473,Noah Kim,noah.kim1473@example.com,10/10/2024,1953.97,USD,pending,2,AU
TX-0001474,C-01474,Mia Martin,mia.martin1474@example.com,11/03/2024,1932.85,USD,refunded,3,DE
TX-0001475,C-01475,Liam Smith,liam.smith1475@example.com,12/08/2024,1373.28,USD,cancelled,4,US
TX-0001476,C-01476,Sofia Brown,sofia.brown1476@example.com,01/01/2024,1684.48,USD,completed,5,CA
TX-0001477,C-01477,Ethan Wilson,ethan.wilson1477@example.com,02/06/2024,-57.76,USD,pending,6,GB
TX-0001478,C-01478,Zoe Garcia,zoe.garcia1478@example.com,03/11/2024,812.81,USD,refunded,7,AU
TX-0001479,C-01479,Mateo Nguyen,mateo.nguyen1479@example.com,04/04/2024,506.44,USD,cancelled,8,DE
TX-0001480,C-01480,Ava Patel,ava.patel1480@example.com,05/09/2024,1154.33,USD,completed,1,US
TX-0001481,C-01481,Noah Kim,noah.kim1481@example.com,06/02/2024,1308.30,USD,pending,2,CA
TX-0001482,C-01482,Mia Martin,mia.martin1482@example.com,07/07/2024,644.82,USD,refunded,3,GB
TX-0001483,C-01483,Liam Smith,liam.smith1483@example.com,08/12/2024,455.47,USD,cancelled,4,AU
TX-0001484,C-01484,Sofia Brown,sofia.brown1484@example.com,09/05/2024,1836.48,USD,completed,5,DE
TX-0001485,C-01485,Ethan Wilson,ethan.wilson1485@example.com,10/10/2024,1132.19,USD,pending,6,US
TX-0001486,C-01486,Zoe Garcia,zoe.garcia1486@example.com,11/03/2024,1961.57,USD,refunded,7,CA
TX-0001487,C-01487,Mateo Nguyen,mateo.nguyen1487@example.com,12/08/2024,2301.11,USD,cancelled,8,GB
TX-0001488,C-01488,Ava Patel,ava.patel1488@example.com,01/01/2024,310.35,USD,completed,1,AU
TX-0001489,C-01489,Noah Kim,noah.kim1489@example.com,02/06/2024,1578.96,USD,pending,2,DE
TX-0001490,C-01490,Mia Martin,mia.martin1490@example.com,03/11/2024,711.12,usd,refunded,3,US
TX-0001491,C-01491,Liam Smith,liam.smith1491@example.com,04/04/2024,498.52,USD,cancelled,4,CA
TX-0001492,C-01492,Sofia Brown,sofia.brown1492@example.com,05/09/2024,1690.34,USD,completed,5,GB
TX-0001493,C-01493,Ethan Wilson,ethan.wilson1493@example.com,06/02/2024,1713.35,USD,pending,6,AU
TX-0001494,C-01494,Zoe Garcia,zoe.garcia1494@example.com,07/07/2024,1355.28,USD,refunded,7,DE
TX-0001495,C-01495,Mateo Nguyen,mateo.nguyen1495@example.com,08/12/2024,1983.87,USD,cancelled,8,US
TX-0001496,C-01496,Ava Patel,ava.patel1496@example.com,09/05/2024,1422.23,USD,completed,1,CA
TX-0001497,C-01497,Noah Kim,noah.kim1497@example.com,10/10/2024,632.77,USD,pending,2,GB
TX-0001498,C-01498,Mia Martin,mia.martin1498@example.com,11/03/2024,1572.49,USD,refunded,3,AU
TX-0001499,C-01499,Liam Smith,liam.smith1499@example.com,12/08/2024,1737.61,USD,cancelled,4,DE
TX-0001500,C-01500,Sofia Brown,sofia.brown1500@example.com,01/01/2024,108.80,USD,completed,5,US
TX-0001501,C-01501,Ethan Wilson,ethan.wilson1501@example.com,02/06/2024,867.74,USD,pending,6,CA
TX-0001502,C-01502,Zoe Garcia,zoe.garcia1502@example.com,03/11/2024,906.56,USD,refunded,7,GB
TX-0001503,C-01503,Mateo Nguyen,mateo.nguyen1503@example.com,04/04/2024,413.22,USD,cancelled,8,AU
TX-0001504,C-01504,Ava Patel,ava.patel1504@example.com,05/09/2024,2060.43,USD,completed,1,DE
TX-0001505,C-01505,Noah Kim,noah.kim1505@example.com,06/02/2024,616.27,USD,pending,2,US
TX-0001506,C-01506,Mia Martin,mia.martin1506@example.com,07/07/2024,586.83,USD,refunded,3,CA
TX-0001507,C-01507,Liam Smith,liam.smith1507@example.com,08/12/2024,2315.90,USD,cancelled,4,GB
TX-0001508,C-01508,Sofia Brown,sofia.brown1508@example.com,09/05/2024,1932.60,USD,completed,5,AU
TX-0001509,C-01509,Ethan Wilson,ethan.wilson1509@example.com,10/10/2024,869.81,USD,pending,6,DE
TX-0001510,C-01510,Zoe Garcia,zoe.garcia1510@example.com,11/03/2024,487.05,USD,refunded,7,US
TX-0001511,C-01511,Mateo Nguyen,mateo.nguyen1511@example.com,12/08/2024,2333.14,USD,cancelled,8,CA
TX-0001512,C-01512,Ava Patel,ava.patel1512@example.com,01/01/2024,189.71,USD,completed,1,GB
TX-0001513,C-01513,Noah Kim,noah.kim.invalid,02/06/2024,694.95,USD,pending,2,AU
TX-0001514,C-01514,Mia Martin,mia.martin1514@example.com,03/11/2024,1000.06,USD,refunded,3,DE
TX-0001515,C-01515,Liam Smith,liam.smith1515@example.com,04/04/2024,224.64,USD,cancelled,4,US
TX-0001516,C-01516,Sofia Brown,sofia.brown1516@example.com,05/09/2024,253.28,USD,completed,5,CA
TX-0001517,C-01517,Ethan Wilson,ethan.wilson1517@example.com,06/02/2024,24.29,USD,pending,6,GB
TX-0001518,C-01518,Zoe Garcia,zoe.garcia1518@example.com,07/07/2024,84.00,USD,refunded,7,AU
TX-0001519,C-01519,Mateo Nguyen,mateo.nguyen1519@example.com,08/12/2024,2347.72,USD,cancelled,8,DE
TX-0001520,C-01520,Ava Patel,ava.patel1520@example.com,09/05/2024,1106.40,USD,completed,1,US
TX-0001521,C-01521,Noah Kim,noah.kim1521@example.com,10/10/2024,1144.54,USD,pending,2,CA
TX-0001522,C-01522,Mia Martin,mia.martin1522@example.com,11/03/2024,923.20,USD,refunded,3,GB
TX-0001523,C-01523,Liam Smith,liam.smith1523@example.com,12/08/2024,1980.57,USD,cancelled,4,AU
TX-0001524,C-01524,sofia brown,sofia.brown1524@example.com,01/01/2024,1887.62,USD,completed,5,DE
TX-0001525,C-01525,Ethan Wilson,ethan.wilson1525@example.com,02/06/2024,986.51,USD,pending,6,US
TX-0001526,C-01526,Zoe Garcia,zoe.garcia1526@example.com,03/11/2024,779.22,USD,refunded,7,CA
TX-0001527,C-01527,Mateo Nguyen,mateo.nguyen1527@example.com,04/04/2024,1901.45,USD,cancelled,8,GB
TX-0001528,C-01528,Ava Patel,ava.patel1528@example.com,05/09/2024,231.95,USD,unknown,1,AU
TX-0001529,C-01529,Noah Kim,noah.kim1529@example.com,06/02/2024,1270.06,USD,pending,2,DE
TX-0001530,C-01530,Mia Martin,mia.martin1530@example.com,07/07/2024,1954.17,USD,refunded,3,US
TX-0001531,C-01531,Liam Smith,liam.smith1531@example.com,08/12/2024,2314.40,USD,cancelled,4,CA
TX-0001532,C-01532,Sofia Brown,sofia.brown1532@example.com,09/05/2024,1942.09,USD,completed,5,GB
TX-0001533,C-01533,Ethan Wilson,ethan.wilson1533@example.com,10/10/2024,819.80,USD,pending,6,AU
TX-0001534,C-01534,Zoe Garcia,zoe.garcia1534@example.com,11/03/2024,870.92,USD,refunded,7,DE
TX-0001535,C-01535,Mateo Nguyen,mateo.nguyen1535@example.com,12/08/2024,1170.04,USD,cancelled,8,US
TX-0001536,C-01536,Ava Patel,ava.patel1536@example.com,01/01/2024,1988.54,USD,completed,1,CA
TX-0001537,C-01537,Noah Kim,noah.kim1537@example.com,02/06/2024,1431.51,USD,pending,2,GB
TX-0001538,C-01538,Mia Martin,mia.martin1538@example.com,03/11/2024,1679.29,USD,refunded,3,AU
TX-0001539,C-01539,Liam Smith,liam.smith1539@example.com,04/04/2024,1372.33,USD,cancelled,4,DE
TX-0001540,C-01540,Sofia Brown,sofia.brown1540@example.com,05/09/2024,439.29,USD,completed,5,US
TX-0001541,C-01541,Ethan Wilson,ethan.wilson1541@example.com,06/02/2024,2191.87,USD,pending,6,CA
TX-0001542,C-01542,Zoe Garcia,zoe.garcia1542@example.com,07/07/2024,2318.82,USD,refunded,7,GB
TX-0001543,C-01543,Mateo Nguyen,mateo.nguyen1543@example.com,08/12/2024,1506.22,USD,cancelled,8,AU
TX-0001544,C-01544,Ava Patel,ava.patel1544@example.com,09/05/2024,1431.30,USD,completed,1,DE
TX-0001545,C-01545,Noah Kim,noah.kim1545@example.com,10/10/2024,1367.03,USD,pending,2,US
TX-0001546,C-01546,Mia Martin,mia.martin1546@example.com,11/03/2024,824.27,USD,refunded,3,CA
TX-0001547,C-01547,Liam Smith,liam.smith1547@example.com,12/08/2024,2136.93,USD,cancelled,4,GB
TX-0001548,C-01548,Sofia Brown,sofia.brown1548@example.com,01/01/2024,2073.08,USD,completed,5,AU
TX-0001549,C-01549,Ethan Wilson,ethan.wilson1549@example.com,02/06/2024,1913.71,USD,pending,6,DE
TX-0001550,C-01550,Zoe Garcia,zoe.garcia1550@example.com,03/11/2024,1367.94,USD,refunded,7,US
TX-0001551,C-01551,Mateo Nguyen,mateo.nguyen1551@example.com,04/04/2024,2229.61,USD,cancelled,8,CA
TX-0001552,C-01552,Ava Patel,,05/09/2024,77.45,USD,completed,1,GB
TX-0001553,C-01553,Noah Kim,noah.kim1553@example.com,06/02/2024,1067.28,USD,pending,2,AU
TX-0001554,C-01554,Mia Martin,mia.martin1554@example.com,07/07/2024,627.00,USD,refunded,3,DE
TX-0001555,C-01555,Liam Smith,liam.smith1555@example.com,08/12/2024,276.10,USD,cancelled,4,US
TX-0001556,C-01556,Sofia Brown,sofia.brown1556@example.com,09/05/2024,692.82,USD,completed,5,CA
TX-0001557,C-01557,Ethan Wilson,ethan.wilson1557@example.com,10/10/2024,2115.34,USD,pending,6,USA
TX-0001558,C-01558,Zoe Garcia,zoe.garcia1558@example.com,11/03/2024,1635.37,USD,refunded,7,AU
TX-0001559,C-01559,Mateo Nguyen,mateo.nguyen1559@example.com,12/08/2024,1462.07,USD,cancelled,8,DE
TX-0001560,C-01560,Ava Patel,ava.patel1560@example.com,01/01/2024,1451.05,USD,completed,1,US
TX-0001561,C-01561,Noah Kim,noah.kim1561@example.com,02/06/2024,,USD,pending,2,CA
TX-0001562,C-01562,Mia Martin,mia.martin1562@example.com,03/11/2024,1157.81,USD,refunded,3,GB
TX-0001563,C-01563,Liam Smith,liam.smith1563@example.com,04/04/2024,2367.54,USD,cancelled,4,AU
TX-0001564,C-01564,Sofia Brown,sofia.brown1564@example.com,05/09/2024,1883.00,USD,completed,5,DE
TX-0001565,C-01565,Ethan Wilson,ethan.wilson1565@example.com,06/02/2024,538.74,USD,pending,6,US
TX-0001566,C-01566,Zoe Garcia,zoe.garcia1566@example.com,07/07/2024,1764.39,USD,refunded,7,CA
TX-0001567,C-01567,Mateo Nguyen,mateo.nguyen1567@example.com,08/12/2024,725.65,USD,cancelled,8,GB
TX-0001568,C-01568,Ava Patel,ava.patel1568@example.com,09/05/2024,1018.74,USD,completed,1,AU
TX-0001569,C-01569,Noah Kim,noah.kim1569@example.com,10/10/2024,1660.90,USD,pending,2,DE
TX-0001570,C-01570,Mia Martin,mia.martin1570@example.com,11/03/2024,1529.86,USD,COMPLETE,3,US
TX-0001571,C-01571,Liam Smith,liam.smith1571@example.com,12/08/2024,1159.30,USD,cancelled,4,CA
TX-0001572,C-01572,Sofia Brown,sofia.brown1572@example.com,01/01/2024,38.60,USD,completed,5,gb
TX-0001573,C-01573,Ethan Wilson,ethan.wilson1573@example.com,02/06/2024,2039.27,USD,pending,6,AU
TX-0001574,C-01574,Zoe Garcia,zoe.garcia1574@example.com,03/11/2024,2262.03,USD,refunded,7,DE
TX-0001575,C-01575,Mateo Nguyen,mateo.nguyen1575@example.com,04/04/2024,2140.40,USD,cancelled,8,US
TX-0001576,C-01576,Ava Patel,ava.patel1576@example.com,05/09/2024,2181.25,USD,completed,1,CA
TX-0001577,C-01577,Noah Kim,noah.kim1577@example.com,06/02/2024,2311.90,USD,pending,2,GB
TX-0001578,C-01578,Mia Martin,mia.martin1578@example.com,07/07/2024,1506.70,USD,refunded,3,AU
TX-0001579,C-01579,Liam Smith,liam.smith1579@example.com,08/12/2024,1420.93,USD,cancelled,4,DE
TX-0001580,C-01580,Sofia Brown,sofia.brown1580@example.com,09/05/2024,1188.88,USD,completed,5,US
TX-0001581,C-01581,Ethan Wilson,ethan.wilson1581@example.com,10/10/2024,1401.95,USD,pending,6,CA
TX-0001582,C-01582,  ZOE GARCIA  ,zoe.garcia1582@example.com,11/03/2024,136.00,USD,refunded,7,GB
TX-0001583,C-01583,Mateo Nguyen,mateo.nguyen1583@example.com,12/08/2024,1129.22,USD,cancelled,8,AU
TX-0001584,C-01584,Ava Patel,ava.patel1584@example.com,01/01/2024,2159.88,USD,completed,1,DE
TX-0001585,C-01585,Noah Kim,noah.kim1585@example.com,02/06/2024,1606.07,USD,pending,2,US
TX-0001586,C-01586,Mia Martin,mia.martin1586@example.com,03/11/2024,2312.64,USD,refunded,3,CA
TX-0001587,C-01587,Liam Smith,liam.smith1587@example.com,04/04/2024,989.73,USD,cancelled,4,GB
TX-0001588,C-01588,Sofia Brown,sofia.brown1588@example.com,05/09/2024,1223.00,USD,completed,5,AU
TX-0001589,C-01589,Ethan Wilson,ethan.wilson1589@example.com,06/02/2024,1218.48,USD,pending,6,DE
TX-0001590,C-01590,Zoe Garcia,zoe.garcia1590@example.com,07/07/2024,1236.99,USD,refunded,7,US
TX-0001591,C-01591,Mateo Nguyen,mateo.nguyen1591@example.com,08/12/2024,468.45,USD,cancelled,8,CA
TX-0001592,C-01592,Ava Patel,ava.patel1592@example.com,09/05/2024,173.65,USD,completed,1,GB
TX-0001593,C-01593,Noah Kim,noah.kim1593@example.com,10/10/2024,1753.55,USD,pending,2,AU
TX-0001594,C-01594,Mia Martin,mia.martin1594@example.com,11/03/2024,384.20,USD,refunded,3,DE
TX-0001595,C-01595,Liam Smith,liam.smith1595@example.com,12/08/2024,792.20,USD,cancelled,4,US
TX-0001596,C-01596,Sofia Brown,sofia.brown1596@example.com,01/01/2024,1910.11,USD,completed,5,CA
TX-0001597,C-01597,Ethan Wilson,ethan.wilson1597@example.com,02/06/2024,1981.12,USD,pending,6,GB
TX-0001598,C-01598,Zoe Garcia,zoe.garcia1598@example.com,03/11/2024,1739.96,USD,refunded,7,AU
TX-0001599,C-01599,Mateo Nguyen,mateo.nguyen1599@example.com,04/04/2024,364.55,USD,cancelled,8,DE
TX-0001600,C-01600,Ava Patel,ava.patel1600@example.com,05/09/2024,684.91,USD,completed,1,US
TX-0001601,C-01601,Noah Kim,noah.kim1601@example.com,06/02/2024,1608.78,USD,pending,2,CA
TX-0001602,C-01602,Mia Martin,mia.martin.invalid,07/07/2024,1023.86,USD,refunded,3,GB
TX-0001603,C-01603,Liam Smith,liam.smith1603@example.com,08/12/2024,2031.18,USD,cancelled,4,AU
TX-0001604,C-01604,Sofia Brown,sofia.brown1604@example.com,09/05/2024,1731.14,USD,completed,5,DE
TX-0001605,C-01605,Ethan Wilson,ethan.wilson1605@example.com,10/10/2024,2284.30,USD,pending,6,US
TX-0001606,C-01606,Zoe Garcia,zoe.garcia1606@example.com,11/03/2024,2423.59,USD,refunded,7,CA
TX-0001607,C-01607,Mateo Nguyen,mateo.nguyen1607@example.com,12/08/2024,1267.05,USD,cancelled,8,GB
TX-0001608,C-01608,Ava Patel,ava.patel1608@example.com,01/01/2024,1399.13,USD,completed,1,AU
TX-0001609,C-01609,Noah Kim,noah.kim1609@example.com,02/06/2024,506.35,USD,pending,2,DE
TX-0001610,C-01610,Mia Martin,mia.martin1610@example.com,03/11/2024,1014.67,USD,refunded,3,US
TX-0001611,C-01611,Liam Smith,liam.smith1611@example.com,04/04/2024,1349.31,USD,cancelled,4,CA
TX-0001612,C-01612,Sofia Brown,sofia.brown1612@example.com,05/09/2024,1260.42,USD,completed,5,GB
TX-0001613,C-01613,Ethan Wilson,ethan.wilson1613@example.com,06/02/2024,2191.59,USD,pending,6,AU
TX-0001614,C-01614,Zoe Garcia,zoe.garcia1614@example.com,07/07/2024,2427.01,USD,refunded,7,DE
TX-0001615,C-01615,Mateo Nguyen,mateo.nguyen1615@example.com,08/12/2024,273.25,USD,cancelled,8,US
TX-0001616,C-01616,Ava Patel,ava.patel1616@example.com,09/05/2024,966.37,USD,completed,1,CA
TX-0001617,C-01617,Noah Kim,noah.kim1617@example.com,10/10/2024,1901.80,USD,pending,2,GB
TX-0001618,C-01618,Mia Martin,mia.martin1618@example.com,11/03/2024,1921.60,USD,refunded,3,AU
TX-0001619,C-01619,Liam Smith,liam.smith1619@example.com,12/08/2024,1507.13,USD,cancelled,4,DE
TX-0001620,C-01620,Sofia Brown,sofia.brown1620@example.com,01/01/2024,2119.83,USD,completed,5,US
TX-0001621,C-01621,Ethan Wilson,ethan.wilson1621@example.com,02/06/2024,1782.96,USD,pending,6,CA
TX-0001622,C-01622,Zoe Garcia,zoe.garcia1622@example.com,03/11/2024,1942.78,USD,refunded,7,GB
TX-0001623,C-01623,Mateo Nguyen,mateo.nguyen1623@example.com,04/04/2024,1821.74,USD,cancelled,8,AU
TX-0001624,C-01624,Ava Patel,ava.patel1624@example.com,05/09/2024,1226.91,USD,completed,1,DE
TX-0001625,C-01625,Noah Kim,noah.kim1625@example.com,06/02/2024,1438.29,USD,pending,2,US
TX-0001626,C-01626,Mia Martin,mia.martin1626@example.com,07/07/2024,603.57,USD,refunded,3,CA
TX-0001627,C-01627,Liam Smith,liam.smith1627@example.com,08/12/2024,1635.10,USD,cancelled,4,GB
TX-0001628,C-01628,Sofia Brown,sofia.brown1628@example.com,09/05/2024,1750.70,USD,completed,5,AU
TX-0001629,C-01629,Ethan Wilson,ethan.wilson1629@example.com,10/10/2024,2388.94, USD ,pending,6,DE
TX-0001630,C-01630,Zoe Garcia,zoe.garcia1630@example.com,11/03/2024,2118.53,USD,refunded,7,US
TX-0001631,C-01631,Mateo Nguyen,mateo.nguyen1631@example.com,12/08/2024,1085.41,USD,cancelled,8,CA
TX-0001632,C-01632,Ava Patel,ava.patel1632@example.com,01/01/2024,1420.50,USD,completed,1,GB
TX-0001633,C-01633,Noah Kim,noah.kim1633@example.com,02/06/2024,837.47,USD,pending,2,AU
TX-0001634,C-01634,Mia Martin,mia.martin1634@example.com,03/11/2024,1454.30,USD,refunded,3,DE
TX-0001635,C-01635,Liam Smith,liam.smith1635@example.com,04/04/2024,1500.12,USD,cancelled,4,US
TX-0001636,C-01636,Sofia Brown,sofia.brown1636@example.com,05/09/2024,73.19,USD,completed,5,CA
TX-0001637,C-01637,Ethan Wilson,ethan.wilson1637@example.com,06/02/2024,1080.18,USD,pending,6,GB
TX-0001638,C-01638,Zoe Garcia,zoe.garcia1638@example.com,07/07/2024,2409.27,USD,refunded,7,AU
TX-0001639,C-01639,Mateo Nguyen,mateo.nguyen1639@example.com,08/12/2024,1534.16,usd,cancelled,8,DE
TX-0001640,C-01640,Ava Patel,ava.patel1640@example.com,09/05/2024,1948.42,USD,completed,1,US
TX-0001641,C-01641,Noah Kim,noah.kim1641@example.com,10/10/2024,732.26,USD,pending,2,CA
TX-0001642,C-01642,Mia Martin,mia.martin1642@example.com,11/03/2024,1389.81,USD,refunded,3,GB
TX-0001643,C-01643,Liam Smith,liam.smith1643@example.com,12/08/2024,2379.76,USD,cancelled,4,AU
TX-0001644,C-01644,Sofia Brown,sofia.brown1644@example.com,01/01/2024,469.99,USD,completed,5,DE
TX-0001645,C-01645,Ethan Wilson,ethan.wilson1645@example.com,02/06/2024,317.37,USD,pending,6,US
TX-0001646,C-01646,Zoe Garcia,zoe.garcia1646@example.com,03/11/2024,704.25,USD,refunded,7,CA
TX-0001647,C-01647,Mateo Nguyen,mateo.nguyen1647@example.com,04/04/2024,361.71,USD,cancelled,8,GB
TX-0001648,C-01648,Ava Patel,ava.patel1648@example.com,05/09/2024,1882.38,USD,completed,1,AU
TX-0001649,C-01649,Noah Kim,,06/02/2024,1002.25,USD,pending,2,DE
TX-0001650,C-01650,Mia Martin,mia.martin1650@example.com,07/07/2024,178.22,USD,refunded,3,US
TX-0001651,C-01651,liam smith,liam.smith1651@example.com,08/12/2024,374.36,USD,cancelled,4,CA
TX-0001652,C-01652,Sofia Brown,sofia.brown1652@example.com,09/05/2024,2391.37,USD,completed,5,GB
TX-0001653,C-01653,Ethan Wilson,ethan.wilson1653@example.com,10/10/2024,673.58,USD,pending,6,AU
TX-0001654,C-01654,Zoe Garcia,zoe.garcia1654@example.com,11/03/2024,923.35,USD,refunded,7,DE
TX-0001655,C-01655,Mateo Nguyen,mateo.nguyen1655@example.com,12/08/2024,567.22,USD,cancelled,8,US
TX-0001656,C-01656,Ava Patel,ava.patel1656@example.com,01/01/2024,1127.66,USD,completed,1,CA
TX-0001657,C-01657,Noah Kim,noah.kim1657@example.com,02/06/2024,836.45,USD,pending,2,GB
TX-0001658,C-01658,Mia Martin,mia.martin1658@example.com,03/11/2024,1810.33,USD,refunded,3,AU
TX-0001659,C-01659,Liam Smith,liam.smith1659@example.com,04/04/2024,61.57,USD,cancelled,4,DE
TX-0001660,C-01660,Sofia Brown,sofia.brown1660@example.com,05/09/2024,616.33,USD,completed,5,US
TX-0001661,C-01661,Ethan Wilson,ethan.wilson1661@example.com,06/02/2024,194.66,USD,pending,6,CA
TX-0001662,C-01662,Zoe Garcia,zoe.garcia1662@example.com,07/07/2024,187.44,USD,refunded,7,GB
TX-0001663,C-01663,Mateo Nguyen,mateo.nguyen1663@example.com,08/12/2024,1266.22,USD,cancelled,8,AU
TX-0001664,C-01664,Ava Patel,ava.patel1664@example.com,09/05/2024,762.00,USD,completed,1,DE
TX-0001665,C-01665,Noah Kim,noah.kim1665@example.com,10/10/2024,512.92,USD,pending,2,US
TX-0001666,C-01666,Mia Martin,mia.martin1666@example.com,11/03/2024,2359.79,USD,refunded,3,CA
TX-0001667,C-01667,Liam Smith,liam.smith1667@example.com,12/08/2024,2270.16,USD,cancelled,4,GB
TX-0001668,C-01668,Sofia Brown,sofia.brown1668@example.com,01/01/2024,2451.15,USD,completed,5,AU
TX-0001669,C-01669,Ethan Wilson,ethan.wilson1669@example.com,02/06/2024,2018.72,USD,pending,6,DE
TX-0001670,C-01670,Zoe Garcia,zoe.garcia1670@example.com,03/11/2024,1006.48,USD,refunded,7,US
TX-0001671,C-01671,Mateo Nguyen,mateo.nguyen1671@example.com,04/04/2024,900.54,USD,cancelled,8,CA
TX-0001672,C-01672,Ava Patel,ava.patel1672@example.com,05/09/2024,445.46,USD,completed,1,GB
TX-0001673,C-01673,Noah Kim,noah.kim1673@example.com,06/02/2024,1498.83,USD,pending,2,AU
TX-0001674,C-01674,Mia Martin,mia.martin1674@example.com,07/07/2024,1170.70,USD,refunded,3,DE
TX-0001675,C-01675,Liam Smith,liam.smith1675@example.com,08/12/2024,1071.46,USD,cancelled,4,US
TX-0001676,C-01676,Sofia Brown,sofia.brown1676@example.com,09/05/2024,42.46,USD,completed,5,CA
TX-0001677,C-01677,Ethan Wilson,ethan.wilson1677@example.com,10/10/2024,1919.48,USD,pending,6,GB
TX-0001678,C-01678,Zoe Garcia,zoe.garcia1678@example.com,11/03/2024,522.63,USD,refunded,7,AU
TX-0001679,C-01679,Mateo Nguyen,mateo.nguyen1679@example.com,12/08/2024,96.61,USD,cancelled,8,DE
TX-0001680,C-01680,Ava Patel,ava.patel1680@example.com,01/01/2024,545.52,USD,completed,1,US
TX-0001681,C-01681,Noah Kim,noah.kim1681@example.com,02/06/2024,2047.02,USD,pending,2,CA
TX-0001682,C-01682,Mia Martin,mia.martin1682@example.com,03/11/2024,2426.67,USD,refunded,3,GB
TX-0001683,C-01683,Liam Smith,liam.smith1683@example.com,04/04/2024,423.14,USD,cancelled,4,AU
TX-0001684,C-01684,Sofia Brown,sofia.brown1684@example.com,05/09/2024,1433.18,USD,completed,5,DE
TX-0001685,C-01685,Ethan Wilson,ethan.wilson1685@example.com,06/02/2024,1425.62,USD,pending,6,US
TX-0001686,C-01686,Zoe Garcia,zoe.garcia1686@example.com,07/07/2024,176.75,USD,refunded,7,CA
TX-0001687,C-01687,Mateo Nguyen,mateo.nguyen1687@example.com,08/12/2024,1325.63,USD,cancelled,8,GB
TX-0001688,C-01688,Ava Patel,ava.patel1688@example.com,09/05/2024,-92.16,USD,completed,1,AU
TX-0001689,C-01689,Noah Kim,noah.kim1689@example.com,10/10/2024,192.19,USD,pending,2,DE
TX-0001690,C-01690,Mia Martin,mia.martin1690@example.com,11/03/2024,2438.30,USD,refunded,3,US
TX-0001691,C-01691,Liam Smith,liam.smith.invalid,12/08/2024,2496.22,USD,cancelled,4,CA
TX-0001692,C-01692,Sofia Brown,sofia.brown1692@example.com,01/01/2024,440.01,USD,completed,5,GB
TX-0001693,C-01693,Ethan Wilson,ethan.wilson1693@example.com,02/06/2024,2439.33,USD,pending,6,AU
TX-0001694,C-01694,Zoe Garcia,zoe.garcia1694@example.com,03/11/2024,1190.14,USD,refunded,7,DE
TX-0001695,C-01695,  MATEO NGUYEN  ,mateo.nguyen1695@example.com,04/04/2024,136.97,USD,cancelled,8,US
TX-0001696,C-01696,Ava Patel,ava.patel1696@example.com,05/09/2024,1449.47,USD,completed,1,CA
TX-0001697,C-01697,Noah Kim,noah.kim1697@example.com,06/02/2024,442.49,USD,pending,2,GB
TX-0001698,C-01698,Mia Martin,mia.martin1698@example.com,07/07/2024,636.72,USD,refunded,3,AU
TX-0001699,C-01699,Liam Smith,liam.smith1699@example.com,08/12/2024,490.08,USD,cancelled,4,DE
TX-0001700,C-01700,Sofia Brown,sofia.brown1700@example.com,09/05/2024,1523.36,USD,completed,5,US
TX-0001701,C-01701,Ethan Wilson,ethan.wilson1701@example.com,10/10/2024,1505.10,USD,pending,6,CA
TX-0001702,C-01702,Zoe Garcia,zoe.garcia1702@example.com,11/03/2024,193.88,USD,refunded,7,GB
TX-0001703,C-01703,Mateo Nguyen,mateo.nguyen1703@example.com,12/08/2024,1332.97,USD,cancelled,8,au
TX-0001704,C-01704,Ava Patel,ava.patel1704@example.com,01/01/2024,1761.87,USD,completed,1,DE
TX-0001705,C-01705,Noah Kim,noah.kim1705@example.com,02/06/2024,282.38,USD,pending,2,US
TX-0001706,C-01706,Mia Martin,mia.martin1706@example.com,03/11/2024,1896.14,USD,refunded,3,CA
TX-0001707,C-01707,Liam Smith,liam.smith1707@example.com,04/04/2024,1321.21,USD,cancelled,4,GB
TX-0001708,C-01708,Sofia Brown,sofia.brown1708@example.com,05/09/2024,1379.72,USD,completed,5,AU
TX-0001709,C-01709,Ethan Wilson,ethan.wilson1709@example.com,06/02/2024,1987.18,USD,pending,6,DE
TX-0001710,C-01710,Zoe Garcia,zoe.garcia1710@example.com,07/07/2024,1922.87,USD,refunded,7,US
TX-0001711,C-01711,Mateo Nguyen,mateo.nguyen1711@example.com,08/12/2024,1499.00,USD,cancelled,8,CA
TX-0001712,C-01712,Ava Patel,ava.patel1712@example.com,09/05/2024,323.86,USD,completed,1,GB
TX-0001713,C-01713,Noah Kim,noah.kim1713@example.com,10/10/2024,1698.60,USD,pending,2,AU
TX-0001714,C-01714,Mia Martin,mia.martin1714@example.com,11/03/2024,922.22,USD,refunded,3,DE
TX-0001715,C-01715,Liam Smith,liam.smith1715@example.com,12/08/2024,1322.85,USD,cancelled,4,US
TX-0001716,C-01716,Sofia Brown,sofia.brown1716@example.com,01/01/2024,345.55,USD,completed,5,CA
TX-0001717,C-01717,Ethan Wilson,ethan.wilson1717@example.com,02/06/2024,1278.46,USD,pending,6,GB
TX-0001718,C-01718,Zoe Garcia,zoe.garcia1718@example.com,03/11/2024,1213.84,USD,refunded,7,AU
TX-0001719,C-01719,Mateo Nguyen,mateo.nguyen1719@example.com,04/04/2024,1773.12,USD,unknown,8,DE
TX-0001720,C-01720,Ava Patel,ava.patel1720@example.com,05/09/2024,541.33,USD,completed,1,US
TX-0001721,C-01721,Noah Kim,noah.kim1721@example.com,06/02/2024,2097.50,USD,pending,2,CA
TX-0001722,C-01722,Mia Martin,mia.martin1722@example.com,07/07/2024,1088.95,USD,refunded,3,GB
TX-0001723,C-01723,Liam Smith,liam.smith1723@example.com,08/12/2024,1169.63,USD,cancelled,4,AU
TX-0001724,C-01724,Sofia Brown,sofia.brown1724@example.com,09/05/2024,343.30,USD,completed,5,DE
TX-0001725,C-01725,Ethan Wilson,ethan.wilson1725@example.com,10/10/2024,2031.92,USD,pending,6,US
TX-0001726,C-01726,Zoe Garcia,zoe.garcia1726@example.com,11/03/2024,2102.11,USD,refunded,7,CA
TX-0001727,C-01727,Mateo Nguyen,mateo.nguyen1727@example.com,12/08/2024,699.40,USD,COMPLETE,8,GB
TX-0001728,C-01728,Ava Patel,ava.patel1728@example.com,01/01/2024,404.16,USD,completed,1,AU
TX-0001729,C-01729,Noah Kim,noah.kim1729@example.com,02/06/2024,1418.69,USD,pending,2,DE
TX-0001730,C-01730,Mia Martin,mia.martin1730@example.com,03/11/2024,15.50,USD,refunded,3,USA
TX-0001731,C-01731,Liam Smith,liam.smith1731@example.com,04/04/2024,576.44,USD,cancelled,4,CA
TX-0001732,C-01732,Sofia Brown,sofia.brown1732@example.com,05/09/2024,993.47,USD,completed,5,GB
TX-0001733,C-01733,Ethan Wilson,ethan.wilson1733@example.com,06/02/2024,1313.25,USD,pending,6,AU
TX-0001734,C-01734,Zoe Garcia,zoe.garcia1734@example.com,07/07/2024,1108.67,USD,refunded,7,DE
TX-0001735,C-01735,Mateo Nguyen,mateo.nguyen1735@example.com,08/12/2024,61.39,USD,cancelled,8,US
TX-0001736,C-01736,Ava Patel,ava.patel1736@example.com,09/05/2024,1441.73,USD,completed,1,CA
TX-0001737,C-01737,Noah Kim,noah.kim1737@example.com,10/10/2024,325.71,USD,pending,2,GB
TX-0001738,C-01738,Mia Martin,mia.martin1738@example.com,11/03/2024,2078.16,USD,refunded,3,AU
TX-0001739,C-01739,Liam Smith,liam.smith1739@example.com,12/08/2024,1638.30,USD,cancelled,4,DE
TX-0001740,C-01740,Sofia Brown,sofia.brown1740@example.com,01/01/2024,104.01,USD,completed,5,US
TX-0001741,C-01741,Ethan Wilson,ethan.wilson1741@example.com,02/06/2024,1407.56,USD,pending,6,CA
TX-0001742,C-01742,Zoe Garcia,zoe.garcia1742@example.com,03/11/2024,1613.92,USD,refunded,7,GB
TX-0001743,C-01743,Mateo Nguyen,mateo.nguyen1743@example.com,04/04/2024,53.82,USD,cancelled,8,AU
TX-0001744,C-01744,Ava Patel,ava.patel1744@example.com,05/09/2024,1539.47,USD,completed,1,DE
TX-0001745,C-01745,Noah Kim,noah.kim1745@example.com,06/02/2024,542.57,USD,pending,2,US
TX-0001746,C-01746,Mia Martin,,07/07/2024,1543.27,USD,refunded,3,CA
TX-0001747,C-01747,Liam Smith,liam.smith1747@example.com,08/12/2024,509.92,USD,cancelled,4,GB
TX-0001748,C-01748,Sofia Brown,sofia.brown1748@example.com,09/05/2024,1823.53,USD,completed,5,AU
TX-0001749,C-01749,Ethan Wilson,ethan.wilson1749@example.com,10/10/2024,929.61,USD,pending,6,DE
TX-0001750,C-01750,Zoe Garcia,zoe.garcia1750@example.com,11/03/2024,1001.54,USD,refunded,7,US
TX-0001751,C-01751,Mateo Nguyen,mateo.nguyen1751@example.com,12/08/2024,1340.97,USD,cancelled,8,CA
TX-0001752,C-01752,Ava Patel,ava.patel1752@example.com,01/01/2024,363.60,USD,completed,1,GB
TX-0001753,C-01753,Noah Kim,noah.kim1753@example.com,02/06/2024,98.87,USD,pending,2,AU
TX-0001754,C-01754,Mia Martin,mia.martin1754@example.com,03/11/2024,402.14,USD,refunded,3,DE
TX-0001755,C-01755,Liam Smith,liam.smith1755@example.com,04/04/2024,1077.38,USD,cancelled,4,US
TX-0001756,C-01756,Sofia Brown,sofia.brown1756@example.com,05/09/2024,108.05,USD,completed,5,CA
TX-0001757,C-01757,Ethan Wilson,ethan.wilson1757@example.com,06/02/2024,1013.64,USD,pending,6,GB
TX-0001758,C-01758,Zoe Garcia,zoe.garcia1758@example.com,07/07/2024,674.86,USD,refunded,7,AU
TX-0001759,C-01759,Mateo Nguyen,mateo.nguyen1759@example.com,08/12/2024,1475.89,USD,cancelled,8,DE
TX-0001760,C-01760,Ava Patel,ava.patel1760@example.com,09/05/2024,2073.66,USD,completed,1,US
TX-0001761,C-01761,Noah Kim,noah.kim1761@example.com,10/10/2024,2261.60,USD,pending,2,CA
TX-0001762,C-01762,Mia Martin,mia.martin1762@example.com,11/03/2024,1731.64,USD,refunded,3,GB
TX-0001763,C-01763,Liam Smith,liam.smith1763@example.com,12/08/2024,1129.18,USD,cancelled,4,AU
TX-0001764,C-01764,Sofia Brown,sofia.brown1764@example.com,01/01/2024,1672.14,USD,completed,5,DE
TX-0001765,C-01765,Ethan Wilson,ethan.wilson1765@example.com,02/06/2024,1245.02,USD,pending,6,US
TX-0001766,C-01766,Zoe Garcia,zoe.garcia1766@example.com,03/11/2024,527.32,USD,refunded,7,CA
TX-0001767,C-01767,Mateo Nguyen,mateo.nguyen1767@example.com,04/04/2024,311.48,USD,cancelled,8,GB
TX-0001768,C-01768,Ava Patel,ava.patel1768@example.com,05/09/2024,1647.33,USD,completed,1,AU
TX-0001769,C-01769,Noah Kim,noah.kim1769@example.com,06/02/2024,458.68,USD,pending,2,DE
TX-0001770,C-01770,Mia Martin,mia.martin1770@example.com,07/07/2024,938.76,USD,refunded,3,US
TX-0001771,C-01771,Liam Smith,liam.smith1771@example.com,08/12/2024,1208.56,USD,cancelled,4,CA
TX-0001772,C-01772,Sofia Brown,sofia.brown1772@example.com,09/05/2024,1909.00,USD,completed,5,GB
TX-0001773,C-01773,Ethan Wilson,ethan.wilson1773@example.com,10/10/2024,1046.89,USD,pending,6,AU
TX-0001774,C-01774,Zoe Garcia,zoe.garcia1774@example.com,11/03/2024,1870.57,USD,refunded,7,DE
TX-0001775,C-01775,Mateo Nguyen,mateo.nguyen1775@example.com,12/08/2024,340.03,USD,cancelled,8,US
TX-0001776,C-01776,Ava Patel,ava.patel1776@example.com,01/01/2024,338.21,USD,completed,1,CA
TX-0001777,C-01777,Noah Kim,noah.kim1777@example.com,02/06/2024,120.26,USD,pending,2,GB
TX-0001778,C-01778,mia martin,mia.martin1778@example.com,03/11/2024,423.03,USD,refunded,3,AU
TX-0001779,C-01779,Liam Smith,liam.smith1779@example.com,04/04/2024,1554.29,USD,cancelled,4,DE
TX-0001780,C-01780,Sofia Brown,sofia.brown.invalid,05/09/2024,2143.45,USD,completed,5,US
TX-0001781,C-01781,Ethan Wilson,ethan.wilson1781@example.com,06/02/2024,2468.01,USD,pending,6,CA
TX-0001782,C-01782,Zoe Garcia,zoe.garcia1782@example.com,07/07/2024,1583.36,USD,refunded,7,GB
TX-0001783,C-01783,Mateo Nguyen,mateo.nguyen1783@example.com,08/12/2024,389.46,USD,cancelled,8,AU
TX-0001784,C-01784,Ava Patel,ava.patel1784@example.com,09/05/2024,,USD,completed,1,DE
TX-0001785,C-01785,Noah Kim,noah.kim1785@example.com,10/10/2024,843.02,USD,pending,2,US
TX-0001786,C-01786,Mia Martin,mia.martin1786@example.com,11/03/2024,1643.31,USD,refunded,3,CA
TX-0001787,C-01787,Liam Smith,liam.smith1787@example.com,12/08/2024,1177.57,USD,cancelled,4,GB
TX-0001788,C-01788,Sofia Brown,sofia.brown1788@example.com,01/01/2024,1368.52,usd,completed,5,AU
TX-0001789,C-01789,Ethan Wilson,ethan.wilson1789@example.com,02/06/2024,1011.86,USD,pending,6,DE
TX-0001790,C-01790,Zoe Garcia,zoe.garcia1790@example.com,03/11/2024,2014.12,USD,refunded,7,US
TX-0001791,C-01791,Mateo Nguyen,mateo.nguyen1791@example.com,04/04/2024,788.00,USD,cancelled,8,CA
TX-0001792,C-01792,Ava Patel,ava.patel1792@example.com,05/09/2024,170.44,USD,completed,1,GB
TX-0001793,C-01793,Noah Kim,noah.kim1793@example.com,06/02/2024,572.64,USD,pending,2,AU
TX-0001794,C-01794,Mia Martin,mia.martin1794@example.com,07/07/2024,470.77,USD,refunded,3,DE
TX-0001795,C-01795,Liam Smith,liam.smith1795@example.com,08/12/2024,747.97,USD,cancelled,4,US
TX-0001796,C-01796,Sofia Brown,sofia.brown1796@example.com,09/05/2024,1951.13,USD,completed,5,CA
TX-0001797,C-01797,Ethan Wilson,ethan.wilson1797@example.com,10/10/2024,366.37,USD,pending,6,GB
TX-0001798,C-01798,Zoe Garcia,zoe.garcia1798@example.com,11/03/2024,2433.41,USD,refunded,7,AU
TX-0001799,C-01799,Mateo Nguyen,mateo.nguyen1799@example.com,12/08/2024,1444.97,USD,cancelled,8,DE
TX-0001800,C-01800,Ava Patel,ava.patel1800@example.com,01/01/2024,2407.42,USD,completed,1,US
TX-0001801,C-01801,Noah Kim,noah.kim1801@example.com,02/06/2024,2004.46,USD,pending,2,CA
TX-0001802,C-01802,Mia Martin,mia.martin1802@example.com,03/11/2024,995.32,USD,refunded,3,GB
TX-0001803,C-01803,Liam Smith,liam.smith1803@example.com,04/04/2024,2327.16,USD,cancelled,4,AU
TX-0001804,C-01804,Sofia Brown,sofia.brown1804@example.com,05/09/2024,1994.26,USD,completed,5,DE
TX-0001805,C-01805,Ethan Wilson,ethan.wilson1805@example.com,06/02/2024,925.07,USD,pending,6,US
TX-0001806,C-01806,Zoe Garcia,zoe.garcia1806@example.com,07/07/2024,1067.51,USD,refunded,7,CA
TX-0001807,C-01807,Mateo Nguyen,mateo.nguyen1807@example.com,08/12/2024,417.94,USD,cancelled,8,GB
TX-0001808,C-01808,  AVA PATEL  ,ava.patel1808@example.com,09/05/2024,1581.77,USD,completed,1,AU
TX-0001809,C-01809,Noah Kim,noah.kim1809@example.com,10/10/2024,1405.40,USD,pending,2,DE
TX-0001810,C-01810,Mia Martin,mia.martin1810@example.com,11/03/2024,1372.78, USD ,refunded,3,US
TX-0001811,C-01811,Liam Smith,liam.smith1811@example.com,12/08/2024,1069.62,USD,cancelled,4,CA
TX-0001812,C-01812,Sofia Brown,sofia.brown1812@example.com,01/01/2024,691.44,USD,completed,5,GB
TX-0001813,C-01813,Ethan Wilson,ethan.wilson1813@example.com,02/06/2024,620.00,USD,pending,6,AU
TX-0001814,C-01814,Zoe Garcia,zoe.garcia1814@example.com,03/11/2024,190.19,USD,refunded,7,DE
TX-0001815,C-01815,Mateo Nguyen,mateo.nguyen1815@example.com,04/04/2024,958.03,USD,cancelled,8,US
TX-0001816,C-01816,Ava Patel,ava.patel1816@example.com,05/09/2024,37.77,USD,completed,1,CA
TX-0001817,C-01817,Noah Kim,noah.kim1817@example.com,06/02/2024,2161.64,USD,pending,2,GB
TX-0001818,C-01818,Mia Martin,mia.martin1818@example.com,07/07/2024,255.83,USD,refunded,3,AU
TX-0001819,C-01819,Liam Smith,liam.smith1819@example.com,08/12/2024,1308.00,USD,cancelled,4,DE
TX-0001820,C-01820,Sofia Brown,sofia.brown1820@example.com,09/05/2024,2007.52,USD,completed,5,US
TX-0001821,C-01821,Ethan Wilson,ethan.wilson1821@example.com,10/10/2024,684.81,USD,pending,6,CA
TX-0001822,C-01822,Zoe Garcia,zoe.garcia1822@example.com,11/03/2024,1587.81,USD,refunded,7,GB
TX-0001823,C-01823,Mateo Nguyen,mateo.nguyen1823@example.com,12/08/2024,655.81,USD,cancelled,8,AU
TX-0001824,C-01824,Ava Patel,ava.patel1824@example.com,01/01/2024,1327.46,USD,completed,1,DE
TX-0001825,C-01825,Noah Kim,noah.kim1825@example.com,02/06/2024,1121.96,USD,pending,2,US
TX-0001826,C-01826,Mia Martin,mia.martin1826@example.com,03/11/2024,1680.38,USD,refunded,3,CA
TX-0001827,C-01827,Liam Smith,liam.smith1827@example.com,04/04/2024,2408.68,USD,cancelled,4,GB
TX-0001828,C-01828,Sofia Brown,sofia.brown1828@example.com,05/09/2024,651.08,USD,completed,5,AU
TX-0001829,C-01829,Ethan Wilson,ethan.wilson1829@example.com,06/02/2024,950.98,USD,pending,6,DE
TX-0001830,C-01830,Zoe Garcia,zoe.garcia1830@example.com,07/07/2024,1612.40,USD,refunded,7,US
TX-0001831,C-01831,Mateo Nguyen,mateo.nguyen1831@example.com,08/12/2024,2053.03,USD,cancelled,8,CA
TX-0001832,C-01832,Ava Patel,ava.patel1832@example.com,09/05/2024,1702.00,USD,completed,1,GB
TX-0001833,C-01833,Noah Kim,noah.kim1833@example.com,10/10/2024,663.58,USD,pending,2,AU
TX-0001834,C-01834,Mia Martin,mia.martin1834@example.com,11/03/2024,1185.32,USD,refunded,3,de
TX-0001835,C-01835,Liam Smith,liam.smith1835@example.com,12/08/2024,903.74,USD,cancelled,4,US
TX-0001836,C-01836,Sofia Brown,sofia.brown1836@example.com,01/01/2024,465.93,USD,completed,5,CA
TX-0001837,C-01837,Ethan Wilson,ethan.wilson1837@example.com,02/06/2024,1910.78,USD,pending,6,GB
TX-0001838,C-01838,Zoe Garcia,zoe.garcia1838@example.com,03/11/2024,1122.26,USD,refunded,7,AU
TX-0001839,C-01839,Mateo Nguyen,mateo.nguyen1839@example.com,04/04/2024,2422.41,USD,cancelled,8,DE
TX-0001840,C-01840,Ava Patel,ava.patel1840@example.com,05/09/2024,1260.54,USD,completed,1,US
TX-0001841,C-01841,Noah Kim,noah.kim1841@example.com,06/02/2024,1600.61,USD,pending,2,CA
TX-0001842,C-01842,Mia Martin,mia.martin1842@example.com,07/07/2024,961.45,USD,refunded,3,GB
TX-0001843,C-01843,Liam Smith,,08/12/2024,701.74,USD,cancelled,4,AU
TX-0001844,C-01844,Sofia Brown,sofia.brown1844@example.com,09/05/2024,842.80,USD,completed,5,DE
TX-0001845,C-01845,Ethan Wilson,ethan.wilson1845@example.com,10/10/2024,2214.85,USD,pending,6,US
TX-0001846,C-01846,Zoe Garcia,zoe.garcia1846@example.com,11/03/2024,1297.61,USD,refunded,7,CA
TX-0001847,C-01847,Mateo Nguyen,mateo.nguyen1847@example.com,12/08/2024,2002.58,USD,cancelled,8,GB
TX-0001848,C-01848,Ava Patel,ava.patel1848@example.com,01/01/2024,1088.85,USD,completed,1,AU
TX-0001849,C-01849,Noah Kim,noah.kim1849@example.com,02/06/2024,1972.06,USD,pending,2,DE
TX-0001850,C-01850,Mia Martin,mia.martin1850@example.com,03/11/2024,794.90,USD,refunded,3,US
TX-0001851,C-01851,Liam Smith,liam.smith1851@example.com,04/04/2024,1468.90,USD,cancelled,4,CA
TX-0001852,C-01852,Sofia Brown,sofia.brown1852@example.com,05/09/2024,1079.60,USD,completed,5,GB
TX-0001853,C-01853,Ethan Wilson,ethan.wilson1853@example.com,06/02/2024,421.61,USD,pending,6,AU
TX-0001854,C-01854,Zoe Garcia,zoe.garcia1854@example.com,07/07/2024,460.01,USD,refunded,7,DE
TX-0001855,C-01855,Mateo Nguyen,mateo.nguyen1855@example.com,08/12/2024,1441.62,USD,cancelled,8,US
TX-0001856,C-01856,Ava Patel,ava.patel1856@example.com,09/05/2024,519.86,USD,completed,1,CA
TX-0001857,C-01857,Noah Kim,noah.kim1857@example.com,10/10/2024,1674.76,USD,pending,2,GB
TX-0001858,C-01858,Mia Martin,mia.martin1858@example.com,11/03/2024,1468.24,USD,refunded,3,AU
TX-0001859,C-01859,Liam Smith,liam.smith1859@example.com,12/08/2024,1286.93,USD,cancelled,4,DE
TX-0001860,C-01860,Sofia Brown,sofia.brown1860@example.com,01/01/2024,1277.83,USD,completed,5,US
TX-0001861,C-01861,Ethan Wilson,ethan.wilson1861@example.com,02/06/2024,2316.39,USD,pending,6,CA
TX-0001862,C-01862,Zoe Garcia,zoe.garcia1862@example.com,03/11/2024,2073.27,USD,refunded,7,GB
TX-0001863,C-01863,Mateo Nguyen,mateo.nguyen1863@example.com,04/04/2024,1793.21,USD,cancelled,8,AU
TX-0001864,C-01864,Ava Patel,ava.patel1864@example.com,05/09/2024,413.13,USD,completed,1,DE
TX-0001865,C-01865,Noah Kim,noah.kim1865@example.com,06/02/2024,320.63,USD,pending,2,US
TX-0001866,C-01866,Mia Martin,mia.martin1866@example.com,07/07/2024,1099.79,USD,refunded,3,CA
TX-0001867,C-01867,Liam Smith,liam.smith1867@example.com,08/12/2024,149.44,USD,cancelled,4,GB
TX-0001868,C-01868,Sofia Brown,sofia.brown1868@example.com,09/05/2024,649.24,USD,completed,5,AU
TX-0001869,C-01869,Ethan Wilson,ethan.wilson.invalid,10/10/2024,230.96,USD,pending,6,DE
TX-0001870,C-01870,Zoe Garcia,zoe.garcia1870@example.com,11/03/2024,2251.22,USD,refunded,7,US
TX-0001871,C-01871,Mateo Nguyen,mateo.nguyen1871@example.com,12/08/2024,1751.33,USD,cancelled,8,CA
TX-0001872,C-01872,Ava Patel,ava.patel1872@example.com,01/01/2024,862.83,USD,completed,1,GB
TX-0001873,C-01873,Noah Kim,noah.kim1873@example.com,02/06/2024,2214.75,USD,pending,2,AU
TX-0001874,C-01874,Mia Martin,mia.martin1874@example.com,03/11/2024,1466.11,USD,refunded,3,DE
TX-0001875,C-01875,Liam Smith,liam.smith1875@example.com,04/04/2024,976.35,USD,cancelled,4,US
TX-0001876,C-01876,Sofia Brown,sofia.brown1876@example.com,05/09/2024,682.25,USD,completed,5,CA
TX-0001877,C-01877,Ethan Wilson,ethan.wilson1877@example.com,06/02/2024,1144.56,USD,pending,6,GB
TX-0001878,C-01878,Zoe Garcia,zoe.garcia1878@example.com,07/07/2024,1583.46,USD,refunded,7,AU
TX-0001879,C-01879,Mateo Nguyen,mateo.nguyen1879@example.com,08/12/2024,964.00,USD,cancelled,8,DE
TX-0001880,C-01880,Ava Patel,ava.patel1880@example.com,09/05/2024,1996.90,USD,completed,1,US
TX-0001881,C-01881,Noah Kim,noah.kim1881@example.com,10/10/2024,370.42,USD,pending,2,CA
TX-0001882,C-01882,Mia Martin,mia.martin1882@example.com,11/03/2024,216.76,USD,refunded,3,GB
TX-0001883,C-01883,Liam Smith,liam.smith1883@example.com,12/08/2024,891.03,USD,cancelled,4,AU
TX-0001884,C-01884,Sofia Brown,sofia.brown1884@example.com,01/01/2024,1130.96,USD,COMPLETE,5,DE
TX-0001885,C-01885,Ethan Wilson,ethan.wilson1885@example.com,02/06/2024,1796.54,USD,pending,6,US
TX-0001886,C-01886,Zoe Garcia,zoe.garcia1886@example.com,03/11/2024,465.80,USD,refunded,7,CA
TX-0001887,C-01887,Mateo Nguyen,mateo.nguyen1887@example.com,04/04/2024,579.26,USD,cancelled,8,GB
TX-0001888,C-01888,Ava Patel,ava.patel1888@example.com,05/09/2024,1250.65,USD,completed,1,AU
TX-0001889,C-01889,Noah Kim,noah.kim1889@example.com,06/02/2024,53.69,USD,pending,2,DE
TX-0001890,C-01890,Mia Martin,mia.martin1890@example.com,07/07/2024,1960.01,USD,refunded,3,US
TX-0001891,C-01891,Liam Smith,liam.smith1891@example.com,08/12/2024,1834.36,USD,cancelled,4,CA
TX-0001892,C-01892,Sofia Brown,sofia.brown1892@example.com,09/05/2024,2224.55,USD,completed,5,GB
TX-0001893,C-01893,Ethan Wilson,ethan.wilson1893@example.com,10/10/2024,2408.10,USD,pending,6,AU
TX-0001894,C-01894,Zoe Garcia,zoe.garcia1894@example.com,11/03/2024,961.18,USD,refunded,7,DE
TX-0001895,C-01895,Mateo Nguyen,mateo.nguyen1895@example.com,12/08/2024,1734.28,USD,cancelled,8,US
TX-0001896,C-01896,Ava Patel,ava.patel1896@example.com,01/01/2024,1119.86,USD,completed,1,CA
TX-0001897,C-01897,Noah Kim,noah.kim1897@example.com,02/06/2024,2361.61,USD,pending,2,GB
TX-0001898,C-01898,Mia Martin,mia.martin1898@example.com,03/11/2024,1191.87,USD,refunded,3,AU
TX-0001899,C-01899,Liam Smith,liam.smith1899@example.com,04/04/2024,-5.84,USD,cancelled,4,DE
TX-0001900,C-01900,Sofia Brown,sofia.brown1900@example.com,05/09/2024,2077.02,USD,completed,5,US
TX-0001901,C-01901,Ethan Wilson,ethan.wilson1901@example.com,06/02/2024,1683.44,USD,pending,6,CA
TX-0001902,C-01902,Zoe Garcia,zoe.garcia1902@example.com,07/07/2024,2054.85,USD,refunded,7,GB
TX-0001903,C-01903,Mateo Nguyen,mateo.nguyen1903@example.com,08/12/2024,1857.12,USD,cancelled,8,USA
TX-0001904,C-01904,Ava Patel,ava.patel1904@example.com,09/05/2024,941.83,USD,completed,1,DE
TX-0001905,C-01905,noah kim,noah.kim1905@example.com,10/10/2024,2195.92,USD,pending,2,US
TX-0001906,C-01906,Mia Martin,mia.martin1906@example.com,11/03/2024,401.41,USD,refunded,3,CA
TX-0001907,C-01907,Liam Smith,liam.smith1907@example.com,12/08/2024,833.58,USD,cancelled,4,GB
TX-0001908,C-01908,Sofia Brown,sofia.brown1908@example.com,01/01/2024,1188.17,USD,completed,5,AU
TX-0001909,C-01909,Ethan Wilson,ethan.wilson1909@example.com,02/06/2024,385.08,USD,pending,6,DE
TX-0001910,C-01910,Zoe Garcia,zoe.garcia1910@example.com,03/11/2024,719.15,USD,unknown,7,US
TX-0001911,C-01911,Mateo Nguyen,mateo.nguyen1911@example.com,04/04/2024,89.48,USD,cancelled,8,CA
TX-0001912,C-01912,Ava Patel,ava.patel1912@example.com,05/09/2024,1325.05,USD,completed,1,GB
TX-0001913,C-01913,Noah Kim,noah.kim1913@example.com,06/02/2024,681.00,USD,pending,2,AU
TX-0001914,C-01914,Mia Martin,mia.martin1914@example.com,07/07/2024,160.36,USD,refunded,3,DE
TX-0001915,C-01915,Liam Smith,liam.smith1915@example.com,08/12/2024,377.31,USD,cancelled,4,US
TX-0001916,C-01916,Sofia Brown,sofia.brown1916@example.com,09/05/2024,1204.89,USD,completed,5,CA
TX-0001917,C-01917,Ethan Wilson,ethan.wilson1917@example.com,10/10/2024,180.93,USD,pending,6,GB
TX-0001918,C-01918,Zoe Garcia,zoe.garcia1918@example.com,11/03/2024,577.85,USD,refunded,7,AU
TX-0001919,C-01919,Mateo Nguyen,mateo.nguyen1919@example.com,12/08/2024,321.87,USD,cancelled,8,DE
TX-0001920,C-01920,Ava Patel,ava.patel1920@example.com,01/01/2024,651.90,USD,completed,1,US
TX-0001921,C-01921,  NOAH KIM  ,noah.kim1921@example.com,02/06/2024,1344.44,USD,pending,2,CA
TX-0001922,C-01922,Mia Martin,mia.martin1922@example.com,03/11/2024,52.00,USD,refunded,3,GB
TX-0001923,C-01923,Liam Smith,liam.smith1923@example.com,04/04/2024,883.27,USD,cancelled,4,AU
TX-0001924,C-01924,Sofia Brown,sofia.brown1924@example.com,05/09/2024,39.74,USD,completed,5,DE
TX-0001925,C-01925,Ethan Wilson,ethan.wilson1925@example.com,06/02/2024,2169.22,USD,pending,6,US
TX-0001926,C-01926,Zoe Garcia,zoe.garcia1926@example.com,07/07/2024,2187.68,USD,refunded,7,CA
TX-0001927,C-01927,Mateo Nguyen,mateo.nguyen1927@example.com,08/12/2024,1238.61,USD,cancelled,8,GB
TX-0001928,C-01928,Ava Patel,ava.patel1928@example.com,09/05/2024,1311.00,USD,completed,1,AU
TX-0001929,C-01929,Noah Kim,noah.kim1929@example.com,10/10/2024,2363.49,USD,pending,2,DE
TX-0001930,C-01930,Mia Martin,mia.martin1930@example.com,11/03/2024,455.89,USD,refunded,3,US
TX-0001931,C-01931,Liam Smith,liam.smith1931@example.com,12/08/2024,852.21,USD,cancelled,4,CA
TX-0001932,C-01932,Sofia Brown,sofia.brown1932@example.com,01/01/2024,703.59,USD,completed,5,GB
TX-0001933,C-01933,Ethan Wilson,ethan.wilson1933@example.com,02/06/2024,1973.93,USD,pending,6,AU
TX-0001934,C-01934,Zoe Garcia,zoe.garcia1934@example.com,03/11/2024,2217.28,USD,refunded,7,DE
TX-0001935,C-01935,Mateo Nguyen,mateo.nguyen1935@example.com,04/04/2024,1893.90,USD,cancelled,8,US
TX-0001936,C-01936,Ava Patel,ava.patel1936@example.com,05/09/2024,818.56,USD,completed,1,CA
TX-0001937,C-01937,Noah Kim,noah.kim1937@example.com,06/02/2024,1551.43,usd,pending,2,GB
TX-0001938,C-01938,Mia Martin,mia.martin1938@example.com,07/07/2024,1041.85,USD,refunded,3,AU
TX-0001939,C-01939,Liam Smith,liam.smith1939@example.com,08/12/2024,1449.88,USD,cancelled,4,DE
TX-0001940,C-01940,Sofia Brown,,09/05/2024,710.06,USD,completed,5,US
TX-0001941,C-01941,Ethan Wilson,ethan.wilson1941@example.com,10/10/2024,748.69,USD,pending,6,CA
TX-0001942,C-01942,Zoe Garcia,zoe.garcia1942@example.com,11/03/2024,1525.36,USD,refunded,7,GB
TX-0001943,C-01943,Mateo Nguyen,mateo.nguyen1943@example.com,12/08/2024,1178.85,USD,cancelled,8,AU
TX-0001944,C-01944,Ava Patel,ava.patel1944@example.com,01/01/2024,235.01,USD,completed,1,DE
TX-0001945,C-01945,Noah Kim,noah.kim1945@example.com,02/06/2024,1650.82,USD,pending,2,US
TX-0001946,C-01946,Mia Martin,mia.martin1946@example.com,03/11/2024,2324.08,USD,refunded,3,CA
TX-0001947,C-01947,Liam Smith,liam.smith1947@example.com,04/04/2024,1455.27,USD,cancelled,4,GB
TX-0001948,C-01948,Sofia Brown,sofia.brown1948@example.com,05/09/2024,933.89,USD,completed,5,AU
TX-0001949,C-01949,Ethan Wilson,ethan.wilson1949@example.com,06/02/2024,2029.00,USD,pending,6,DE
TX-0001950,C-01950,Zoe Garcia,zoe.garcia1950@example.com,07/07/2024,2278.66,USD,refunded,7,US
TX-0001951,C-01951,Mateo Nguyen,mateo.nguyen1951@example.com,08/12/2024,44.09,USD,cancelled,8,CA
TX-0001952,C-01952,Ava Patel,ava.patel1952@example.com,09/05/2024,1392.59,USD,completed,1,GB
TX-0001953,C-01953,Noah Kim,noah.kim1953@example.com,10/10/2024,2052.90,USD,pending,2,AU
TX-0001954,C-01954,Mia Martin,mia.martin1954@example.com,11/03/2024,1073.82,USD,refunded,3,DE
TX-0001955,C-01955,Liam Smith,liam.smith1955@example.com,12/08/2024,1941.15,USD,cancelled,4,US
TX-0001956,C-01956,Sofia Brown,sofia.brown1956@example.com,01/01/2024,424.31,USD,completed,5,CA
TX-0001957,C-01957,Ethan Wilson,ethan.wilson1957@example.com,02/06/2024,234.60,USD,pending,6,GB
TX-0001958,C-01958,Zoe Garcia,zoe.garcia.invalid,03/11/2024,561.75,USD,refunded,7,AU
TX-0001959,C-01959,Mateo Nguyen,mateo.nguyen1959@example.com,04/04/2024,523.23,USD,cancelled,8,DE
TX-0001960,C-01960,Ava Patel,ava.patel1960@example.com,05/09/2024,1750.00,USD,completed,1,US
TX-0001961,C-01961,Noah Kim,noah.kim1961@example.com,06/02/2024,211.77,USD,pending,2,CA
TX-0001962,C-01962,Mia Martin,mia.martin1962@example.com,07/07/2024,1998.10,USD,refunded,3,GB
TX-0001963,C-01963,Liam Smith,liam.smith1963@example.com,08/12/2024,242.79,USD,cancelled,4,AU
TX-0001964,C-01964,Sofia Brown,sofia.brown1964@example.com,09/05/2024,17.80,USD,completed,5,DE
TX-0001965,C-01965,Ethan Wilson,ethan.wilson1965@example.com,10/10/2024,2057.90,USD,pending,6,us
TX-0001966,C-01966,Zoe Garcia,zoe.garcia1966@example.com,11/03/2024,951.90,USD,refunded,7,CA
TX-0001967,C-01967,Mateo Nguyen,mateo.nguyen1967@example.com,12/08/2024,247.09,USD,cancelled,8,GB
TX-0001968,C-01968,Ava Patel,ava.patel1968@example.com,01/01/2024,454.90,USD,completed,1,AU
TX-0001969,C-01969,Noah Kim,noah.kim1969@example.com,02/06/2024,761.03,USD,pending,2,DE
TX-0001970,C-01970,Mia Martin,mia.martin1970@example.com,03/11/2024,1512.69,USD,refunded,3,US
TX-0001971,C-01971,Liam Smith,liam.smith1971@example.com,04/04/2024,734.00,USD,cancelled,4,CA
TX-0001972,C-01972,Sofia Brown,sofia.brown1972@example.com,05/09/2024,648.25,USD,completed,5,GB
TX-0001973,C-01973,Ethan Wilson,ethan.wilson1973@example.com,06/02/2024,2461.04,USD,pending,6,AU
TX-0001974,C-01974,Zoe Garcia,zoe.garcia1974@example.com,07/07/2024,2294.35,USD,refunded,7,DE
TX-0001975,C-01975,Mateo Nguyen,mateo.nguyen1975@example.com,08/12/2024,1758.11,USD,cancelled,8,US
TX-0001976,C-01976,Ava Patel,ava.patel1976@example.com,09/05/2024,1707.92,USD,completed,1,CA
TX-0001977,C-01977,Noah Kim,noah.kim1977@example.com,10/10/2024,1219.77,USD,pending,2,GB
TX-0001978,C-01978,Mia Martin,mia.martin1978@example.com,11/03/2024,265.81,USD,refunded,3,AU
TX-0001979,C-01979,Liam Smith,liam.smith1979@example.com,12/08/2024,225.86,USD,cancelled,4,DE
TX-0001980,C-01980,Sofia Brown,sofia.brown1980@example.com,01/01/2024,1245.65,USD,completed,5,US
TX-0001981,C-01981,Ethan Wilson,ethan.wilson1981@example.com,02/06/2024,2289.26,USD,pending,6,CA
TX-0001982,C-01982,Zoe Garcia,zoe.garcia1982@example.com,03/11/2024,1316.10,USD,refunded,7,GB
TX-0001983,C-01983,Mateo Nguyen,mateo.nguyen1983@example.com,04/04/2024,1758.29,USD,cancelled,8,AU
TX-0001984,C-01984,Ava Patel,ava.patel1984@example.com,05/09/2024,426.12,USD,completed,1,DE
TX-0001985,C-01985,Noah Kim,noah.kim1985@example.com,06/02/2024,1131.20,USD,pending,2,US
TX-0001986,C-01986,Mia Martin,mia.martin1986@example.com,07/07/2024,1981.76,USD,refunded,3,CA
TX-0001987,C-01987,Liam Smith,liam.smith1987@example.com,08/12/2024,257.37,USD,cancelled,4,GB
TX-0001988,C-01988,Sofia Brown,sofia.brown1988@example.com,09/05/2024,328.23,USD,completed,5,AU
TX-0001989,C-01989,Ethan Wilson,ethan.wilson1989@example.com,10/10/2024,705.72,USD,pending,6,DE
TX-0001990,C-01990,Zoe Garcia,zoe.garcia1990@example.com,11/03/2024,996.80,USD,refunded,7,US
TX-0001991,C-01991,Mateo Nguyen,mateo.nguyen1991@example.com,12/08/2024,1284.40, USD ,cancelled,8,CA
TX-0001992,C-01992,Ava Patel,ava.patel1992@example.com,01/01/2024,2040.17,USD,completed,1,GB
TX-0001993,C-01993,Noah Kim,noah.kim1993@example.com,02/06/2024,281.36,USD,pending,2,AU
TX-0001994,C-01994,Mia Martin,mia.martin1994@example.com,03/11/2024,1712.86,USD,refunded,3,DE
TX-0001995,C-01995,Liam Smith,liam.smith1995@example.com,04/04/2024,1279.94,USD,cancelled,4,US
TX-0001996,C-01996,Sofia Brown,sofia.brown1996@example.com,05/09/2024,268.21,USD,completed,5,CA
TX-0001997,C-01997,Ethan Wilson,ethan.wilson1997@example.com,06/02/2024,1997.77,USD,pending,6,GB
TX-0001998,C-01998,Zoe Garcia,zoe.garcia1998@example.com,07/07/2024,2040.98,USD,refunded,7,AU
TX-0001999,C-01999,Mateo Nguyen,mateo.nguyen1999@example.com,08/12/2024,805.10,USD,cancelled,8,DE
TX-0002000,C-02000,Ava Patel,ava.patel2000@example.com,09/05/2024,524.23,USD,completed,1,US
TX-0002001,C-02001,Noah Kim,noah.kim2001@example.com,10/10/2024,1475.64,USD,pending,2,CA
TX-0002002,C-02002,Mia Martin,mia.martin2002@example.com,11/03/2024,1214.42,USD,refunded,3,GB
TX-0002003,C-02003,Liam Smith,liam.smith2003@example.com,12/08/2024,1831.55,USD,cancelled,4,AU
TX-0002004,C-02004,Sofia Brown,sofia.brown2004@example.com,01/01/2024,2025.54,USD,completed,5,DE
TX-0002005,C-02005,Ethan Wilson,ethan.wilson2005@example.com,02/06/2024,1941.28,USD,pending,6,US
TX-0002006,C-02006,Zoe Garcia,zoe.garcia2006@example.com,03/11/2024,1403.06,USD,refunded,7,CA
TX-0002007,C-02007,Mateo Nguyen,mateo.nguyen2007@example.com,04/04/2024,,USD,cancelled,8,GB
TX-0002008,C-02008,Ava Patel,ava.patel2008@example.com,05/09/2024,1588.09,USD,completed,1,AU
TX-0002009,C-02009,Noah Kim,noah.kim2009@example.com,06/02/2024,1428.54,USD,pending,2,DE
TX-0002010,C-02010,Mia Martin,mia.martin2010@example.com,07/07/2024,1849.28,USD,refunded,3,US
TX-0002011,C-02011,Liam Smith,liam.smith2011@example.com,08/12/2024,1730.68,USD,cancelled,4,CA
TX-0002012,C-02012,Sofia Brown,sofia.brown2012@example.com,09/05/2024,2264.49,USD,completed,5,GB
TX-0002013,C-02013,Ethan Wilson,ethan.wilson2013@example.com,10/10/2024,1832.69,USD,pending,6,AU
TX-0002014,C-02014,Zoe Garcia,zoe.garcia2014@example.com,11/03/2024,1606.94,USD,refunded,7,DE
TX-0002015,C-02015,Mateo Nguyen,mateo.nguyen2015@example.com,12/08/2024,2150.59,USD,cancelled,8,US
TX-0002016,C-02016,Ava Patel,ava.patel2016@example.com,01/01/2024,2408.39,USD,completed,1,CA
TX-0002017,C-02017,Noah Kim,noah.kim2017@example.com,02/06/2024,1086.88,USD,pending,2,GB
TX-0002018,C-02018,Mia Martin,mia.martin2018@example.com,03/11/2024,262.65,USD,refunded,3,AU
TX-0002019,C-02019,Liam Smith,liam.smith2019@example.com,04/04/2024,482.37,USD,cancelled,4,DE
TX-0002020,C-02020,Sofia Brown,sofia.brown2020@example.com,05/09/2024,1924.74,USD,completed,5,US
TX-0002021,C-02021,Ethan Wilson,ethan.wilson2021@example.com,06/02/2024,1317.66,USD,pending,6,CA
TX-0002022,C-02022,Zoe Garcia,zoe.garcia2022@example.com,07/07/2024,356.68,USD,refunded,7,GB
TX-0002023,C-02023,Mateo Nguyen,mateo.nguyen2023@example.com,08/12/2024,1918.13,USD,cancelled,8,AU
TX-0002024,C-02024,Ava Patel,ava.patel2024@example.com,09/05/2024,1616.03,USD,completed,1,DE
TX-0002025,C-02025,Noah Kim,noah.kim2025@example.com,10/10/2024,1665.85,USD,pending,2,US
TX-0002026,C-02026,Mia Martin,mia.martin2026@example.com,11/03/2024,687.23,USD,refunded,3,CA
TX-0002027,C-02027,Liam Smith,liam.smith2027@example.com,12/08/2024,1248.22,USD,cancelled,4,GB
TX-0002028,C-02028,Sofia Brown,sofia.brown2028@example.com,01/01/2024,2471.61,USD,completed,5,AU
TX-0002029,C-02029,Ethan Wilson,ethan.wilson2029@example.com,02/06/2024,2432.80,USD,pending,6,DE
TX-0002030,C-02030,Zoe Garcia,zoe.garcia2030@example.com,03/11/2024,1964.15,USD,refunded,7,US
TX-0002031,C-02031,Mateo Nguyen,mateo.nguyen2031@example.com,04/04/2024,50.42,USD,cancelled,8,CA
TX-0002032,C-02032,ava patel,ava.patel2032@example.com,05/09/2024,2040.98,USD,completed,1,GB
TX-0002033,C-02033,Noah Kim,noah.kim2033@example.com,06/02/2024,506.38,USD,pending,2,AU
TX-0002034,C-02034,  MIA MARTIN  ,mia.martin2034@example.com,07/07/2024,1500.27,USD,refunded,3,DE
TX-0002035,C-02035,Liam Smith,liam.smith2035@example.com,08/12/2024,1669.92,USD,cancelled,4,US
TX-0002036,C-02036,Sofia Brown,sofia.brown2036@example.com,09/05/2024,1016.05,USD,completed,5,CA
TX-0002037,C-02037,Ethan Wilson,,10/10/2024,1406.25,USD,pending,6,GB
TX-0002038,C-02038,Zoe Garcia,zoe.garcia2038@example.com,11/03/2024,1427.93,USD,refunded,7,AU
TX-0002039,C-02039,Mateo Nguyen,mateo.nguyen2039@example.com,12/08/2024,1613.74,USD,cancelled,8,DE
TX-0002040,C-02040,Ava Patel,ava.patel2040@example.com,01/01/2024,1508.91,USD,completed,1,US
TX-0002041,C-02041,Noah Kim,noah.kim2041@example.com,02/06/2024,2272.08,USD,COMPLETE,2,CA
TX-0002042,C-02042,Mia Martin,mia.martin2042@example.com,03/11/2024,1333.46,USD,refunded,3,GB
TX-0002043,C-02043,Liam Smith,liam.smith2043@example.com,04/04/2024,1674.48,USD,cancelled,4,AU
TX-0002044,C-02044,Sofia Brown,sofia.brown2044@example.com,05/09/2024,1668.40,USD,completed,5,DE
TX-0002045,C-02045,Ethan Wilson,ethan.wilson2045@example.com,06/02/2024,2182.81,USD,pending,6,US
TX-0002046,C-02046,Zoe Garcia,zoe.garcia2046@example.com,07/07/2024,2391.99,USD,refunded,7,CA
TX-0002047,C-02047,Mateo Nguyen,mateo.nguyen.invalid,08/12/2024,1389.23,USD,cancelled,8,GB
TX-0002048,C-02048,Ava Patel,ava.patel2048@example.com,09/05/2024,506.51,USD,completed,1,AU
TX-0002049,C-02049,Noah Kim,noah.kim2049@example.com,10/10/2024,635.53,USD,pending,2,DE
TX-0002050,C-02050,Mia Martin,mia.martin2050@example.com,11/03/2024,508.12,USD,refunded,3,US
TX-0002051,C-02051,Liam Smith,liam.smith2051@example.com,12/08/2024,2397.79,USD,cancelled,4,CA
TX-0002052,C-02052,Sofia Brown,sofia.brown2052@example.com,01/01/2024,1006.34,USD,completed,5,GB
TX-0002053,C-02053,Ethan Wilson,ethan.wilson2053@example.com,02/06/2024,1965.66,USD,pending,6,AU
TX-0002054,C-02054,Zoe Garcia,zoe.garcia2054@example.com,03/11/2024,1660.11,USD,refunded,7,DE
TX-0002055,C-02055,Mateo Nguyen,mateo.nguyen2055@example.com,04/04/2024,11.01,USD,cancelled,8,US
TX-0002056,C-02056,Ava Patel,ava.patel2056@example.com,05/09/2024,636.02,USD,completed,1,CA
TX-0002057,C-02057,Noah Kim,noah.kim2057@example.com,06/02/2024,2160.76,USD,pending,2,GB
TX-0002058,C-02058,Mia Martin,mia.martin2058@example.com,07/07/2024,1389.70,USD,refunded,3,AU
TX-0002059,C-02059,Liam Smith,liam.smith2059@example.com,08/12/2024,1446.47,USD,cancelled,4,DE
TX-0002060,C-02060,Sofia Brown,sofia.brown2060@example.com,09/05/2024,786.16,USD,completed,5,US
TX-0002061,C-02061,Ethan Wilson,ethan.wilson2061@example.com,10/10/2024,2183.08,USD,pending,6,CA
TX-0002062,C-02062,Zoe Garcia,zoe.garcia2062@example.com,11/03/2024,70.49,USD,refunded,7,GB
TX-0002063,C-02063,Mateo Nguyen,mateo.nguyen2063@example.com,12/08/2024,1516.61,USD,cancelled,8,AU
TX-0002064,C-02064,Ava Patel,ava.patel2064@example.com,01/01/2024,1575.12,USD,completed,1,DE
TX-0002065,C-02065,Noah Kim,noah.kim2065@example.com,02/06/2024,2147.62,USD,pending,2,US
TX-0002066,C-02066,Mia Martin,mia.martin2066@example.com,03/11/2024,1360.50,USD,refunded,3,CA
TX-0002067,C-02067,Liam Smith,liam.smith2067@example.com,04/04/2024,717.20,USD,cancelled,4,GB
TX-0002068,C-02068,Sofia Brown,sofia.brown2068@example.com,05/09/2024,1232.78,USD,completed,5,AU
TX-0002069,C-02069,Ethan Wilson,ethan.wilson2069@example.com,06/02/2024,1777.13,USD,pending,6,DE
TX-0002070,C-02070,Zoe Garcia,zoe.garcia2070@example.com,07/07/2024,1710.64,USD,refunded,7,US
TX-0002071,C-02071,Mateo Nguyen,mateo.nguyen2071@example.com,08/12/2024,2092.94,USD,cancelled,8,CA
TX-0002072,C-02072,Ava Patel,ava.patel2072@example.com,09/05/2024,2107.62,USD,completed,1,GB
TX-0002073,C-02073,Noah Kim,noah.kim2073@example.com,10/10/2024,1049.37,USD,pending,2,AU
TX-0002074,C-02074,Mia Martin,mia.martin2074@example.com,11/03/2024,131.32,USD,refunded,3,DE
TX-0002075,C-02075,Liam Smith,liam.smith2075@example.com,12/08/2024,1081.41,USD,cancelled,4,US
TX-0002076,C-02076,Sofia Brown,sofia.brown2076@example.com,01/01/2024,1812.21,USD,completed,5,USA
TX-0002077,C-02077,Ethan Wilson,ethan.wilson2077@example.com,02/06/2024,2099.49,USD,pending,6,GB
TX-0002078,C-02078,Zoe Garcia,zoe.garcia2078@example.com,03/11/2024,1183.96,USD,refunded,7,AU
TX-0002079,C-02079,Mateo Nguyen,mateo.nguyen2079@example.com,04/04/2024,1279.61,USD,cancelled,8,DE
TX-0002080,C-02080,Ava Patel,ava.patel2080@example.com,05/09/2024,184.98,USD,completed,1,US
TX-0002081,C-02081,Noah Kim,noah.kim2081@example.com,06/02/2024,2001.92,USD,pending,2,CA
TX-0002082,C-02082,Mia Martin,mia.martin2082@example.com,07/07/2024,428.70,USD,refunded,3,GB
TX-0002083,C-02083,Liam Smith,liam.smith2083@example.com,08/12/2024,1458.04,USD,cancelled,4,AU
TX-0002084,C-02084,Sofia Brown,sofia.brown2084@example.com,09/05/2024,518.40,USD,completed,5,DE
TX-0002085,C-02085,Ethan Wilson,ethan.wilson2085@example.com,10/10/2024,2345.71,USD,pending,6,US
TX-0002086,C-02086,Zoe Garcia,zoe.garcia2086@example.com,11/03/2024,1360.64,usd,refunded,7,CA
TX-0002087,C-02087,Mateo Nguyen,mateo.nguyen2087@example.com,12/08/2024,625.16,USD,cancelled,8,GB
TX-0002088,C-02088,Ava Patel,ava.patel2088@example.com,01/01/2024,2094.48,USD,completed,1,AU
TX-0002089,C-02089,Noah Kim,noah.kim2089@example.com,02/06/2024,1385.87,USD,pending,2,DE
TX-0002090,C-02090,Mia Martin,mia.martin2090@example.com,03/11/2024,353.34,USD,refunded,3,US
TX-0002091,C-02091,Liam Smith,liam.smith2091@example.com,04/04/2024,545.75,USD,cancelled,4,CA
TX-0002092,C-02092,Sofia Brown,sofia.brown2092@example.com,05/09/2024,2195.42,USD,completed,5,GB
TX-0002093,C-02093,Ethan Wilson,ethan.wilson2093@example.com,06/02/2024,806.79,USD,pending,6,AU
TX-0002094,C-02094,Zoe Garcia,zoe.garcia2094@example.com,07/07/2024,1858.45,USD,refunded,7,DE
TX-0002095,C-02095,Mateo Nguyen,mateo.nguyen2095@example.com,08/12/2024,1685.18,USD,cancelled,8,US
TX-0002096,C-02096,Ava Patel,ava.patel2096@example.com,09/05/2024,577.65,USD,completed,1,ca
TX-0002097,C-02097,Noah Kim,noah.kim2097@example.com,10/10/2024,278.05,USD,pending,2,GB
TX-0002098,C-02098,Mia Martin,mia.martin2098@example.com,11/03/2024,874.52,USD,refunded,3,AU
TX-0002099,C-02099,Liam Smith,liam.smith2099@example.com,12/08/2024,776.57,USD,cancelled,4,DE
TX-0002100,C-02100,Sofia Brown,sofia.brown2100@example.com,01/01/2024,1924.24,USD,completed,5,US
TX-0002101,C-02101,Ethan Wilson,ethan.wilson2101@example.com,02/06/2024,2034.44,USD,unknown,6,CA
TX-0002102,C-02102,Zoe Garcia,zoe.garcia2102@example.com,03/11/2024,946.55,USD,refunded,7,GB
TX-0002103,C-02103,Mateo Nguyen,mateo.nguyen2103@example.com,04/04/2024,984.99,USD,cancelled,8,AU
TX-0002104,C-02104,Ava Patel,ava.patel2104@example.com,05/09/2024,2078.97,USD,completed,1,DE
TX-0002105,C-02105,Noah Kim,noah.kim2105@example.com,06/02/2024,489.95,USD,pending,2,US
TX-0002106,C-02106,Mia Martin,mia.martin2106@example.com,07/07/2024,868.03,USD,refunded,3,CA
TX-0002107,C-02107,Liam Smith,liam.smith2107@example.com,08/12/2024,1529.72,USD,cancelled,4,GB
TX-0002108,C-02108,Sofia Brown,sofia.brown2108@example.com,09/05/2024,397.57,USD,completed,5,AU
TX-0002109,C-02109,Ethan Wilson,ethan.wilson2109@example.com,10/10/2024,1075.10,USD,pending,6,DE
TX-0002110,C-02110,Zoe Garcia,zoe.garcia2110@example.com,11/03/2024,-79.98,USD,refunded,7,US
TX-0002111,C-02111,Mateo Nguyen,mateo.nguyen2111@example.com,12/08/2024,2370.28,USD,cancelled,8,CA
TX-0002112,C-02112,Ava Patel,ava.patel2112@example.com,01/01/2024,2129.34,USD,completed,1,GB
TX-0002113,C-02113,Noah Kim,noah.kim2113@example.com,02/06/2024,826.51,USD,pending,2,AU
TX-0002114,C-02114,Mia Martin,mia.martin2114@example.com,03/11/2024,188.49,USD,refunded,3,DE
TX-0002115,C-02115,Liam Smith,liam.smith2115@example.com,04/04/2024,2433.41,USD,cancelled,4,US
TX-0002116,C-02116,Sofia Brown,sofia.brown2116@example.com,05/09/2024,210.43,USD,completed,5,CA
TX-0002117,C-02117,Ethan Wilson,ethan.wilson2117@example.com,06/02/2024,1577.24,USD,pending,6,GB
TX-0002118,C-02118,Zoe Garcia,zoe.garcia2118@example.com,07/07/2024,1058.14,USD,refunded,7,AU
TX-0002119,C-02119,Mateo Nguyen,mateo.nguyen2119@example.com,08/12/2024,2264.19,USD,cancelled,8,DE
TX-0002120,C-02120,Ava Patel,ava.patel2120@example.com,09/05/2024,1466.34,USD,completed,1,US
TX-0002121,C-02121,Noah Kim,noah.kim2121@example.com,10/10/2024,1285.87,USD,pending,2,CA
TX-0002122,C-02122,Mia Martin,mia.martin2122@example.com,11/03/2024,792.37,USD,refunded,3,GB
TX-0002123,C-02123,Liam Smith,liam.smith2123@example.com,12/08/2024,504.25,USD,cancelled,4,AU
TX-0002124,C-02124,Sofia Brown,sofia.brown2124@example.com,01/01/2024,404.57,USD,completed,5,DE
TX-0002125,C-02125,Ethan Wilson,ethan.wilson2125@example.com,02/06/2024,868.22,USD,pending,6,US
TX-0002126,C-02126,Zoe Garcia,zoe.garcia2126@example.com,03/11/2024,1607.23,USD,refunded,7,CA
TX-0002127,C-02127,Mateo Nguyen,mateo.nguyen2127@example.com,04/04/2024,228.17,USD,cancelled,8,GB
TX-0002128,C-02128,Ava Patel,ava.patel2128@example.com,05/09/2024,1289.80,USD,completed,1,AU
TX-0002129,C-02129,Noah Kim,noah.kim2129@example.com,06/02/2024,1215.55,USD,pending,2,DE
TX-0002130,C-02130,Mia Martin,mia.martin2130@example.com,07/07/2024,1584.83,USD,refunded,3,US
TX-0002131,C-02131,Liam Smith,liam.smith2131@example.com,08/12/2024,1153.74,USD,cancelled,4,CA
TX-0002132,C-02132,Sofia Brown,sofia.brown2132@example.com,09/05/2024,187.30,USD,completed,5,GB
TX-0002133,C-02133,Ethan Wilson,ethan.wilson2133@example.com,10/10/2024,2019.05,USD,pending,6,AU
TX-0002134,C-02134,Zoe Garcia,,11/03/2024,815.08,USD,refunded,7,DE
TX-0002135,C-02135,Mateo Nguyen,mateo.nguyen2135@example.com,12/08/2024,2203.08,USD,cancelled,8,US
TX-0002136,C-02136,Ava Patel,ava.patel.invalid,01/01/2024,446.39,USD,completed,1,CA
TX-0002137,C-02137,Noah Kim,noah.kim2137@example.com,02/06/2024,708.75,USD,pending,2,GB
TX-0002138,C-02138,Mia Martin,mia.martin2138@example.com,03/11/2024,2311.00,USD,refunded,3,AU
TX-0002139,C-02139,Liam Smith,liam.smith2139@example.com,04/04/2024,188.74,USD,cancelled,4,DE
TX-0002140,C-02140,Sofia Brown,sofia.brown2140@example.com,05/09/2024,1361.56,USD,completed,5,US
TX-0002141,C-02141,Ethan Wilson,ethan.wilson2141@example.com,06/02/2024,1456.88,USD,pending,6,CA
TX-0002142,C-02142,Zoe Garcia,zoe.garcia2142@example.com,07/07/2024,2293.46,USD,refunded,7,GB
TX-0002143,C-02143,Mateo Nguyen,mateo.nguyen2143@example.com,08/12/2024,2139.72,USD,cancelled,8,AU
TX-0002144,C-02144,Ava Patel,ava.patel2144@example.com,09/05/2024,1525.08,USD,completed,1,DE
TX-0002145,C-02145,Noah Kim,noah.kim2145@example.com,10/10/2024,786.91,USD,pending,2,US
TX-0002146,C-02146,Mia Martin,mia.martin2146@example.com,11/03/2024,815.46,USD,refunded,3,CA
TX-0002147,C-02147,  LIAM SMITH  ,liam.smith2147@example.com,12/08/2024,1782.42,USD,cancelled,4,GB
TX-0002148,C-02148,Sofia Brown,sofia.brown2148@example.com,01/01/2024,2458.58,USD,completed,5,AU
TX-0002149,C-02149,Ethan Wilson,ethan.wilson2149@example.com,02/06/2024,47.30,USD,pending,6,DE
TX-0002150,C-02150,Zoe Garcia,zoe.garcia2150@example.com,03/11/2024,767.18,USD,refunded,7,US
TX-0002151,C-02151,Mateo Nguyen,mateo.nguyen2151@example.com,04/04/2024,444.53,USD,cancelled,8,CA
TX-0002152,C-02152,Ava Patel,ava.patel2152@example.com,05/09/2024,675.74,USD,completed,1,GB
TX-0002153,C-02153,Noah Kim,noah.kim2153@example.com,06/02/2024,1761.09,USD,pending,2,AU
TX-0002154,C-02154,Mia Martin,mia.martin2154@example.com,07/07/2024,1431.20,USD,refunded,3,DE
TX-0002155,C-02155,Liam Smith,liam.smith2155@example.com,08/12/2024,2222.58,USD,cancelled,4,US
TX-0002156,C-02156,Sofia Brown,sofia.brown2156@example.com,09/05/2024,137.60,USD,completed,5,CA
TX-0002157,C-02157,Ethan Wilson,ethan.wilson2157@example.com,10/10/2024,1390.74,USD,pending,6,GB
TX-0002158,C-02158,Zoe Garcia,zoe.garcia2158@example.com,11/03/2024,106.85,USD,refunded,7,AU
TX-0002159,C-02159,mateo nguyen,mateo.nguyen2159@example.com,12/08/2024,95.86,USD,cancelled,8,DE
TX-0002160,C-02160,Ava Patel,ava.patel2160@example.com,01/01/2024,1643.21,USD,completed,1,US
TX-0002161,C-02161,Noah Kim,noah.kim2161@example.com,02/06/2024,186.65,USD,pending,2,CA
TX-0002162,C-02162,Mia Martin,mia.martin2162@example.com,03/11/2024,1837.07,USD,refunded,3,GB
TX-0002163,C-02163,Liam Smith,liam.smith2163@example.com,04/04/2024,1373.47,USD,cancelled,4,AU
TX-0002164,C-02164,Sofia Brown,sofia.brown2164@example.com,05/09/2024,483.80,USD,completed,5,DE
TX-0002165,C-02165,Ethan Wilson,ethan.wilson2165@example.com,06/02/2024,1645.37,USD,pending,6,US
TX-0002166,C-02166,Zoe Garcia,zoe.garcia2166@example.com,07/07/2024,385.11,USD,refunded,7,CA
TX-0002167,C-02167,Mateo Nguyen,mateo.nguyen2167@example.com,08/12/2024,1432.27,USD,cancelled,8,GB
TX-0002168,C-02168,Ava Patel,ava.patel2168@example.com,09/05/2024,2480.41,USD,completed,1,AU
TX-0002169,C-02169,Noah Kim,noah.kim2169@example.com,10/10/2024,1407.33,USD,pending,2,DE
TX-0002170,C-02170,Mia Martin,mia.martin2170@example.com,11/03/2024,531.50,USD,refunded,3,US
TX-0002171,C-02171,Liam Smith,liam.smith2171@example.com,12/08/2024,892.73,USD,cancelled,4,CA
TX-0002172,C-02172,Sofia Brown,sofia.brown2172@example.com,01/01/2024,1405.54, USD ,completed,5,GB
TX-0002173,C-02173,Ethan Wilson,ethan.wilson2173@example.com,02/06/2024,548.76,USD,pending,6,AU
TX-0002174,C-02174,Zoe Garcia,zoe.garcia2174@example.com,03/11/2024,2197.92,USD,refunded,7,DE
TX-0002175,C-02175,Mateo Nguyen,mateo.nguyen2175@example.com,04/04/2024,1639.15,USD,cancelled,8,US
TX-0002176,C-02176,Ava Patel,ava.patel2176@example.com,05/09/2024,1274.52,USD,completed,1,CA
TX-0002177,C-02177,Noah Kim,noah.kim2177@example.com,06/02/2024,1159.00,USD,pending,2,GB
TX-0002178,C-02178,Mia Martin,mia.martin2178@example.com,07/07/2024,2431.81,USD,refunded,3,AU
TX-0002179,C-02179,Liam Smith,liam.smith2179@example.com,08/12/2024,1626.21,USD,cancelled,4,DE
TX-0002180,C-02180,Sofia Brown,sofia.brown2180@example.com,09/05/2024,2239.33,USD,completed,5,US
TX-0002181,C-02181,Ethan Wilson,ethan.wilson2181@example.com,10/10/2024,227.73,USD,pending,6,CA
TX-0002182,C-02182,Zoe Garcia,zoe.garcia2182@example.com,11/03/2024,2309.79,USD,refunded,7,GB
TX-0002183,C-02183,Mateo Nguyen,mateo.nguyen2183@example.com,12/08/2024,1024.57,USD,cancelled,8,AU
TX-0002184,C-02184,Ava Patel,ava.patel2184@example.com,01/01/2024,1961.97,USD,completed,1,DE
TX-0002185,C-02185,Noah Kim,noah.kim2185@example.com,02/06/2024,880.97,USD,pending,2,US
TX-0002186,C-02186,Mia Martin,mia.martin2186@example.com,03/11/2024,87.60,USD,refunded,3,CA
TX-0002187,C-02187,Liam Smith,liam.smith2187@example.com,04/04/2024,136.83,USD,cancelled,4,GB
TX-0002188,C-02188,Sofia Brown,sofia.brown2188@example.com,05/09/2024,616.64,USD,completed,5,AU
TX-0002189,C-02189,Ethan Wilson,ethan.wilson2189@example.com,06/02/2024,1948.95,USD,pending,6,DE
TX-0002190,C-02190,Zoe Garcia,zoe.garcia2190@example.com,07/07/2024,2162.52,USD,refunded,7,US
TX-0002191,C-02191,Mateo Nguyen,mateo.nguyen2191@example.com,08/12/2024,617.49,USD,cancelled,8,CA
TX-0002192,C-02192,Ava Patel,ava.patel2192@example.com,09/05/2024,1421.66,USD,completed,1,GB
TX-0002193,C-02193,Noah Kim,noah.kim2193@example.com,10/10/2024,356.56,USD,pending,2,AU
TX-0002194,C-02194,Mia Martin,mia.martin2194@example.com,11/03/2024,2124.49,USD,refunded,3,DE
TX-0002195,C-02195,Liam Smith,liam.smith2195@example.com,12/08/2024,1909.27,USD,cancelled,4,US
TX-0002196,C-02196,Sofia Brown,sofia.brown2196@example.com,01/01/2024,1706.52,USD,completed,5,CA
TX-0002197,C-02197,Ethan Wilson,ethan.wilson2197@example.com,02/06/2024,2196.16,USD,pending,6,GB
TX-0002198,C-02198,Zoe Garcia,zoe.garcia2198@example.com,03/11/2024,2106.87,USD,COMPLETE,7,AU
TX-0002199,C-02199,Mateo Nguyen,mateo.nguyen2199@example.com,04/04/2024,658.35,USD,cancelled,8,DE
TX-0002200,C-02200,Ava Patel,ava.patel2200@example.com,05/09/2024,1332.60,USD,completed,1,US
TX-0002201,C-02201,Noah Kim,noah.kim2201@example.com,06/02/2024,199.71,USD,pending,2,CA
TX-0002202,C-02202,Mia Martin,mia.martin2202@example.com,07/07/2024,1073.39,USD,refunded,3,GB
TX-0002203,C-02203,Liam Smith,liam.smith2203@example.com,08/12/2024,1247.54,USD,cancelled,4,AU
TX-0002204,C-02204,Sofia Brown,sofia.brown2204@example.com,09/05/2024,2402.74,USD,completed,5,DE
TX-0002205,C-02205,Ethan Wilson,ethan.wilson2205@example.com,10/10/2024,446.77,USD,pending,6,US
TX-0002206,C-02206,Zoe Garcia,zoe.garcia2206@example.com,11/03/2024,2179.16,USD,refunded,7,CA
TX-0002207,C-02207,Mateo Nguyen,mateo.nguyen2207@example.com,12/08/2024,227.37,USD,cancelled,8,GB
TX-0002208,C-02208,Ava Patel,ava.patel2208@example.com,01/01/2024,913.47,USD,completed,1,AU
TX-0002209,C-02209,Noah Kim,noah.kim2209@example.com,02/06/2024,1472.22,USD,pending,2,DE
TX-0002210,C-02210,Mia Martin,mia.martin2210@example.com,03/11/2024,242.29,USD,refunded,3,US
TX-0002211,C-02211,Liam Smith,liam.smith2211@example.com,04/04/2024,2218.52,USD,cancelled,4,CA
TX-0002212,C-02212,Sofia Brown,sofia.brown2212@example.com,05/09/2024,207.14,USD,completed,5,GB
TX-0002213,C-02213,Ethan Wilson,ethan.wilson2213@example.com,06/02/2024,1284.31,USD,pending,6,AU
TX-0002214,C-02214,Zoe Garcia,zoe.garcia2214@example.com,07/07/2024,1203.01,USD,refunded,7,DE
TX-0002215,C-02215,Mateo Nguyen,mateo.nguyen2215@example.com,08/12/2024,131.49,USD,cancelled,8,US
TX-0002216,C-02216,Ava Patel,ava.patel2216@example.com,09/05/2024,938.84,USD,completed,1,CA
TX-0002217,C-02217,Noah Kim,noah.kim2217@example.com,10/10/2024,2363.57,USD,pending,2,GB
TX-0002218,C-02218,Mia Martin,mia.martin2218@example.com,11/03/2024,715.78,USD,refunded,3,AU
TX-0002219,C-02219,Liam Smith,liam.smith2219@example.com,12/08/2024,1672.33,USD,cancelled,4,DE
TX-0002220,C-02220,Sofia Brown,sofia.brown2220@example.com,01/01/2024,2217.67,USD,completed,5,US
TX-0002221,C-02221,Ethan Wilson,ethan.wilson2221@example.com,02/06/2024,464.60,USD,pending,6,CA
TX-0002222,C-02222,Zoe Garcia,zoe.garcia2222@example.com,03/11/2024,2131.00,USD,refunded,7,GB
TX-0002223,C-02223,Mateo Nguyen,mateo.nguyen2223@example.com,04/04/2024,1594.70,USD,cancelled,8,AU
TX-0002224,C-02224,Ava Patel,ava.patel2224@example.com,05/09/2024,1494.71,USD,completed,1,DE
TX-0002225,C-02225,Noah Kim,noah.kim.invalid,06/02/2024,337.39,USD,pending,2,US
TX-0002226,C-02226,Mia Martin,mia.martin2226@example.com,07/07/2024,2051.48,USD,refunded,3,CA
TX-0002227,C-02227,Liam Smith,liam.smith2227@example.com,08/12/2024,36.80,USD,cancelled,4,gb
TX-0002228,C-02228,Sofia Brown,sofia.brown2228@example.com,09/05/2024,1177.79,USD,completed,5,AU
TX-0002229,C-02229,Ethan Wilson,ethan.wilson2229@example.com,10/10/2024,786.49,USD,pending,6,DE
TX-0002230,C-02230,Zoe Garcia,zoe.garcia2230@example.com,11/03/2024,,USD,refunded,7,US
TX-0002231,C-02231,Mateo Nguyen,,12/08/2024,847.26,USD,cancelled,8,CA
TX-0002232,C-02232,Ava Patel,ava.patel2232@example.com,01/01/2024,2373.86,USD,completed,1,GB
TX-0002233,C-02233,Noah Kim,noah.kim2233@example.com,02/06/2024,1979.38,USD,pending,2,AU
TX-0002234,C-02234,Mia Martin,mia.martin2234@example.com,03/11/2024,2332.32,USD,refunded,3,DE
TX-0002235,C-02235,Liam Smith,liam.smith2235@example.com,04/04/2024,784.72,usd,cancelled,4,US
TX-0002236,C-02236,Sofia Brown,sofia.brown2236@example.com,05/09/2024,685.51,USD,completed,5,CA
TX-0002237,C-02237,Ethan Wilson,ethan.wilson2237@example.com,06/02/2024,2269.32,USD,pending,6,GB
TX-0002238,C-02238,Zoe Garcia,zoe.garcia2238@example.com,07/07/2024,1278.95,USD,refunded,7,AU
TX-0002239,C-02239,Mateo Nguyen,mateo.nguyen2239@example.com,08/12/2024,1154.20,USD,cancelled,8,DE
TX-0002240,C-02240,Ava Patel,ava.patel2240@example.com,09/05/2024,1338.04,USD,completed,1,US
TX-0002241,C-02241,Noah Kim,noah.kim2241@example.com,10/10/2024,1246.20,USD,pending,2,CA
TX-0002242,C-02242,Mia Martin,mia.martin2242@example.com,11/03/2024,2449.23,USD,refunded,3,GB
TX-0002243,C-02243,Liam Smith,liam.smith2243@example.com,12/08/2024,386.99,USD,cancelled,4,AU
TX-0002244,C-02244,Sofia Brown,sofia.brown2244@example.com,01/01/2024,383.49,USD,completed,5,DE
TX-0002245,C-02245,Ethan Wilson,ethan.wilson2245@example.com,02/06/2024,2181.02,USD,pending,6,US
TX-0002246,C-02246,Zoe Garcia,zoe.garcia2246@example.com,03/11/2024,1445.11,USD,refunded,7,CA
TX-0002247,C-02247,Mateo Nguyen,mateo.nguyen2247@example.com,04/04/2024,2011.58,USD,cancelled,8,GB
TX-0002248,C-02248,Ava Patel,ava.patel2248@example.com,05/09/2024,799.48,USD,completed,1,AU
TX-0002249,C-02249,Noah Kim,noah.kim2249@example.com,06/02/2024,301.03,USD,pending,2,USA
TX-0002250,C-02250,Mia Martin,mia.martin2250@example.com,07/07/2024,1828.82,USD,refunded,3,US
TX-0002251,C-02251,Liam Smith,liam.smith2251@example.com,08/12/2024,2045.09,USD,cancelled,4,CA
TX-0002252,C-02252,Sofia Brown,sofia.brown2252@example.com,09/05/2024,2346.87,USD,completed,5,GB
TX-0002253,C-02253,Ethan Wilson,ethan.wilson2253@example.com,10/10/2024,56.42,USD,pending,6,AU
TX-0002254,C-02254,Zoe Garcia,zoe.garcia2254@example.com,11/03/2024,838.33,USD,refunded,7,DE
TX-0002255,C-02255,Mateo Nguyen,mateo.nguyen2255@example.com,12/08/2024,1750.34,USD,cancelled,8,US
TX-0002256,C-02256,Ava Patel,ava.patel2256@example.com,01/01/2024,2477.84,USD,completed,1,CA
TX-0002257,C-02257,Noah Kim,noah.kim2257@example.com,02/06/2024,1039.27,USD,pending,2,GB
TX-0002258,C-02258,Mia Martin,mia.martin2258@example.com,03/11/2024,1257.43,USD,refunded,3,AU
TX-0002259,C-02259,Liam Smith,liam.smith2259@example.com,04/04/2024,627.32,USD,cancelled,4,DE
TX-0002260,C-02260,  SOFIA BROWN  ,sofia.brown2260@example.com,05/09/2024,1968.48,USD,completed,5,US
TX-0002261,C-02261,Ethan Wilson,ethan.wilson2261@example.com,06/02/2024,1224.58,USD,pending,6,CA
TX-0002262,C-02262,Zoe Garcia,zoe.garcia2262@example.com,07/07/2024,2089.33,USD,refunded,7,GB
TX-0002263,C-02263,Mateo Nguyen,mateo.nguyen2263@example.com,08/12/2024,35.54,USD,cancelled,8,AU
TX-0002264,C-02264,Ava Patel,ava.patel2264@example.com,09/05/2024,1093.48,USD,completed,1,DE
TX-0002265,C-02265,Noah Kim,noah.kim2265@example.com,10/10/2024,198.30,USD,pending,2,US
TX-0002266,C-02266,Mia Martin,mia.martin2266@example.com,11/03/2024,2008.69,USD,refunded,3,CA
TX-0002267,C-02267,Liam Smith,liam.smith2267@example.com,12/08/2024,572.90,USD,cancelled,4,GB
TX-0002268,C-02268,Sofia Brown,sofia.brown2268@example.com,01/01/2024,1947.35,USD,completed,5,AU
TX-0002269,C-02269,Ethan Wilson,ethan.wilson2269@example.com,02/06/2024,655.35,USD,pending,6,DE
TX-0002270,C-02270,Zoe Garcia,zoe.garcia2270@example.com,03/11/2024,124.50,USD,refunded,7,US
TX-0002271,C-02271,Mateo Nguyen,mateo.nguyen2271@example.com,04/04/2024,2170.75,USD,cancelled,8,CA
TX-0002272,C-02272,Ava Patel,ava.patel2272@example.com,05/09/2024,1816.41,USD,completed,1,GB
TX-0002273,C-02273,Noah Kim,noah.kim2273@example.com,06/02/2024,1910.71,USD,pending,2,AU
TX-0002274,C-02274,Mia Martin,mia.martin2274@example.com,07/07/2024,2.75,USD,refunded,3,DE
TX-0002275,C-02275,Liam Smith,liam.smith2275@example.com,08/12/2024,896.89,USD,cancelled,4,US
TX-0002276,C-02276,Sofia Brown,sofia.brown2276@example.com,09/05/2024,172.48,USD,completed,5,CA
TX-0002277,C-02277,Ethan Wilson,ethan.wilson2277@example.com,10/10/2024,1917.17,USD,pending,6,GB
TX-0002278,C-02278,Zoe Garcia,zoe.garcia2278@example.com,11/03/2024,176.50,USD,refunded,7,AU
TX-0002279,C-02279,Mateo Nguyen,mateo.nguyen2279@example.com,12/08/2024,328.47,USD,cancelled,8,DE
TX-0002280,C-02280,Ava Patel,ava.patel2280@example.com,01/01/2024,494.03,USD,completed,1,US
TX-0002281,C-02281,Noah Kim,noah.kim2281@example.com,02/06/2024,1221.20,USD,pending,2,CA
TX-0002282,C-02282,Mia Martin,mia.martin2282@example.com,03/11/2024,1730.95,USD,refunded,3,GB
TX-0002283,C-02283,Liam Smith,liam.smith2283@example.com,04/04/2024,1035.19,USD,cancelled,4,AU
TX-0002284,C-02284,Sofia Brown,sofia.brown2284@example.com,05/09/2024,944.37,USD,completed,5,DE
TX-0002285,C-02285,Ethan Wilson,ethan.wilson2285@example.com,06/02/2024,2035.11,USD,pending,6,US
TX-0002286,C-02286,zoe garcia,zoe.garcia2286@example.com,07/07/2024,151.25,USD,refunded,7,CA
TX-0002287,C-02287,Mateo Nguyen,mateo.nguyen2287@example.com,08/12/2024,1430.94,USD,cancelled,8,GB
TX-0002288,C-02288,Ava Patel,ava.patel2288@example.com,09/05/2024,805.30,USD,completed,1,AU
TX-0002289,C-02289,Noah Kim,noah.kim2289@example.com,10/10/2024,1597.80,USD,pending,2,DE
TX-0002290,C-02290,Mia Martin,mia.martin2290@example.com,11/03/2024,1006.20,USD,refunded,3,US
TX-0002291,C-02291,Liam Smith,liam.smith2291@example.com,12/08/2024,1718.49,USD,cancelled,4,CA
TX-0002292,C-02292,Sofia Brown,sofia.brown2292@example.com,01/01/2024,340.17,USD,unknown,5,GB
TX-0002293,C-02293,Ethan Wilson,ethan.wilson2293@example.com,02/06/2024,1534.76,USD,pending,6,AU
TX-0002294,C-02294,Zoe Garcia,zoe.garcia2294@example.com,03/11/2024,2134.35,USD,refunded,7,DE
TX-0002295,C-02295,Mateo Nguyen,mateo.nguyen2295@example.com,04/04/2024,2160.14,USD,cancelled,8,US
TX-0002296,C-02296,Ava Patel,ava.patel2296@example.com,05/09/2024,998.98,USD,completed,1,CA
TX-0002297,C-02297,Noah Kim,noah.kim2297@example.com,06/02/2024,592.38,USD,pending,2,GB
TX-0002298,C-02298,Mia Martin,mia.martin2298@example.com,07/07/2024,2406.77,USD,refunded,3,AU
TX-0002299,C-02299,Liam Smith,liam.smith2299@example.com,08/12/2024,920.02,USD,cancelled,4,DE
TX-0002300,C-02300,Sofia Brown,sofia.brown2300@example.com,09/05/2024,521.50,USD,completed,5,US
TX-0002301,C-02301,Ethan Wilson,ethan.wilson2301@example.com,10/10/2024,1593.24,USD,pending,6,CA
TX-0002302,C-02302,Zoe Garcia,zoe.garcia2302@example.com,11/03/2024,436.29,USD,refunded,7,GB
TX-0002303,C-02303,Mateo Nguyen,mateo.nguyen2303@example.com,12/08/2024,1762.75,USD,cancelled,8,AU
TX-0002304,C-02304,Ava Patel,ava.patel2304@example.com,01/01/2024,383.20,USD,completed,1,DE
TX-0002305,C-02305,Noah Kim,noah.kim2305@example.com,02/06/2024,1669.42,USD,pending,2,US
TX-0002306,C-02306,Mia Martin,mia.martin2306@example.com,03/11/2024,1043.22,USD,refunded,3,CA
TX-0002307,C-02307,Liam Smith,liam.smith2307@example.com,04/04/2024,2436.24,USD,cancelled,4,GB
TX-0002308,C-02308,Sofia Brown,sofia.brown2308@example.com,05/09/2024,1720.64,USD,completed,5,AU
TX-0002309,C-02309,Ethan Wilson,ethan.wilson2309@example.com,06/02/2024,290.09,USD,pending,6,DE
TX-0002310,C-02310,Zoe Garcia,zoe.garcia2310@example.com,07/07/2024,154.81,USD,refunded,7,US
TX-0002311,C-02311,Mateo Nguyen,mateo.nguyen2311@example.com,08/12/2024,1794.71,USD,cancelled,8,CA
TX-0002312,C-02312,Ava Patel,ava.patel2312@example.com,09/05/2024,1797.69,USD,completed,1,GB
TX-0002313,C-02313,Noah Kim,noah.kim2313@example.com,10/10/2024,1384.45,USD,pending,2,AU
TX-0002314,C-02314,Mia Martin,mia.martin.invalid,11/03/2024,2064.41,USD,refunded,3,DE
TX-0002315,C-02315,Liam Smith,liam.smith2315@example.com,12/08/2024,1343.65,USD,cancelled,4,US
TX-0002316,C-02316,Sofia Brown,sofia.brown2316@example.com,01/01/2024,2305.23,USD,completed,5,CA
TX-0002317,C-02317,Ethan Wilson,ethan.wilson2317@example.com,02/06/2024,1262.66,USD,pending,6,GB
TX-0002318,C-02318,Zoe Garcia,zoe.garcia2318@example.com,03/11/2024,2097.42,USD,refunded,7,AU
TX-0002319,C-02319,Mateo Nguyen,mateo.nguyen2319@example.com,04/04/2024,695.13,USD,cancelled,8,DE
TX-0002320,C-02320,Ava Patel,ava.patel2320@example.com,05/09/2024,600.24,USD,completed,1,US
TX-0002321,C-02321,Noah Kim,noah.kim2321@example.com,06/02/2024,-64.64,USD,pending,2,CA
TX-0002322,C-02322,Mia Martin,mia.martin2322@example.com,07/07/2024,1914.80,USD,refunded,3,GB
TX-0002323,C-02323,Liam Smith,liam.smith2323@example.com,08/12/2024,1028.40,USD,cancelled,4,AU
TX-0002324,C-02324,Sofia Brown,sofia.brown2324@example.com,09/05/2024,2118.61,USD,completed,5,DE
TX-0002325,C-02325,Ethan Wilson,ethan.wilson2325@example.com,10/10/2024,918.60,USD,pending,6,US
TX-0002326,C-02326,Zoe Garcia,zoe.garcia2326@example.com,11/03/2024,1404.32,USD,refunded,7,CA
TX-0002327,C-02327,Mateo Nguyen,mateo.nguyen2327@example.com,12/08/2024,282.64,USD,cancelled,8,GB
TX-0002328,C-02328,Ava Patel,,01/01/2024,2463.52,USD,completed,1,AU
TX-0002329,C-02329,Noah Kim,noah.kim2329@example.com,02/06/2024,205.65,USD,pending,2,DE
TX-0002330,C-02330,Mia Martin,mia.martin2330@example.com,03/11/2024,1261.72,USD,refunded,3,US
TX-0002331,C-02331,Liam Smith,liam.smith2331@example.com,04/04/2024,146.04,USD,cancelled,4,CA
TX-0002332,C-02332,Sofia Brown,sofia.brown2332@example.com,05/09/2024,81.53,USD,completed,5,GB
TX-0002333,C-02333,Ethan Wilson,ethan.wilson2333@example.com,06/02/2024,2085.20,USD,pending,6,AU
TX-0002334,C-02334,Zoe Garcia,zoe.garcia2334@example.com,07/07/2024,608.02,USD,refunded,7,DE
TX-0002335,C-02335,Mateo Nguyen,mateo.nguyen2335@example.com,08/12/2024,1459.28,USD,cancelled,8,US
TX-0002336,C-02336,Ava Patel,ava.patel2336@example.com,09/05/2024,1466.80,USD,completed,1,CA
TX-0002337,C-02337,Noah Kim,noah.kim2337@example.com,10/10/2024,2269.80,USD,pending,2,GB
TX-0002338,C-02338,Mia Martin,mia.martin2338@example.com,11/03/2024,1568.60,USD,refunded,3,AU
TX-0002339,C-02339,Liam Smith,liam.smith2339@example.com,12/08/2024,1998.29,USD,cancelled,4,DE
TX-0002340,C-02340,Sofia Brown,sofia.brown2340@example.com,01/01/2024,832.31,USD,completed,5,US
TX-0002341,C-02341,Ethan Wilson,ethan.wilson2341@example.com,02/06/2024,2168.60,USD,pending,6,CA
TX-0002342,C-02342,Zoe Garcia,zoe.garcia2342@example.com,03/11/2024,2102.91,USD,refunded,7,GB
TX-0002343,C-02343,Mateo Nguyen,mateo.nguyen2343@example.com,04/04/2024,817.82,USD,cancelled,8,AU
TX-0002344,C-02344,Ava Patel,ava.patel2344@example.com,05/09/2024,372.97,USD,completed,1,DE
TX-0002345,C-02345,Noah Kim,noah.kim2345@example.com,06/02/2024,1877.50,USD,pending,2,US
TX-0002346,C-02346,Mia Martin,mia.martin2346@example.com,07/07/2024,2390.58,USD,refunded,3,CA
TX-0002347,C-02347,Liam Smith,liam.smith2347@example.com,08/12/2024,1081.21,USD,cancelled,4,GB
TX-0002348,C-02348,Sofia Brown,sofia.brown2348@example.com,09/05/2024,621.83,USD,completed,5,AU
TX-0002349,C-02349,Ethan Wilson,ethan.wilson2349@example.com,10/10/2024,985.91,USD,pending,6,DE
TX-0002350,C-02350,Zoe Garcia,zoe.garcia2350@example.com,11/03/2024,1693.64,USD,refunded,7,US
TX-0002351,C-02351,Mateo Nguyen,mateo.nguyen2351@example.com,12/08/2024,1002.33,USD,cancelled,8,CA
TX-0002352,C-02352,Ava Patel,ava.patel2352@example.com,01/01/2024,794.54,USD,completed,1,GB
TX-0002353,C-02353,Noah Kim,noah.kim2353@example.com,02/06/2024,7.53, USD ,pending,2,AU
TX-0002354,C-02354,Mia Martin,mia.martin2354@example.com,03/11/2024,1265.93,USD,refunded,3,DE
TX-0002355,C-02355,Liam Smith,liam.smith2355@example.com,04/04/2024,649.43,USD,COMPLETE,4,US
TX-0002356,C-02356,Sofia Brown,sofia.brown2356@example.com,05/09/2024,122.37,USD,completed,5,CA
TX-0002357,C-02357,Ethan Wilson,ethan.wilson2357@example.com,06/02/2024,1451.15,USD,pending,6,GB
TX-0002358,C-02358,Zoe Garcia,zoe.garcia2358@example.com,07/07/2024,386.19,USD,refunded,7,au
TX-0002359,C-02359,Mateo Nguyen,mateo.nguyen2359@example.com,08/12/2024,2214.31,USD,cancelled,8,DE
TX-0002360,C-02360,Ava Patel,ava.patel2360@example.com,09/05/2024,1749.41,USD,completed,1,US
TX-0002361,C-02361,Noah Kim,noah.kim2361@example.com,10/10/2024,1078.19,USD,pending,2,CA
TX-0002362,C-02362,Mia Martin,mia.martin2362@example.com,11/03/2024,1500.06,USD,refunded,3,GB
TX-0002363,C-02363,Liam Smith,liam.smith2363@example.com,12/08/2024,1656.57,USD,cancelled,4,AU
TX-0002364,C-02364,Sofia Brown,sofia.brown2364@example.com,01/01/2024,2036.30,USD,completed,5,DE
TX-0002365,C-02365,Ethan Wilson,ethan.wilson2365@example.com,02/06/2024,807.91,USD,pending,6,US
TX-0002366,C-02366,Zoe Garcia,zoe.garcia2366@example.com,03/11/2024,1987.87,USD,refunded,7,CA
TX-0002367,C-02367,Mateo Nguyen,mateo.nguyen2367@example.com,04/04/2024,1896.49,USD,cancelled,8,GB
TX-0002368,C-02368,Ava Patel,ava.patel2368@example.com,05/09/2024,767.18,USD,completed,1,AU
TX-0002369,C-02369,Noah Kim,noah.kim2369@example.com,06/02/2024,468.12,USD,pending,2,DE
TX-0002370,C-02370,Mia Martin,mia.martin2370@example.com,07/07/2024,2238.71,USD,refunded,3,US
TX-0002371,C-02371,Liam Smith,liam.smith2371@example.com,08/12/2024,575.65,USD,cancelled,4,CA
TX-0002372,C-02372,Sofia Brown,sofia.brown2372@example.com,09/05/2024,1135.75,USD,completed,5,GB
TX-0002373,C-02373,  ETHAN WILSON  ,ethan.wilson2373@example.com,10/10/2024,2369.47,USD,pending,6,AU
TX-0002374,C-02374,Zoe Garcia,zoe.garcia2374@example.com,11/03/2024,1150.62,USD,refunded,7,DE
TX-0002375,C-02375,Mateo Nguyen,mateo.nguyen2375@example.com,12/08/2024,454.38,USD,cancelled,8,US
TX-0002376,C-02376,Ava Patel,ava.patel2376@example.com,01/01/2024,2335.80,USD,completed,1,CA
TX-0002377,C-02377,Noah Kim,noah.kim2377@example.com,02/06/2024,141.36,USD,pending,2,GB
TX-0002378,C-02378,Mia Martin,mia.martin2378@example.com,03/11/2024,2108.85,USD,refunded,3,AU
TX-0002379,C-02379,Liam Smith,liam.smith2379@example.com,04/04/2024,888.97,USD,cancelled,4,DE
TX-0002380,C-02380,Sofia Brown,sofia.brown2380@example.com,05/09/2024,2185.74,USD,completed,5,US
TX-0002381,C-02381,Ethan Wilson,ethan.wilson2381@example.com,06/02/2024,738.79,USD,pending,6,CA
TX-0002382,C-02382,Zoe Garcia,zoe.garcia2382@example.com,07/07/2024,2451.80,USD,refunded,7,GB
TX-0002383,C-02383,Mateo Nguyen,mateo.nguyen2383@example.com,08/12/2024,571.44,USD,cancelled,8,AU
TX-0002384,C-02384,Ava Patel,ava.patel2384@example.com,09/05/2024,36.22,usd,completed,1,DE
TX-0002385,C-02385,Noah Kim,noah.kim2385@example.com,10/10/2024,2317.60,USD,pending,2,US
TX-0002386,C-02386,Mia Martin,mia.martin2386@example.com,11/03/2024,1984.83,USD,refunded,3,CA
TX-0002387,C-02387,Liam Smith,liam.smith2387@example.com,12/08/2024,779.11,USD,cancelled,4,GB
TX-0002388,C-02388,Sofia Brown,sofia.brown2388@example.com,01/01/2024,1099.22,USD,completed,5,AU
TX-0002389,C-02389,Ethan Wilson,ethan.wilson2389@example.com,02/06/2024,1161.16,USD,pending,6,DE
TX-0002390,C-02390,Zoe Garcia,zoe.garcia2390@example.com,03/11/2024,462.29,USD,refunded,7,US
TX-0002391,C-02391,Mateo Nguyen,mateo.nguyen2391@example.com,04/04/2024,1844.91,USD,cancelled,8,CA
TX-0002392,C-02392,Ava Patel,ava.patel2392@example.com,05/09/2024,429.76,USD,completed,1,GB
TX-0002393,C-02393,Noah Kim,noah.kim2393@example.com,06/02/2024,1705.26,USD,pending,2,AU
TX-0002394,C-02394,Mia Martin,mia.martin2394@example.com,07/07/2024,2434.62,USD,refunded,3,DE
TX-0002395,C-02395,Liam Smith,liam.smith2395@example.com,08/12/2024,916.28,USD,cancelled,4,US
TX-0002396,C-02396,Sofia Brown,sofia.brown2396@example.com,09/05/2024,1025.42,USD,completed,5,CA
TX-0002397,C-02397,Ethan Wilson,ethan.wilson2397@example.com,10/10/2024,813.22,USD,pending,6,GB
TX-0002398,C-02398,Zoe Garcia,zoe.garcia2398@example.com,11/03/2024,1072.11,USD,refunded,7,AU
TX-0002399,C-02399,Mateo Nguyen,mateo.nguyen2399@example.com,12/08/2024,369.38,USD,cancelled,8,DE
TX-0002400,C-02400,Ava Patel,ava.patel2400@example.com,01/01/2024,971.14,USD,completed,1,US
TX-0002401,C-00001,Noah Kim,noah.kim2401@example.com,02/06/2024,1648.03,USD,pending,2,CA
TX-0002402,C-00002,Mia Martin,mia.martin2402@example.com,03/11/2024,509.45,USD,refunded,3,GB
TX-0002403,C-00003,Liam Smith,liam.smith.invalid,04/04/2024,1733.59,USD,cancelled,4,AU
TX-0002404,C-00004,Sofia Brown,sofia.brown2404@example.com,05/09/2024,420.23,USD,completed,5,DE
TX-0002405,C-00005,Ethan Wilson,ethan.wilson2405@example.com,06/02/2024,161.63,USD,pending,6,US
TX-0002406,C-00006,Zoe Garcia,zoe.garcia2406@example.com,07/07/2024,1232.26,USD,refunded,7,CA
TX-0002407,C-00007,Mateo Nguyen,mateo.nguyen2407@example.com,08/12/2024,1734.35,USD,cancelled,8,GB
TX-0002408,C-00008,Ava Patel,ava.patel2408@example.com,09/05/2024,2019.91,USD,completed,1,AU
TX-0002409,C-00009,Noah Kim,noah.kim2409@example.com,10/10/2024,1290.59,USD,pending,2,DE
TX-0002410,C-00010,Mia Martin,mia.martin2410@example.com,11/03/2024,347.70,USD,refunded,3,US
TX-0002411,C-00011,Liam Smith,liam.smith2411@example.com,12/08/2024,1095.97,USD,cancelled,4,CA
TX-0002412,C-00012,Sofia Brown,sofia.brown2412@example.com,01/01/2024,588.74,USD,completed,5,GB
TX-0002413,C-00013,ethan wilson,ethan.wilson2413@example.com,02/06/2024,800.29,USD,pending,6,AU
TX-0002414,C-00014,Zoe Garcia,zoe.garcia2414@example.com,03/11/2024,2041.11,USD,refunded,7,DE
TX-0002415,C-00015,Mateo Nguyen,mateo.nguyen2415@example.com,04/04/2024,2021.71,USD,cancelled,8,US
TX-0002416,C-00016,Ava Patel,ava.patel2416@example.com,05/09/2024,93.25,USD,completed,1,CA
TX-0002417,C-00017,Noah Kim,noah.kim2417@example.com,06/02/2024,228.38,USD,pending,2,GB
TX-0002418,C-00018,Mia Martin,mia.martin2418@example.com,07/07/2024,2103.99,USD,refunded,3,AU
TX-0002419,C-00019,Liam Smith,liam.smith2419@example.com,08/12/2024,1510.73,USD,cancelled,4,DE
TX-0002420,C-00020,Sofia Brown,sofia.brown2420@example.com,09/05/2024,2194.03,USD,completed,5,US
TX-0002421,C-00021,Ethan Wilson,ethan.wilson2421@example.com,10/10/2024,2435.96,USD,pending,6,CA
TX-0002422,C-00022,Zoe Garcia,zoe.garcia2422@example.com,11/03/2024,13.94,USD,refunded,7,USA
TX-0002423,C-00023,Mateo Nguyen,mateo.nguyen2423@example.com,12/08/2024,41.66,USD,cancelled,8,AU
TX-0002424,C-00024,Ava Patel,ava.patel2424@example.com,01/01/2024,2022.18,USD,completed,1,DE
TX-0002425,C-00025,Noah Kim,,02/06/2024,1010.67,USD,pending,2,US
TX-0002426,C-00026,Mia Martin,mia.martin2426@example.com,03/11/2024,1851.44,USD,refunded,3,CA
TX-0002427,C-00027,Liam Smith,liam.smith2427@example.com,04/04/2024,1530.05,USD,cancelled,4,GB
TX-0002428,C-00028,Sofia Brown,sofia.brown2428@example.com,05/09/2024,1101.81,USD,completed,5,AU
TX-0002429,C-00029,Ethan Wilson,ethan.wilson2429@example.com,06/02/2024,1258.86,USD,pending,6,DE
TX-0002430,C-00030,Zoe Garcia,zoe.garcia2430@example.com,07/07/2024,966.10,USD,refunded,7,US
TX-0002431,C-00031,Mateo Nguyen,mateo.nguyen2431@example.com,08/12/2024,295.16,USD,cancelled,8,CA
TX-0002432,C-00032,Ava Patel,ava.patel2432@example.com,09/05/2024,1567.48,USD,completed,1,GB
TX-0002433,C-00033,Noah Kim,noah.kim2433@example.com,10/10/2024,1211.43,USD,pending,2,AU
TX-0002434,C-00034,Mia Martin,mia.martin2434@example.com,11/03/2024,391.36,USD,refunded,3,DE
TX-0002435,C-00035,Liam Smith,liam.smith2435@example.com,12/08/2024,380.47,USD,cancelled,4,US
TX-0002436,C-00036,Sofia Brown,sofia.brown2436@example.com,01/01/2024,503.71,USD,completed,5,CA
TX-0002437,C-00037,Ethan Wilson,ethan.wilson2437@example.com,02/06/2024,2114.53,USD,pending,6,GB
TX-0002438,C-00038,Zoe Garcia,zoe.garcia2438@example.com,03/11/2024,319.30,USD,refunded,7,AU
TX-0002439,C-00039,Mateo Nguyen,mateo.nguyen2439@example.com,04/04/2024,1717.80,USD,cancelled,8,DE
TX-0002440,C-00040,Ava Patel,ava.patel2440@example.com,05/09/2024,417.36,USD,completed,1,US
TX-0002441,C-00041,Noah Kim,noah.kim2441@example.com,06/02/2024,1715.62,USD,pending,2,CA
TX-0002442,C-00042,Mia Martin,mia.martin2442@example.com,07/07/2024,2474.51,USD,refunded,3,GB
TX-0002443,C-00043,Liam Smith,liam.smith2443@example.com,08/12/2024,1573.28,USD,cancelled,4,AU
TX-0002444,C-00044,Sofia Brown,sofia.brown2444@example.com,09/05/2024,882.69,USD,completed,5,DE
TX-0002445,C-00045,Ethan Wilson,ethan.wilson2445@example.com,10/10/2024,263.39,USD,pending,6,US
TX-0002446,C-00046,Zoe Garcia,zoe.garcia2446@example.com,11/03/2024,23.94,USD,refunded,7,CA
TX-0002447,C-00047,Mateo Nguyen,mateo.nguyen2447@example.com,12/08/2024,1770.25,USD,cancelled,8,GB
TX-0002448,C-00048,Ava Patel,ava.patel2448@example.com,01/01/2024,855.72,USD,completed,1,AU
TX-0002449,C-00049,Noah Kim,noah.kim2449@example.com,02/06/2024,66.42,USD,pending,2,DE
TX-0002450,C-00050,Mia Martin,mia.martin2450@example.com,03/11/2024,890.58,USD,refunded,3,US
TX-0002451,C-00051,Liam Smith,liam.smith2451@example.com,04/04/2024,1968.40,USD,cancelled,4,CA
TX-0002452,C-00052,Sofia Brown,sofia.brown2452@example.com,05/09/2024,163.03,USD,completed,5,GB
TX-0002453,C-00053,Ethan Wilson,ethan.wilson2453@example.com,06/02/2024,,USD,pending,6,AU
TX-0002454,C-00054,Zoe Garcia,zoe.garcia2454@example.com,07/07/2024,1571.47,USD,refunded,7,DE
TX-0002455,C-00055,Mateo Nguyen,mateo.nguyen2455@example.com,08/12/2024,267.39,USD,cancelled,8,US
TX-0002456,C-00056,Ava Patel,ava.patel2456@example.com,09/05/2024,2028.98,USD,completed,1,CA
TX-0002457,C-00057,Noah Kim,noah.kim2457@example.com,10/10/2024,2353.29,USD,pending,2,GB
TX-0002458,C-00058,Mia Martin,mia.martin2458@example.com,11/03/2024,131.30,USD,refunded,3,AU
TX-0002459,C-00059,Liam Smith,liam.smith2459@example.com,12/08/2024,943.30,USD,cancelled,4,DE
TX-0002460,C-00060,Sofia Brown,sofia.brown2460@example.com,01/01/2024,462.81,USD,completed,5,US
TX-0002461,C-00061,Ethan Wilson,ethan.wilson2461@example.com,02/06/2024,483.73,USD,pending,6,CA
TX-0002462,C-00062,Zoe Garcia,zoe.garcia2462@example.com,03/11/2024,698.80,USD,refunded,7,GB
TX-0002463,C-00063,Mateo Nguyen,mateo.nguyen2463@example.com,04/04/2024,1966.83,USD,cancelled,8,AU
TX-0002464,C-00064,Ava Patel,ava.patel2464@example.com,05/09/2024,2224.18,USD,completed,1,DE
TX-0002465,C-00065,Noah Kim,noah.kim2465@example.com,06/02/2024,175.46,USD,pending,2,US
TX-0002466,C-00066,Mia Martin,mia.martin2466@example.com,07/07/2024,1665.01,USD,refunded,3,CA
TX-0002467,C-00067,Liam Smith,liam.smith2467@example.com,08/12/2024,124.33,USD,cancelled,4,GB
TX-0002468,C-00068,Sofia Brown,sofia.brown2468@example.com,09/05/2024,597.06,USD,completed,5,AU
TX-0002469,C-00069,Ethan Wilson,ethan.wilson2469@example.com,10/10/2024,196.61,USD,pending,6,DE
TX-0002470,C-00070,Zoe Garcia,zoe.garcia2470@example.com,11/03/2024,501.51,USD,refunded,7,US
TX-0002471,C-00071,Mateo Nguyen,mateo.nguyen2471@example.com,12/08/2024,82.06,USD,cancelled,8,CA
TX-0002472,C-00072,Ava Patel,ava.patel2472@example.com,01/01/2024,1658.52,USD,completed,1,GB
TX-0002473,C-00073,Noah Kim,noah.kim2473@example.com,02/06/2024,801.46,USD,pending,2,AU
TX-0002474,C-00074,Mia Martin,mia.martin2474@example.com,03/11/2024,2046.57,USD,refunded,3,DE
TX-0002475,C-00075,Liam Smith,liam.smith2475@example.com,04/04/2024,105.79,USD,cancelled,4,US
TX-0002476,C-00076,Sofia Brown,sofia.brown2476@example.com,05/09/2024,1315.62,USD,completed,5,CA
TX-0002477,C-00077,Ethan Wilson,ethan.wilson2477@example.com,06/02/2024,1356.78,USD,pending,6,GB
TX-0002478,C-00078,Zoe Garcia,zoe.garcia2478@example.com,07/07/2024,524.81,USD,refunded,7,AU
TX-0002479,C-00079,Mateo Nguyen,mateo.nguyen2479@example.com,08/12/2024,978.55,USD,cancelled,8,DE
TX-0002480,C-00080,Ava Patel,ava.patel2480@example.com,09/05/2024,245.16,USD,completed,1,US
TX-0002481,C-00081,Noah Kim,noah.kim2481@example.com,10/10/2024,1437.43,USD,pending,2,CA
TX-0002482,C-00082,Mia Martin,mia.martin2482@example.com,11/03/2024,1377.96,USD,refunded,3,GB
TX-0002483,C-00083,Liam Smith,liam.smith2483@example.com,12/08/2024,2317.02,USD,unknown,4,AU
TX-0002484,C-00084,Sofia Brown,sofia.brown2484@example.com,01/01/2024,684.90,USD,completed,5,DE
TX-0002485,C-00085,Ethan Wilson,ethan.wilson2485@example.com,02/06/2024,803.47,USD,pending,6,US
TX-0002486,C-00086,  ZOE GARCIA  ,zoe.garcia2486@example.com,03/11/2024,354.21,USD,refunded,7,CA
TX-0002487,C-00087,Mateo Nguyen,mateo.nguyen2487@example.com,04/04/2024,712.52,USD,cancelled,8,GB
TX-0002488,C-00088,Ava Patel,ava.patel2488@example.com,05/09/2024,1081.27,USD,completed,1,AU
TX-0002489,C-00089,Noah Kim,noah.kim2489@example.com,06/02/2024,1952.80,USD,pending,2,de
TX-0002490,C-00090,Mia Martin,mia.martin2490@example.com,07/07/2024,202.17,USD,refunded,3,US
TX-0002491,C-00091,Liam Smith,liam.smith2491@example.com,08/12/2024,120.76,USD,cancelled,4,CA
TX-0002492,C-00092,Sofia Brown,sofia.brown.invalid,09/05/2024,285.86,USD,completed,5,GB
TX-0002493,C-00093,Ethan Wilson,ethan.wilson2493@example.com,10/10/2024,877.27,USD,pending,6,AU
TX-0002494,C-00094,Zoe Garcia,zoe.garcia2494@example.com,11/03/2024,2316.17,USD,refunded,7,DE
TX-0002495,C-00095,Mateo Nguyen,mateo.nguyen2495@example.com,12/08/2024,764.90,USD,cancelled,8,US
TX-0002496,C-00096,Ava Patel,ava.patel2496@example.com,01/01/2024,152.53,USD,completed,1,CA
TX-0002497,C-00097,Noah Kim,noah.kim2497@example.com,02/06/2024,1866.51,USD,pending,2,GB
TX-0002498,C-00098,Mia Martin,mia.martin2498@example.com,03/11/2024,1963.02,USD,refunded,3,AU
TX-0002499,C-00099,Liam Smith,liam.smith2499@example.com,04/04/2024,1446.94,USD,cancelled,4,DE
TX-0002500,C-00100,Sofia Brown,sofia.brown2500@example.com,05/09/2024,2364.89,USD,completed,5,US
TX-0002501,C-00101,Ethan Wilson,ethan.wilson2501@example.com,06/02/2024,2045.26,USD,pending,6,CA
TX-0002502,C-00102,Zoe Garcia,zoe.garcia2502@example.com,07/07/2024,1842.70,USD,refunded,7,GB
TX-0002503,C-00103,Mateo Nguyen,mateo.nguyen2503@example.com,08/12/2024,2185.36,USD,cancelled,8,AU
TX-0002504,C-00104,Ava Patel,ava.patel2504@example.com,09/05/2024,542.06,USD,completed,1,DE
TX-0002505,C-00105,Noah Kim,noah.kim2505@example.com,10/10/2024,897.97,USD,pending,2,US
TX-0002506,C-00106,Mia Martin,mia.martin2506@example.com,11/03/2024,899.29,USD,refunded,3,CA
TX-0002507,C-00107,Liam Smith,liam.smith2507@example.com,12/08/2024,572.89,USD,cancelled,4,GB
TX-0002508,C-00108,Sofia Brown,sofia.brown2508@example.com,01/01/2024,8.38,USD,completed,5,AU
TX-0002509,C-00109,Ethan Wilson,ethan.wilson2509@example.com,02/06/2024,72.59,USD,pending,6,DE
TX-0002510,C-00110,Zoe Garcia,zoe.garcia2510@example.com,03/11/2024,976.25,USD,refunded,7,US
TX-0002511,C-00111,Mateo Nguyen,mateo.nguyen2511@example.com,04/04/2024,2126.47,USD,cancelled,8,CA
TX-0002512,C-00112,Ava Patel,ava.patel2512@example.com,05/09/2024,2287.03,USD,COMPLETE,1,GB
TX-0002513,C-00113,Noah Kim,noah.kim2513@example.com,06/02/2024,427.31,USD,pending,2,AU
TX-0002514,C-00114,Mia Martin,mia.martin2514@example.com,07/07/2024,1544.30,USD,refunded,3,DE
TX-0002515,C-00115,Liam Smith,liam.smith2515@example.com,08/12/2024,1350.53,USD,cancelled,4,US
TX-0002516,C-00116,Sofia Brown,sofia.brown2516@example.com,09/05/2024,188.60,USD,completed,5,CA
TX-0002517,C-00117,Ethan Wilson,ethan.wilson2517@example.com,10/10/2024,902.46,USD,pending,6,GB
TX-0002518,C-00118,Zoe Garcia,zoe.garcia2518@example.com,11/03/2024,1947.74,USD,refunded,7,AU
TX-0002519,C-00119,Mateo Nguyen,mateo.nguyen2519@example.com,12/08/2024,1844.62,USD,cancelled,8,DE
TX-0002520,C-00120,Ava Patel,ava.patel2520@example.com,01/01/2024,1786.38,USD,completed,1,US
TX-0002521,C-00121,Noah Kim,noah.kim2521@example.com,02/06/2024,702.34,USD,pending,2,CA
TX-0002522,C-00122,Mia Martin,,03/11/2024,172.68,USD,refunded,3,GB
TX-0002523,C-00123,Liam Smith,liam.smith2523@example.com,04/04/2024,1006.50,USD,cancelled,4,AU
TX-0002524,C-00124,Sofia Brown,sofia.brown2524@example.com,05/09/2024,1343.44,USD,completed,5,DE
TX-0002525,C-00125,Ethan Wilson,ethan.wilson2525@example.com,06/02/2024,1233.93,USD,pending,6,US
TX-0002526,C-00126,Zoe Garcia,zoe.garcia2526@example.com,07/07/2024,1391.20,USD,refunded,7,CA
TX-0002527,C-00127,Mateo Nguyen,mateo.nguyen2527@example.com,08/12/2024,2416.79,USD,cancelled,8,GB
TX-0002528,C-00128,Ava Patel,ava.patel2528@example.com,09/05/2024,2332.62,USD,completed,1,AU
TX-0002529,C-00129,Noah Kim,noah.kim2529@example.com,10/10/2024,1688.25,USD,pending,2,DE
TX-0002530,C-00130,Mia Martin,mia.martin2530@example.com,11/03/2024,1905.68,USD,refunded,3,US
TX-0002531,C-00131,Liam Smith,liam.smith2531@example.com,12/08/2024,362.49,USD,cancelled,4,CA
TX-0002532,C-00132,Sofia Brown,sofia.brown2532@example.com,01/01/2024,-58.87,USD,completed,5,GB
TX-0002533,C-00133,Ethan Wilson,ethan.wilson2533@example.com,02/06/2024,2202.02,usd,pending,6,AU
TX-0002534,C-00134,Zoe Garcia,zoe.garcia2534@example.com,03/11/2024,998.11, USD ,refunded,7,DE
TX-0002535,C-00135,Mateo Nguyen,mateo.nguyen2535@example.com,04/04/2024,186.51,USD,cancelled,8,US
TX-0002536,C-00136,Ava Patel,ava.patel2536@example.com,05/09/2024,1083.63,USD,completed,1,CA
TX-0002537,C-00137,Noah Kim,noah.kim2537@example.com,06/02/2024,2214.25,USD,pending,2,GB
TX-0002538,C-00138,Mia Martin,mia.martin2538@example.com,07/07/2024,199.22,USD,refunded,3,AU
TX-0002539,C-00139,Liam Smith,liam.smith2539@example.com,08/12/2024,130.13,USD,cancelled,4,DE
TX-0002540,C-00140,sofia brown,sofia.brown2540@example.com,09/05/2024,629.63,USD,completed,5,US
TX-0002541,C-00141,Ethan Wilson,ethan.wilson2541@example.com,10/10/2024,2002.88,USD,pending,6,CA
TX-0002542,C-00142,Zoe Garcia,zoe.garcia2542@example.com,11/03/2024,1467.13,USD,refunded,7,GB
TX-0002543,C-00143,Mateo Nguyen,mateo.nguyen2543@example.com,12/08/2024,1983.16,USD,cancelled,8,AU
TX-0002544,C-00144,Ava Patel,ava.patel2544@example.com,01/01/2024,751.33,USD,completed,1,DE
TX-0002545,C-00145,Noah Kim,noah.kim2545@example.com,02/06/2024,1983.52,USD,pending,2,US
TX-0002546,C-00146,Mia Martin,mia.martin2546@example.com,03/11/2024,2242.71,USD,refunded,3,CA
TX-0002547,C-00147,Liam Smith,liam.smith2547@example.com,04/04/2024,1205.51,USD,cancelled,4,GB
TX-0002548,C-00148,Sofia Brown,sofia.brown2548@example.com,05/09/2024,1837.37,USD,completed,5,AU
TX-0002549,C-00149,Ethan Wilson,ethan.wilson2549@example.com,06/02/2024,355.13,USD,pending,6,DE
TX-0002550,C-00150,Zoe Garcia,zoe.garcia2550@example.com,07/07/2024,463.44,USD,refunded,7,US
TX-0002551,C-00151,Mateo Nguyen,mateo.nguyen2551@example.com,08/12/2024,380.38,USD,cancelled,8,CA
TX-0002552,C-00152,Ava Patel,ava.patel2552@example.com,09/05/2024,2458.34,USD,completed,1,GB
TX-0002553,C-00153,Noah Kim,noah.kim2553@example.com,10/10/2024,550.94,USD,pending,2,AU
TX-0002554,C-00154,Mia Martin,mia.martin2554@example.com,11/03/2024,2012.03,USD,refunded,3,DE
TX-0002555,C-00155,Liam Smith,liam.smith2555@example.com,12/08/2024,116.05,USD,cancelled,4,US
TX-0002556,C-00156,Sofia Brown,sofia.brown2556@example.com,01/01/2024,1571.77,USD,completed,5,CA
TX-0002557,C-00157,Ethan Wilson,ethan.wilson2557@example.com,02/06/2024,522.54,USD,pending,6,GB
TX-0002558,C-00158,Zoe Garcia,zoe.garcia2558@example.com,03/11/2024,247.86,USD,refunded,7,AU
TX-0002559,C-00159,Mateo Nguyen,mateo.nguyen2559@example.com,04/04/2024,2008.90,USD,cancelled,8,DE
TX-0002560,C-00160,Ava Patel,ava.patel2560@example.com,05/09/2024,1852.04,USD,completed,1,US
TX-0002561,C-00161,Noah Kim,noah.kim2561@example.com,06/02/2024,786.08,USD,pending,2,CA
TX-0002562,C-00162,Mia Martin,mia.martin2562@example.com,07/07/2024,2420.66,USD,refunded,3,GB
TX-0002563,C-00163,Liam Smith,liam.smith2563@example.com,08/12/2024,784.80,USD,cancelled,4,AU
TX-0002564,C-00164,Sofia Brown,sofia.brown2564@example.com,09/05/2024,678.18,USD,completed,5,DE
TX-0002565,C-00165,Ethan Wilson,ethan.wilson2565@example.com,10/10/2024,434.70,USD,pending,6,US
TX-0002566,C-00166,Zoe Garcia,zoe.garcia2566@example.com,11/03/2024,1791.08,USD,refunded,7,CA
TX-0002567,C-00167,Mateo Nguyen,mateo.nguyen2567@example.com,12/08/2024,303.04,USD,cancelled,8,GB
TX-0002568,C-00168,Ava Patel,ava.patel2568@example.com,01/01/2024,438.61,USD,completed,1,AU
TX-0002569,C-00169,Noah Kim,noah.kim2569@example.com,02/06/2024,1444.79,USD,pending,2,DE
TX-0002570,C-00170,Mia Martin,mia.martin2570@example.com,03/11/2024,2481.62,USD,refunded,3,US
TX-0002571,C-00171,Liam Smith,liam.smith2571@example.com,04/04/2024,1169.41,USD,cancelled,4,CA
TX-0002572,C-00172,Sofia Brown,sofia.brown2572@example.com,05/09/2024,731.33,USD,completed,5,GB
TX-0002573,C-00173,Ethan Wilson,ethan.wilson2573@example.com,06/02/2024,1400.96,USD,pending,6,AU
TX-0002574,C-00174,Zoe Garcia,zoe.garcia2574@example.com,07/07/2024,1841.58,USD,refunded,7,DE
TX-0002575,C-00175,Mateo Nguyen,mateo.nguyen2575@example.com,08/12/2024,2241.59,USD,cancelled,8,US
TX-0002576,C-00176,Ava Patel,ava.patel2576@example.com,09/05/2024,2173.47,USD,completed,1,CA
TX-0002577,C-00177,Noah Kim,noah.kim2577@example.com,10/10/2024,398.22,USD,pending,2,GB
TX-0002578,C-00178,Mia Martin,mia.martin2578@example.com,11/03/2024,2196.22,USD,refunded,3,AU
TX-0002579,C-00179,Liam Smith,liam.smith2579@example.com,12/08/2024,1017.62,USD,cancelled,4,DE
TX-0002580,C-00180,Sofia Brown,sofia.brown2580@example.com,01/01/2024,2361.88,USD,completed,5,US
TX-0002581,C-00181,Ethan Wilson,ethan.wilson.invalid,02/06/2024,861.73,USD,pending,6,CA
TX-0002582,C-00182,Zoe Garcia,zoe.garcia2582@example.com,03/11/2024,143.34,USD,refunded,7,GB
TX-0002583,C-00183,Mateo Nguyen,mateo.nguyen2583@example.com,04/04/2024,915.19,USD,cancelled,8,AU
TX-0002584,C-00184,Ava Patel,ava.patel2584@example.com,05/09/2024,2202.10,USD,completed,1,DE
TX-0002585,C-00185,Noah Kim,noah.kim2585@example.com,06/02/2024,905.21,USD,pending,2,US
TX-0002586,C-00186,Mia Martin,mia.martin2586@example.com,07/07/2024,653.24,USD,refunded,3,CA
TX-0002587,C-00187,Liam Smith,liam.smith2587@example.com,08/12/2024,629.95,USD,cancelled,4,GB
TX-0002588,C-00188,Sofia Brown,sofia.brown2588@example.com,09/05/2024,350.56,USD,completed,5,AU
TX-0002589,C-00189,Ethan Wilson,ethan.wilson2589@example.com,10/10/2024,1030.84,USD,pending,6,DE
TX-0002590,C-00190,Zoe Garcia,zoe.garcia2590@example.com,11/03/2024,1677.33,USD,refunded,7,US
TX-0002591,C-00191,Mateo Nguyen,mateo.nguyen2591@example.com,12/08/2024,968.51,USD,cancelled,8,CA
TX-0002592,C-00192,Ava Patel,ava.patel2592@example.com,01/01/2024,1335.56,USD,completed,1,GB
TX-0002593,C-00193,Noah Kim,noah.kim2593@example.com,02/06/2024,2367.89,USD,pending,2,AU
TX-0002594,C-00194,Mia Martin,mia.martin2594@example.com,03/11/2024,1790.72,USD,refunded,3,DE
TX-0002595,C-00195,Liam Smith,liam.smith2595@example.com,04/04/2024,236.36,USD,cancelled,4,USA
TX-0002596,C-00196,Sofia Brown,sofia.brown2596@example.com,05/09/2024,329.34,USD,completed,5,CA
TX-0002597,C-00197,Ethan Wilson,ethan.wilson2597@example.com,06/02/2024,2320.92,USD,pending,6,GB
TX-0002598,C-00198,Zoe Garcia,zoe.garcia2598@example.com,07/07/2024,943.21,USD,refunded,7,AU
TX-0002599,C-00199,  MATEO NGUYEN  ,mateo.nguyen2599@example.com,08/12/2024,2478.35,USD,cancelled,8,DE
TX-0002600,C-00200,Ava Patel,ava.patel2600@example.com,09/05/2024,1995.58,USD,completed,1,US
TX-0002601,C-00201,Noah Kim,noah.kim2601@example.com,10/10/2024,1607.15,USD,pending,2,CA
TX-0002602,C-00202,Mia Martin,mia.martin2602@example.com,11/03/2024,1836.74,USD,refunded,3,GB
TX-0002603,C-00203,Liam Smith,liam.smith2603@example.com,12/08/2024,1520.83,USD,cancelled,4,AU
TX-0002604,C-00204,Sofia Brown,sofia.brown2604@example.com,01/01/2024,456.22,USD,completed,5,DE
TX-0002605,C-00205,Ethan Wilson,ethan.wilson2605@example.com,02/06/2024,210.54,USD,pending,6,US
TX-0002606,C-00206,Zoe Garcia,zoe.garcia2606@example.com,03/11/2024,1917.97,USD,refunded,7,CA
TX-0002607,C-00207,Mateo Nguyen,mateo.nguyen2607@example.com,04/04/2024,2156.75,USD,cancelled,8,GB
TX-0002608,C-00208,Ava Patel,ava.patel2608@example.com,05/09/2024,555.96,USD,completed,1,AU
TX-0002609,C-00209,Noah Kim,noah.kim2609@example.com,06/02/2024,1080.45,USD,pending,2,DE
TX-0002610,C-00210,Mia Martin,mia.martin2610@example.com,07/07/2024,2087.17,USD,refunded,3,US
TX-0002611,C-00211,Liam Smith,liam.smith2611@example.com,08/12/2024,594.51,USD,cancelled,4,CA
TX-0002612,C-00212,Sofia Brown,sofia.brown2612@example.com,09/05/2024,2425.48,USD,completed,5,GB
TX-0002613,C-00213,Ethan Wilson,ethan.wilson2613@example.com,10/10/2024,2286.43,USD,pending,6,AU
TX-0002614,C-00214,Zoe Garcia,zoe.garcia2614@example.com,11/03/2024,607.75,USD,refunded,7,DE
TX-0002615,C-00215,Mateo Nguyen,mateo.nguyen2615@example.com,12/08/2024,2120.23,USD,cancelled,8,US
TX-0002616,C-00216,Ava Patel,ava.patel2616@example.com,01/01/2024,177.56,USD,completed,1,CA
TX-0002617,C-00217,Noah Kim,noah.kim2617@example.com,02/06/2024,332.01,USD,pending,2,GB
TX-0002618,C-00218,Mia Martin,mia.martin2618@example.com,03/11/2024,102.81,USD,refunded,3,AU
TX-0002619,C-00219,Liam Smith,,04/04/2024,1114.18,USD,cancelled,4,DE
TX-0002620,C-00220,Sofia Brown,sofia.brown2620@example.com,05/09/2024,39.12,USD,completed,5,us
TX-0002621,C-00221,Ethan Wilson,ethan.wilson2621@example.com,06/02/2024,748.97,USD,pending,6,CA
TX-0002622,C-00222,Zoe Garcia,zoe.garcia2622@example.com,07/07/2024,1028.68,USD,refunded,7,GB
TX-0002623,C-00223,Mateo Nguyen,mateo.nguyen2623@example.com,08/12/2024,166.07,USD,cancelled,8,AU
TX-0002624,C-00224,Ava Patel,ava.patel2624@example.com,09/05/2024,2447.73,USD,completed,1,DE
TX-0002625,C-00225,Noah Kim,noah.kim2625@example.com,10/10/2024,1836.96,USD,pending,2,US
TX-0002626,C-00226,Mia Martin,mia.martin2626@example.com,11/03/2024,1916.40,USD,refunded,3,CA
TX-0002627,C-00227,Liam Smith,liam.smith2627@example.com,12/08/2024,2381.21,USD,cancelled,4,GB
TX-0002628,C-00228,Sofia Brown,sofia.brown2628@example.com,01/01/2024,105.86,USD,completed,5,AU
TX-0002629,C-00229,Ethan Wilson,ethan.wilson2629@example.com,02/06/2024,1496.38,USD,pending,6,DE
TX-0002630,C-00230,Zoe Garcia,zoe.garcia2630@example.com,03/11/2024,1797.15,USD,refunded,7,US
TX-0002631,C-00231,Mateo Nguyen,mateo.nguyen2631@example.com,04/04/2024,102.75,USD,cancelled,8,CA
TX-0002632,C-00232,Ava Patel,ava.patel2632@example.com,05/09/2024,2276.27,USD,completed,1,GB
TX-0002633,C-00233,Noah Kim,noah.kim2633@example.com,06/02/2024,1108.53,USD,pending,2,AU
TX-0002634,C-00234,Mia Martin,mia.martin2634@example.com,07/07/2024,1049.92,USD,refunded,3,DE
TX-0002635,C-00235,Liam Smith,liam.smith2635@example.com,08/12/2024,461.87,USD,cancelled,4,US
TX-0002636,C-00236,Sofia Brown,sofia.brown2636@example.com,09/05/2024,1692.02,USD,completed,5,CA
TX-0002637,C-00237,Ethan Wilson,ethan.wilson2637@example.com,10/10/2024,1664.17,USD,pending,6,GB
TX-0002638,C-00238,Zoe Garcia,zoe.garcia2638@example.com,11/03/2024,603.36,USD,refunded,7,AU
TX-0002639,C-00239,Mateo Nguyen,mateo.nguyen2639@example.com,12/08/2024,37.53,USD,cancelled,8,DE
TX-0002640,C-00240,Ava Patel,ava.patel2640@example.com,01/01/2024,914.96,USD,completed,1,US
TX-0002641,C-00241,Noah Kim,noah.kim2641@example.com,02/06/2024,1623.61,USD,pending,2,CA
TX-0002642,C-00242,Mia Martin,mia.martin2642@example.com,03/11/2024,196.70,USD,refunded,3,GB
TX-0002643,C-00243,Liam Smith,liam.smith2643@example.com,04/04/2024,2446.24,USD,cancelled,4,AU
TX-0002644,C-00244,Sofia Brown,sofia.brown2644@example.com,05/09/2024,494.71,USD,completed,5,DE
TX-0002645,C-00245,Ethan Wilson,ethan.wilson2645@example.com,06/02/2024,994.82,USD,pending,6,US
TX-0002646,C-00246,Zoe Garcia,zoe.garcia2646@example.com,07/07/2024,1364.51,USD,refunded,7,CA
TX-0002647,C-00247,Mateo Nguyen,mateo.nguyen2647@example.com,08/12/2024,1700.64,USD,cancelled,8,GB
TX-0002648,C-00248,Ava Patel,ava.patel2648@example.com,09/05/2024,490.18,USD,completed,1,AU
TX-0002649,C-00249,Noah Kim,noah.kim2649@example.com,10/10/2024,1105.80,USD,pending,2,DE
TX-0002650,C-00250,Mia Martin,mia.martin2650@example.com,11/03/2024,1700.29,USD,refunded,3,US
TX-0002651,C-00251,Liam Smith,liam.smith2651@example.com,12/08/2024,1523.44,USD,cancelled,4,CA
TX-0002652,C-00252,Sofia Brown,sofia.brown2652@example.com,01/01/2024,295.61,USD,completed,5,GB
TX-0002653,C-00253,Ethan Wilson,ethan.wilson2653@example.com,02/06/2024,1811.58,USD,pending,6,AU
TX-0002654,C-00254,Zoe Garcia,zoe.garcia2654@example.com,03/11/2024,1882.99,USD,refunded,7,DE
TX-0002655,C-00255,Mateo Nguyen,mateo.nguyen2655@example.com,04/04/2024,1894.87,USD,cancelled,8,US
TX-0002656,C-00256,Ava Patel,ava.patel2656@example.com,05/09/2024,1336.78,USD,completed,1,CA
TX-0002657,C-00257,Noah Kim,noah.kim2657@example.com,06/02/2024,311.84,USD,pending,2,GB
TX-0002658,C-00258,Mia Martin,mia.martin2658@example.com,07/07/2024,1369.25,USD,refunded,3,AU
TX-0002659,C-00259,Liam Smith,liam.smith2659@example.com,08/12/2024,2202.77,USD,cancelled,4,DE
TX-0002660,C-00260,Sofia Brown,sofia.brown2660@example.com,09/05/2024,2365.63,USD,completed,5,US
TX-0002661,C-00261,Ethan Wilson,ethan.wilson2661@example.com,10/10/2024,325.79,USD,pending,6,CA
TX-0002662,C-00262,Zoe Garcia,zoe.garcia2662@example.com,11/03/2024,1484.39,USD,refunded,7,GB
TX-0002663,C-00263,Mateo Nguyen,mateo.nguyen2663@example.com,12/08/2024,542.26,USD,cancelled,8,AU
TX-0002664,C-00264,Ava Patel,ava.patel2664@example.com,01/01/2024,2460.53,USD,completed,1,DE
TX-0002665,C-00265,Noah Kim,noah.kim2665@example.com,02/06/2024,777.91,USD,pending,2,US
TX-0002666,C-00266,Mia Martin,mia.martin2666@example.com,03/11/2024,164.79,USD,refunded,3,CA
TX-0002667,C-00267,liam smith,liam.smith2667@example.com,04/04/2024,29.61,USD,cancelled,4,GB
TX-0002668,C-00268,Sofia Brown,sofia.brown2668@example.com,05/09/2024,97.17,USD,completed,5,AU
TX-0002669,C-00269,Ethan Wilson,ethan.wilson2669@example.com,06/02/2024,1779.54,USD,COMPLETE,6,DE
TX-0002670,C-00270,Zoe Garcia,zoe.garcia.invalid,07/07/2024,822.70,USD,refunded,7,US
TX-0002671,C-00271,Mateo Nguyen,mateo.nguyen2671@example.com,08/12/2024,1757.13,USD,cancelled,8,CA
TX-0002672,C-00272,Ava Patel,ava.patel2672@example.com,09/05/2024,1992.56,USD,completed,1,GB
TX-0002673,C-00273,Noah Kim,noah.kim2673@example.com,10/10/2024,1303.52,USD,pending,2,AU
TX-0002674,C-00274,Mia Martin,mia.martin2674@example.com,11/03/2024,1627.23,USD,unknown,3,DE
TX-0002675,C-00275,Liam Smith,liam.smith2675@example.com,12/08/2024,362.54,USD,cancelled,4,US
TX-0002676,C-00276,Sofia Brown,sofia.brown2676@example.com,01/01/2024,,USD,completed,5,CA
TX-0002677,C-00277,Ethan Wilson,ethan.wilson2677@example.com,02/06/2024,750.16,USD,pending,6,GB
TX-0002678,C-00278,Zoe Garcia,zoe.garcia2678@example.com,03/11/2024,326.30,USD,refunded,7,AU
TX-0002679,C-00279,Mateo Nguyen,mateo.nguyen2679@example.com,04/04/2024,1811.97,USD,cancelled,8,DE
TX-0002680,C-00280,Ava Patel,ava.patel2680@example.com,05/09/2024,439.66,USD,completed,1,US
TX-0002681,C-00281,Noah Kim,noah.kim2681@example.com,06/02/2024,1542.73,USD,pending,2,CA
TX-0002682,C-00282,Mia Martin,mia.martin2682@example.com,07/07/2024,1720.12,usd,refunded,3,GB
TX-0002683,C-00283,Liam Smith,liam.smith2683@example.com,08/12/2024,1612.84,USD,cancelled,4,AU
TX-0002684,C-00284,Sofia Brown,sofia.brown2684@example.com,09/05/2024,2141.66,USD,completed,5,DE
TX-0002685,C-00285,Ethan Wilson,ethan.wilson2685@example.com,10/10/2024,1598.17,USD,pending,6,US
TX-0002686,C-00286,Zoe Garcia,zoe.garcia2686@example.com,11/03/2024,1447.09,USD,refunded,7,CA
TX-0002687,C-00287,Mateo Nguyen,mateo.nguyen2687@example.com,12/08/2024,1787.52,USD,cancelled,8,GB
TX-0002688,C-00288,Ava Patel,ava.patel2688@example.com,01/01/2024,1762.63,USD,completed,1,AU
TX-0002689,C-00289,Noah Kim,noah.kim2689@example.com,02/06/2024,2085.22,USD,pending,2,DE
TX-0002690,C-00290,Mia Martin,mia.martin2690@example.com,03/11/2024,508.74,USD,refunded,3,US
TX-0002691,C-00291,Liam Smith,liam.smith2691@example.com,04/04/2024,858.32,USD,cancelled,4,CA
TX-0002692,C-00292,Sofia Brown,sofia.brown2692@example.com,05/09/2024,2220.58,USD,completed,5,GB
TX-0002693,C-00293,Ethan Wilson,ethan.wilson2693@example.com,06/02/2024,785.19,USD,pending,6,AU
TX-0002694,C-00294,Zoe Garcia,zoe.garcia2694@example.com,07/07/2024,229.70,USD,refunded,7,DE
TX-0002695,C-00295,Mateo Nguyen,mateo.nguyen2695@example.com,08/12/2024,569.90,USD,cancelled,8,US
TX-0002696,C-00296,Ava Patel,ava.patel2696@example.com,09/05/2024,1549.09,USD,completed,1,CA
TX-0002697,C-00297,Noah Kim,noah.kim2697@example.com,10/10/2024,1355.27,USD,pending,2,GB
TX-0002698,C-00298,Mia Martin,mia.martin2698@example.com,11/03/2024,2075.12,USD,refunded,3,AU
TX-0002699,C-00299,Liam Smith,liam.smith2699@example.com,12/08/2024,2069.77,USD,cancelled,4,DE
TX-0002700,C-00300,Sofia Brown,sofia.brown2700@example.com,01/01/2024,667.32,USD,completed,5,US
TX-0002701,C-00301,Ethan Wilson,ethan.wilson2701@example.com,02/06/2024,1991.46,USD,pending,6,CA
TX-0002702,C-00302,Zoe Garcia,zoe.garcia2702@example.com,03/11/2024,1666.75,USD,refunded,7,GB
TX-0002703,C-00303,Mateo Nguyen,mateo.nguyen2703@example.com,04/04/2024,23.34,USD,cancelled,8,AU
TX-0002704,C-00304,Ava Patel,ava.patel2704@example.com,05/09/2024,2195.94,USD,completed,1,DE
TX-0002705,C-00305,Noah Kim,noah.kim2705@example.com,06/02/2024,2041.27,USD,pending,2,US
TX-0002706,C-00306,Mia Martin,mia.martin2706@example.com,07/07/2024,1986.39,USD,refunded,3,CA
TX-0002707,C-00307,Liam Smith,liam.smith2707@example.com,08/12/2024,470.29,USD,cancelled,4,GB
TX-0002708,C-00308,Sofia Brown,sofia.brown2708@example.com,09/05/2024,1777.13,USD,completed,5,AU
TX-0002709,C-00309,Ethan Wilson,ethan.wilson2709@example.com,10/10/2024,588.59,USD,pending,6,DE
TX-0002710,C-00310,Zoe Garcia,zoe.garcia2710@example.com,11/03/2024,867.96,USD,refunded,7,US
TX-0002711,C-00311,Mateo Nguyen,mateo.nguyen2711@example.com,12/08/2024,2431.67,USD,cancelled,8,CA
TX-0002712,C-00312,  AVA PATEL  ,ava.patel2712@example.com,01/01/2024,1183.15,USD,completed,1,GB
TX-0002713,C-00313,Noah Kim,noah.kim2713@example.com,02/06/2024,733.32,USD,pending,2,AU
TX-0002714,C-00314,Mia Martin,mia.martin2714@example.com,03/11/2024,2246.22,USD,refunded,3,DE
TX-0002715,C-00315,Liam Smith,liam.smith2715@example.com,04/04/2024,2489.15, USD ,cancelled,4,US
TX-0002716,C-00316,Sofia Brown,,05/09/2024,2288.97,USD,completed,5,CA
TX-0002717,C-00317,Ethan Wilson,ethan.wilson2717@example.com,06/02/2024,1358.08,USD,pending,6,GB
TX-0002718,C-00318,Zoe Garcia,zoe.garcia2718@example.com,07/07/2024,691.19,USD,refunded,7,AU
TX-0002719,C-00319,Mateo Nguyen,mateo.nguyen2719@example.com,08/12/2024,976.38,USD,cancelled,8,DE
TX-0002720,C-00320,Ava Patel,ava.patel2720@example.com,09/05/2024,975.19,USD,completed,1,US
TX-0002721,C-00321,Noah Kim,noah.kim2721@example.com,10/10/2024,1947.51,USD,pending,2,CA
TX-0002722,C-00322,Mia Martin,mia.martin2722@example.com,11/03/2024,700.24,USD,refunded,3,GB
TX-0002723,C-00323,Liam Smith,liam.smith2723@example.com,12/08/2024,2445.43,USD,cancelled,4,AU
TX-0002724,C-00324,Sofia Brown,sofia.brown2724@example.com,01/01/2024,2450.89,USD,completed,5,DE
TX-0002725,C-00325,Ethan Wilson,ethan.wilson2725@example.com,02/06/2024,2298.11,USD,pending,6,US
TX-0002726,C-00326,Zoe Garcia,zoe.garcia2726@example.com,03/11/2024,1804.83,USD,refunded,7,CA
TX-0002727,C-00327,Mateo Nguyen,mateo.nguyen2727@example.com,04/04/2024,980.86,USD,cancelled,8,GB
TX-0002728,C-00328,Ava Patel,ava.patel2728@example.com,05/09/2024,439.62,USD,completed,1,AU
TX-0002729,C-00329,Noah Kim,noah.kim2729@example.com,06/02/2024,1008.54,USD,pending,2,DE
TX-0002730,C-00330,Mia Martin,mia.martin2730@example.com,07/07/2024,1920.99,USD,refunded,3,US
TX-0002731,C-00331,Liam Smith,liam.smith2731@example.com,08/12/2024,1817.18,USD,cancelled,4,CA
TX-0002732,C-00332,Sofia Brown,sofia.brown2732@example.com,09/05/2024,1417.31,USD,completed,5,GB
TX-0002733,C-00333,Ethan Wilson,ethan.wilson2733@example.com,10/10/2024,2248.82,USD,pending,6,AU
TX-0002734,C-00334,Zoe Garcia,zoe.garcia2734@example.com,11/03/2024,1008.47,USD,refunded,7,DE
TX-0002735,C-00335,Mateo Nguyen,mateo.nguyen2735@example.com,12/08/2024,764.23,USD,cancelled,8,US
TX-0002736,C-00336,Ava Patel,ava.patel2736@example.com,01/01/2024,1333.23,USD,completed,1,CA
TX-0002737,C-00337,Noah Kim,noah.kim2737@example.com,02/06/2024,1217.10,USD,pending,2,GB
TX-0002738,C-00338,Mia Martin,mia.martin2738@example.com,03/11/2024,2257.83,USD,refunded,3,AU
TX-0002739,C-00339,Liam Smith,liam.smith2739@example.com,04/04/2024,283.64,USD,cancelled,4,DE
TX-0002740,C-00340,Sofia Brown,sofia.brown2740@example.com,05/09/2024,943.02,USD,completed,5,US
TX-0002741,C-00341,Ethan Wilson,ethan.wilson2741@example.com,06/02/2024,1968.64,USD,pending,6,CA
TX-0002742,C-00342,Zoe Garcia,zoe.garcia2742@example.com,07/07/2024,1547.66,USD,refunded,7,GB
TX-0002743,C-00343,Mateo Nguyen,mateo.nguyen2743@example.com,08/12/2024,-87.59,USD,cancelled,8,AU
TX-0002744,C-00344,Ava Patel,ava.patel2744@example.com,09/05/2024,1357.77,USD,completed,1,DE
TX-0002745,C-00345,Noah Kim,noah.kim2745@example.com,10/10/2024,562.78,USD,pending,2,US
TX-0002746,C-00346,Mia Martin,mia.martin2746@example.com,11/03/2024,1440.58,USD,refunded,3,CA
TX-0002747,C-00347,Liam Smith,liam.smith2747@example.com,12/08/2024,316.85,USD,cancelled,4,GB
TX-0002748,C-00348,Sofia Brown,sofia.brown2748@example.com,01/01/2024,566.71,USD,completed,5,AU
TX-0002749,C-00349,Ethan Wilson,ethan.wilson2749@example.com,02/06/2024,2299.04,USD,pending,6,DE
TX-0002750,C-00350,Zoe Garcia,zoe.garcia2750@example.com,03/11/2024,527.79,USD,refunded,7,US
TX-0002751,C-00351,Mateo Nguyen,mateo.nguyen2751@example.com,04/04/2024,2154.98,USD,cancelled,8,ca
TX-0002752,C-00352,Ava Patel,ava.patel2752@example.com,05/09/2024,2239.02,USD,completed,1,GB
TX-0002753,C-00353,Noah Kim,noah.kim2753@example.com,06/02/2024,880.05,USD,pending,2,AU
TX-0002754,C-00354,Mia Martin,mia.martin2754@example.com,07/07/2024,1760.82,USD,refunded,3,DE
TX-0002755,C-00355,Liam Smith,liam.smith2755@example.com,08/12/2024,1541.12,USD,cancelled,4,US
TX-0002756,C-00356,Sofia Brown,sofia.brown2756@example.com,09/05/2024,2398.18,USD,completed,5,CA
TX-0002757,C-00357,Ethan Wilson,ethan.wilson2757@example.com,10/10/2024,2071.41,USD,pending,6,GB
TX-0002758,C-00358,Zoe Garcia,zoe.garcia2758@example.com,11/03/2024,1965.92,USD,refunded,7,AU
TX-0002759,C-00359,Mateo Nguyen,mateo.nguyen.invalid,12/08/2024,1220.79,USD,cancelled,8,DE
TX-0002760,C-00360,Ava Patel,ava.patel2760@example.com,01/01/2024,602.00,USD,completed,1,US
TX-0002761,C-00361,Noah Kim,noah.kim2761@example.com,02/06/2024,2018.63,USD,pending,2,CA
TX-0002762,C-00362,Mia Martin,mia.martin2762@example.com,03/11/2024,1195.27,USD,refunded,3,GB
TX-0002763,C-00363,Liam Smith,liam.smith2763@example.com,04/04/2024,1941.40,USD,cancelled,4,AU
TX-0002764,C-00364,Sofia Brown,sofia.brown2764@example.com,05/09/2024,822.11,USD,completed,5,DE
TX-0002765,C-00365,Ethan Wilson,ethan.wilson2765@example.com,06/02/2024,1753.04,USD,pending,6,US
TX-0002766,C-00366,Zoe Garcia,zoe.garcia2766@example.com,07/07/2024,2101.73,USD,refunded,7,CA
TX-0002767,C-00367,Mateo Nguyen,mateo.nguyen2767@example.com,08/12/2024,599.51,USD,cancelled,8,GB
TX-0002768,C-00368,Ava Patel,ava.patel2768@example.com,09/05/2024,631.47,USD,completed,1,USA
TX-0002769,C-00369,Noah Kim,noah.kim2769@example.com,10/10/2024,1976.98,USD,pending,2,DE
TX-0002770,C-00370,Mia Martin,mia.martin2770@example.com,11/03/2024,1271.91,USD,refunded,3,US
TX-0002771,C-00371,Liam Smith,liam.smith2771@example.com,12/08/2024,338.26,USD,cancelled,4,CA
TX-0002772,C-00372,Sofia Brown,sofia.brown2772@example.com,01/01/2024,1450.40,USD,completed,5,GB
TX-0002773,C-00373,Ethan Wilson,ethan.wilson2773@example.com,02/06/2024,1046.37,USD,pending,6,AU
TX-0002774,C-00374,Zoe Garcia,zoe.garcia2774@example.com,03/11/2024,1466.27,USD,refunded,7,DE
TX-0002775,C-00375,Mateo Nguyen,mateo.nguyen2775@example.com,04/04/2024,257.82,USD,cancelled,8,US
TX-0002776,C-00376,Ava Patel,ava.patel2776@example.com,05/09/2024,259.71,USD,completed,1,CA
TX-0002777,C-00377,Noah Kim,noah.kim2777@example.com,06/02/2024,689.98,USD,pending,2,GB
TX-0002778,C-00378,Mia Martin,mia.martin2778@example.com,07/07/2024,2351.44,USD,refunded,3,AU
TX-0002779,C-00379,Liam Smith,liam.smith2779@example.com,08/12/2024,2027.90,USD,cancelled,4,DE
TX-0002780,C-00380,Sofia Brown,sofia.brown2780@example.com,09/05/2024,1824.80,USD,completed,5,US
TX-0002781,C-00381,Ethan Wilson,ethan.wilson2781@example.com,10/10/2024,1105.87,USD,pending,6,CA
TX-0002782,C-00382,Zoe Garcia,zoe.garcia2782@example.com,11/03/2024,1437.99,USD,refunded,7,GB
TX-0002783,C-00383,Mateo Nguyen,mateo.nguyen2783@example.com,12/08/2024,1454.93,USD,cancelled,8,AU
TX-0002784,C-00384,Ava Patel,ava.patel2784@example.com,01/01/2024,1241.23,USD,completed,1,DE
TX-0002785,C-00385,Noah Kim,noah.kim2785@example.com,02/06/2024,1574.56,USD,pending,2,US
TX-0002786,C-00386,Mia Martin,mia.martin2786@example.com,03/11/2024,1341.56,USD,refunded,3,CA
TX-0002787,C-00387,Liam Smith,liam.smith2787@example.com,04/04/2024,947.10,USD,cancelled,4,GB
TX-0002788,C-00388,Sofia Brown,sofia.brown2788@example.com,05/09/2024,2238.35,USD,completed,5,AU
TX-0002789,C-00389,Ethan Wilson,ethan.wilson2789@example.com,06/02/2024,1573.32,USD,pending,6,DE
TX-0002790,C-00390,Zoe Garcia,zoe.garcia2790@example.com,07/07/2024,463.63,USD,refunded,7,US
TX-0002791,C-00391,Mateo Nguyen,mateo.nguyen2791@example.com,08/12/2024,342.30,USD,cancelled,8,CA
TX-0002792,C-00392,Ava Patel,ava.patel2792@example.com,09/05/2024,26.74,USD,completed,1,GB
TX-0002793,C-00393,Noah Kim,noah.kim2793@example.com,10/10/2024,1644.98,USD,pending,2,AU
TX-0002794,C-00394,mia martin,mia.martin2794@example.com,11/03/2024,1082.26,USD,refunded,3,DE
TX-0002795,C-00395,Liam Smith,liam.smith2795@example.com,12/08/2024,301.90,USD,cancelled,4,US
TX-0002796,C-00396,Sofia Brown,sofia.brown2796@example.com,01/01/2024,594.71,USD,completed,5,CA
TX-0002797,C-00397,Ethan Wilson,ethan.wilson2797@example.com,02/06/2024,314.65,USD,pending,6,GB
TX-0002798,C-00398,Zoe Garcia,zoe.garcia2798@example.com,03/11/2024,1419.06,USD,refunded,7,AU
TX-0002799,C-00399,Mateo Nguyen,mateo.nguyen2799@example.com,04/04/2024,740.35,USD,cancelled,8,DE
TX-0002800,C-00400,Ava Patel,ava.patel2800@example.com,05/09/2024,854.96,USD,completed,1,US
TX-0002801,C-00401,Noah Kim,noah.kim2801@example.com,06/02/2024,264.50,USD,pending,2,CA
TX-0002802,C-00402,Mia Martin,mia.martin2802@example.com,07/07/2024,498.21,USD,refunded,3,GB
TX-0002803,C-00403,Liam Smith,liam.smith2803@example.com,08/12/2024,1221.39,USD,cancelled,4,AU
TX-0002804,C-00404,Sofia Brown,sofia.brown2804@example.com,09/05/2024,236.96,USD,completed,5,DE
TX-0002805,C-00405,Ethan Wilson,ethan.wilson2805@example.com,10/10/2024,253.72,USD,pending,6,US
TX-0002806,C-00406,Zoe Garcia,zoe.garcia2806@example.com,11/03/2024,1205.08,USD,refunded,7,CA
TX-0002807,C-00407,Mateo Nguyen,mateo.nguyen2807@example.com,12/08/2024,316.36,USD,cancelled,8,GB
TX-0002808,C-00408,Ava Patel,ava.patel2808@example.com,01/01/2024,1719.17,USD,completed,1,AU
TX-0002809,C-00409,Noah Kim,noah.kim2809@example.com,02/06/2024,719.71,USD,pending,2,DE
TX-0002810,C-00410,Mia Martin,mia.martin2810@example.com,03/11/2024,2238.58,USD,refunded,3,US
TX-0002811,C-00411,Liam Smith,liam.smith2811@example.com,04/04/2024,1538.60,USD,cancelled,4,CA
TX-0002812,C-00412,Sofia Brown,sofia.brown2812@example.com,05/09/2024,2322.49,USD,completed,5,GB
TX-0002813,C-00413,Ethan Wilson,,06/02/2024,571.51,USD,pending,6,AU
TX-0002814,C-00414,Zoe Garcia,zoe.garcia2814@example.com,07/07/2024,49.26,USD,refunded,7,DE
TX-0002815,C-00415,Mateo Nguyen,mateo.nguyen2815@example.com,08/12/2024,2061.76,USD,cancelled,8,US
TX-0002816,C-00416,Ava Patel,ava.patel2816@example.com,09/05/2024,1709.46,USD,completed,1,CA
TX-0002817,C-00417,Noah Kim,noah.kim2817@example.com,10/10/2024,1022.01,USD,pending,2,GB
TX-0002818,C-00418,Mia Martin,mia.martin2818@example.com,11/03/2024,1603.39,USD,refunded,3,AU
TX-0002819,C-00419,Liam Smith,liam.smith2819@example.com,12/08/2024,1061.56,USD,cancelled,4,DE
TX-0002820,C-00420,Sofia Brown,sofia.brown2820@example.com,01/01/2024,1731.75,USD,completed,5,US
TX-0002821,C-00421,Ethan Wilson,ethan.wilson2821@example.com,02/06/2024,144.06,USD,pending,6,CA
TX-0002822,C-00422,Zoe Garcia,zoe.garcia2822@example.com,03/11/2024,2193.63,USD,refunded,7,GB
TX-0002823,C-00423,Mateo Nguyen,mateo.nguyen2823@example.com,04/04/2024,215.11,USD,cancelled,8,AU
TX-0002824,C-00424,Ava Patel,ava.patel2824@example.com,05/09/2024,649.68,USD,completed,1,DE
TX-0002825,C-00425,  NOAH KIM  ,noah.kim2825@example.com,06/02/2024,1155.13,USD,pending,2,US
TX-0002826,C-00426,Mia Martin,mia.martin2826@example.com,07/07/2024,599.08,USD,COMPLETE,3,CA
TX-0002827,C-00427,Liam Smith,liam.smith2827@example.com,08/12/2024,1016.58,USD,cancelled,4,GB
TX-0002828,C-00428,Sofia Brown,sofia.brown2828@example.com,09/05/2024,1882.44,USD,completed,5,AU
TX-0002829,C-00429,Ethan Wilson,ethan.wilson2829@example.com,10/10/2024,2039.82,USD,pending,6,DE
TX-0002830,C-00430,Zoe Garcia,zoe.garcia2830@example.com,11/03/2024,356.86,USD,refunded,7,US
TX-0002831,C-00431,Mateo Nguyen,mateo.nguyen2831@example.com,12/08/2024,728.98,usd,cancelled,8,CA
TX-0002832,C-00432,Ava Patel,ava.patel2832@example.com,01/01/2024,2233.97,USD,completed,1,GB
TX-0002833,C-00433,Noah Kim,noah.kim2833@example.com,02/06/2024,2052.53,USD,pending,2,AU
TX-0002834,C-00434,Mia Martin,mia.martin2834@example.com,03/11/2024,1215.22,USD,refunded,3,DE
TX-0002835,C-00435,Liam Smith,liam.smith2835@example.com,04/04/2024,811.39,USD,cancelled,4,US
TX-0002836,C-00436,Sofia Brown,sofia.brown2836@example.com,05/09/2024,1759.80,USD,completed,5,CA
TX-0002837,C-00437,Ethan Wilson,ethan.wilson2837@example.com,06/02/2024,99.50,USD,pending,6,GB
TX-0002838,C-00438,Zoe Garcia,zoe.garcia2838@example.com,07/07/2024,1624.49,USD,refunded,7,AU
TX-0002839,C-00439,Mateo Nguyen,mateo.nguyen2839@example.com,08/12/2024,1920.68,USD,cancelled,8,DE
TX-0002840,C-00440,Ava Patel,ava.patel2840@example.com,09/05/2024,1783.24,USD,completed,1,US
TX-0002841,C-00441,Noah Kim,noah.kim2841@example.com,10/10/2024,1389.63,USD,pending,2,CA
TX-0002842,C-00442,Mia Martin,mia.martin2842@example.com,11/03/2024,2054.54,USD,refunded,3,GB
TX-0002843,C-00443,Liam Smith,liam.smith2843@example.com,12/08/2024,1713.67,USD,cancelled,4,AU
TX-0002844,C-00444,Sofia Brown,sofia.brown2844@example.com,01/01/2024,423.71,USD,completed,5,DE
TX-0002845,C-00445,Ethan Wilson,ethan.wilson2845@example.com,02/06/2024,348.15,USD,pending,6,US
TX-0002846,C-00446,Zoe Garcia,zoe.garcia2846@example.com,03/11/2024,79.36,USD,refunded,7,CA
TX-0002847,C-00447,Mateo Nguyen,mateo.nguyen2847@example.com,04/04/2024,1662.74,USD,cancelled,8,GB
TX-0002848,C-00448,Ava Patel,ava.patel.invalid,05/09/2024,578.01,USD,completed,1,AU
TX-0002849,C-00449,Noah Kim,noah.kim2849@example.com,06/02/2024,522.53,USD,pending,2,DE
TX-0002850,C-00450,Mia Martin,mia.martin2850@example.com,07/07/2024,1511.43,USD,refunded,3,US
TX-0002851,C-00451,Liam Smith,liam.smith2851@example.com,08/12/2024,1390.47,USD,cancelled,4,CA
TX-0002852,C-00452,Sofia Brown,sofia.brown2852@example.com,09/05/2024,707.49,USD,completed,5,GB
TX-0002853,C-00453,Ethan Wilson,ethan.wilson2853@example.com,10/10/2024,1598.31,USD,pending,6,AU
TX-0002854,C-00454,Zoe Garcia,zoe.garcia2854@example.com,11/03/2024,194.79,USD,refunded,7,DE
TX-0002855,C-00455,Mateo Nguyen,mateo.nguyen2855@example.com,12/08/2024,1206.41,USD,cancelled,8,US
TX-0002856,C-00456,Ava Patel,ava.patel2856@example.com,01/01/2024,2076.68,USD,completed,1,CA
TX-0002857,C-00457,Noah Kim,noah.kim2857@example.com,02/06/2024,1381.58,USD,pending,2,GB
TX-0002858,C-00458,Mia Martin,mia.martin2858@example.com,03/11/2024,2327.90,USD,refunded,3,AU
TX-0002859,C-00459,Liam Smith,liam.smith2859@example.com,04/04/2024,596.07,USD,cancelled,4,DE
TX-0002860,C-00460,Sofia Brown,sofia.brown2860@example.com,05/09/2024,2111.98,USD,completed,5,US
TX-0002861,C-00461,Ethan Wilson,ethan.wilson2861@example.com,06/02/2024,2258.53,USD,pending,6,CA
TX-0002862,C-00462,Zoe Garcia,zoe.garcia2862@example.com,07/07/2024,251.08,USD,refunded,7,GB
TX-0002863,C-00463,Mateo Nguyen,mateo.nguyen2863@example.com,08/12/2024,1420.50,USD,cancelled,8,AU
TX-0002864,C-00464,Ava Patel,ava.patel2864@example.com,09/05/2024,1392.77,USD,completed,1,DE
TX-0002865,C-00465,Noah Kim,noah.kim2865@example.com,10/10/2024,2113.75,USD,unknown,2,US
TX-0002866,C-00466,Mia Martin,mia.martin2866@example.com,11/03/2024,2349.59,USD,refunded,3,CA
TX-0002867,C-00467,Liam Smith,liam.smith2867@example.com,12/08/2024,2224.68,USD,cancelled,4,GB
TX-0002868,C-00468,Sofia Brown,sofia.brown2868@example.com,01/01/2024,1176.79,USD,completed,5,AU
TX-0002869,C-00469,Ethan Wilson,ethan.wilson2869@example.com,02/06/2024,740.93,USD,pending,6,DE
TX-0002870,C-00470,Zoe Garcia,zoe.garcia2870@example.com,03/11/2024,722.86,USD,refunded,7,US
TX-0002871,C-00471,Mateo Nguyen,mateo.nguyen2871@example.com,04/04/2024,2425.98,USD,cancelled,8,CA
TX-0002872,C-00472,Ava Patel,ava.patel2872@example.com,05/09/2024,1578.96,USD,completed,1,GB
TX-0002873,C-00473,Noah Kim,noah.kim2873@example.com,06/02/2024,302.44,USD,pending,2,AU
TX-0002874,C-00474,Mia Martin,mia.martin2874@example.com,07/07/2024,1055.23,USD,refunded,3,DE
TX-0002875,C-00475,Liam Smith,liam.smith2875@example.com,08/12/2024,1950.45,USD,cancelled,4,US
TX-0002876,C-00476,Sofia Brown,sofia.brown2876@example.com,09/05/2024,1154.06,USD,completed,5,CA
TX-0002877,C-00477,Ethan Wilson,ethan.wilson2877@example.com,10/10/2024,379.48,USD,pending,6,GB
TX-0002878,C-00478,Zoe Garcia,zoe.garcia2878@example.com,11/03/2024,2306.25,USD,refunded,7,AU
TX-0002879,C-00479,Mateo Nguyen,mateo.nguyen2879@example.com,12/08/2024,905.23,USD,cancelled,8,DE
TX-0002880,C-00480,Ava Patel,ava.patel2880@example.com,01/01/2024,1948.85,USD,completed,1,US
TX-0002881,C-00481,Noah Kim,noah.kim2881@example.com,02/06/2024,370.17,USD,pending,2,CA
TX-0002882,C-00482,Mia Martin,mia.martin2882@example.com,03/11/2024,796.31,USD,refunded,3,gb
TX-0002883,C-00483,Liam Smith,liam.smith2883@example.com,04/04/2024,478.21,USD,cancelled,4,AU
TX-0002884,C-00484,Sofia Brown,sofia.brown2884@example.com,05/09/2024,577.09,USD,completed,5,DE
TX-0002885,C-00485,Ethan Wilson,ethan.wilson2885@example.com,06/02/2024,1330.50,USD,pending,6,US
TX-0002886,C-00486,Zoe Garcia,zoe.garcia2886@example.com,07/07/2024,681.73,USD,refunded,7,CA
TX-0002887,C-00487,Mateo Nguyen,mateo.nguyen2887@example.com,08/12/2024,2049.85,USD,cancelled,8,GB
TX-0002888,C-00488,Ava Patel,ava.patel2888@example.com,09/05/2024,915.78,USD,completed,1,AU
TX-0002889,C-00489,Noah Kim,noah.kim2889@example.com,10/10/2024,1356.72,USD,pending,2,DE
TX-0002890,C-00490,Mia Martin,mia.martin2890@example.com,11/03/2024,335.92,USD,refunded,3,US
TX-0002891,C-00491,Liam Smith,liam.smith2891@example.com,12/08/2024,2274.36,USD,cancelled,4,CA
TX-0002892,C-00492,Sofia Brown,sofia.brown2892@example.com,01/01/2024,1374.89,USD,completed,5,GB
TX-0002893,C-00493,Ethan Wilson,ethan.wilson2893@example.com,02/06/2024,2016.90,USD,pending,6,AU
TX-0002894,C-00494,Zoe Garcia,zoe.garcia2894@example.com,03/11/2024,1112.48,USD,refunded,7,DE
TX-0002895,C-00495,Mateo Nguyen,mateo.nguyen2895@example.com,04/04/2024,368.35,USD,cancelled,8,US
TX-0002896,C-00496,Ava Patel,ava.patel2896@example.com,05/09/2024,1823.43, USD ,completed,1,CA
TX-0002897,C-00497,Noah Kim,noah.kim2897@example.com,06/02/2024,2482.25,USD,pending,2,GB
TX-0002898,C-00498,Mia Martin,mia.martin2898@example.com,07/07/2024,448.27,USD,refunded,3,AU
TX-0002899,C-00499,Liam Smith,liam.smith2899@example.com,08/12/2024,,USD,cancelled,4,DE
TX-0002900,C-00500,Sofia Brown,sofia.brown2900@example.com,09/05/2024,1764.36,USD,completed,5,US
TX-0002901,C-00501,Ethan Wilson,ethan.wilson2901@example.com,10/10/2024,1992.88,USD,pending,6,CA
TX-0002902,C-00502,Zoe Garcia,zoe.garcia2902@example.com,11/03/2024,659.84,USD,refunded,7,GB
TX-0002903,C-00503,Mateo Nguyen,mateo.nguyen2903@example.com,12/08/2024,981.80,USD,cancelled,8,AU
TX-0002904,C-00504,Ava Patel,ava.patel2904@example.com,01/01/2024,96.04,USD,completed,1,DE
TX-0002905,C-00505,Noah Kim,noah.kim2905@example.com,02/06/2024,1114.03,USD,pending,2,US
TX-0002906,C-00506,Mia Martin,mia.martin2906@example.com,03/11/2024,2023.47,USD,refunded,3,CA
TX-0002907,C-00507,Liam Smith,liam.smith2907@example.com,04/04/2024,46.27,USD,cancelled,4,GB
TX-0002908,C-00508,Sofia Brown,sofia.brown2908@example.com,05/09/2024,950.24,USD,completed,5,AU
TX-0002909,C-00509,Ethan Wilson,ethan.wilson2909@example.com,06/02/2024,2231.74,USD,pending,6,DE
TX-0002910,C-00510,Zoe Garcia,,07/07/2024,67.64,USD,refunded,7,US
TX-0002911,C-00511,Mateo Nguyen,mateo.nguyen2911@example.com,08/12/2024,478.95,USD,cancelled,8,CA
TX-0002912,C-00512,Ava Patel,ava.patel2912@example.com,09/05/2024,74.88,USD,completed,1,GB
TX-0002913,C-00513,Noah Kim,noah.kim2913@example.com,10/10/2024,2180.67,USD,pending,2,AU
TX-0002914,C-00514,Mia Martin,mia.martin2914@example.com,11/03/2024,1221.68,USD,refunded,3,DE
TX-0002915,C-00515,Liam Smith,liam.smith2915@example.com,12/08/2024,1575.19,USD,cancelled,4,US
TX-0002916,C-00516,Sofia Brown,sofia.brown2916@example.com,01/01/2024,500.77,USD,completed,5,CA
TX-0002917,C-00517,Ethan Wilson,ethan.wilson2917@example.com,02/06/2024,2156.92,USD,pending,6,GB
TX-0002918,C-00518,Zoe Garcia,zoe.garcia2918@example.com,03/11/2024,1911.17,USD,refunded,7,AU
TX-0002919,C-00519,Mateo Nguyen,mateo.nguyen2919@example.com,04/04/2024,1731.60,USD,cancelled,8,DE
TX-0002920,C-00520,Ava Patel,ava.patel2920@example.com,05/09/2024,2392.16,USD,completed,1,US
TX-0002921,C-00521,noah kim,noah.kim2921@example.com,06/02/2024,436.31,USD,pending,2,CA
TX-0002922,C-00522,Mia Martin,mia.martin2922@example.com,07/07/2024,336.71,USD,refunded,3,GB
TX-0002923,C-00523,Liam Smith,liam.smith2923@example.com,08/12/2024,1789.30,USD,cancelled,4,AU
TX-0002924,C-00524,Sofia Brown,sofia.brown2924@example.com,09/05/2024,1349.42,USD,completed,5,DE
TX-0002925,C-00525,Ethan Wilson,ethan.wilson2925@example.com,10/10/2024,813.27,USD,pending,6,US
TX-0002926,C-00526,Zoe Garcia,zoe.garcia2926@example.com,11/03/2024,1854.91,USD,refunded,7,CA
TX-0002927,C-00527,Mateo Nguyen,mateo.nguyen2927@example.com,12/08/2024,902.51,USD,cancelled,8,GB
TX-0002928,C-00528,Ava Patel,ava.patel2928@example.com,01/01/2024,2489.41,USD,completed,1,AU
TX-0002929,C-00529,Noah Kim,noah.kim2929@example.com,02/06/2024,716.65,USD,pending,2,DE
TX-0002930,C-00530,Mia Martin,mia.martin2930@example.com,03/11/2024,1381.95,USD,refunded,3,US
TX-0002931,C-00531,Liam Smith,liam.smith2931@example.com,04/04/2024,1934.38,USD,cancelled,4,CA
TX-0002932,C-00532,Sofia Brown,sofia.brown2932@example.com,05/09/2024,1450.86,USD,completed,5,GB
TX-0002933,C-00533,Ethan Wilson,ethan.wilson2933@example.com,06/02/2024,1311.07,USD,pending,6,AU
TX-0002934,C-00534,Zoe Garcia,zoe.garcia2934@example.com,07/07/2024,326.26,USD,refunded,7,DE
TX-0002935,C-00535,Mateo Nguyen,mateo.nguyen2935@example.com,08/12/2024,931.38,USD,cancelled,8,US
TX-0002936,C-00536,Ava Patel,ava.patel2936@example.com,09/05/2024,658.09,USD,completed,1,CA
TX-0002937,C-00537,Noah Kim,noah.kim.invalid,10/10/2024,513.61,USD,pending,2,GB
TX-0002938,C-00538,  MIA MARTIN  ,mia.martin2938@example.com,11/03/2024,1216.35,USD,refunded,3,AU
TX-0002939,C-00539,Liam Smith,liam.smith2939@example.com,12/08/2024,11.96,USD,cancelled,4,DE
TX-0002940,C-00540,Sofia Brown,sofia.brown2940@example.com,01/01/2024,582.79,USD,completed,5,US
TX-0002941,C-00541,Ethan Wilson,ethan.wilson2941@example.com,02/06/2024,618.16,USD,pending,6,USA
TX-0002942,C-00542,Zoe Garcia,zoe.garcia2942@example.com,03/11/2024,197.29,USD,refunded,7,GB
TX-0002943,C-00543,Mateo Nguyen,mateo.nguyen2943@example.com,04/04/2024,1435.68,USD,cancelled,8,AU
TX-0002944,C-00544,Ava Patel,ava.patel2944@example.com,05/09/2024,424.01,USD,completed,1,DE
TX-0002945,C-00545,Noah Kim,noah.kim2945@example.com,06/02/2024,2225.11,USD,pending,2,US
TX-0002946,C-00546,Mia Martin,mia.martin2946@example.com,07/07/2024,1331.03,USD,refunded,3,CA
TX-0002947,C-00547,Liam Smith,liam.smith2947@example.com,08/12/2024,170.40,USD,cancelled,4,GB
TX-0002948,C-00548,Sofia Brown,sofia.brown2948@example.com,09/05/2024,1276.98,USD,completed,5,AU
TX-0002949,C-00549,Ethan Wilson,ethan.wilson2949@example.com,10/10/2024,271.81,USD,pending,6,DE
TX-0002950,C-00550,Zoe Garcia,zoe.garcia2950@example.com,11/03/2024,1294.25,USD,refunded,7,US
TX-0002951,C-00551,Mateo Nguyen,mateo.nguyen2951@example.com,12/08/2024,89.41,USD,cancelled,8,CA
TX-0002952,C-00552,Ava Patel,ava.patel2952@example.com,01/01/2024,1339.89,USD,completed,1,GB
TX-0002953,C-00553,Noah Kim,noah.kim2953@example.com,02/06/2024,464.57,USD,pending,2,AU
TX-0002954,C-00554,Mia Martin,mia.martin2954@example.com,03/11/2024,-43.85,USD,refunded,3,DE
TX-0002955,C-00555,Liam Smith,liam.smith2955@example.com,04/04/2024,1770.81,USD,cancelled,4,US
TX-0002956,C-00556,Sofia Brown,sofia.brown2956@example.com,05/09/2024,1580.10,USD,completed,5,CA
TX-0002957,C-00557,Ethan Wilson,ethan.wilson2957@example.com,06/02/2024,1005.84,USD,pending,6,GB
TX-0002958,C-00558,Zoe Garcia,zoe.garcia2958@example.com,07/07/2024,1266.82,USD,refunded,7,AU
TX-0002959,C-00559,Mateo Nguyen,mateo.nguyen2959@example.com,08/12/2024,1143.90,USD,cancelled,8,DE
TX-0002960,C-00560,Ava Patel,ava.patel2960@example.com,09/05/2024,1100.32,USD,completed,1,US
TX-0002961,C-00561,Noah Kim,noah.kim2961@example.com,10/10/2024,301.84,USD,pending,2,CA
TX-0002962,C-00562,Mia Martin,mia.martin2962@example.com,11/03/2024,768.05,USD,refunded,3,GB
TX-0002963,C-00563,Liam Smith,liam.smith2963@example.com,12/08/2024,1330.39,USD,cancelled,4,AU
TX-0002964,C-00564,Sofia Brown,sofia.brown2964@example.com,01/01/2024,1999.17,USD,completed,5,DE
TX-0002965,C-00565,Ethan Wilson,ethan.wilson2965@example.com,02/06/2024,1132.34,USD,pending,6,US
TX-0002966,C-00566,Zoe Garcia,zoe.garcia2966@example.com,03/11/2024,1031.29,USD,refunded,7,CA
TX-0002967,C-00567,Mateo Nguyen,mateo.nguyen2967@example.com,04/04/2024,39.33,USD,cancelled,8,GB
TX-0002968,C-00568,Ava Patel,ava.patel2968@example.com,05/09/2024,1578.82,USD,completed,1,AU
TX-0002969,C-00569,Noah Kim,noah.kim2969@example.com,06/02/2024,2248.03,USD,pending,2,DE
TX-0002970,C-00570,Mia Martin,mia.martin2970@example.com,07/07/2024,2305.90,USD,refunded,3,US
TX-0002971,C-00571,Liam Smith,liam.smith2971@example.com,08/12/2024,1055.97,USD,cancelled,4,CA
TX-0002972,C-00572,Sofia Brown,sofia.brown2972@example.com,09/05/2024,434.08,USD,completed,5,GB
TX-0002973,C-00573,Ethan Wilson,ethan.wilson2973@example.com,10/10/2024,2380.24,USD,pending,6,AU
TX-0002974,C-00574,Zoe Garcia,zoe.garcia2974@example.com,11/03/2024,1287.15,USD,refunded,7,DE
TX-0002975,C-00575,Mateo Nguyen,mateo.nguyen2975@example.com,12/08/2024,1026.23,USD,cancelled,8,US
TX-0002976,C-00576,Ava Patel,ava.patel2976@example.com,01/01/2024,1491.70,USD,completed,1,CA
TX-0002977,C-00577,Noah Kim,noah.kim2977@example.com,02/06/2024,853.48,USD,pending,2,GB
TX-0002978,C-00578,Mia Martin,mia.martin2978@example.com,03/11/2024,640.42,USD,refunded,3,AU
TX-0002979,C-00579,Liam Smith,liam.smith2979@example.com,04/04/2024,430.77,USD,cancelled,4,DE
TX-0002980,C-00580,Sofia Brown,sofia.brown2980@example.com,05/09/2024,940.61,usd,completed,5,US
TX-0002981,C-00581,Ethan Wilson,ethan.wilson2981@example.com,06/02/2024,839.99,USD,pending,6,CA
TX-0002982,C-00582,Zoe Garcia,zoe.garcia2982@example.com,07/07/2024,878.61,USD,refunded,7,GB
TX-0002983,C-00583,Mateo Nguyen,mateo.nguyen2983@example.com,08/12/2024,1940.81,USD,COMPLETE,8,AU
TX-0002984,C-00584,Ava Patel,ava.patel2984@example.com,09/05/2024,1038.02,USD,completed,1,DE
TX-0002985,C-00585,Noah Kim,noah.kim2985@example.com,10/10/2024,1858.79,USD,pending,2,US
TX-0002986,C-00586,Mia Martin,mia.martin2986@example.com,11/03/2024,1911.35,USD,refunded,3,CA
TX-0002987,C-00587,Liam Smith,liam.smith2987@example.com,12/08/2024,2045.82,USD,cancelled,4,GB
TX-0002988,C-00588,Sofia Brown,sofia.brown2988@example.com,01/01/2024,2064.28,USD,completed,5,AU
TX-0002989,C-00589,Ethan Wilson,ethan.wilson2989@example.com,02/06/2024,1558.42,USD,pending,6,DE
TX-0002990,C-00590,Zoe Garcia,zoe.garcia2990@example.com,03/11/2024,1102.22,USD,refunded,7,US
TX-0002991,C-00591,Mateo Nguyen,mateo.nguyen2991@example.com,04/04/2024,1793.67,USD,cancelled,8,CA
TX-0002992,C-00592,Ava Patel,ava.patel2992@example.com,05/09/2024,275.92,USD,completed,1,GB
TX-0002993,C-00593,Noah Kim,noah.kim2993@example.com,06/02/2024,642.29,USD,pending,2,AU
TX-0002994,C-00594,Mia Martin,mia.martin2994@example.com,07/07/2024,1688.53,USD,refunded,3,DE
TX-0002995,C-00595,Liam Smith,liam.smith2995@example.com,08/12/2024,2041.65,USD,cancelled,4,US
TX-0002996,C-00596,Sofia Brown,sofia.brown2996@example.com,09/05/2024,844.01,USD,completed,5,CA
TX-0002997,C-00597,Ethan Wilson,ethan.wilson2997@example.com,10/10/2024,1220.31,USD,pending,6,GB
TX-0002998,C-00598,Zoe Garcia,zoe.garcia2998@example.com,11/03/2024,1069.03,USD,refunded,7,AU
TX-0002999,C-00599,Mateo Nguyen,mateo.nguyen2999@example.com,12/08/2024,2239.30,USD,cancelled,8,DE
TX-0003000,C-00600,Ava Patel,ava.patel3000@example.com,01/01/2024,1095.73,USD,completed,1,US
TX-0003001,C-00601,Noah Kim,noah.kim3001@example.com,02/06/2024,1800.33,USD,pending,2,CA
TX-0003002,C-00602,Mia Martin,mia.martin3002@example.com,03/11/2024,2189.92,USD,refunded,3,GB
TX-0003003,C-00603,Liam Smith,liam.smith3003@example.com,04/04/2024,140.93,USD,cancelled,4,AU
TX-0003004,C-00604,Sofia Brown,sofia.brown3004@example.com,05/09/2024,2288.70,USD,completed,5,DE
TX-0003005,C-00605,Ethan Wilson,ethan.wilson3005@example.com,06/02/2024,118.82,USD,pending,6,US
TX-0003006,C-00606,Zoe Garcia,zoe.garcia3006@example.com,07/07/2024,1718.73,USD,refunded,7,CA
TX-0003007,C-00607,Mateo Nguyen,,08/12/2024,222.83,USD,cancelled,8,GB
TX-0003008,C-00608,Ava Patel,ava.patel3008@example.com,09/05/2024,322.92,USD,completed,1,AU
TX-0003009,C-00609,Noah Kim,noah.kim3009@example.com,10/10/2024,765.01,USD,pending,2,DE
TX-0003010,C-00610,Mia Martin,mia.martin3010@example.com,11/03/2024,119.88,USD,refunded,3,US
TX-0003011,C-00611,Liam Smith,liam.smith3011@example.com,12/08/2024,2339.12,USD,cancelled,4,CA
TX-0003012,C-00612,Sofia Brown,sofia.brown3012@example.com,01/01/2024,1160.17,USD,completed,5,GB
TX-0003013,C-00613,Ethan Wilson,ethan.wilson3013@example.com,02/06/2024,2170.63,USD,pending,6,au
TX-0003014,C-00614,Zoe Garcia,zoe.garcia3014@example.com,03/11/2024,861.61,USD,refunded,7,DE
TX-0003015,C-00615,Mateo Nguyen,mateo.nguyen3015@example.com,04/04/2024,806.41,USD,cancelled,8,US
TX-0003016,C-00616,Ava Patel,ava.patel3016@example.com,05/09/2024,1719.62,USD,completed,1,CA
TX-0003017,C-00617,Noah Kim,noah.kim3017@example.com,06/02/2024,535.15,USD,pending,2,GB
TX-0003018,C-00618,Mia Martin,mia.martin3018@example.com,07/07/2024,789.44,USD,refunded,3,AU
TX-0003019,C-00619,Liam Smith,liam.smith3019@example.com,08/12/2024,294.55,USD,cancelled,4,DE
TX-0003020,C-00620,Sofia Brown,sofia.brown3020@example.com,09/05/2024,679.48,USD,completed,5,US
TX-0003021,C-00621,Ethan Wilson,ethan.wilson3021@example.com,10/10/2024,1831.03,USD,pending,6,CA
TX-0003022,C-00622,Zoe Garcia,zoe.garcia3022@example.com,11/03/2024,113.78,USD,refunded,7,GB
TX-0003023,C-00623,Mateo Nguyen,mateo.nguyen3023@example.com,12/08/2024,140.79,USD,cancelled,8,AU
TX-0003024,C-00624,Ava Patel,ava.patel3024@example.com,01/01/2024,1465.25,USD,completed,1,DE
TX-0003025,C-00625,Noah Kim,noah.kim3025@example.com,02/06/2024,1607.32,USD,pending,2,US
TX-0003026,C-00626,Mia Martin,mia.martin.invalid,03/11/2024,2200.00,USD,refunded,3,CA
TX-0003027,C-00627,Liam Smith,liam.smith3027@example.com,04/04/2024,861.50,USD,cancelled,4,GB
TX-0003028,C-00628,Sofia Brown,sofia.brown3028@example.com,05/09/2024,247.21,USD,completed,5,AU
TX-0003029,C-00629,Ethan Wilson,ethan.wilson3029@example.com,06/02/2024,23.71,USD,pending,6,DE
TX-0003030,C-00630,Zoe Garcia,zoe.garcia3030@example.com,07/07/2024,670.09,USD,refunded,7,US
TX-0003031,C-00631,Mateo Nguyen,mateo.nguyen3031@example.com,08/12/2024,1140.71,USD,cancelled,8,CA
TX-0003032,C-00632,Ava Patel,ava.patel3032@example.com,09/05/2024,2461.75,USD,completed,1,GB
TX-0003033,C-00633,Noah Kim,noah.kim3033@example.com,10/10/2024,2000.81,USD,pending,2,AU
TX-0003034,C-00634,Mia Martin,mia.martin3034@example.com,11/03/2024,145.14,USD,refunded,3,DE
TX-0003035,C-00635,Liam Smith,liam.smith3035@example.com,12/08/2024,1773.17,USD,cancelled,4,US
TX-0003036,C-00636,Sofia Brown,sofia.brown3036@example.com,01/01/2024,489.87,USD,completed,5,CA
TX-0003037,C-00637,Ethan Wilson,ethan.wilson3037@example.com,02/06/2024,2261.47,USD,pending,6,GB
TX-0003038,C-00638,Zoe Garcia,zoe.garcia3038@example.com,03/11/2024,2071.62,USD,refunded,7,AU
TX-0003039,C-00639,Mateo Nguyen,mateo.nguyen3039@example.com,04/04/2024,494.14,USD,cancelled,8,DE
TX-0003040,C-00640,Ava Patel,ava.patel3040@example.com,05/09/2024,2189.94,USD,completed,1,US
TX-0003041,C-00641,Noah Kim,noah.kim3041@example.com,06/02/2024,1703.51,USD,pending,2,CA
TX-0003042,C-00642,Mia Martin,mia.martin3042@example.com,07/07/2024,2448.36,USD,refunded,3,GB
TX-0003043,C-00643,Liam Smith,liam.smith3043@example.com,08/12/2024,696.32,USD,cancelled,4,AU
TX-0003044,C-00644,Sofia Brown,sofia.brown3044@example.com,09/05/2024,527.55,USD,completed,5,DE
TX-0003045,C-00645,Ethan Wilson,ethan.wilson3045@example.com,10/10/2024,1784.53,USD,pending,6,US
TX-0003046,C-00646,Zoe Garcia,zoe.garcia3046@example.com,11/03/2024,193.64,USD,refunded,7,CA
TX-0003047,C-00647,Mateo Nguyen,mateo.nguyen3047@example.com,12/08/2024,380.18,USD,cancelled,8,GB
TX-0003048,C-00648,ava patel,ava.patel3048@example.com,01/01/2024,1112.78,USD,completed,1,AU
TX-0003049,C-00649,Noah Kim,noah.kim3049@example.com,02/06/2024,1316.33,USD,pending,2,DE
TX-0003050,C-00650,Mia Martin,mia.martin3050@example.com,03/11/2024,2180.29,USD,refunded,3,US
TX-0003051,C-00651,  LIAM SMITH  ,liam.smith3051@example.com,04/04/2024,2030.23,USD,cancelled,4,CA
TX-0003052,C-00652,Sofia Brown,sofia.brown3052@example.com,05/09/2024,2286.33,USD,completed,5,GB
TX-0003053,C-00653,Ethan Wilson,ethan.wilson3053@example.com,06/02/2024,208.87,USD,pending,6,AU
TX-0003054,C-00654,Zoe Garcia,zoe.garcia3054@example.com,07/07/2024,883.75,USD,refunded,7,DE
TX-0003055,C-00655,Mateo Nguyen,mateo.nguyen3055@example.com,08/12/2024,2361.19,USD,cancelled,8,US
TX-0003056,C-00656,Ava Patel,ava.patel3056@example.com,09/05/2024,1253.97,USD,unknown,1,CA
TX-0003057,C-00657,Noah Kim,noah.kim3057@example.com,10/10/2024,749.89,USD,pending,2,GB
TX-0003058,C-00658,Mia Martin,mia.martin3058@example.com,11/03/2024,550.83,USD,refunded,3,AU
TX-0003059,C-00659,Liam Smith,liam.smith3059@example.com,12/08/2024,1337.90,USD,cancelled,4,DE
TX-0003060,C-00660,Sofia Brown,sofia.brown3060@example.com,01/01/2024,1774.55,USD,completed,5,US
TX-0003061,C-00661,Ethan Wilson,ethan.wilson3061@example.com,02/06/2024,424.99,USD,pending,6,CA
TX-0003062,C-00662,Zoe Garcia,zoe.garcia3062@example.com,03/11/2024,1054.00,USD,refunded,7,GB
TX-0003063,C-00663,Mateo Nguyen,mateo.nguyen3063@example.com,04/04/2024,526.27,USD,cancelled,8,AU
TX-0003064,C-00664,Ava Patel,ava.patel3064@example.com,05/09/2024,1319.70,USD,completed,1,DE
TX-0003065,C-00665,Noah Kim,noah.kim3065@example.com,06/02/2024,1836.96,USD,pending,2,US
TX-0003066,C-00666,Mia Martin,mia.martin3066@example.com,07/07/2024,2489.75,USD,refunded,3,CA
TX-0003067,C-00667,Liam Smith,liam.smith3067@example.com,08/12/2024,973.63,USD,cancelled,4,GB
TX-0003068,C-00668,Sofia Brown,sofia.brown3068@example.com,09/05/2024,1381.02,USD,completed,5,AU
TX-0003069,C-00669,Ethan Wilson,ethan.wilson3069@example.com,10/10/2024,2488.35,USD,pending,6,DE
TX-0003070,C-00670,Zoe Garcia,zoe.garcia3070@example.com,11/03/2024,1613.11,USD,refunded,7,US
TX-0003071,C-00671,Mateo Nguyen,mateo.nguyen3071@example.com,12/08/2024,2198.99,USD,cancelled,8,CA
TX-0003072,C-00672,Ava Patel,ava.patel3072@example.com,01/01/2024,1373.07,USD,completed,1,GB
TX-0003073,C-00673,Noah Kim,noah.kim3073@example.com,02/06/2024,1039.35,USD,pending,2,AU
TX-0003074,C-00674,Mia Martin,mia.martin3074@example.com,03/11/2024,1790.02,USD,refunded,3,DE
TX-0003075,C-00675,Liam Smith,liam.smith3075@example.com,04/04/2024,505.08,USD,cancelled,4,US
TX-0003076,C-00676,Sofia Brown,sofia.brown3076@example.com,05/09/2024,1451.98,USD,completed,5,CA
TX-0003077,C-00677,Ethan Wilson,ethan.wilson3077@example.com,06/02/2024,775.20, USD ,pending,6,GB
TX-0003078,C-00678,Zoe Garcia,zoe.garcia3078@example.com,07/07/2024,1674.58,USD,refunded,7,AU
TX-0003079,C-00679,Mateo Nguyen,mateo.nguyen3079@example.com,08/12/2024,1005.27,USD,cancelled,8,DE
TX-0003080,C-00680,Ava Patel,ava.patel3080@example.com,09/05/2024,506.71,USD,completed,1,US
TX-0003081,C-00681,Noah Kim,noah.kim3081@example.com,10/10/2024,919.31,USD,pending,2,CA
TX-0003082,C-00682,Mia Martin,mia.martin3082@example.com,11/03/2024,913.72,USD,refunded,3,GB
TX-0003083,C-00683,Liam Smith,liam.smith3083@example.com,12/08/2024,1817.87,USD,cancelled,4,AU
TX-0003084,C-00684,Sofia Brown,sofia.brown3084@example.com,01/01/2024,2277.14,USD,completed,5,DE
TX-0003085,C-00685,Ethan Wilson,ethan.wilson3085@example.com,02/06/2024,1090.21,USD,pending,6,US
TX-0003086,C-00686,Zoe Garcia,zoe.garcia3086@example.com,03/11/2024,659.56,USD,refunded,7,CA
TX-0003087,C-00687,Mateo Nguyen,mateo.nguyen3087@example.com,04/04/2024,586.64,USD,cancelled,8,GB
TX-0003088,C-00688,Ava Patel,ava.patel3088@example.com,05/09/2024,203.69,USD,completed,1,AU
TX-0003089,C-00689,Noah Kim,noah.kim3089@example.com,06/02/2024,505.94,USD,pending,2,DE
TX-0003090,C-00690,Mia Martin,mia.martin3090@example.com,07/07/2024,378.18,USD,refunded,3,US
TX-0003091,C-00691,Liam Smith,liam.smith3091@example.com,08/12/2024,649.63,USD,cancelled,4,CA
TX-0003092,C-00692,Sofia Brown,sofia.brown3092@example.com,09/05/2024,313.19,USD,completed,5,GB
TX-0003093,C-00693,Ethan Wilson,ethan.wilson3093@example.com,10/10/2024,789.36,USD,pending,6,AU
TX-0003094,C-00694,Zoe Garcia,zoe.garcia3094@example.com,11/03/2024,2031.46,USD,refunded,7,DE
TX-0003095,C-00695,Mateo Nguyen,mateo.nguyen3095@example.com,12/08/2024,946.59,USD,cancelled,8,US
TX-0003096,C-00696,Ava Patel,ava.patel3096@example.com,01/01/2024,2412.66,USD,completed,1,CA
TX-0003097,C-00697,Noah Kim,noah.kim3097@example.com,02/06/2024,45.82,USD,pending,2,GB
TX-0003098,C-00698,Mia Martin,mia.martin3098@example.com,03/11/2024,201.29,USD,refunded,3,AU
TX-0003099,C-00699,Liam Smith,liam.smith3099@example.com,04/04/2024,2248.21,USD,cancelled,4,DE
TX-0003100,C-00700,Sofia Brown,sofia.brown3100@example.com,05/09/2024,117.21,USD,completed,5,US
TX-0003101,C-00701,Ethan Wilson,ethan.wilson3101@example.com,06/02/2024,1026.84,USD,pending,6,CA
TX-0003102,C-00702,Zoe Garcia,zoe.garcia3102@example.com,07/07/2024,886.04,USD,refunded,7,GB
TX-0003103,C-00703,Mateo Nguyen,mateo.nguyen3103@example.com,08/12/2024,1993.97,USD,cancelled,8,AU
TX-0003104,C-00704,Ava Patel,,09/05/2024,591.94,USD,completed,1,DE
TX-0003105,C-00705,Noah Kim,noah.kim3105@example.com,10/10/2024,1186.97,USD,pending,2,US
TX-0003106,C-00706,Mia Martin,mia.martin3106@example.com,11/03/2024,1138.54,USD,refunded,3,CA
TX-0003107,C-00707,Liam Smith,liam.smith3107@example.com,12/08/2024,2181.56,USD,cancelled,4,GB
TX-0003108,C-00708,Sofia Brown,sofia.brown3108@example.com,01/01/2024,184.39,USD,completed,5,AU
TX-0003109,C-00709,Ethan Wilson,ethan.wilson3109@example.com,02/06/2024,879.08,USD,pending,6,DE
TX-0003110,C-00710,Zoe Garcia,zoe.garcia3110@example.com,03/11/2024,1140.25,USD,refunded,7,US
TX-0003111,C-00711,Mateo Nguyen,mateo.nguyen3111@example.com,04/04/2024,1086.61,USD,cancelled,8,CA
TX-0003112,C-00712,Ava Patel,ava.patel3112@example.com,05/09/2024,135.58,USD,completed,1,GB
TX-0003113,C-00713,Noah Kim,noah.kim3113@example.com,06/02/2024,1864.86,USD,pending,2,AU
TX-0003114,C-00714,Mia Martin,mia.martin3114@example.com,07/07/2024,2173.65,USD,refunded,3,USA
TX-0003115,C-00715,Liam Smith,liam.smith.invalid,08/12/2024,1287.49,USD,cancelled,4,US
TX-0003116,C-00716,Sofia Brown,sofia.brown3116@example.com,09/05/2024,438.99,USD,completed,5,CA
TX-0003117,C-00717,Ethan Wilson,ethan.wilson3117@example.com,10/10/2024,910.23,USD,pending,6,GB
TX-0003118,C-00718,Zoe Garcia,zoe.garcia3118@example.com,11/03/2024,1532.16,USD,refunded,7,AU
TX-0003119,C-00719,Mateo Nguyen,mateo.nguyen3119@example.com,12/08/2024,342.90,USD,cancelled,8,DE
TX-0003120,C-00720,Ava Patel,ava.patel3120@example.com,01/01/2024,804.64,USD,completed,1,US
TX-0003121,C-00721,Noah Kim,noah.kim3121@example.com,02/06/2024,1212.03,USD,pending,2,CA
TX-0003122,C-00722,Mia Martin,mia.martin3122@example.com,03/11/2024,,USD,refunded,3,GB
TX-0003123,C-00723,Liam Smith,liam.smith3123@example.com,04/04/2024,1013.20,USD,cancelled,4,AU
TX-0003124,C-00724,Sofia Brown,sofia.brown3124@example.com,05/09/2024,1645.28,USD,completed,5,DE
TX-0003125,C-00725,Ethan Wilson,ethan.wilson3125@example.com,06/02/2024,1344.72,USD,pending,6,US
TX-0003126,C-00726,Zoe Garcia,zoe.garcia3126@example.com,07/07/2024,1390.52,USD,refunded,7,CA
TX-0003127,C-00727,Mateo Nguyen,mateo.nguyen3127@example.com,08/12/2024,1084.02,USD,cancelled,8,GB
TX-0003128,C-00728,Ava Patel,ava.patel3128@example.com,09/05/2024,1648.31,USD,completed,1,AU
TX-0003129,C-00729,Noah Kim,noah.kim3129@example.com,10/10/2024,833.36,usd,pending,2,DE
TX-0003130,C-00730,Mia Martin,mia.martin3130@example.com,11/03/2024,2062.08,USD,refunded,3,US
TX-0003131,C-00731,Liam Smith,liam.smith3131@example.com,12/08/2024,116.82,USD,cancelled,4,CA
TX-0003132,C-00732,Sofia Brown,sofia.brown3132@example.com,01/01/2024,2355.40,USD,completed,5,GB
TX-0003133,C-00733,Ethan Wilson,ethan.wilson3133@example.com,02/06/2024,1159.83,USD,pending,6,AU
TX-0003134,C-00734,Zoe Garcia,zoe.garcia3134@example.com,03/11/2024,1568.57,USD,refunded,7,DE
TX-0003135,C-00735,Mateo Nguyen,mateo.nguyen3135@example.com,04/04/2024,726.59,USD,cancelled,8,US
TX-0003136,C-00736,Ava Patel,ava.patel3136@example.com,05/09/2024,2312.08,USD,completed,1,CA
TX-0003137,C-00737,Noah Kim,noah.kim3137@example.com,06/02/2024,1233.01,USD,pending,2,GB
TX-0003138,C-00738,Mia Martin,mia.martin3138@example.com,07/07/2024,1203.62,USD,refunded,3,AU
TX-0003139,C-00739,Liam Smith,liam.smith3139@example.com,08/12/2024,2046.52,USD,cancelled,4,DE
TX-0003140,C-00740,Sofia Brown,sofia.brown3140@example.com,09/05/2024,1138.55,USD,COMPLETE,5,US
TX-0003141,C-00741,Ethan Wilson,ethan.wilson3141@example.com,10/10/2024,396.66,USD,pending,6,CA
TX-0003142,C-00742,Zoe Garcia,zoe.garcia3142@example.com,11/03/2024,1222.53,USD,refunded,7,GB
TX-0003143,C-00743,Mateo Nguyen,mateo.nguyen3143@example.com,12/08/2024,2159.91,USD,cancelled,8,AU
TX-0003144,C-00744,Ava Patel,ava.patel3144@example.com,01/01/2024,598.33,USD,completed,1,de
TX-0003145,C-00745,Noah Kim,noah.kim3145@example.com,02/06/2024,579.25,USD,pending,2,US
TX-0003146,C-00746,Mia Martin,mia.martin3146@example.com,03/11/2024,281.86,USD,refunded,3,CA
TX-0003147,C-00747,Liam Smith,liam.smith3147@example.com,04/04/2024,1537.19,USD,cancelled,4,GB
TX-0003148,C-00748,Sofia Brown,sofia.brown3148@example.com,05/09/2024,2454.19,USD,completed,5,AU
TX-0003149,C-00749,Ethan Wilson,ethan.wilson3149@example.com,06/02/2024,1066.23,USD,pending,6,DE
TX-0003150,C-00750,Zoe Garcia,zoe.garcia3150@example.com,07/07/2024,1216.92,USD,refunded,7,US
TX-0003151,C-00751,Mateo Nguyen,mateo.nguyen3151@example.com,08/12/2024,560.52,USD,cancelled,8,CA
TX-0003152,C-00752,Ava Patel,ava.patel3152@example.com,09/05/2024,34.35,USD,completed,1,GB
TX-0003153,C-00753,Noah Kim,noah.kim3153@example.com,10/10/2024,1196.74,USD,pending,2,AU
TX-0003154,C-00754,Mia Martin,mia.martin3154@example.com,11/03/2024,163.90,USD,refunded,3,DE
TX-0003155,C-00755,Liam Smith,liam.smith3155@example.com,12/08/2024,1391.98,USD,cancelled,4,US
TX-0003156,C-00756,Sofia Brown,sofia.brown3156@example.com,01/01/2024,56.02,USD,completed,5,CA
TX-0003157,C-00757,Ethan Wilson,ethan.wilson3157@example.com,02/06/2024,1255.89,USD,pending,6,GB
TX-0003158,C-00758,Zoe Garcia,zoe.garcia3158@example.com,03/11/2024,1591.89,USD,refunded,7,AU
TX-0003159,C-00759,Mateo Nguyen,mateo.nguyen3159@example.com,04/04/2024,997.71,USD,cancelled,8,DE
TX-0003160,C-00760,Ava Patel,ava.patel3160@example.com,05/09/2024,1712.08,USD,completed,1,US
TX-0003161,C-00761,Noah Kim,noah.kim3161@example.com,06/02/2024,1842.38,USD,pending,2,CA
TX-0003162,C-00762,Mia Martin,mia.martin3162@example.com,07/07/2024,289.48,USD,refunded,3,GB
TX-0003163,C-00763,Liam Smith,liam.smith3163@example.com,08/12/2024,302.22,USD,cancelled,4,AU
TX-0003164,C-00764,  SOFIA BROWN  ,sofia.brown3164@example.com,09/05/2024,1801.43,USD,completed,5,DE
TX-0003165,C-00765,Ethan Wilson,ethan.wilson3165@example.com,10/10/2024,-43.58,USD,pending,6,US
TX-0003166,C-00766,Zoe Garcia,zoe.garcia3166@example.com,11/03/2024,274.65,USD,refunded,7,CA
TX-0003167,C-00767,Mateo Nguyen,mateo.nguyen3167@example.com,12/08/2024,1438.33,USD,cancelled,8,GB
TX-0003168,C-00768,Ava Patel,ava.patel3168@example.com,01/01/2024,933.36,USD,completed,1,AU
TX-0003169,C-00769,Noah Kim,noah.kim3169@example.com,02/06/2024,1039.41,USD,pending,2,DE
TX-0003170,C-00770,Mia Martin,mia.martin3170@example.com,03/11/2024,2362.58,USD,refunded,3,US
TX-0003171,C-00771,Liam Smith,liam.smith3171@example.com,04/04/2024,1121.37,USD,cancelled,4,CA
TX-0003172,C-00772,Sofia Brown,sofia.brown3172@example.com,05/09/2024,83.96,USD,completed,5,GB
TX-0003173,C-00773,Ethan Wilson,ethan.wilson3173@example.com,06/02/2024,757.53,USD,pending,6,AU
TX-0003174,C-00774,Zoe Garcia,zoe.garcia3174@example.com,07/07/2024,2246.51,USD,refunded,7,DE
TX-0003175,C-00775,mateo nguyen,mateo.nguyen3175@example.com,08/12/2024,2427.70,USD,cancelled,8,US
TX-0003176,C-00776,Ava Patel,ava.patel3176@example.com,09/05/2024,459.57,USD,completed,1,CA
TX-0003177,C-00777,Noah Kim,noah.kim3177@example.com,10/10/2024,1306.07,USD,pending,2,GB
TX-0003178,C-00778,Mia Martin,mia.martin3178@example.com,11/03/2024,788.28,USD,refunded,3,AU
TX-0003179,C-00779,Liam Smith,liam.smith3179@example.com,12/08/2024,704.87,USD,cancelled,4,DE
TX-0003180,C-00780,Sofia Brown,sofia.brown3180@example.com,01/01/2024,879.57,USD,completed,5,US
TX-0003181,C-00781,Ethan Wilson,ethan.wilson3181@example.com,02/06/2024,2128.67,USD,pending,6,CA
TX-0003182,C-00782,Zoe Garcia,zoe.garcia3182@example.com,03/11/2024,1474.65,USD,refunded,7,GB
TX-0003183,C-00783,Mateo Nguyen,mateo.nguyen3183@example.com,04/04/2024,1084.27,USD,cancelled,8,AU
TX-0003184,C-00784,Ava Patel,ava.patel3184@example.com,05/09/2024,2279.54,USD,completed,1,DE
TX-0003185,C-00785,Noah Kim,noah.kim3185@example.com,06/02/2024,1531.13,USD,pending,2,US
TX-0003186,C-00786,Mia Martin,mia.martin3186@example.com,07/07/2024,652.33,USD,refunded,3,CA
TX-0003187,C-00787,Liam Smith,liam.smith3187@example.com,08/12/2024,2142.81,USD,cancelled,4,GB
TX-0003188,C-00788,Sofia Brown,sofia.brown3188@example.com,09/05/2024,1015.46,USD,completed,5,AU
TX-0003189,C-00789,Ethan Wilson,ethan.wilson3189@example.com,10/10/2024,1722.10,USD,pending,6,DE
TX-0003190,C-00790,Zoe Garcia,zoe.garcia3190@example.com,11/03/2024,455.83,USD,refunded,7,US
TX-0003191,C-00791,Mateo Nguyen,mateo.nguyen3191@example.com,12/08/2024,1575.12,USD,cancelled,8,CA
TX-0003192,C-00792,Ava Patel,ava.patel3192@example.com,01/01/2024,830.83,USD,completed,1,GB
TX-0003193,C-00793,Noah Kim,noah.kim3193@example.com,02/06/2024,1012.73,USD,pending,2,AU
TX-0003194,C-00794,Mia Martin,mia.martin3194@example.com,03/11/2024,1563.80,USD,refunded,3,DE
TX-0003195,C-00795,Liam Smith,liam.smith3195@example.com,04/04/2024,603.71,USD,cancelled,4,US
TX-0003196,C-00796,Sofia Brown,sofia.brown3196@example.com,05/09/2024,1585.81,USD,completed,5,CA
TX-0003197,C-00797,Ethan Wilson,ethan.wilson3197@example.com,06/02/2024,2066.81,USD,pending,6,GB
TX-0003198,C-00798,Zoe Garcia,zoe.garcia3198@example.com,07/07/2024,998.46,USD,refunded,7,AU
TX-0003199,C-00799,Mateo Nguyen,mateo.nguyen3199@example.com,08/12/2024,538.06,USD,cancelled,8,DE
TX-0003200,C-00800,Ava Patel,ava.patel3200@example.com,09/05/2024,252.54,USD,completed,1,US
TX-0003201,C-00801,Noah Kim,,10/10/2024,1341.69,USD,pending,2,CA
TX-0003202,C-00802,Mia Martin,mia.martin3202@example.com,11/03/2024,436.68,USD,refunded,3,GB
TX-0003203,C-00803,Liam Smith,liam.smith3203@example.com,12/08/2024,2255.68,USD,cancelled,4,AU
TX-0003204,C-00804,Sofia Brown,sofia.brown.invalid,01/01/2024,1344.33,USD,completed,5,DE
TX-0003205,C-00805,Ethan Wilson,ethan.wilson3205@example.com,02/06/2024,1722.82,USD,pending,6,US
TX-0003206,C-00806,Zoe Garcia,zoe.garcia3206@example.com,03/11/2024,2117.88,USD,refunded,7,CA
TX-0003207,C-00807,Mateo Nguyen,mateo.nguyen3207@example.com,04/04/2024,2272.39,USD,cancelled,8,GB
TX-0003208,C-00808,Ava Patel,ava.patel3208@example.com,05/09/2024,1779.48,USD,completed,1,AU
TX-0003209,C-00809,Noah Kim,noah.kim3209@example.com,06/02/2024,1124.21,USD,pending,2,DE
TX-0003210,C-00810,Mia Martin,mia.martin3210@example.com,07/07/2024,2132.37,USD,refunded,3,US
TX-0003211,C-00811,Liam Smith,liam.smith3211@example.com,08/12/2024,2088.16,USD,cancelled,4,CA
TX-0003212,C-00812,Sofia Brown,sofia.brown3212@example.com,09/05/2024,2476.30,USD,completed,5,GB
TX-0003213,C-00813,Ethan Wilson,ethan.wilson3213@example.com,10/10/2024,2334.82,USD,pending,6,AU
TX-0003214,C-00814,Zoe Garcia,zoe.garcia3214@example.com,11/03/2024,1892.08,USD,refunded,7,DE
TX-0003215,C-00815,Mateo Nguyen,mateo.nguyen3215@example.com,12/08/2024,1596.38,USD,cancelled,8,US
TX-0003216,C-00816,Ava Patel,ava.patel3216@example.com,01/01/2024,1592.91,USD,completed,1,CA
TX-0003217,C-00817,Noah Kim,noah.kim3217@example.com,02/06/2024,1913.44,USD,pending,2,GB
TX-0003218,C-00818,Mia Martin,mia.martin3218@example.com,03/11/2024,1244.61,USD,refunded,3,AU
TX-0003219,C-00819,Liam Smith,liam.smith3219@example.com,04/04/2024,1441.67,USD,cancelled,4,DE
TX-0003220,C-00820,Sofia Brown,sofia.brown3220@example.com,05/09/2024,1988.61,USD,completed,5,US
TX-0003221,C-00821,Ethan Wilson,ethan.wilson3221@example.com,06/02/2024,279.57,USD,pending,6,CA
TX-0003222,C-00822,Zoe Garcia,zoe.garcia3222@example.com,07/07/2024,337.37,USD,refunded,7,GB
TX-0003223,C-00823,Mateo Nguyen,mateo.nguyen3223@example.com,08/12/2024,2052.85,USD,cancelled,8,AU
TX-0003224,C-00824,Ava Patel,ava.patel3224@example.com,09/05/2024,1592.63,USD,completed,1,DE
TX-0003225,C-00825,Noah Kim,noah.kim3225@example.com,10/10/2024,69.75,USD,pending,2,US
TX-0003226,C-00826,Mia Martin,mia.martin3226@example.com,11/03/2024,672.15,USD,refunded,3,CA
TX-0003227,C-00827,Liam Smith,liam.smith3227@example.com,12/08/2024,584.70,USD,cancelled,4,GB
TX-0003228,C-00828,Sofia Brown,sofia.brown3228@example.com,01/01/2024,2471.80,USD,completed,5,AU
TX-0003229,C-00829,Ethan Wilson,ethan.wilson3229@example.com,02/06/2024,1427.85,USD,pending,6,DE
TX-0003230,C-00830,Zoe Garcia,zoe.garcia3230@example.com,03/11/2024,56.49,USD,refunded,7,US
TX-0003231,C-00831,Mateo Nguyen,mateo.nguyen3231@example.com,04/04/2024,42.13,USD,cancelled,8,CA
TX-0003232,C-00832,Ava Patel,ava.patel3232@example.com,05/09/2024,349.10,USD,completed,1,GB
TX-0003233,C-00833,Noah Kim,noah.kim3233@example.com,06/02/2024,2194.02,USD,pending,2,AU
TX-0003234,C-00834,Mia Martin,mia.martin3234@example.com,07/07/2024,43.14,USD,refunded,3,DE
TX-0003235,C-00835,Liam Smith,liam.smith3235@example.com,08/12/2024,81.90,USD,cancelled,4,US
TX-0003236,C-00836,Sofia Brown,sofia.brown3236@example.com,09/05/2024,558.63,USD,completed,5,CA
TX-0003237,C-00837,Ethan Wilson,ethan.wilson3237@example.com,10/10/2024,2294.61,USD,pending,6,GB
TX-0003238,C-00838,Zoe Garcia,zoe.garcia3238@example.com,11/03/2024,152.11,USD,refunded,7,AU
TX-0003239,C-00839,Mateo Nguyen,mateo.nguyen3239@example.com,12/08/2024,1882.90,USD,cancelled,8,DE
TX-0003240,C-00840,Ava Patel,ava.patel3240@example.com,01/01/2024,1580.46,USD,completed,1,US
TX-0003241,C-00841,Noah Kim,noah.kim3241@example.com,02/06/2024,1328.19,USD,pending,2,CA
TX-0003242,C-00842,Mia Martin,mia.martin3242@example.com,03/11/2024,1574.16,USD,refunded,3,GB
TX-0003243,C-00843,Liam Smith,liam.smith3243@example.com,04/04/2024,346.37,USD,cancelled,4,AU
TX-0003244,C-00844,Sofia Brown,sofia.brown3244@example.com,05/09/2024,1972.10,USD,completed,5,DE
TX-0003245,C-00845,Ethan Wilson,ethan.wilson3245@example.com,06/02/2024,600.93,USD,pending,6,US
TX-0003246,C-00846,Zoe Garcia,zoe.garcia3246@example.com,07/07/2024,1253.04,USD,refunded,7,CA
TX-0003247,C-00847,Mateo Nguyen,mateo.nguyen3247@example.com,08/12/2024,1949.37,USD,unknown,8,GB
TX-0003248,C-00848,Ava Patel,ava.patel3248@example.com,09/05/2024,185.11,USD,completed,1,AU
TX-0003249,C-00849,Noah Kim,noah.kim3249@example.com,10/10/2024,96.76,USD,pending,2,DE
TX-0003250,C-00850,Mia Martin,mia.martin3250@example.com,11/03/2024,1522.36,USD,refunded,3,US
TX-0003251,C-00851,Liam Smith,liam.smith3251@example.com,12/08/2024,906.17,USD,cancelled,4,CA
TX-0003252,C-00852,Sofia Brown,sofia.brown3252@example.com,01/01/2024,1319.61,USD,completed,5,GB
TX-0003253,C-00853,Ethan Wilson,ethan.wilson3253@example.com,02/06/2024,964.68,USD,pending,6,AU
TX-0003254,C-00854,Zoe Garcia,zoe.garcia3254@example.com,03/11/2024,2135.70,USD,refunded,7,DE
TX-0003255,C-00855,Mateo Nguyen,mateo.nguyen3255@example.com,04/04/2024,1588.63,USD,cancelled,8,US
TX-0003256,C-00856,Ava Patel,ava.patel3256@example.com,05/09/2024,13.04,USD,completed,1,CA
TX-0003257,C-00857,Noah Kim,noah.kim3257@example.com,06/02/2024,2390.97,USD,pending,2,GB
TX-0003258,C-00858,Mia Martin,mia.martin3258@example.com,07/07/2024,881.84, USD ,refunded,3,AU
TX-0003259,C-00859,Liam Smith,liam.smith3259@example.com,08/12/2024,389.41,USD,cancelled,4,DE
TX-0003260,C-00860,Sofia Brown,sofia.brown3260@example.com,09/05/2024,2311.98,USD,completed,5,US
TX-0003261,C-00861,Ethan Wilson,ethan.wilson3261@example.com,10/10/2024,137.47,USD,pending,6,CA
TX-0003262,C-00862,Zoe Garcia,zoe.garcia3262@example.com,11/03/2024,1122.66,USD,refunded,7,GB
TX-0003263,C-00863,Mateo Nguyen,mateo.nguyen3263@example.com,12/08/2024,1788.99,USD,cancelled,8,AU
TX-0003264,C-00864,Ava Patel,ava.patel3264@example.com,01/01/2024,2023.17,USD,completed,1,DE
TX-0003265,C-00865,Noah Kim,noah.kim3265@example.com,02/06/2024,1775.48,USD,pending,2,US
TX-0003266,C-00866,Mia Martin,mia.martin3266@example.com,03/11/2024,2385.11,USD,refunded,3,CA
TX-0003267,C-00867,Liam Smith,liam.smith3267@example.com,04/04/2024,2259.44,USD,cancelled,4,GB
TX-0003268,C-00868,Sofia Brown,sofia.brown3268@example.com,05/09/2024,2203.26,USD,completed,5,AU
TX-0003269,C-00869,Ethan Wilson,ethan.wilson3269@example.com,06/02/2024,1957.22,USD,pending,6,DE
TX-0003270,C-00870,Zoe Garcia,zoe.garcia3270@example.com,07/07/2024,190.40,USD,refunded,7,US
TX-0003271,C-00871,Mateo Nguyen,mateo.nguyen3271@example.com,08/12/2024,2239.36,USD,cancelled,8,CA
TX-0003272,C-00872,Ava Patel,ava.patel3272@example.com,09/05/2024,2321.30,USD,completed,1,GB
TX-0003273,C-00873,Noah Kim,noah.kim3273@example.com,10/10/2024,851.55,USD,pending,2,AU
TX-0003274,C-00874,Mia Martin,mia.martin3274@example.com,11/03/2024,721.49,USD,refunded,3,DE
TX-0003275,C-00875,Liam Smith,liam.smith3275@example.com,12/08/2024,1655.66,USD,cancelled,4,us
TX-0003276,C-00876,Sofia Brown,sofia.brown3276@example.com,01/01/2024,1277.24,USD,completed,5,CA
TX-0003277,C-00877,  ETHAN WILSON  ,ethan.wilson3277@example.com,02/06/2024,2022.86,USD,pending,6,GB
TX-0003278,C-00878,Zoe Garcia,zoe.garcia3278@example.com,03/11/2024,144.58,usd,refunded,7,AU
TX-0003279,C-00879,Mateo Nguyen,mateo.nguyen3279@example.com,04/04/2024,2231.69,USD,cancelled,8,DE
TX-0003280,C-00880,Ava Patel,ava.patel3280@example.com,05/09/2024,10.46,USD,completed,1,US
TX-0003281,C-00881,Noah Kim,noah.kim3281@example.com,06/02/2024,1612.91,USD,pending,2,CA
TX-0003282,C-00882,Mia Martin,mia.martin3282@example.com,07/07/2024,13.86,USD,refunded,3,GB
TX-0003283,C-00883,Liam Smith,liam.smith3283@example.com,08/12/2024,2017.27,USD,cancelled,4,AU
TX-0003284,C-00884,Sofia Brown,sofia.brown3284@example.com,09/05/2024,2248.20,USD,completed,5,DE
TX-0003285,C-00885,Ethan Wilson,ethan.wilson3285@example.com,10/10/2024,615.13,USD,pending,6,US
TX-0003286,C-00886,Zoe Garcia,zoe.garcia3286@example.com,11/03/2024,2021.61,USD,refunded,7,CA
TX-0003287,C-00887,Mateo Nguyen,mateo.nguyen3287@example.com,12/08/2024,565.07,USD,cancelled,8,USA
TX-0003288,C-00888,Ava Patel,ava.patel3288@example.com,01/01/2024,2104.33,USD,completed,1,AU
TX-0003289,C-00889,Noah Kim,noah.kim3289@example.com,02/06/2024,2052.78,USD,pending,2,DE
TX-0003290,C-00890,Mia Martin,mia.martin3290@example.com,03/11/2024,1895.32,USD,refunded,3,US
TX-0003291,C-00891,Liam Smith,liam.smith3291@example.com,04/04/2024,842.03,USD,cancelled,4,CA
TX-0003292,C-00892,Sofia Brown,sofia.brown3292@example.com,05/09/2024,1557.32,USD,completed,5,GB
TX-0003293,C-00893,Ethan Wilson,ethan.wilson.invalid,06/02/2024,1081.71,USD,pending,6,AU
TX-0003294,C-00894,Zoe Garcia,zoe.garcia3294@example.com,07/07/2024,642.10,USD,refunded,7,DE
TX-0003295,C-00895,Mateo Nguyen,mateo.nguyen3295@example.com,08/12/2024,2330.25,USD,cancelled,8,US
TX-0003296,C-00896,Ava Patel,ava.patel3296@example.com,09/05/2024,319.21,USD,completed,1,CA
TX-0003297,C-00897,Noah Kim,noah.kim3297@example.com,10/10/2024,533.35,USD,COMPLETE,2,GB
TX-0003298,C-00898,Mia Martin,,11/03/2024,2482.22,USD,refunded,3,AU
TX-0003299,C-00899,Liam Smith,liam.smith3299@example.com,12/08/2024,294.75,USD,cancelled,4,DE
TX-0003300,C-00900,Sofia Brown,sofia.brown3300@example.com,01/01/2024,1553.56,USD,completed,5,US
TX-0003301,C-00901,Ethan Wilson,ethan.wilson3301@example.com,02/06/2024,1395.06,USD,pending,6,CA
TX-0003302,C-00902,zoe garcia,zoe.garcia3302@example.com,03/11/2024,206.76,USD,refunded,7,GB
TX-0003303,C-00903,Mateo Nguyen,mateo.nguyen3303@example.com,04/04/2024,2013.67,USD,cancelled,8,AU
TX-0003304,C-00904,Ava Patel,ava.patel3304@example.com,05/09/2024,1451.19,USD,completed,1,DE
TX-0003305,C-00905,Noah Kim,noah.kim3305@example.com,06/02/2024,1356.54,USD,pending,2,US
TX-0003306,C-00906,Mia Martin,mia.martin3306@example.com,07/07/2024,185.83,USD,refunded,3,CA
TX-0003307,C-00907,Liam Smith,liam.smith3307@example.com,08/12/2024,2290.82,USD,cancelled,4,GB
TX-0003308,C-00908,Sofia Brown,sofia.brown3308@example.com,09/05/2024,1061.72,USD,completed,5,AU
TX-0003309,C-00909,Ethan Wilson,ethan.wilson3309@example.com,10/10/2024,1127.29,USD,pending,6,DE
TX-0003310,C-00910,Zoe Garcia,zoe.garcia3310@example.com,11/03/2024,1048.65,USD,refunded,7,US
TX-0003311,C-00911,Mateo Nguyen,mateo.nguyen3311@example.com,12/08/2024,1927.29,USD,cancelled,8,CA
TX-0003312,C-00912,Ava Patel,ava.patel3312@example.com,01/01/2024,2406.48,USD,completed,1,GB
TX-0003313,C-00913,Noah Kim,noah.kim3313@example.com,02/06/2024,243.03,USD,pending,2,AU
TX-0003314,C-00914,Mia Martin,mia.martin3314@example.com,03/11/2024,2305.37,USD,refunded,3,DE
TX-0003315,C-00915,Liam Smith,liam.smith3315@example.com,04/04/2024,1309.12,USD,cancelled,4,US
TX-0003316,C-00916,Sofia Brown,sofia.brown3316@example.com,05/09/2024,153.15,USD,completed,5,CA
TX-0003317,C-00917,Ethan Wilson,ethan.wilson3317@example.com,06/02/2024,1132.41,USD,pending,6,GB
TX-0003318,C-00918,Zoe Garcia,zoe.garcia3318@example.com,07/07/2024,355.39,USD,refunded,7,AU
TX-0003319,C-00919,Mateo Nguyen,mateo.nguyen3319@example.com,08/12/2024,1734.60,USD,cancelled,8,DE
TX-0003320,C-00920,Ava Patel,ava.patel3320@example.com,09/05/2024,564.47,USD,completed,1,US
TX-0003321,C-00921,Noah Kim,noah.kim3321@example.com,10/10/2024,1617.46,USD,pending,2,CA
TX-0003322,C-00922,Mia Martin,mia.martin3322@example.com,11/03/2024,2464.98,USD,refunded,3,GB
TX-0003323,C-00923,Liam Smith,liam.smith3323@example.com,12/08/2024,563.74,USD,cancelled,4,AU
TX-0003324,C-00924,Sofia Brown,sofia.brown3324@example.com,01/01/2024,830.21,USD,completed,5,DE
TX-0003325,C-00925,Ethan Wilson,ethan.wilson3325@example.com,02/06/2024,568.85,USD,pending,6,US
TX-0003326,C-00926,Zoe Garcia,zoe.garcia3326@example.com,03/11/2024,2211.73,USD,refunded,7,CA
TX-0003327,C-00927,Mateo Nguyen,mateo.nguyen3327@example.com,04/04/2024,2322.33,USD,cancelled,8,GB
TX-0003328,C-00928,Ava Patel,ava.patel3328@example.com,05/09/2024,2193.86,USD,completed,1,AU
TX-0003329,C-00929,Noah Kim,noah.kim3329@example.com,06/02/2024,2153.57,USD,pending,2,DE
TX-0003330,C-00930,Mia Martin,mia.martin3330@example.com,07/07/2024,242.07,USD,refunded,3,US
TX-0003331,C-00931,Liam Smith,liam.smith3331@example.com,08/12/2024,1724.44,USD,cancelled,4,CA
TX-0003332,C-00932,Sofia Brown,sofia.brown3332@example.com,09/05/2024,678.10,USD,completed,5,GB
TX-0003333,C-00933,Ethan Wilson,ethan.wilson3333@example.com,10/10/2024,385.68,USD,pending,6,AU
TX-0003334,C-00934,Zoe Garcia,zoe.garcia3334@example.com,11/03/2024,1333.51,USD,refunded,7,DE
TX-0003335,C-00935,Mateo Nguyen,mateo.nguyen3335@example.com,12/08/2024,2170.13,USD,cancelled,8,US
TX-0003336,C-00936,Ava Patel,ava.patel3336@example.com,01/01/2024,314.32,USD,completed,1,CA
TX-0003337,C-00937,Noah Kim,noah.kim3337@example.com,02/06/2024,643.20,USD,pending,2,GB
TX-0003338,C-00938,Mia Martin,mia.martin3338@example.com,03/11/2024,2314.78,USD,refunded,3,AU
TX-0003339,C-00939,Liam Smith,liam.smith3339@example.com,04/04/2024,355.20,USD,cancelled,4,DE
TX-0003340,C-00940,Sofia Brown,sofia.brown3340@example.com,05/09/2024,1430.58,USD,completed,5,US
TX-0003341,C-00941,Ethan Wilson,ethan.wilson3341@example.com,06/02/2024,963.12,USD,pending,6,CA
TX-0003342,C-00942,Zoe Garcia,zoe.garcia3342@example.com,07/07/2024,227.49,USD,refunded,7,GB
TX-0003343,C-00943,Mateo Nguyen,mateo.nguyen3343@example.com,08/12/2024,2464.03,USD,cancelled,8,AU
TX-0003344,C-00944,Ava Patel,ava.patel3344@example.com,09/05/2024,1601.65,USD,completed,1,DE
TX-0003345,C-00945,Noah Kim,noah.kim3345@example.com,10/10/2024,,USD,pending,2,US
TX-0003346,C-00946,Mia Martin,mia.martin3346@example.com,11/03/2024,671.21,USD,refunded,3,CA
TX-0003347,C-00947,Liam Smith,liam.smith3347@example.com,12/08/2024,2083.74,USD,cancelled,4,GB
TX-0003348,C-00948,Sofia Brown,sofia.brown3348@example.com,01/01/2024,1365.12,USD,completed,5,AU
TX-0003349,C-00949,Ethan Wilson,ethan.wilson3349@example.com,02/06/2024,1563.18,USD,pending,6,DE
TX-0003350,C-00950,Zoe Garcia,zoe.garcia3350@example.com,03/11/2024,766.38,USD,refunded,7,US
TX-0003351,C-00951,Mateo Nguyen,mateo.nguyen3351@example.com,04/04/2024,741.52,USD,cancelled,8,CA
TX-0003352,C-00952,Ava Patel,ava.patel3352@example.com,05/09/2024,1183.25,USD,completed,1,GB
TX-0003353,C-00953,Noah Kim,noah.kim3353@example.com,06/02/2024,1957.56,USD,pending,2,AU
TX-0003354,C-00954,Mia Martin,mia.martin3354@example.com,07/07/2024,974.12,USD,refunded,3,DE
TX-0003355,C-00955,Liam Smith,liam.smith3355@example.com,08/12/2024,2149.78,USD,cancelled,4,US
TX-0003356,C-00956,Sofia Brown,sofia.brown3356@example.com,09/05/2024,630.32,USD,completed,5,CA
TX-0003357,C-00957,Ethan Wilson,ethan.wilson3357@example.com,10/10/2024,790.15,USD,pending,6,GB
TX-0003358,C-00958,Zoe Garcia,zoe.garcia3358@example.com,11/03/2024,2037.56,USD,refunded,7,AU
TX-0003359,C-00959,Mateo Nguyen,mateo.nguyen3359@example.com,12/08/2024,1508.00,USD,cancelled,8,DE
TX-0003360,C-00960,Ava Patel,ava.patel3360@example.com,01/01/2024,1329.22,USD,completed,1,US
TX-0003361,C-00961,Noah Kim,noah.kim3361@example.com,02/06/2024,1219.17,USD,pending,2,CA
TX-0003362,C-00962,Mia Martin,mia.martin3362@example.com,03/11/2024,1693.64,USD,refunded,3,GB
TX-0003363,C-00963,Liam Smith,liam.smith3363@example.com,04/04/2024,1201.08,USD,cancelled,4,AU
TX-0003364,C-00964,Sofia Brown,sofia.brown3364@example.com,05/09/2024,1989.85,USD,completed,5,DE
TX-0003365,C-00965,Ethan Wilson,ethan.wilson3365@example.com,06/02/2024,642.98,USD,pending,6,US
TX-0003366,C-00966,Zoe Garcia,zoe.garcia3366@example.com,07/07/2024,414.30,USD,refunded,7,CA
TX-0003367,C-00967,Mateo Nguyen,mateo.nguyen3367@example.com,08/12/2024,1147.41,USD,cancelled,8,GB
TX-0003368,C-00968,Ava Patel,ava.patel3368@example.com,09/05/2024,618.11,USD,completed,1,AU
TX-0003369,C-00969,Noah Kim,noah.kim3369@example.com,10/10/2024,1492.11,USD,pending,2,DE
TX-0003370,C-00970,Mia Martin,mia.martin3370@example.com,11/03/2024,245.37,USD,refunded,3,US
TX-0003371,C-00971,Liam Smith,liam.smith3371@example.com,12/08/2024,1351.35,USD,cancelled,4,CA
TX-0003372,C-00972,Sofia Brown,sofia.brown3372@example.com,01/01/2024,236.88,USD,completed,5,GB
TX-0003373,C-00973,Ethan Wilson,ethan.wilson3373@example.com,02/06/2024,2107.44,USD,pending,6,AU
TX-0003374,C-00974,Zoe Garcia,zoe.garcia3374@example.com,03/11/2024,916.48,USD,refunded,7,DE
TX-0003375,C-00975,Mateo Nguyen,mateo.nguyen3375@example.com,04/04/2024,1235.21,USD,cancelled,8,US
TX-0003376,C-00976,Ava Patel,ava.patel3376@example.com,05/09/2024,-69.72,USD,completed,1,CA
TX-0003377,C-00977,Noah Kim,noah.kim3377@example.com,06/02/2024,1886.79,USD,pending,2,GB
TX-0003378,C-00978,Mia Martin,mia.martin3378@example.com,07/07/2024,2020.08,USD,refunded,3,AU
TX-0003379,C-00979,Liam Smith,liam.smith3379@example.com,08/12/2024,999.90,USD,cancelled,4,DE
TX-0003380,C-00980,Sofia Brown,sofia.brown3380@example.com,09/05/2024,1528.98,USD,completed,5,US
TX-0003381,C-00981,Ethan Wilson,ethan.wilson3381@example.com,10/10/2024,2388.99,USD,pending,6,CA
TX-0003382,C-00982,Zoe Garcia,zoe.garcia.invalid,11/03/2024,2324.30,USD,refunded,7,GB
TX-0003383,C-00983,Mateo Nguyen,mateo.nguyen3383@example.com,12/08/2024,2486.46,USD,cancelled,8,AU
TX-0003384,C-00984,Ava Patel,ava.patel3384@example.com,01/01/2024,1705.91,USD,completed,1,DE
TX-0003385,C-00985,Noah Kim,noah.kim3385@example.com,02/06/2024,940.09,USD,pending,2,US
TX-0003386,C-00986,Mia Martin,mia.martin3386@example.com,03/11/2024,632.10,USD,refunded,3,CA
TX-0003387,C-00987,Liam Smith,liam.smith3387@example.com,04/04/2024,1055.94,USD,cancelled,4,GB
TX-0003388,C-00988,Sofia Brown,sofia.brown3388@example.com,05/09/2024,1019.36,USD,completed,5,AU
TX-0003389,C-00989,Ethan Wilson,ethan.wilson3389@example.com,06/02/2024,1063.97,USD,pending,6,DE
TX-0003390,C-00990,  ZOE GARCIA  ,zoe.garcia3390@example.com,07/07/2024,2294.40,USD,refunded,7,US
TX-0003391,C-00991,Mateo Nguyen,mateo.nguyen3391@example.com,08/12/2024,297.63,USD,cancelled,8,CA
TX-0003392,C-00992,Ava Patel,ava.patel3392@example.com,09/05/2024,1051.77,USD,completed,1,GB
TX-0003393,C-00993,Noah Kim,noah.kim3393@example.com,10/10/2024,2018.68,USD,pending,2,AU
TX-0003394,C-00994,Mia Martin,mia.martin3394@example.com,11/03/2024,1801.69,USD,refunded,3,DE
TX-0003395,C-00995,Liam Smith,,12/08/2024,1171.89,USD,cancelled,4,US
TX-0003396,C-00996,Sofia Brown,sofia.brown3396@example.com,01/01/2024,2014.48,USD,completed,5,CA
TX-0003397,C-00997,Ethan Wilson,ethan.wilson3397@example.com,02/06/2024,625.45,USD,pending,6,GB
TX-0003398,C-00998,Zoe Garcia,zoe.garcia3398@example.com,03/11/2024,982.60,USD,refunded,7,AU
TX-0003399,C-00999,Mateo Nguyen,mateo.nguyen3399@example.com,04/04/2024,1264.08,USD,cancelled,8,DE
TX-0003400,C-01000,Ava Patel,ava.patel3400@example.com,05/09/2024,815.34,USD,completed,1,US
TX-0003401,C-01001,Noah Kim,noah.kim3401@example.com,06/02/2024,1811.01,USD,pending,2,CA
TX-0003402,C-01002,Mia Martin,mia.martin3402@example.com,07/07/2024,1678.99,USD,refunded,3,GB
TX-0003403,C-01003,Liam Smith,liam.smith3403@example.com,08/12/2024,1801.78,USD,cancelled,4,AU
TX-0003404,C-01004,Sofia Brown,sofia.brown3404@example.com,09/05/2024,1589.88,USD,completed,5,DE
TX-0003405,C-01005,Ethan Wilson,ethan.wilson3405@example.com,10/10/2024,771.69,USD,pending,6,US
TX-0003406,C-01006,Zoe Garcia,zoe.garcia3406@example.com,11/03/2024,1173.70,USD,refunded,7,ca
TX-0003407,C-01007,Mateo Nguyen,mateo.nguyen3407@example.com,12/08/2024,1471.47,USD,cancelled,8,GB
TX-0003408,C-01008,Ava Patel,ava.patel3408@example.com,01/01/2024,1486.79,USD,completed,1,AU
TX-0003409,C-01009,Noah Kim,noah.kim3409@example.com,02/06/2024,229.57,USD,pending,2,DE
TX-0003410,C-01010,Mia Martin,mia.martin3410@example.com,03/11/2024,2055.21,USD,refunded,3,US
TX-0003411,C-01011,Liam Smith,liam.smith3411@example.com,04/04/2024,781.93,USD,cancelled,4,CA
TX-0003412,C-01012,Sofia Brown,sofia.brown3412@example.com,05/09/2024,1237.20,USD,completed,5,GB
TX-0003413,C-01013,Ethan Wilson,ethan.wilson3413@example.com,06/02/2024,1187.81,USD,pending,6,AU
TX-0003414,C-01014,Zoe Garcia,zoe.garcia3414@example.com,07/07/2024,1180.14,USD,refunded,7,DE
TX-0003415,C-01015,Mateo Nguyen,mateo.nguyen3415@example.com,08/12/2024,325.68,USD,cancelled,8,US
TX-0003416,C-01016,Ava Patel,ava.patel3416@example.com,09/05/2024,2301.76,USD,completed,1,CA
TX-0003417,C-01017,Noah Kim,noah.kim3417@example.com,10/10/2024,1490.54,USD,pending,2,GB
TX-0003418,C-01018,Mia Martin,mia.martin3418@example.com,11/03/2024,1917.17,USD,refunded,3,AU
TX-0003419,C-01019,Liam Smith,liam.smith3419@example.com,12/08/2024,1472.33,USD,cancelled,4,DE
TX-0003420,C-01020,Sofia Brown,sofia.brown3420@example.com,01/01/2024,2148.36,USD,completed,5,US
TX-0003421,C-01021,Ethan Wilson,ethan.wilson3421@example.com,02/06/2024,1702.58,USD,pending,6,CA
TX-0003422,C-01022,Zoe Garcia,zoe.garcia3422@example.com,03/11/2024,1259.48,USD,refunded,7,GB
TX-0003423,C-01023,Mateo Nguyen,mateo.nguyen3423@example.com,04/04/2024,1750.58,USD,cancelled,8,AU
TX-0003424,C-01024,Ava Patel,ava.patel3424@example.com,05/09/2024,674.28,USD,completed,1,DE
TX-0003425,C-01025,Noah Kim,noah.kim3425@example.com,06/02/2024,1829.21,USD,pending,2,US
TX-0003426,C-01026,Mia Martin,mia.martin3426@example.com,07/07/2024,1610.34,USD,refunded,3,CA
TX-0003427,C-01027,Liam Smith,liam.smith3427@example.com,08/12/2024,2470.32,usd,cancelled,4,GB
TX-0003428,C-01028,Sofia Brown,sofia.brown3428@example.com,09/05/2024,2317.93,USD,completed,5,AU
TX-0003429,C-01029,ethan wilson,ethan.wilson3429@example.com,10/10/2024,1361.49,USD,pending,6,DE
TX-0003430,C-01030,Zoe Garcia,zoe.garcia3430@example.com,11/03/2024,2383.53,USD,refunded,7,US
TX-0003431,C-01031,Mateo Nguyen,mateo.nguyen3431@example.com,12/08/2024,1784.96,USD,cancelled,8,CA
TX-0003432,C-01032,Ava Patel,ava.patel3432@example.com,01/01/2024,1130.17,USD,completed,1,GB
TX-0003433,C-01033,Noah Kim,noah.kim3433@example.com,02/06/2024,191.54,USD,pending,2,AU
TX-0003434,C-01034,Mia Martin,mia.martin3434@example.com,03/11/2024,438.91,USD,refunded,3,DE
TX-0003435,C-01035,Liam Smith,liam.smith3435@example.com,04/04/2024,146.42,USD,cancelled,4,US
TX-0003436,C-01036,Sofia Brown,sofia.brown3436@example.com,05/09/2024,236.26,USD,completed,5,CA
TX-0003437,C-01037,Ethan Wilson,ethan.wilson3437@example.com,06/02/2024,620.93,USD,pending,6,GB
TX-0003438,C-01038,Zoe Garcia,zoe.garcia3438@example.com,07/07/2024,1393.02,USD,unknown,7,AU
TX-0003439,C-01039,Mateo Nguyen,mateo.nguyen3439@example.com,08/12/2024,635.33, USD ,cancelled,8,DE
TX-0003440,C-01040,Ava Patel,ava.patel3440@example.com,09/05/2024,539.90,USD,completed,1,US
TX-0003441,C-01041,Noah Kim,noah.kim3441@example.com,10/10/2024,631.83,USD,pending,2,CA
TX-0003442,C-01042,Mia Martin,mia.martin3442@example.com,11/03/2024,2464.78,USD,refunded,3,GB
TX-0003443,C-01043,Liam Smith,liam.smith3443@example.com,12/08/2024,2001.84,USD,cancelled,4,AU
TX-0003444,C-01044,Sofia Brown,sofia.brown3444@example.com,01/01/2024,330.78,USD,completed,5,DE
TX-0003445,C-01045,Ethan Wilson,ethan.wilson3445@example.com,02/06/2024,1524.54,USD,pending,6,US
TX-0003446,C-01046,Zoe Garcia,zoe.garcia3446@example.com,03/11/2024,1989.56,USD,refunded,7,CA
TX-0003447,C-01047,Mateo Nguyen,mateo.nguyen3447@example.com,04/04/2024,2350.59,USD,cancelled,8,GB
TX-0003448,C-01048,Ava Patel,ava.patel3448@example.com,05/09/2024,1971.98,USD,completed,1,AU
TX-0003449,C-01049,Noah Kim,noah.kim3449@example.com,06/02/2024,1982.84,USD,pending,2,DE
TX-0003450,C-01050,Mia Martin,mia.martin3450@example.com,07/07/2024,1779.82,USD,refunded,3,US
TX-0003451,C-01051,Liam Smith,liam.smith3451@example.com,08/12/2024,1949.14,USD,cancelled,4,CA
TX-0003452,C-01052,Sofia Brown,sofia.brown3452@example.com,09/05/2024,2060.64,USD,completed,5,GB
TX-0003453,C-01053,Ethan Wilson,ethan.wilson3453@example.com,10/10/2024,1409.73,USD,pending,6,AU
TX-0003454,C-01054,Zoe Garcia,zoe.garcia3454@example.com,11/03/2024,1887.40,USD,COMPLETE,7,DE
TX-0003455,C-01055,Mateo Nguyen,mateo.nguyen3455@example.com,12/08/2024,1005.54,USD,cancelled,8,US
TX-0003456,C-01056,Ava Patel,ava.patel3456@example.com,01/01/2024,2244.79,USD,completed,1,CA
TX-0003457,C-01057,Noah Kim,noah.kim3457@example.com,02/06/2024,1015.90,USD,pending,2,GB
TX-0003458,C-01058,Mia Martin,mia.martin3458@example.com,03/11/2024,1319.45,USD,refunded,3,AU
TX-0003459,C-01059,Liam Smith,liam.smith3459@example.com,04/04/2024,2093.12,USD,cancelled,4,DE
TX-0003460,C-01060,Sofia Brown,sofia.brown3460@example.com,05/09/2024,2057.06,USD,completed,5,USA
TX-0003461,C-01061,Ethan Wilson,ethan.wilson3461@example.com,06/02/2024,1633.97,USD,pending,6,CA
TX-0003462,C-01062,Zoe Garcia,zoe.garcia3462@example.com,07/07/2024,1191.81,USD,refunded,7,GB
TX-0003463,C-01063,Mateo Nguyen,mateo.nguyen3463@example.com,08/12/2024,1381.11,USD,cancelled,8,AU
TX-0003464,C-01064,Ava Patel,ava.patel3464@example.com,09/05/2024,425.00,USD,completed,1,DE
TX-0003465,C-01065,Noah Kim,noah.kim3465@example.com,10/10/2024,1584.62,USD,pending,2,US
TX-0003466,C-01066,Mia Martin,mia.martin3466@example.com,11/03/2024,208.49,USD,refunded,3,CA
TX-0003467,C-01067,Liam Smith,liam.smith3467@example.com,12/08/2024,2165.07,USD,cancelled,4,GB
TX-0003468,C-01068,Sofia Brown,sofia.brown3468@example.com,01/01/2024,957.54,USD,completed,5,AU
TX-0003469,C-01069,Ethan Wilson,ethan.wilson3469@example.com,02/06/2024,2346.91,USD,pending,6,DE
TX-0003470,C-01070,Zoe Garcia,zoe.garcia3470@example.com,03/11/2024,1244.43,USD,refunded,7,US
TX-0003471,C-01071,Mateo Nguyen,mateo.nguyen.invalid,04/04/2024,752.05,USD,cancelled,8,CA
TX-0003472,C-01072,Ava Patel,ava.patel3472@example.com,05/09/2024,2031.53,USD,completed,1,GB
TX-0003473,C-01073,Noah Kim,noah.kim3473@example.com,06/02/2024,2443.26,USD,pending,2,AU
TX-0003474,C-01074,Mia Martin,mia.martin3474@example.com,07/07/2024,1746.32,USD,refunded,3,DE
TX-0003475,C-01075,Liam Smith,liam.smith3475@example.com,08/12/2024,189.52,USD,cancelled,4,US
TX-0003476,C-01076,Sofia Brown,sofia.brown3476@example.com,09/05/2024,2137.04,USD,completed,5,CA
TX-0003477,C-01077,Ethan Wilson,ethan.wilson3477@example.com,10/10/2024,444.52,USD,pending,6,GB
TX-0003478,C-01078,Zoe Garcia,zoe.garcia3478@example.com,11/03/2024,1927.83,USD,refunded,7,AU
TX-0003479,C-01079,Mateo Nguyen,mateo.nguyen3479@example.com,12/08/2024,444.46,USD,cancelled,8,DE
TX-0003480,C-01080,Ava Patel,ava.patel3480@example.com,01/01/2024,2234.90,USD,completed,1,US
TX-0003481,C-01081,Noah Kim,noah.kim3481@example.com,02/06/2024,602.28,USD,pending,2,CA
TX-0003482,C-01082,Mia Martin,mia.martin3482@example.com,03/11/2024,1289.76,USD,refunded,3,GB
TX-0003483,C-01083,Liam Smith,liam.smith3483@example.com,04/04/2024,2256.85,USD,cancelled,4,AU
TX-0003484,C-01084,Sofia Brown,sofia.brown3484@example.com,05/09/2024,235.38,USD,completed,5,DE
TX-0003485,C-01085,Ethan Wilson,ethan.wilson3485@example.com,06/02/2024,2383.34,USD,pending,6,US
TX-0003486,C-01086,Zoe Garcia,zoe.garcia3486@example.com,07/07/2024,160.83,USD,refunded,7,CA
TX-0003487,C-01087,Mateo Nguyen,mateo.nguyen3487@example.com,08/12/2024,1452.07,USD,cancelled,8,GB
TX-0003488,C-01088,Ava Patel,ava.patel3488@example.com,09/05/2024,266.61,USD,completed,1,AU
TX-0003489,C-01089,Noah Kim,noah.kim3489@example.com,10/10/2024,199.58,USD,pending,2,DE
TX-0003490,C-01090,Mia Martin,mia.martin3490@example.com,11/03/2024,1612.47,USD,refunded,3,US
TX-0003491,C-01091,Liam Smith,liam.smith3491@example.com,12/08/2024,640.69,USD,cancelled,4,CA
TX-0003492,C-01092,Sofia Brown,,01/01/2024,101.16,USD,completed,5,GB
TX-0003493,C-01093,Ethan Wilson,ethan.wilson3493@example.com,02/06/2024,888.21,USD,pending,6,AU
TX-0003494,C-01094,Zoe Garcia,zoe.garcia3494@example.com,03/11/2024,753.16,USD,refunded,7,DE
TX-0003495,C-01095,Mateo Nguyen,mateo.nguyen3495@example.com,04/04/2024,351.69,USD,cancelled,8,US
TX-0003496,C-01096,Ava Patel,ava.patel3496@example.com,05/09/2024,1099.63,USD,completed,1,CA
TX-0003497,C-01097,Noah Kim,noah.kim3497@example.com,06/02/2024,326.54,USD,pending,2,GB
TX-0003498,C-01098,Mia Martin,mia.martin3498@example.com,07/07/2024,2337.70,USD,refunded,3,AU
TX-0003499,C-01099,Liam Smith,liam.smith3499@example.com,08/12/2024,2161.94,USD,cancelled,4,DE
TX-0003500,C-01100,Sofia Brown,sofia.brown3500@example.com,09/05/2024,1972.83,USD,completed,5,US
TX-0003501,C-01101,Ethan Wilson,ethan.wilson3501@example.com,10/10/2024,168.03,USD,pending,6,CA
TX-0003502,C-01102,Zoe Garcia,zoe.garcia3502@example.com,11/03/2024,1231.29,USD,refunded,7,GB
TX-0003503,C-01103,  MATEO NGUYEN  ,mateo.nguyen3503@example.com,12/08/2024,1973.40,USD,cancelled,8,AU
TX-0003504,C-01104,Ava Patel,ava.patel3504@example.com,01/01/2024,1016.71,USD,completed,1,DE
TX-0003505,C-01105,Noah Kim,noah.kim3505@example.com,02/06/2024,793.55,USD,pending,2,US
TX-0003506,C-01106,Mia Martin,mia.martin3506@example.com,03/11/2024,895.50,USD,refunded,3,CA
TX-0003507,C-01107,Liam Smith,liam.smith3507@example.com,04/04/2024,2324.46,USD,cancelled,4,GB
TX-0003508,C-01108,Sofia Brown,sofia.brown3508@example.com,05/09/2024,1862.08,USD,completed,5,AU
TX-0003509,C-01109,Ethan Wilson,ethan.wilson3509@example.com,06/02/2024,2087.50,USD,pending,6,DE
TX-0003510,C-01110,Zoe Garcia,zoe.garcia3510@example.com,07/07/2024,2175.57,USD,refunded,7,US
TX-0003511,C-01111,Mateo Nguyen,mateo.nguyen3511@example.com,08/12/2024,819.85,USD,cancelled,8,CA
TX-0003512,C-01112,Ava Patel,ava.patel3512@example.com,09/05/2024,486.98,USD,completed,1,GB
TX-0003513,C-01113,Noah Kim,noah.kim3513@example.com,10/10/2024,2211.92,USD,pending,2,AU
TX-0003514,C-01114,Mia Martin,mia.martin3514@example.com,11/03/2024,506.68,USD,refunded,3,DE
TX-0003515,C-01115,Liam Smith,liam.smith3515@example.com,12/08/2024,204.59,USD,cancelled,4,US
TX-0003516,C-01116,Sofia Brown,sofia.brown3516@example.com,01/01/2024,145.62,USD,completed,5,CA
TX-0003517,C-01117,Ethan Wilson,ethan.wilson3517@example.com,02/06/2024,1304.49,USD,pending,6,GB
TX-0003518,C-01118,Zoe Garcia,zoe.garcia3518@example.com,03/11/2024,2164.79,USD,refunded,7,AU
TX-0003519,C-01119,Mateo Nguyen,mateo.nguyen3519@example.com,04/04/2024,364.21,USD,cancelled,8,DE
TX-0003520,C-01120,Ava Patel,ava.patel3520@example.com,05/09/2024,906.22,USD,completed,1,US
TX-0003521,C-01121,Noah Kim,noah.kim3521@example.com,06/02/2024,2485.17,USD,pending,2,CA
TX-0003522,C-01122,Mia Martin,mia.martin3522@example.com,07/07/2024,2103.15,USD,refunded,3,GB
TX-0003523,C-01123,Liam Smith,liam.smith3523@example.com,08/12/2024,2251.02,USD,cancelled,4,AU
TX-0003524,C-01124,Sofia Brown,sofia.brown3524@example.com,09/05/2024,713.65,USD,completed,5,DE
TX-0003525,C-01125,Ethan Wilson,ethan.wilson3525@example.com,10/10/2024,1969.55,USD,pending,6,US
TX-0003526,C-01126,Zoe Garcia,zoe.garcia3526@example.com,11/03/2024,446.32,USD,refunded,7,CA
TX-0003527,C-01127,Mateo Nguyen,mateo.nguyen3527@example.com,12/08/2024,1497.22,USD,cancelled,8,GB
TX-0003528,C-01128,Ava Patel,ava.patel3528@example.com,01/01/2024,903.97,USD,completed,1,AU
TX-0003529,C-01129,Noah Kim,noah.kim3529@example.com,02/06/2024,1417.36,USD,pending,2,DE
TX-0003530,C-01130,Mia Martin,mia.martin3530@example.com,03/11/2024,522.72,USD,refunded,3,US
TX-0003531,C-01131,Liam Smith,liam.smith3531@example.com,04/04/2024,1323.48,USD,cancelled,4,CA
TX-0003532,C-01132,Sofia Brown,sofia.brown3532@example.com,05/09/2024,918.25,USD,completed,5,GB
TX-0003533,C-01133,Ethan Wilson,ethan.wilson3533@example.com,06/02/2024,1346.56,USD,pending,6,AU
TX-0003534,C-01134,Zoe Garcia,zoe.garcia3534@example.com,07/07/2024,1291.14,USD,refunded,7,DE
TX-0003535,C-01135,Mateo Nguyen,mateo.nguyen3535@example.com,08/12/2024,2293.91,USD,cancelled,8,US
TX-0003536,C-01136,Ava Patel,ava.patel3536@example.com,09/05/2024,849.67,USD,completed,1,CA
TX-0003537,C-01137,Noah Kim,noah.kim3537@example.com,10/10/2024,1601.55,USD,pending,2,gb
TX-0003538,C-01138,Mia Martin,mia.martin3538@example.com,11/03/2024,794.52,USD,refunded,3,AU
TX-0003539,C-01139,Liam Smith,liam.smith3539@example.com,12/08/2024,744.59,USD,cancelled,4,DE
TX-0003540,C-01140,Sofia Brown,sofia.brown3540@example.com,01/01/2024,598.46,USD,completed,5,US
TX-0003541,C-01141,Ethan Wilson,ethan.wilson3541@example.com,02/06/2024,30.39,USD,pending,6,CA
TX-0003542,C-01142,Zoe Garcia,zoe.garcia3542@example.com,03/11/2024,1249.16,USD,refunded,7,GB
TX-0003543,C-01143,Mateo Nguyen,mateo.nguyen3543@example.com,04/04/2024,512.38,USD,cancelled,8,AU
TX-0003544,C-01144,Ava Patel,ava.patel3544@example.com,05/09/2024,1344.86,USD,completed,1,DE
TX-0003545,C-01145,Noah Kim,noah.kim3545@example.com,06/02/2024,1268.47,USD,pending,2,US
TX-0003546,C-01146,Mia Martin,mia.martin3546@example.com,07/07/2024,1919.07,USD,refunded,3,CA
TX-0003547,C-01147,Liam Smith,liam.smith3547@example.com,08/12/2024,389.48,USD,cancelled,4,GB
TX-0003548,C-01148,Sofia Brown,sofia.brown3548@example.com,09/05/2024,1971.70,USD,completed,5,AU
TX-0003549,C-01149,Ethan Wilson,ethan.wilson3549@example.com,10/10/2024,181.21,USD,pending,6,DE
TX-0003550,C-01150,Zoe Garcia,zoe.garcia3550@example.com,11/03/2024,1599.59,USD,refunded,7,US
TX-0003551,C-01151,Mateo Nguyen,mateo.nguyen3551@example.com,12/08/2024,1185.59,USD,cancelled,8,CA
TX-0003552,C-01152,Ava Patel,ava.patel3552@example.com,01/01/2024,1518.83,USD,completed,1,GB
TX-0003553,C-01153,Noah Kim,noah.kim3553@example.com,02/06/2024,2397.14,USD,pending,2,AU
TX-0003554,C-01154,Mia Martin,mia.martin3554@example.com,03/11/2024,1508.10,USD,refunded,3,DE
TX-0003555,C-01155,Liam Smith,liam.smith3555@example.com,04/04/2024,476.19,USD,cancelled,4,US
TX-0003556,C-01156,sofia brown,sofia.brown3556@example.com,05/09/2024,283.41,USD,completed,5,CA
TX-0003557,C-01157,Ethan Wilson,ethan.wilson3557@example.com,06/02/2024,549.32,USD,pending,6,GB
TX-0003558,C-01158,Zoe Garcia,zoe.garcia3558@example.com,07/07/2024,2299.10,USD,refunded,7,AU
TX-0003559,C-01159,Mateo Nguyen,mateo.nguyen3559@example.com,08/12/2024,2048.00,USD,cancelled,8,DE
TX-0003560,C-01160,Ava Patel,ava.patel.invalid,09/05/2024,1315.12,USD,completed,1,US
TX-0003561,C-01161,Noah Kim,noah.kim3561@example.com,10/10/2024,335.84,USD,pending,2,CA
TX-0003562,C-01162,Mia Martin,mia.martin3562@example.com,11/03/2024,1138.43,USD,refunded,3,GB
TX-0003563,C-01163,Liam Smith,liam.smith3563@example.com,12/08/2024,775.38,USD,cancelled,4,AU
TX-0003564,C-01164,Sofia Brown,sofia.brown3564@example.com,01/01/2024,2466.54,USD,completed,5,DE
TX-0003565,C-01165,Ethan Wilson,ethan.wilson3565@example.com,02/06/2024,1702.58,USD,pending,6,US
TX-0003566,C-01166,Zoe Garcia,zoe.garcia3566@example.com,03/11/2024,691.69,USD,refunded,7,CA
TX-0003567,C-01167,Mateo Nguyen,mateo.nguyen3567@example.com,04/04/2024,1029.56,USD,cancelled,8,GB
TX-0003568,C-01168,Ava Patel,ava.patel3568@example.com,05/09/2024,,USD,completed,1,AU
TX-0003569,C-01169,Noah Kim,noah.kim3569@example.com,06/02/2024,74.95,USD,pending,2,DE
TX-0003570,C-01170,Mia Martin,mia.martin3570@example.com,07/07/2024,372.54,USD,refunded,3,US
TX-0003571,C-01171,Liam Smith,liam.smith3571@example.com,08/12/2024,2203.47,USD,cancelled,4,CA
TX-0003572,C-01172,Sofia Brown,sofia.brown3572@example.com,09/05/2024,828.27,USD,completed,5,GB
TX-0003573,C-01173,Ethan Wilson,ethan.wilson3573@example.com,10/10/2024,1433.22,USD,pending,6,AU
TX-0003574,C-01174,Zoe Garcia,zoe.garcia3574@example.com,11/03/2024,1822.09,USD,refunded,7,DE
TX-0003575,C-01175,Mateo Nguyen,mateo.nguyen3575@example.com,12/08/2024,2029.41,USD,cancelled,8,US
TX-0003576,C-01176,Ava Patel,ava.patel3576@example.com,01/01/2024,1869.24,usd,completed,1,CA
TX-0003577,C-01177,Noah Kim,noah.kim3577@example.com,02/06/2024,531.77,USD,pending,2,GB
TX-0003578,C-01178,Mia Martin,mia.martin3578@example.com,03/11/2024,2178.76,USD,refunded,3,AU
TX-0003579,C-01179,Liam Smith,liam.smith3579@example.com,04/04/2024,766.26,USD,cancelled,4,DE
TX-0003580,C-01180,Sofia Brown,sofia.brown3580@example.com,05/09/2024,119.21,USD,completed,5,US
TX-0003581,C-01181,Ethan Wilson,ethan.wilson3581@example.com,06/02/2024,142.76,USD,pending,6,CA
TX-0003582,C-01182,Zoe Garcia,zoe.garcia3582@example.com,07/07/2024,1691.79,USD,refunded,7,GB
TX-0003583,C-01183,Mateo Nguyen,mateo.nguyen3583@example.com,08/12/2024,674.23,USD,cancelled,8,AU
TX-0003584,C-01184,Ava Patel,ava.patel3584@example.com,09/05/2024,485.18,USD,completed,1,DE
TX-0003585,C-01185,Noah Kim,noah.kim3585@example.com,10/10/2024,1380.02,USD,pending,2,US
TX-0003586,C-01186,Mia Martin,mia.martin3586@example.com,11/03/2024,2367.53,USD,refunded,3,CA
TX-0003587,C-01187,Liam Smith,liam.smith3587@example.com,12/08/2024,-38.17,USD,cancelled,4,GB
TX-0003588,C-01188,Sofia Brown,sofia.brown3588@example.com,01/01/2024,2113.50,USD,completed,5,AU
TX-0003589,C-01189,Ethan Wilson,,02/06/2024,1291.44,USD,pending,6,DE
TX-0003590,C-01190,Zoe Garcia,zoe.garcia3590@example.com,03/11/2024,1544.16,USD,refunded,7,US
TX-0003591,C-01191,Mateo Nguyen,mateo.nguyen3591@example.com,04/04/2024,1893.86,USD,cancelled,8,CA
TX-0003592,C-01192,Ava Patel,ava.patel3592@example.com,05/09/2024,1803.17,USD,completed,1,GB
TX-0003593,C-01193,Noah Kim,noah.kim3593@example.com,06/02/2024,2259.19,USD,pending,2,AU
TX-0003594,C-01194,Mia Martin,mia.martin3594@example.com,07/07/2024,383.44,USD,refunded,3,DE
TX-0003595,C-01195,Liam Smith,liam.smith3595@example.com,08/12/2024,2396.79,USD,cancelled,4,US
TX-0003596,C-01196,Sofia Brown,sofia.brown3596@example.com,09/05/2024,625.86,USD,completed,5,CA
TX-0003597,C-01197,Ethan Wilson,ethan.wilson3597@example.com,10/10/2024,1637.33,USD,pending,6,GB
TX-0003598,C-01198,Zoe Garcia,zoe.garcia3598@example.com,11/03/2024,1772.22,USD,refunded,7,AU
TX-0003599,C-01199,Mateo Nguyen,mateo.nguyen3599@example.com,12/08/2024,442.71,USD,cancelled,8,DE
TX-0003600,C-01200,Ava Patel,ava.patel3600@example.com,01/01/2024,514.29,USD,completed,1,US
TX-0003601,C-01201,Noah Kim,noah.kim3601@example.com,02/06/2024,1734.67,USD,pending,2,CA
TX-0003602,C-01202,Mia Martin,mia.martin3602@example.com,03/11/2024,825.31,USD,refunded,3,GB
TX-0003603,C-01203,Liam Smith,liam.smith3603@example.com,04/04/2024,1270.13,USD,cancelled,4,AU
TX-0003604,C-01204,Sofia Brown,sofia.brown3604@example.com,05/09/2024,6.76,USD,completed,5,DE
TX-0003605,C-01205,Ethan Wilson,ethan.wilson3605@example.com,06/02/2024,674.58,USD,pending,6,US
TX-0003606,C-01206,Zoe Garcia,zoe.garcia3606@example.com,07/07/2024,61.04,USD,refunded,7,CA
TX-0003607,C-01207,Mateo Nguyen,mateo.nguyen3607@example.com,08/12/2024,1422.99,USD,cancelled,8,GB
TX-0003608,C-01208,Ava Patel,ava.patel3608@example.com,09/05/2024,2253.97,USD,completed,1,AU
TX-0003609,C-01209,Noah Kim,noah.kim3609@example.com,10/10/2024,66.16,USD,pending,2,DE
TX-0003610,C-01210,Mia Martin,mia.martin3610@example.com,11/03/2024,3.37,USD,refunded,3,US
TX-0003611,C-01211,Liam Smith,liam.smith3611@example.com,12/08/2024,1345.80,USD,COMPLETE,4,CA
TX-0003612,C-01212,Sofia Brown,sofia.brown3612@example.com,01/01/2024,361.19,USD,completed,5,GB
TX-0003613,C-01213,Ethan Wilson,ethan.wilson3613@example.com,02/06/2024,252.05,USD,pending,6,AU
TX-0003614,C-01214,Zoe Garcia,zoe.garcia3614@example.com,03/11/2024,1448.23,USD,refunded,7,DE
TX-0003615,C-01215,Mateo Nguyen,mateo.nguyen3615@example.com,04/04/2024,608.98,USD,cancelled,8,US
TX-0003616,C-01216,  AVA PATEL  ,ava.patel3616@example.com,05/09/2024,2115.16,USD,completed,1,CA
TX-0003617,C-01217,Noah Kim,noah.kim3617@example.com,06/02/2024,1035.02,USD,pending,2,GB
TX-0003618,C-01218,Mia Martin,mia.martin3618@example.com,07/07/2024,1047.22,USD,refunded,3,AU
TX-0003619,C-01219,Liam Smith,liam.smith3619@example.com,08/12/2024,1668.12,USD,cancelled,4,DE
TX-0003620,C-01220,Sofia Brown,sofia.brown3620@example.com,09/05/2024,699.37, USD ,completed,5,US
TX-0003621,C-01221,Ethan Wilson,ethan.wilson3621@example.com,10/10/2024,940.28,USD,pending,6,CA
TX-0003622,C-01222,Zoe Garcia,zoe.garcia3622@example.com,11/03/2024,1852.78,USD,refunded,7,GB
TX-0003623,C-01223,Mateo Nguyen,mateo.nguyen3623@example.com,12/08/2024,2373.38,USD,cancelled,8,AU
TX-0003624,C-01224,Ava Patel,ava.patel3624@example.com,01/01/2024,2401.26,USD,completed,1,DE
TX-0003625,C-01225,Noah Kim,noah.kim3625@example.com,02/06/2024,2377.91,USD,pending,2,US
TX-0003626,C-01226,Mia Martin,mia.martin3626@example.com,03/11/2024,230.54,USD,refunded,3,CA
TX-0003627,C-01227,Liam Smith,liam.smith3627@example.com,04/04/2024,1472.93,USD,cancelled,4,GB
TX-0003628,C-01228,Sofia Brown,sofia.brown3628@example.com,05/09/2024,1306.92,USD,completed,5,AU
TX-0003629,C-01229,Ethan Wilson,ethan.wilson3629@example.com,06/02/2024,903.73,USD,unknown,6,DE
TX-0003630,C-01230,Zoe Garcia,zoe.garcia3630@example.com,07/07/2024,1257.99,USD,refunded,7,US
TX-0003631,C-01231,Mateo Nguyen,mateo.nguyen3631@example.com,08/12/2024,586.86,USD,cancelled,8,CA
TX-0003632,C-01232,Ava Patel,ava.patel3632@example.com,09/05/2024,2396.75,USD,completed,1,GB
TX-0003633,C-01233,Noah Kim,noah.kim3633@example.com,10/10/2024,594.08,USD,pending,2,USA
TX-0003634,C-01234,Mia Martin,mia.martin3634@example.com,11/03/2024,200.77,USD,refunded,3,DE
TX-0003635,C-01235,Liam Smith,liam.smith3635@example.com,12/08/2024,360.17,USD,cancelled,4,US
TX-0003636,C-01236,Sofia Brown,sofia.brown3636@example.com,01/01/2024,1496.41,USD,completed,5,CA
TX-0003637,C-01237,Ethan Wilson,ethan.wilson3637@example.com,02/06/2024,1881.04,USD,pending,6,GB
TX-0003638,C-01238,Zoe Garcia,zoe.garcia3638@example.com,03/11/2024,1422.76,USD,refunded,7,AU
TX-0003639,C-01239,Mateo Nguyen,mateo.nguyen3639@example.com,04/04/2024,1713.13,USD,cancelled,8,DE
TX-0003640,C-01240,Ava Patel,ava.patel3640@example.com,05/09/2024,1847.53,USD,completed,1,US
TX-0003641,C-01241,Noah Kim,noah.kim3641@example.com,06/02/2024,1775.43,USD,pending,2,CA
TX-0003642,C-01242,Mia Martin,mia.martin3642@example.com,07/07/2024,369.07,USD,refunded,3,GB
TX-0003643,C-01243,Liam Smith,liam.smith3643@example.com,08/12/2024,525.26,USD,cancelled,4,AU
TX-0003644,C-01244,Sofia Brown,sofia.brown3644@example.com,09/05/2024,1271.32,USD,completed,5,DE
TX-0003645,C-01245,Ethan Wilson,ethan.wilson3645@example.com,10/10/2024,2440.43,USD,pending,6,US
TX-0003646,C-01246,Zoe Garcia,zoe.garcia3646@example.com,11/03/2024,993.70,USD,refunded,7,CA
TX-0003647,C-01247,Mateo Nguyen,mateo.nguyen3647@example.com,12/08/2024,822.90,USD,cancelled,8,GB
TX-0003648,C-01248,Ava Patel,ava.patel3648@example.com,01/01/2024,2268.39,USD,completed,1,AU
TX-0003649,C-01249,Noah Kim,noah.kim.invalid,02/06/2024,1123.41,USD,pending,2,DE
TX-0003650,C-01250,Mia Martin,mia.martin3650@example.com,03/11/2024,2095.05,USD,refunded,3,US
TX-0003651,C-01251,Liam Smith,liam.smith3651@example.com,04/04/2024,21.54,USD,cancelled,4,CA
TX-0003652,C-01252,Sofia Brown,sofia.brown3652@example.com,05/09/2024,2400.90,USD,completed,5,GB
TX-0003653,C-01253,Ethan Wilson,ethan.wilson3653@example.com,06/02/2024,2452.03,USD,pending,6,AU
TX-0003654,C-01254,Zoe Garcia,zoe.garcia3654@example.com,07/07/2024,1487.44,USD,refunded,7,DE
TX-0003655,C-01255,Mateo Nguyen,mateo.nguyen3655@example.com,08/12/2024,86.25,USD,cancelled,8,US
TX-0003656,C-01256,Ava Patel,ava.patel3656@example.com,09/05/2024,2139.43,USD,completed,1,CA
TX-0003657,C-01257,Noah Kim,noah.kim3657@example.com,10/10/2024,97.11,USD,pending,2,GB
TX-0003658,C-01258,Mia Martin,mia.martin3658@example.com,11/03/2024,1385.52,USD,refunded,3,AU
TX-0003659,C-01259,Liam Smith,liam.smith3659@example.com,12/08/2024,702.48,USD,cancelled,4,DE
TX-0003660,C-01260,Sofia Brown,sofia.brown3660@example.com,01/01/2024,1800.13,USD,completed,5,US
TX-0003661,C-01261,Ethan Wilson,ethan.wilson3661@example.com,02/06/2024,1429.55,USD,pending,6,CA
TX-0003662,C-01262,Zoe Garcia,zoe.garcia3662@example.com,03/11/2024,1549.70,USD,refunded,7,GB
TX-0003663,C-01263,Mateo Nguyen,mateo.nguyen3663@example.com,04/04/2024,2432.11,USD,cancelled,8,AU
TX-0003664,C-01264,Ava Patel,ava.patel3664@example.com,05/09/2024,1190.19,USD,completed,1,DE
TX-0003665,C-01265,Noah Kim,noah.kim3665@example.com,06/02/2024,2052.66,USD,pending,2,US
TX-0003666,C-01266,Mia Martin,mia.martin3666@example.com,07/07/2024,2025.78,USD,refunded,3,CA
TX-0003667,C-01267,Liam Smith,liam.smith3667@example.com,08/12/2024,256.45,USD,cancelled,4,GB
TX-0003668,C-01268,Sofia Brown,sofia.brown3668@example.com,09/05/2024,6.27,USD,completed,5,au
TX-0003669,C-01269,Ethan Wilson,ethan.wilson3669@example.com,10/10/2024,1493.44,USD,pending,6,DE
TX-0003670,C-01270,Zoe Garcia,zoe.garcia3670@example.com,11/03/2024,1370.25,USD,refunded,7,US
TX-0003671,C-01271,Mateo Nguyen,mateo.nguyen3671@example.com,12/08/2024,23.84,USD,cancelled,8,CA
TX-0003672,C-01272,Ava Patel,ava.patel3672@example.com,01/01/2024,1951.50,USD,completed,1,GB
TX-0003673,C-01273,Noah Kim,noah.kim3673@example.com,02/06/2024,1180.48,USD,pending,2,AU
TX-0003674,C-01274,Mia Martin,mia.martin3674@example.com,03/11/2024,1550.49,USD,refunded,3,DE
TX-0003675,C-01275,Liam Smith,liam.smith3675@example.com,04/04/2024,931.03,USD,cancelled,4,US
TX-0003676,C-01276,Sofia Brown,sofia.brown3676@example.com,05/09/2024,254.80,USD,completed,5,CA
TX-0003677,C-01277,Ethan Wilson,ethan.wilson3677@example.com,06/02/2024,2492.57,USD,pending,6,GB
TX-0003678,C-01278,Zoe Garcia,zoe.garcia3678@example.com,07/07/2024,1119.79,USD,refunded,7,AU
TX-0003679,C-01279,Mateo Nguyen,mateo.nguyen3679@example.com,08/12/2024,1823.36,USD,cancelled,8,DE
TX-0003680,C-01280,Ava Patel,ava.patel3680@example.com,09/05/2024,1664.55,USD,completed,1,US
TX-0003681,C-01281,Noah Kim,noah.kim3681@example.com,10/10/2024,390.67,USD,pending,2,CA
TX-0003682,C-01282,Mia Martin,mia.martin3682@example.com,11/03/2024,20.00,USD,refunded,3,GB
TX-0003683,C-01283,liam smith,liam.smith3683@example.com,12/08/2024,2117.10,USD,cancelled,4,AU
TX-0003684,C-01284,Sofia Brown,sofia.brown3684@example.com,01/01/2024,1606.03,USD,completed,5,DE
TX-0003685,C-01285,Ethan Wilson,ethan.wilson3685@example.com,02/06/2024,2318.80,USD,pending,6,US
TX-0003686,C-01286,Zoe Garcia,,03/11/2024,791.64,USD,refunded,7,CA
TX-0003687,C-01287,Mateo Nguyen,mateo.nguyen3687@example.com,04/04/2024,630.95,USD,cancelled,8,GB
TX-0003688,C-01288,Ava Patel,ava.patel3688@example.com,05/09/2024,1176.14,USD,completed,1,AU
TX-0003689,C-01289,Noah Kim,noah.kim3689@example.com,06/02/2024,843.30,USD,pending,2,DE
TX-0003690,C-01290,Mia Martin,mia.martin3690@example.com,07/07/2024,530.74,USD,refunded,3,US
TX-0003691,C-01291,Liam Smith,liam.smith3691@example.com,08/12/2024,2412.92,USD,cancelled,4,CA
TX-0003692,C-01292,Sofia Brown,sofia.brown3692@example.com,09/05/2024,1780.39,USD,completed,5,GB
TX-0003693,C-01293,Ethan Wilson,ethan.wilson3693@example.com,10/10/2024,1011.32,USD,pending,6,AU
TX-0003694,C-01294,Zoe Garcia,zoe.garcia3694@example.com,11/03/2024,1961.37,USD,refunded,7,DE
TX-0003695,C-01295,Mateo Nguyen,mateo.nguyen3695@example.com,12/08/2024,1534.43,USD,cancelled,8,US
TX-0003696,C-01296,Ava Patel,ava.patel3696@example.com,01/01/2024,892.81,USD,completed,1,CA
TX-0003697,C-01297,Noah Kim,noah.kim3697@example.com,02/06/2024,1310.22,USD,pending,2,GB
TX-0003698,C-01298,Mia Martin,mia.martin3698@example.com,03/11/2024,2226.43,USD,refunded,3,AU
TX-0003699,C-01299,Liam Smith,liam.smith3699@example.com,04/04/2024,1043.79,USD,cancelled,4,DE
TX-0003700,C-01300,Sofia Brown,sofia.brown3700@example.com,05/09/2024,2483.91,USD,completed,5,US
TX-0003701,C-01301,Ethan Wilson,ethan.wilson3701@example.com,06/02/2024,2112.13,USD,pending,6,CA
TX-0003702,C-01302,Zoe Garcia,zoe.garcia3702@example.com,07/07/2024,931.00,USD,refunded,7,GB
TX-0003703,C-01303,Mateo Nguyen,mateo.nguyen3703@example.com,08/12/2024,1468.36,USD,cancelled,8,AU
TX-0003704,C-01304,Ava Patel,ava.patel3704@example.com,09/05/2024,838.35,USD,completed,1,DE
TX-0003705,C-01305,Noah Kim,noah.kim3705@example.com,10/10/2024,1412.50,USD,pending,2,US
TX-0003706,C-01306,Mia Martin,mia.martin3706@example.com,11/03/2024,1297.11,USD,refunded,3,CA
TX-0003707,C-01307,Liam Smith,liam.smith3707@example.com,12/08/2024,1344.38,USD,cancelled,4,GB
TX-0003708,C-01308,Sofia Brown,sofia.brown3708@example.com,01/01/2024,2232.58,USD,completed,5,AU
TX-0003709,C-01309,Ethan Wilson,ethan.wilson3709@example.com,02/06/2024,1324.75,USD,pending,6,DE
TX-0003710,C-01310,Zoe Garcia,zoe.garcia3710@example.com,03/11/2024,1234.79,USD,refunded,7,US
TX-0003711,C-01311,Mateo Nguyen,mateo.nguyen3711@example.com,04/04/2024,797.69,USD,cancelled,8,CA
TX-0003712,C-01312,Ava Patel,ava.patel3712@example.com,05/09/2024,2106.74,USD,completed,1,GB
TX-0003713,C-01313,Noah Kim,noah.kim3713@example.com,06/02/2024,24.05,USD,pending,2,AU
TX-0003714,C-01314,Mia Martin,mia.martin3714@example.com,07/07/2024,804.15,USD,refunded,3,DE
TX-0003715,C-01315,Liam Smith,liam.smith3715@example.com,08/12/2024,219.85,USD,cancelled,4,US
TX-0003716,C-01316,Sofia Brown,sofia.brown3716@example.com,09/05/2024,1591.38,USD,completed,5,CA
TX-0003717,C-01317,Ethan Wilson,ethan.wilson3717@example.com,10/10/2024,1993.51,USD,pending,6,GB
TX-0003718,C-01318,Zoe Garcia,zoe.garcia3718@example.com,11/03/2024,521.25,USD,refunded,7,AU
TX-0003719,C-01319,Mateo Nguyen,mateo.nguyen3719@example.com,12/08/2024,50.47,USD,cancelled,8,DE
TX-0003720,C-01320,Ava Patel,ava.patel3720@example.com,01/01/2024,522.53,USD,completed,1,US
TX-0003721,C-01321,Noah Kim,noah.kim3721@example.com,02/06/2024,669.05,USD,pending,2,CA
TX-0003722,C-01322,Mia Martin,mia.martin3722@example.com,03/11/2024,2075.18,USD,refunded,3,GB
TX-0003723,C-01323,Liam Smith,liam.smith3723@example.com,04/04/2024,173.09,USD,cancelled,4,AU
TX-0003724,C-01324,Sofia Brown,sofia.brown3724@example.com,05/09/2024,1211.45,USD,completed,5,DE
TX-0003725,C-01325,Ethan Wilson,ethan.wilson3725@example.com,06/02/2024,563.72,usd,pending,6,US
TX-0003726,C-01326,Zoe Garcia,zoe.garcia3726@example.com,07/07/2024,1504.15,USD,refunded,7,CA
TX-0003727,C-01327,Mateo Nguyen,mateo.nguyen3727@example.com,08/12/2024,1124.32,USD,cancelled,8,GB
TX-0003728,C-01328,Ava Patel,ava.patel3728@example.com,09/05/2024,441.14,USD,completed,1,AU
TX-0003729,C-01329,  NOAH KIM  ,noah.kim3729@example.com,10/10/2024,2498.81,USD,pending,2,DE
TX-0003730,C-01330,Mia Martin,mia.martin3730@example.com,11/03/2024,810.36,USD,refunded,3,US
TX-0003731,C-01331,Liam Smith,liam.smith3731@example.com,12/08/2024,1878.24,USD,cancelled,4,CA
TX-0003732,C-01332,Sofia Brown,sofia.brown3732@example.com,01/01/2024,130.75,USD,completed,5,GB
TX-0003733,C-01333,Ethan Wilson,ethan.wilson3733@example.com,02/06/2024,2000.86,USD,pending,6,AU
TX-0003734,C-01334,Zoe Garcia,zoe.garcia3734@example.com,03/11/2024,354.06,USD,refunded,7,DE
TX-0003735,C-01335,Mateo Nguyen,mateo.nguyen3735@example.com,04/04/2024,434.62,USD,cancelled,8,US
TX-0003736,C-01336,Ava Patel,ava.patel3736@example.com,05/09/2024,2078.82,USD,completed,1,CA
TX-0003737,C-01337,Noah Kim,noah.kim3737@example.com,06/02/2024,897.45,USD,pending,2,GB
TX-0003738,C-01338,Mia Martin,mia.martin.invalid,07/07/2024,1730.66,USD,refunded,3,AU
TX-0003739,C-01339,Liam Smith,liam.smith3739@example.com,08/12/2024,1128.09,USD,cancelled,4,DE
TX-0003740,C-01340,Sofia Brown,sofia.brown3740@example.com,09/05/2024,353.75,USD,completed,5,US
TX-0003741,C-01341,Ethan Wilson,ethan.wilson3741@example.com,10/10/2024,1766.28,USD,pending,6,CA
TX-0003742,C-01342,Zoe Garcia,zoe.garcia3742@example.com,11/03/2024,1594.00,USD,refunded,7,GB
TX-0003743,C-01343,Mateo Nguyen,mateo.nguyen3743@example.com,12/08/2024,573.21,USD,cancelled,8,AU
TX-0003744,C-01344,Ava Patel,ava.patel3744@example.com,01/01/2024,1281.77,USD,completed,1,DE
TX-0003745,C-01345,Noah Kim,noah.kim3745@example.com,02/06/2024,1319.24,USD,pending,2,US
TX-0003746,C-01346,Mia Martin,mia.martin3746@example.com,03/11/2024,502.30,USD,refunded,3,CA
TX-0003747,C-01347,Liam Smith,liam.smith3747@example.com,04/04/2024,1699.24,USD,cancelled,4,GB
TX-0003748,C-01348,Sofia Brown,sofia.brown3748@example.com,05/09/2024,1277.24,USD,completed,5,AU
TX-0003749,C-01349,Ethan Wilson,ethan.wilson3749@example.com,06/02/2024,100.43,USD,pending,6,DE
TX-0003750,C-01350,Zoe Garcia,zoe.garcia3750@example.com,07/07/2024,346.14,USD,refunded,7,US
TX-0003751,C-01351,Mateo Nguyen,mateo.nguyen3751@example.com,08/12/2024,317.88,USD,cancelled,8,CA
TX-0003752,C-01352,Ava Patel,ava.patel3752@example.com,09/05/2024,2485.55,USD,completed,1,GB
TX-0003753,C-01353,Noah Kim,noah.kim3753@example.com,10/10/2024,487.72,USD,pending,2,AU
TX-0003754,C-01354,Mia Martin,mia.martin3754@example.com,11/03/2024,1532.69,USD,refunded,3,DE
TX-0003755,C-01355,Liam Smith,liam.smith3755@example.com,12/08/2024,487.17,USD,cancelled,4,US
TX-0003756,C-01356,Sofia Brown,sofia.brown3756@example.com,01/01/2024,2138.89,USD,completed,5,CA
TX-0003757,C-01357,Ethan Wilson,ethan.wilson3757@example.com,02/06/2024,2117.13,USD,pending,6,GB
TX-0003758,C-01358,Zoe Garcia,zoe.garcia3758@example.com,03/11/2024,293.21,USD,refunded,7,AU
TX-0003759,C-01359,Mateo Nguyen,mateo.nguyen3759@example.com,04/04/2024,1597.24,USD,cancelled,8,DE
TX-0003760,C-01360,Ava Patel,ava.patel3760@example.com,05/09/2024,1071.77,USD,completed,1,US
TX-0003761,C-01361,Noah Kim,noah.kim3761@example.com,06/02/2024,802.99,USD,pending,2,CA
TX-0003762,C-01362,Mia Martin,mia.martin3762@example.com,07/07/2024,157.08,USD,refunded,3,GB
TX-0003763,C-01363,Liam Smith,liam.smith3763@example.com,08/12/2024,2042.05,USD,cancelled,4,AU
TX-0003764,C-01364,Sofia Brown,sofia.brown3764@example.com,09/05/2024,2394.70,USD,completed,5,DE
TX-0003765,C-01365,Ethan Wilson,ethan.wilson3765@example.com,10/10/2024,440.89,USD,pending,6,US
TX-0003766,C-01366,Zoe Garcia,zoe.garcia3766@example.com,11/03/2024,1824.31,USD,refunded,7,CA
TX-0003767,C-01367,Mateo Nguyen,mateo.nguyen3767@example.com,12/08/2024,18.16,USD,cancelled,8,GB
TX-0003768,C-01368,Ava Patel,ava.patel3768@example.com,01/01/2024,1969.30,USD,COMPLETE,1,AU
TX-0003769,C-01369,Noah Kim,noah.kim3769@example.com,02/06/2024,2272.16,USD,pending,2,DE
TX-0003770,C-01370,Mia Martin,mia.martin3770@example.com,03/11/2024,1394.26,USD,refunded,3,US
TX-0003771,C-01371,Liam Smith,liam.smith3771@example.com,04/04/2024,116.03,USD,cancelled,4,CA
TX-0003772,C-01372,Sofia Brown,sofia.brown3772@example.com,05/09/2024,1562.67,USD,completed,5,GB
TX-0003773,C-01373,Ethan Wilson,ethan.wilson3773@example.com,06/02/2024,1260.91,USD,pending,6,AU
TX-0003774,C-01374,Zoe Garcia,zoe.garcia3774@example.com,07/07/2024,2326.83,USD,refunded,7,DE
TX-0003775,C-01375,Mateo Nguyen,mateo.nguyen3775@example.com,08/12/2024,545.02,USD,cancelled,8,US
TX-0003776,C-01376,Ava Patel,ava.patel3776@example.com,09/05/2024,1093.15,USD,completed,1,CA
TX-0003777,C-01377,Noah Kim,noah.kim3777@example.com,10/10/2024,1729.16,USD,pending,2,GB
TX-0003778,C-01378,Mia Martin,mia.martin3778@example.com,11/03/2024,63.56,USD,refunded,3,AU
TX-0003779,C-01379,Liam Smith,liam.smith3779@example.com,12/08/2024,1105.42,USD,cancelled,4,DE
TX-0003780,C-01380,Sofia Brown,sofia.brown3780@example.com,01/01/2024,1811.31,USD,completed,5,US
TX-0003781,C-01381,Ethan Wilson,ethan.wilson3781@example.com,02/06/2024,953.63,USD,pending,6,CA
TX-0003782,C-01382,Zoe Garcia,zoe.garcia3782@example.com,03/11/2024,432.20,USD,refunded,7,GB
TX-0003783,C-01383,Mateo Nguyen,,04/04/2024,1137.32,USD,cancelled,8,AU
TX-0003784,C-01384,Ava Patel,ava.patel3784@example.com,05/09/2024,1507.32,USD,completed,1,DE
TX-0003785,C-01385,Noah Kim,noah.kim3785@example.com,06/02/2024,844.10,USD,pending,2,US
TX-0003786,C-01386,Mia Martin,mia.martin3786@example.com,07/07/2024,1295.79,USD,refunded,3,CA
TX-0003787,C-01387,Liam Smith,liam.smith3787@example.com,08/12/2024,2438.48,USD,cancelled,4,GB
TX-0003788,C-01388,Sofia Brown,sofia.brown3788@example.com,09/05/2024,84.90,USD,completed,5,AU
TX-0003789,C-01389,Ethan Wilson,ethan.wilson3789@example.com,10/10/2024,1490.89,USD,pending,6,DE
TX-0003790,C-01390,Zoe Garcia,zoe.garcia3790@example.com,11/03/2024,1225.65,USD,refunded,7,US
TX-0003791,C-01391,Mateo Nguyen,mateo.nguyen3791@example.com,12/08/2024,,USD,cancelled,8,CA
TX-0003792,C-01392,Ava Patel,ava.patel3792@example.com,01/01/2024,895.76,USD,completed,1,GB
TX-0003793,C-01393,Noah Kim,noah.kim3793@example.com,02/06/2024,1968.84,USD,pending,2,AU
TX-0003794,C-01394,Mia Martin,mia.martin3794@example.com,03/11/2024,2144.58,USD,refunded,3,DE
TX-0003795,C-01395,Liam Smith,liam.smith3795@example.com,04/04/2024,2478.46,USD,cancelled,4,US
TX-0003796,C-01396,Sofia Brown,sofia.brown3796@example.com,05/09/2024,850.97,USD,completed,5,CA
TX-0003797,C-01397,Ethan Wilson,ethan.wilson3797@example.com,06/02/2024,103.33,USD,pending,6,GB
TX-0003798,C-01398,Zoe Garcia,zoe.garcia3798@example.com,07/07/2024,-11.62,USD,refunded,7,AU
TX-0003799,C-01399,Mateo Nguyen,mateo.nguyen3799@example.com,08/12/2024,1730.18,USD,cancelled,8,de
TX-0003800,C-01400,Ava Patel,ava.patel3800@example.com,09/05/2024,127.22,USD,completed,1,US
TX-0003801,C-01401,Noah Kim,noah.kim3801@example.com,10/10/2024,650.08, USD ,pending,2,CA
TX-0003802,C-01402,Mia Martin,mia.martin3802@example.com,11/03/2024,539.32,USD,refunded,3,GB
TX-0003803,C-01403,Liam Smith,liam.smith3803@example.com,12/08/2024,671.84,USD,cancelled,4,AU
TX-0003804,C-01404,Sofia Brown,sofia.brown3804@example.com,01/01/2024,1808.36,USD,completed,5,DE
TX-0003805,C-01405,Ethan Wilson,ethan.wilson3805@example.com,02/06/2024,2245.51,USD,pending,6,US
TX-0003806,C-01406,Zoe Garcia,zoe.garcia3806@example.com,03/11/2024,442.00,USD,refunded,7,USA
TX-0003807,C-01407,Mateo Nguyen,mateo.nguyen3807@example.com,04/04/2024,1138.62,USD,cancelled,8,GB
TX-0003808,C-01408,Ava Patel,ava.patel3808@example.com,05/09/2024,891.33,USD,completed,1,AU
TX-0003809,C-01409,Noah Kim,noah.kim3809@example.com,06/02/2024,1316.37,USD,pending,2,DE
TX-0003810,C-01410,mia martin,mia.martin3810@example.com,07/07/2024,712.74,USD,refunded,3,US
TX-0003811,C-01411,Liam Smith,liam.smith3811@example.com,08/12/2024,2179.62,USD,cancelled,4,CA
TX-0003812,C-01412,Sofia Brown,sofia.brown3812@example.com,09/05/2024,1918.93,USD,completed,5,GB
TX-0003813,C-01413,Ethan Wilson,ethan.wilson3813@example.com,10/10/2024,157.64,USD,pending,6,AU
TX-0003814,C-01414,Zoe Garcia,zoe.garcia3814@example.com,11/03/2024,1297.91,USD,refunded,7,DE
TX-0003815,C-01415,Mateo Nguyen,mateo.nguyen3815@example.com,12/08/2024,1370.19,USD,cancelled,8,US
TX-0003816,C-01416,Ava Patel,ava.patel3816@example.com,01/01/2024,1878.49,USD,completed,1,CA
TX-0003817,C-01417,Noah Kim,noah.kim3817@example.com,02/06/2024,1945.11,USD,pending,2,GB
TX-0003818,C-01418,Mia Martin,mia.martin3818@example.com,03/11/2024,321.82,USD,refunded,3,AU
TX-0003819,C-01419,Liam Smith,liam.smith3819@example.com,04/04/2024,2113.02,USD,cancelled,4,DE
TX-0003820,C-01420,Sofia Brown,sofia.brown3820@example.com,05/09/2024,1563.96,USD,unknown,5,US
TX-0003821,C-01421,Ethan Wilson,ethan.wilson3821@example.com,06/02/2024,1675.52,USD,pending,6,CA
TX-0003822,C-01422,Zoe Garcia,zoe.garcia3822@example.com,07/07/2024,1096.45,USD,refunded,7,GB
TX-0003823,C-01423,Mateo Nguyen,mateo.nguyen3823@example.com,08/12/2024,2038.00,USD,cancelled,8,AU
TX-0003824,C-01424,Ava Patel,ava.patel3824@example.com,09/05/2024,1091.48,USD,completed,1,DE
TX-0003825,C-01425,Noah Kim,noah.kim3825@example.com,10/10/2024,2452.56,USD,pending,2,US
TX-0003826,C-01426,Mia Martin,mia.martin3826@example.com,11/03/2024,1430.33,USD,refunded,3,CA
TX-0003827,C-01427,Liam Smith,liam.smith.invalid,12/08/2024,26.72,USD,cancelled,4,GB
TX-0003828,C-01428,Sofia Brown,sofia.brown3828@example.com,01/01/2024,1837.74,USD,completed,5,AU
TX-0003829,C-01429,Ethan Wilson,ethan.wilson3829@example.com,02/06/2024,1127.95,USD,pending,6,DE
TX-0003830,C-01430,Zoe Garcia,zoe.garcia3830@example.com,03/11/2024,1811.93,USD,refunded,7,US
TX-0003831,C-01431,Mateo Nguyen,mateo.nguyen3831@example.com,04/04/2024,283.82,USD,cancelled,8,CA
TX-0003832,C-01432,Ava Patel,ava.patel3832@example.com,05/09/2024,1965.22,USD,completed,1,GB
TX-0003833,C-01433,Noah Kim,noah.kim3833@example.com,06/02/2024,1591.55,USD,pending,2,AU
TX-0003834,C-01434,Mia Martin,mia.martin3834@example.com,07/07/2024,548.07,USD,refunded,3,DE
TX-0003835,C-01435,Liam Smith,liam.smith3835@example.com,08/12/2024,2102.24,USD,cancelled,4,US
TX-0003836,C-01436,Sofia Brown,sofia.brown3836@example.com,09/05/2024,1227.71,USD,completed,5,CA
TX-0003837,C-01437,Ethan Wilson,ethan.wilson3837@example.com,10/10/2024,457.08,USD,pending,6,GB
TX-0003838,C-01438,Zoe Garcia,zoe.garcia3838@example.com,11/03/2024,1312.14,USD,refunded,7,AU
TX-0003839,C-01439,Mateo Nguyen,mateo.nguyen3839@example.com,12/08/2024,449.65,USD,cancelled,8,DE
TX-0003840,C-01440,Ava Patel,ava.patel3840@example.com,01/01/2024,1426.47,USD,completed,1,US
TX-0003841,C-01441,Noah Kim,noah.kim3841@example.com,02/06/2024,2149.19,USD,pending,2,CA
TX-0003842,C-01442,  MIA MARTIN  ,mia.martin3842@example.com,03/11/2024,1242.43,USD,refunded,3,GB
TX-0003843,C-01443,Liam Smith,liam.smith3843@example.com,04/04/2024,1236.21,USD,cancelled,4,AU
TX-0003844,C-01444,Sofia Brown,sofia.brown3844@example.com,05/09/2024,89.64,USD,completed,5,DE
TX-0003845,C-01445,Ethan Wilson,ethan.wilson3845@example.com,06/02/2024,43.08,USD,pending,6,US
TX-0003846,C-01446,Zoe Garcia,zoe.garcia3846@example.com,07/07/2024,2086.84,USD,refunded,7,CA
TX-0003847,C-01447,Mateo Nguyen,mateo.nguyen3847@example.com,08/12/2024,1374.54,USD,cancelled,8,GB
TX-0003848,C-01448,Ava Patel,ava.patel3848@example.com,09/05/2024,615.34,USD,completed,1,AU
TX-0003849,C-01449,Noah Kim,noah.kim3849@example.com,10/10/2024,2152.20,USD,pending,2,DE
TX-0003850,C-01450,Mia Martin,mia.martin3850@example.com,11/03/2024,564.51,USD,refunded,3,US
TX-0003851,C-01451,Liam Smith,liam.smith3851@example.com,12/08/2024,1147.25,USD,cancelled,4,CA
TX-0003852,C-01452,Sofia Brown,sofia.brown3852@example.com,01/01/2024,134.72,USD,completed,5,GB
TX-0003853,C-01453,Ethan Wilson,ethan.wilson3853@example.com,02/06/2024,839.67,USD,pending,6,AU
TX-0003854,C-01454,Zoe Garcia,zoe.garcia3854@example.com,03/11/2024,1482.63,USD,refunded,7,DE
TX-0003855,C-01455,Mateo Nguyen,mateo.nguyen3855@example.com,04/04/2024,1219.70,USD,cancelled,8,US
TX-0003856,C-01456,Ava Patel,ava.patel3856@example.com,05/09/2024,721.79,USD,completed,1,CA
TX-0003857,C-01457,Noah Kim,noah.kim3857@example.com,06/02/2024,1279.80,USD,pending,2,GB
TX-0003858,C-01458,Mia Martin,mia.martin3858@example.com,07/07/2024,2421.15,USD,refunded,3,AU
TX-0003859,C-01459,Liam Smith,liam.smith3859@example.com,08/12/2024,1423.96,USD,cancelled,4,DE
TX-0003860,C-01460,Sofia Brown,sofia.brown3860@example.com,09/05/2024,1142.74,USD,completed,5,US
TX-0003861,C-01461,Ethan Wilson,ethan.wilson3861@example.com,10/10/2024,233.13,USD,pending,6,CA
TX-0003862,C-01462,Zoe Garcia,zoe.garcia3862@example.com,11/03/2024,1873.18,USD,refunded,7,GB
TX-0003863,C-01463,Mateo Nguyen,mateo.nguyen3863@example.com,12/08/2024,2411.87,USD,cancelled,8,AU
TX-0003864,C-01464,Ava Patel,ava.patel3864@example.com,01/01/2024,1564.50,USD,completed,1,DE
TX-0003865,C-01465,Noah Kim,noah.kim3865@example.com,02/06/2024,1031.86,USD,pending,2,US
TX-0003866,C-01466,Mia Martin,mia.martin3866@example.com,03/11/2024,318.71,USD,refunded,3,CA
TX-0003867,C-01467,Liam Smith,liam.smith3867@example.com,04/04/2024,1818.79,USD,cancelled,4,GB
TX-0003868,C-01468,Sofia Brown,sofia.brown3868@example.com,05/09/2024,2234.99,USD,completed,5,AU
TX-0003869,C-01469,Ethan Wilson,ethan.wilson3869@example.com,06/02/2024,2402.30,USD,pending,6,DE
TX-0003870,C-01470,Zoe Garcia,zoe.garcia3870@example.com,07/07/2024,460.50,USD,refunded,7,US
TX-0003871,C-01471,Mateo Nguyen,mateo.nguyen3871@example.com,08/12/2024,2463.50,USD,cancelled,8,CA
TX-0003872,C-01472,Ava Patel,ava.patel3872@example.com,09/05/2024,1072.10,USD,completed,1,GB
TX-0003873,C-01473,Noah Kim,noah.kim3873@example.com,10/10/2024,2477.84,USD,pending,2,AU
TX-0003874,C-01474,Mia Martin,mia.martin3874@example.com,11/03/2024,1716.39,usd,refunded,3,DE
TX-0003875,C-01475,Liam Smith,liam.smith3875@example.com,12/08/2024,507.26,USD,cancelled,4,US
TX-0003876,C-01476,Sofia Brown,sofia.brown3876@example.com,01/01/2024,1582.87,USD,completed,5,CA
TX-0003877,C-01477,Ethan Wilson,ethan.wilson3877@example.com,02/06/2024,971.11,USD,pending,6,GB
TX-0003878,C-01478,Zoe Garcia,zoe.garcia3878@example.com,03/11/2024,107.55,USD,refunded,7,AU
TX-0003879,C-01479,Mateo Nguyen,mateo.nguyen3879@example.com,04/04/2024,397.69,USD,cancelled,8,DE
TX-0003880,C-01480,Ava Patel,,05/09/2024,1902.20,USD,completed,1,US
TX-0003881,C-01481,Noah Kim,noah.kim3881@example.com,06/02/2024,52.92,USD,pending,2,CA
TX-0003882,C-01482,Mia Martin,mia.martin3882@example.com,07/07/2024,1081.35,USD,refunded,3,GB
TX-0003883,C-01483,Liam Smith,liam.smith3883@example.com,08/12/2024,1985.79,USD,cancelled,4,AU
TX-0003884,C-01484,Sofia Brown,sofia.brown3884@example.com,09/05/2024,1484.97,USD,completed,5,DE
TX-0003885,C-01485,Ethan Wilson,ethan.wilson3885@example.com,10/10/2024,1318.44,USD,pending,6,US
TX-0003886,C-01486,Zoe Garcia,zoe.garcia3886@example.com,11/03/2024,1555.52,USD,refunded,7,CA
TX-0003887,C-01487,Mateo Nguyen,mateo.nguyen3887@example.com,12/08/2024,2152.58,USD,cancelled,8,GB
TX-0003888,C-01488,Ava Patel,ava.patel3888@example.com,01/01/2024,2069.07,USD,completed,1,AU
TX-0003889,C-01489,Noah Kim,noah.kim3889@example.com,02/06/2024,2103.64,USD,pending,2,DE
TX-0003890,C-01490,Mia Martin,mia.martin3890@example.com,03/11/2024,2189.20,USD,refunded,3,US
TX-0003891,C-01491,Liam Smith,liam.smith3891@example.com,04/04/2024,677.77,USD,cancelled,4,CA
TX-0003892,C-01492,Sofia Brown,sofia.brown3892@example.com,05/09/2024,497.00,USD,completed,5,GB
TX-0003893,C-01493,Ethan Wilson,ethan.wilson3893@example.com,06/02/2024,2238.75,USD,pending,6,AU
TX-0003894,C-01494,Zoe Garcia,zoe.garcia3894@example.com,07/07/2024,565.69,USD,refunded,7,DE
TX-0003895,C-01495,Mateo Nguyen,mateo.nguyen3895@example.com,08/12/2024,1792.59,USD,cancelled,8,US
TX-0003896,C-01496,Ava Patel,ava.patel3896@example.com,09/05/2024,1438.03,USD,completed,1,CA
TX-0003897,C-01497,Noah Kim,noah.kim3897@example.com,10/10/2024,2188.73,USD,pending,2,GB
TX-0003898,C-01498,Mia Martin,mia.martin3898@example.com,11/03/2024,1876.93,USD,refunded,3,AU
TX-0003899,C-01499,Liam Smith,liam.smith3899@example.com,12/08/2024,1941.02,USD,cancelled,4,DE
TX-0003900,C-01500,Sofia Brown,sofia.brown3900@example.com,01/01/2024,1616.55,USD,completed,5,US
TX-0003901,C-01501,Ethan Wilson,ethan.wilson3901@example.com,02/06/2024,400.67,USD,pending,6,CA
TX-0003902,C-01502,Zoe Garcia,zoe.garcia3902@example.com,03/11/2024,1820.18,USD,refunded,7,GB
TX-0003903,C-01503,Mateo Nguyen,mateo.nguyen3903@example.com,04/04/2024,1270.11,USD,cancelled,8,AU
TX-0003904,C-01504,Ava Patel,ava.patel3904@example.com,05/09/2024,830.15,USD,completed,1,DE
TX-0003905,C-01505,Noah Kim,noah.kim3905@example.com,06/02/2024,1769.64,USD,pending,2,US
TX-0003906,C-01506,Mia Martin,mia.martin3906@example.com,07/07/2024,1767.47,USD,refunded,3,CA
TX-0003907,C-01507,Liam Smith,liam.smith3907@example.com,08/12/2024,1480.17,USD,cancelled,4,GB
TX-0003908,C-01508,Sofia Brown,sofia.brown3908@example.com,09/05/2024,827.05,USD,completed,5,AU
TX-0003909,C-01509,Ethan Wilson,ethan.wilson3909@example.com,10/10/2024,92.81,USD,pending,6,DE
TX-0003910,C-01510,Zoe Garcia,zoe.garcia3910@example.com,11/03/2024,2259.65,USD,refunded,7,US
TX-0003911,C-01511,Mateo Nguyen,mateo.nguyen3911@example.com,12/08/2024,852.22,USD,cancelled,8,CA
TX-0003912,C-01512,Ava Patel,ava.patel3912@example.com,01/01/2024,2476.52,USD,completed,1,GB
TX-0003913,C-01513,Noah Kim,noah.kim3913@example.com,02/06/2024,1637.34,USD,pending,2,AU
TX-0003914,C-01514,Mia Martin,mia.martin3914@example.com,03/11/2024,1255.85,USD,refunded,3,DE
TX-0003915,C-01515,Liam Smith,liam.smith3915@example.com,04/04/2024,1903.28,USD,cancelled,4,US
TX-0003916,C-01516,Sofia Brown,sofia.brown.invalid,05/09/2024,657.32,USD,completed,5,CA
TX-0003917,C-01517,Ethan Wilson,ethan.wilson3917@example.com,06/02/2024,1040.96,USD,pending,6,GB
TX-0003918,C-01518,Zoe Garcia,zoe.garcia3918@example.com,07/07/2024,2378.29,USD,refunded,7,AU
TX-0003919,C-01519,Mateo Nguyen,mateo.nguyen3919@example.com,08/12/2024,1004.96,USD,cancelled,8,DE
TX-0003920,C-01520,Ava Patel,ava.patel3920@example.com,09/05/2024,1225.78,USD,completed,1,US
TX-0003921,C-01521,Noah Kim,noah.kim3921@example.com,10/10/2024,1678.67,USD,pending,2,CA
TX-0003922,C-01522,Mia Martin,mia.martin3922@example.com,11/03/2024,699.94,USD,refunded,3,GB
TX-0003923,C-01523,Liam Smith,liam.smith3923@example.com,12/08/2024,2429.91,USD,cancelled,4,AU
TX-0003924,C-01524,Sofia Brown,sofia.brown3924@example.com,01/01/2024,2320.84,USD,completed,5,DE
TX-0003925,C-01525,Ethan Wilson,ethan.wilson3925@example.com,02/06/2024,1946.95,USD,COMPLETE,6,US
TX-0003926,C-01526,Zoe Garcia,zoe.garcia3926@example.com,03/11/2024,1912.63,USD,refunded,7,CA
TX-0003927,C-01527,Mateo Nguyen,mateo.nguyen3927@example.com,04/04/2024,1160.91,USD,cancelled,8,GB
TX-0003928,C-01528,Ava Patel,ava.patel3928@example.com,05/09/2024,1059.65,USD,completed,1,AU
TX-0003929,C-01529,Noah Kim,noah.kim3929@example.com,06/02/2024,2242.11,USD,pending,2,DE
TX-0003930,C-01530,Mia Martin,mia.martin3930@example.com,07/07/2024,2355.90,USD,refunded,3,us
TX-0003931,C-01531,Liam Smith,liam.smith3931@example.com,08/12/2024,1492.55,USD,cancelled,4,CA
TX-0003932,C-01532,Sofia Brown,sofia.brown3932@example.com,09/05/2024,600.74,USD,completed,5,GB
TX-0003933,C-01533,Ethan Wilson,ethan.wilson3933@example.com,10/10/2024,2161.36,USD,pending,6,AU
TX-0003934,C-01534,Zoe Garcia,zoe.garcia3934@example.com,11/03/2024,1236.52,USD,refunded,7,DE
TX-0003935,C-01535,Mateo Nguyen,mateo.nguyen3935@example.com,12/08/2024,1547.26,USD,cancelled,8,US
TX-0003936,C-01536,Ava Patel,ava.patel3936@example.com,01/01/2024,397.20,USD,completed,1,CA
TX-0003937,C-01537,noah kim,noah.kim3937@example.com,02/06/2024,1431.71,USD,pending,2,GB
TX-0003938,C-01538,Mia Martin,mia.martin3938@example.com,03/11/2024,693.00,USD,refunded,3,AU
TX-0003939,C-01539,Liam Smith,liam.smith3939@example.com,04/04/2024,1289.29,USD,cancelled,4,DE
TX-0003940,C-01540,Sofia Brown,sofia.brown3940@example.com,05/09/2024,2129.32,USD,completed,5,US
TX-0003941,C-01541,Ethan Wilson,ethan.wilson3941@example.com,06/02/2024,1632.64,USD,pending,6,CA
TX-0003942,C-01542,Zoe Garcia,zoe.garcia3942@example.com,07/07/2024,1453.74,USD,refunded,7,GB
TX-0003943,C-01543,Mateo Nguyen,mateo.nguyen3943@example.com,08/12/2024,781.94,USD,cancelled,8,AU
TX-0003944,C-01544,Ava Patel,ava.patel3944@example.com,09/05/2024,583.93,USD,completed,1,DE
TX-0003945,C-01545,Noah Kim,noah.kim3945@example.com,10/10/2024,423.34,USD,pending,2,US
TX-0003946,C-01546,Mia Martin,mia.martin3946@example.com,11/03/2024,1679.54,USD,refunded,3,CA
TX-0003947,C-01547,Liam Smith,liam.smith3947@example.com,12/08/2024,1497.18,USD,cancelled,4,GB
TX-0003948,C-01548,Sofia Brown,sofia.brown3948@example.com,01/01/2024,1452.90,USD,completed,5,AU
TX-0003949,C-01549,Ethan Wilson,ethan.wilson3949@example.com,02/06/2024,516.97,USD,pending,6,DE
TX-0003950,C-01550,Zoe Garcia,zoe.garcia3950@example.com,03/11/2024,1383.51,USD,refunded,7,US
TX-0003951,C-01551,Mateo Nguyen,mateo.nguyen3951@example.com,04/04/2024,441.38,USD,cancelled,8,CA
TX-0003952,C-01552,Ava Patel,ava.patel3952@example.com,05/09/2024,243.23,USD,completed,1,GB
TX-0003953,C-01553,Noah Kim,noah.kim3953@example.com,06/02/2024,1860.91,USD,pending,2,AU
TX-0003954,C-01554,Mia Martin,mia.martin3954@example.com,07/07/2024,1722.27,USD,refunded,3,DE
TX-0003955,C-01555,  LIAM SMITH  ,liam.smith3955@example.com,08/12/2024,1050.31,USD,cancelled,4,US
TX-0003956,C-01556,Sofia Brown,sofia.brown3956@example.com,09/05/2024,754.78,USD,completed,5,CA
TX-0003957,C-01557,Ethan Wilson,ethan.wilson3957@example.com,10/10/2024,2485.09,USD,pending,6,GB
TX-0003958,C-01558,Zoe Garcia,zoe.garcia3958@example.com,11/03/2024,1144.33,USD,refunded,7,AU
TX-0003959,C-01559,Mateo Nguyen,mateo.nguyen3959@example.com,12/08/2024,2063.25,USD,cancelled,8,DE
TX-0003960,C-01560,Ava Patel,ava.patel3960@example.com,01/01/2024,693.12,USD,completed,1,US
TX-0003961,C-01561,Noah Kim,noah.kim3961@example.com,02/06/2024,1419.91,USD,pending,2,CA
TX-0003962,C-01562,Mia Martin,mia.martin3962@example.com,03/11/2024,2059.38,USD,refunded,3,GB
TX-0003963,C-01563,Liam Smith,liam.smith3963@example.com,04/04/2024,708.97,USD,cancelled,4,AU
TX-0003964,C-01564,Sofia Brown,sofia.brown3964@example.com,05/09/2024,1730.06,USD,completed,5,DE
TX-0003965,C-01565,Ethan Wilson,ethan.wilson3965@example.com,06/02/2024,675.05,USD,pending,6,US
TX-0003966,C-01566,Zoe Garcia,zoe.garcia3966@example.com,07/07/2024,2084.37,USD,refunded,7,CA
TX-0003967,C-01567,Mateo Nguyen,mateo.nguyen3967@example.com,08/12/2024,258.46,USD,cancelled,8,GB
TX-0003968,C-01568,Ava Patel,ava.patel3968@example.com,09/05/2024,2067.13,USD,completed,1,AU
TX-0003969,C-01569,Noah Kim,noah.kim3969@example.com,10/10/2024,1083.81,USD,pending,2,DE
TX-0003970,C-01570,Mia Martin,mia.martin3970@example.com,11/03/2024,2426.49,USD,refunded,3,US
TX-0003971,C-01571,Liam Smith,liam.smith3971@example.com,12/08/2024,1346.43,USD,cancelled,4,CA
TX-0003972,C-01572,Sofia Brown,sofia.brown3972@example.com,01/01/2024,1763.53,USD,completed,5,GB
TX-0003973,C-01573,Ethan Wilson,ethan.wilson3973@example.com,02/06/2024,271.19,USD,pending,6,AU
TX-0003974,C-01574,Zoe Garcia,zoe.garcia3974@example.com,03/11/2024,857.98,USD,refunded,7,DE
TX-0003975,C-01575,Mateo Nguyen,mateo.nguyen3975@example.com,04/04/2024,2263.10,USD,cancelled,8,US
TX-0003976,C-01576,Ava Patel,ava.patel3976@example.com,05/09/2024,13.22,USD,completed,1,CA
TX-0003977,C-01577,Noah Kim,,06/02/2024,2431.03,USD,pending,2,GB
TX-0003978,C-01578,Mia Martin,mia.martin3978@example.com,07/07/2024,276.18,USD,refunded,3,AU
TX-0003979,C-01579,Liam Smith,liam.smith3979@example.com,08/12/2024,1630.42,USD,cancelled,4,USA
TX-0003980,C-01580,Sofia Brown,sofia.brown3980@example.com,09/05/2024,342.08,USD,completed,5,US
TX-0003981,C-01581,Ethan Wilson,ethan.wilson3981@example.com,10/10/2024,371.93,USD,pending,6,CA
TX-0003982,C-01582,Zoe Garcia,zoe.garcia3982@example.com,11/03/2024,342.57, USD ,refunded,7,GB
TX-0003983,C-01583,Mateo Nguyen,mateo.nguyen3983@example.com,12/08/2024,2199.39,USD,cancelled,8,AU
TX-0003984,C-01584,Ava Patel,ava.patel3984@example.com,01/01/2024,903.91,USD,completed,1,DE
TX-0003985,C-01585,Noah Kim,noah.kim3985@example.com,02/06/2024,1652.57,USD,pending,2,US
TX-0003986,C-01586,Mia Martin,mia.martin3986@example.com,03/11/2024,1378.47,USD,refunded,3,CA
TX-0003987,C-01587,Liam Smith,liam.smith3987@example.com,04/04/2024,1509.91,USD,cancelled,4,GB
TX-0003988,C-01588,Sofia Brown,sofia.brown3988@example.com,05/09/2024,1697.96,USD,completed,5,AU
TX-0003989,C-01589,Ethan Wilson,ethan.wilson3989@example.com,06/02/2024,749.48,USD,pending,6,DE
TX-0003990,C-01590,Zoe Garcia,zoe.garcia3990@example.com,07/07/2024,526.73,USD,refunded,7,US
TX-0003991,C-01591,Mateo Nguyen,mateo.nguyen3991@example.com,08/12/2024,1367.47,USD,cancelled,8,CA
TX-0003992,C-01592,Ava Patel,ava.patel3992@example.com,09/05/2024,461.74,USD,completed,1,GB
TX-0003993,C-01593,Noah Kim,noah.kim3993@example.com,10/10/2024,2069.22,USD,pending,2,AU
TX-0003994,C-01594,Mia Martin,mia.martin3994@example.com,11/03/2024,963.78,USD,refunded,3,DE
TX-0003995,C-01595,Liam Smith,liam.smith3995@example.com,12/08/2024,263.15,USD,cancelled,4,US
TX-0003996,C-01596,Sofia Brown,sofia.brown3996@example.com,01/01/2024,59.06,USD,completed,5,CA
TX-0003997,C-01597,Ethan Wilson,ethan.wilson3997@example.com,02/06/2024,1774.48,USD,pending,6,GB
TX-0003998,C-01598,Zoe Garcia,zoe.garcia3998@example.com,03/11/2024,1702.76,USD,refunded,7,AU
TX-0003999,C-01599,Mateo Nguyen,mateo.nguyen3999@example.com,04/04/2024,1329.64,USD,cancelled,8,DE
TX-0004000,C-01600,Ava Patel,ava.patel4000@example.com,05/09/2024,796.17,USD,completed,1,US
TX-0004001,C-01601,Noah Kim,noah.kim4001@example.com,06/02/2024,1626.83,USD,pending,2,CA
TX-0004002,C-01602,Mia Martin,mia.martin4002@example.com,07/07/2024,953.76,USD,refunded,3,GB
TX-0004003,C-01603,Liam Smith,liam.smith4003@example.com,08/12/2024,1007.44,USD,cancelled,4,AU
TX-0004004,C-01604,Sofia Brown,sofia.brown4004@example.com,09/05/2024,2261.63,USD,completed,5,DE
TX-0004005,C-01605,Ethan Wilson,ethan.wilson.invalid,10/10/2024,437.98,USD,pending,6,US
TX-0004006,C-01606,Zoe Garcia,zoe.garcia4006@example.com,11/03/2024,780.41,USD,refunded,7,CA
TX-0004007,C-01607,Mateo Nguyen,mateo.nguyen4007@example.com,12/08/2024,1801.33,USD,cancelled,8,GB
TX-0004008,C-01608,Ava Patel,ava.patel4008@example.com,01/01/2024,1071.54,USD,completed,1,AU
TX-0004009,C-01609,Noah Kim,noah.kim4009@example.com,02/06/2024,-89.99,USD,pending,2,DE
TX-0004010,C-01610,Mia Martin,mia.martin4010@example.com,03/11/2024,379.95,USD,refunded,3,US
TX-0004011,C-01611,Liam Smith,liam.smith4011@example.com,04/04/2024,347.35,USD,unknown,4,CA
TX-0004012,C-01612,Sofia Brown,sofia.brown4012@example.com,05/09/2024,1293.56,USD,completed,5,GB
TX-0004013,C-01613,Ethan Wilson,ethan.wilson4013@example.com,06/02/2024,500.15,USD,pending,6,AU
TX-0004014,C-01614,Zoe Garcia,zoe.garcia4014@example.com,07/07/2024,,USD,refunded,7,DE
TX-0004015,C-01615,Mateo Nguyen,mateo.nguyen4015@example.com,08/12/2024,776.60,USD,cancelled,8,US
TX-0004016,C-01616,Ava Patel,ava.patel4016@example.com,09/05/2024,822.03,USD,completed,1,CA
TX-0004017,C-01617,Noah Kim,noah.kim4017@example.com,10/10/2024,2119.04,USD,pending,2,GB
TX-0004018,C-01618,Mia Martin,mia.martin4018@example.com,11/03/2024,524.51,USD,refunded,3,AU
TX-0004019,C-01619,Liam Smith,liam.smith4019@example.com,12/08/2024,1402.02,USD,cancelled,4,DE
TX-0004020,C-01620,Sofia Brown,sofia.brown4020@example.com,01/01/2024,1122.60,USD,completed,5,US
TX-0004021,C-01621,Ethan Wilson,ethan.wilson4021@example.com,02/06/2024,1065.77,USD,pending,6,CA
TX-0004022,C-01622,Zoe Garcia,zoe.garcia4022@example.com,03/11/2024,1822.26,USD,refunded,7,GB
TX-0004023,C-01623,Mateo Nguyen,mateo.nguyen4023@example.com,04/04/2024,2463.93,usd,cancelled,8,AU
TX-0004024,C-01624,Ava Patel,ava.patel4024@example.com,05/09/2024,556.34,USD,completed,1,DE
TX-0004025,C-01625,Noah Kim,noah.kim4025@example.com,06/02/2024,1210.36,USD,pending,2,US
TX-0004026,C-01626,Mia Martin,mia.martin4026@example.com,07/07/2024,1156.31,USD,refunded,3,CA
TX-0004027,C-01627,Liam Smith,liam.smith4027@example.com,08/12/2024,470.91,USD,cancelled,4,GB
TX-0004028,C-01628,Sofia Brown,sofia.brown4028@example.com,09/05/2024,234.57,USD,completed,5,AU
TX-0004029,C-01629,Ethan Wilson,ethan.wilson4029@example.com,10/10/2024,9.64,USD,pending,6,DE
TX-0004030,C-01630,Zoe Garcia,zoe.garcia4030@example.com,11/03/2024,379.64,USD,refunded,7,US
TX-0004031,C-01631,Mateo Nguyen,mateo.nguyen4031@example.com,12/08/2024,1163.73,USD,cancelled,8,CA
TX-0004032,C-01632,Ava Patel,ava.patel4032@example.com,01/01/2024,1463.89,USD,completed,1,GB
TX-0004033,C-01633,Noah Kim,noah.kim4033@example.com,02/06/2024,902.32,USD,pending,2,AU
TX-0004034,C-01634,Mia Martin,mia.martin4034@example.com,03/11/2024,1308.53,USD,refunded,3,DE
TX-0004035,C-01635,Liam Smith,liam.smith4035@example.com,04/04/2024,284.70,USD,cancelled,4,US
TX-0004036,C-01636,Sofia Brown,sofia.brown4036@example.com,05/09/2024,2399.38,USD,completed,5,CA
TX-0004037,C-01637,Ethan Wilson,ethan.wilson4037@example.com,06/02/2024,963.18,USD,pending,6,GB
TX-0004038,C-01638,Zoe Garcia,zoe.garcia4038@example.com,07/07/2024,2346.22,USD,refunded,7,AU
TX-0004039,C-01639,Mateo Nguyen,mateo.nguyen4039@example.com,08/12/2024,857.23,USD,cancelled,8,DE
TX-0004040,C-01640,Ava Patel,ava.patel4040@example.com,09/05/2024,1982.73,USD,completed,1,US
TX-0004041,C-01641,Noah Kim,noah.kim4041@example.com,10/10/2024,30.33,USD,pending,2,CA
TX-0004042,C-01642,Mia Martin,mia.martin4042@example.com,11/03/2024,895.01,USD,refunded,3,GB
TX-0004043,C-01643,Liam Smith,liam.smith4043@example.com,12/08/2024,588.97,USD,cancelled,4,AU
TX-0004044,C-01644,Sofia Brown,sofia.brown4044@example.com,01/01/2024,1354.26,USD,completed,5,DE
TX-0004045,C-01645,Ethan Wilson,ethan.wilson4045@example.com,02/06/2024,2149.14,USD,pending,6,US
TX-0004046,C-01646,Zoe Garcia,zoe.garcia4046@example.com,03/11/2024,936.88,USD,refunded,7,CA
TX-0004047,C-01647,Mateo Nguyen,mateo.nguyen4047@example.com,04/04/2024,990.09,USD,cancelled,8,GB
TX-0004048,C-01648,Ava Patel,ava.patel4048@example.com,05/09/2024,2339.29,USD,completed,1,AU
TX-0004049,C-01649,Noah Kim,noah.kim4049@example.com,06/02/2024,754.52,USD,pending,2,DE
TX-0004050,C-01650,Mia Martin,mia.martin4050@example.com,07/07/2024,1798.09,USD,refunded,3,US
TX-0004051,C-01651,Liam Smith,liam.smith4051@example.com,08/12/2024,858.93,USD,cancelled,4,CA
TX-0004052,C-01652,Sofia Brown,sofia.brown4052@example.com,09/05/2024,192.85,USD,completed,5,GB
TX-0004053,C-01653,Ethan Wilson,ethan.wilson4053@example.com,10/10/2024,1155.88,USD,pending,6,AU
TX-0004054,C-01654,Zoe Garcia,zoe.garcia4054@example.com,11/03/2024,1593.77,USD,refunded,7,DE
TX-0004055,C-01655,Mateo Nguyen,mateo.nguyen4055@example.com,12/08/2024,1014.52,USD,cancelled,8,US
TX-0004056,C-01656,Ava Patel,ava.patel4056@example.com,01/01/2024,767.77,USD,completed,1,CA
TX-0004057,C-01657,Noah Kim,noah.kim4057@example.com,02/06/2024,476.49,USD,pending,2,GB
TX-0004058,C-01658,Mia Martin,mia.martin4058@example.com,03/11/2024,2098.37,USD,refunded,3,AU
TX-0004059,C-01659,Liam Smith,liam.smith4059@example.com,04/04/2024,1124.99,USD,cancelled,4,DE
TX-0004060,C-01660,Sofia Brown,sofia.brown4060@example.com,05/09/2024,443.31,USD,completed,5,US
TX-0004061,C-01661,Ethan Wilson,ethan.wilson4061@example.com,06/02/2024,378.78,USD,pending,6,ca
TX-0004062,C-01662,Zoe Garcia,zoe.garcia4062@example.com,07/07/2024,2309.12,USD,refunded,7,GB
TX-0004063,C-01663,Mateo Nguyen,mateo.nguyen4063@example.com,08/12/2024,174.76,USD,cancelled,8,AU
TX-0004064,C-01664,ava patel,ava.patel4064@example.com,09/05/2024,2483.99,USD,completed,1,DE
TX-0004065,C-01665,Noah Kim,noah.kim4065@example.com,10/10/2024,2468.23,USD,pending,2,US
TX-0004066,C-01666,Mia Martin,mia.martin4066@example.com,11/03/2024,32.75,USD,refunded,3,CA
TX-0004067,C-01667,Liam Smith,liam.smith4067@example.com,12/08/2024,478.32,USD,cancelled,4,GB
TX-0004068,C-01668,  SOFIA BROWN  ,sofia.brown4068@example.com,01/01/2024,21.21,USD,completed,5,AU
TX-0004069,C-01669,Ethan Wilson,ethan.wilson4069@example.com,02/06/2024,1888.12,USD,pending,6,DE
TX-0004070,C-01670,Zoe Garcia,zoe.garcia4070@example.com,03/11/2024,1692.60,USD,refunded,7,US
TX-0004071,C-01671,Mateo Nguyen,mateo.nguyen4071@example.com,04/04/2024,1047.09,USD,cancelled,8,CA
TX-0004072,C-01672,Ava Patel,ava.patel4072@example.com,05/09/2024,1270.86,USD,completed,1,GB
TX-0004073,C-01673,Noah Kim,noah.kim4073@example.com,06/02/2024,146.55,USD,pending,2,AU
TX-0004074,C-01674,Mia Martin,,07/07/2024,2448.78,USD,refunded,3,DE
TX-0004075,C-01675,Liam Smith,liam.smith4075@example.com,08/12/2024,498.48,USD,cancelled,4,US
TX-0004076,C-01676,Sofia Brown,sofia.brown4076@example.com,09/05/2024,1583.80,USD,completed,5,CA
TX-0004077,C-01677,Ethan Wilson,ethan.wilson4077@example.com,10/10/2024,627.44,USD,pending,6,GB
TX-0004078,C-01678,Zoe Garcia,zoe.garcia4078@example.com,11/03/2024,953.47,USD,refunded,7,AU
TX-0004079,C-01679,Mateo Nguyen,mateo.nguyen4079@example.com,12/08/2024,1976.43,USD,cancelled,8,DE
TX-0004080,C-01680,Ava Patel,ava.patel4080@example.com,01/01/2024,1305.56,USD,completed,1,US
TX-0004081,C-01681,Noah Kim,noah.kim4081@example.com,02/06/2024,1139.24,USD,pending,2,CA
TX-0004082,C-01682,Mia Martin,mia.martin4082@example.com,03/11/2024,1658.84,USD,COMPLETE,3,GB
TX-0004083,C-01683,Liam Smith,liam.smith4083@example.com,04/04/2024,1212.97,USD,cancelled,4,AU
TX-0004084,C-01684,Sofia Brown,sofia.brown4084@example.com,05/09/2024,231.33,USD,completed,5,DE
TX-0004085,C-01685,Ethan Wilson,ethan.wilson4085@example.com,06/02/2024,783.27,USD,pending,6,US
TX-0004086,C-01686,Zoe Garcia,zoe.garcia4086@example.com,07/07/2024,398.24,USD,refunded,7,CA
TX-0004087,C-01687,Mateo Nguyen,mateo.nguyen4087@example.com,08/12/2024,256.15,USD,cancelled,8,GB
TX-0004088,C-01688,Ava Patel,ava.patel4088@example.com,09/05/2024,1219.82,USD,completed,1,AU
TX-0004089,C-01689,Noah Kim,noah.kim4089@example.com,10/10/2024,1977.58,USD,pending,2,DE
TX-0004090,C-01690,Mia Martin,mia.martin4090@example.com,11/03/2024,2333.76,USD,refunded,3,US
TX-0004091,C-01691,Liam Smith,liam.smith4091@example.com,12/08/2024,1909.43,USD,cancelled,4,CA
TX-0004092,C-01692,Sofia Brown,sofia.brown4092@example.com,01/01/2024,1355.99,USD,completed,5,GB
TX-0004093,C-01693,Ethan Wilson,ethan.wilson4093@example.com,02/06/2024,2004.87,USD,pending,6,AU
TX-0004094,C-01694,Zoe Garcia,zoe.garcia.invalid,03/11/2024,491.98,USD,refunded,7,DE
TX-0004095,C-01695,Mateo Nguyen,mateo.nguyen4095@example.com,04/04/2024,2117.60,USD,cancelled,8,US
TX-0004096,C-01696,Ava Patel,ava.patel4096@example.com,05/09/2024,427.68,USD,completed,1,CA
TX-0004097,C-01697,Noah Kim,noah.kim4097@example.com,06/02/2024,2210.13,USD,pending,2,GB
TX-0004098,C-01698,Mia Martin,mia.martin4098@example.com,07/07/2024,1517.68,USD,refunded,3,AU
TX-0004099,C-01699,Liam Smith,liam.smith4099@example.com,08/12/2024,2163.98,USD,cancelled,4,DE
TX-0004100,C-01700,Sofia Brown,sofia.brown4100@example.com,09/05/2024,882.66,USD,completed,5,US
TX-0004101,C-01701,Ethan Wilson,ethan.wilson4101@example.com,10/10/2024,1136.87,USD,pending,6,CA
TX-0004102,C-01702,Zoe Garcia,zoe.garcia4102@example.com,11/03/2024,221.85,USD,refunded,7,GB
TX-0004103,C-01703,Mateo Nguyen,mateo.nguyen4103@example.com,12/08/2024,552.95,USD,cancelled,8,AU
TX-0004104,C-01704,Ava Patel,ava.patel4104@example.com,01/01/2024,2062.83,USD,completed,1,DE
TX-0004105,C-01705,Noah Kim,noah.kim4105@example.com,02/06/2024,2378.07,USD,pending,2,US
TX-0004106,C-01706,Mia Martin,mia.martin4106@example.com,03/11/2024,831.58,USD,refunded,3,CA
TX-0004107,C-01707,Liam Smith,liam.smith4107@example.com,04/04/2024,629.37,USD,cancelled,4,GB
TX-0004108,C-01708,Sofia Brown,sofia.brown4108@example.com,05/09/2024,1903.73,USD,completed,5,AU
TX-0004109,C-01709,Ethan Wilson,ethan.wilson4109@example.com,06/02/2024,894.48,USD,pending,6,DE
TX-0004110,C-01710,Zoe Garcia,zoe.garcia4110@example.com,07/07/2024,1816.52,USD,refunded,7,US
TX-0004111,C-01711,Mateo Nguyen,mateo.nguyen4111@example.com,08/12/2024,273.20,USD,cancelled,8,CA
TX-0004112,C-01712,Ava Patel,ava.patel4112@example.com,09/05/2024,911.66,USD,completed,1,GB
TX-0004113,C-01713,Noah Kim,noah.kim4113@example.com,10/10/2024,1314.56,USD,pending,2,AU
TX-0004114,C-01714,Mia Martin,mia.martin4114@example.com,11/03/2024,2056.00,USD,refunded,3,DE
TX-0004115,C-01715,Liam Smith,liam.smith4115@example.com,12/08/2024,1396.24,USD,cancelled,4,US
TX-0004116,C-01716,Sofia Brown,sofia.brown4116@example.com,01/01/2024,521.92,USD,completed,5,CA
TX-0004117,C-01717,Ethan Wilson,ethan.wilson4117@example.com,02/06/2024,1872.94,USD,pending,6,GB
TX-0004118,C-01718,Zoe Garcia,zoe.garcia4118@example.com,03/11/2024,626.18,USD,refunded,7,AU
TX-0004119,C-01719,Mateo Nguyen,mateo.nguyen4119@example.com,04/04/2024,1605.76,USD,cancelled,8,DE
TX-0004120,C-01720,Ava Patel,ava.patel4120@example.com,05/09/2024,1332.44,USD,completed,1,US
TX-0004121,C-01721,Noah Kim,noah.kim4121@example.com,06/02/2024,682.63,USD,pending,2,CA
TX-0004122,C-01722,Mia Martin,mia.martin4122@example.com,07/07/2024,1319.47,USD,refunded,3,GB
TX-0004123,C-01723,Liam Smith,liam.smith4123@example.com,08/12/2024,386.40,USD,cancelled,4,AU
TX-0004124,C-01724,Sofia Brown,sofia.brown4124@example.com,09/05/2024,871.23,USD,completed,5,DE
TX-0004125,C-01725,Ethan Wilson,ethan.wilson4125@example.com,10/10/2024,2369.20,USD,pending,6,US
TX-0004126,C-01726,Zoe Garcia,zoe.garcia4126@example.com,11/03/2024,1837.15,USD,refunded,7,CA
TX-0004127,C-01727,Mateo Nguyen,mateo.nguyen4127@example.com,12/08/2024,1034.33,USD,cancelled,8,GB
TX-0004128,C-01728,Ava Patel,ava.patel4128@example.com,01/01/2024,2122.03,USD,completed,1,AU
TX-0004129,C-01729,Noah Kim,noah.kim4129@example.com,02/06/2024,1952.49,USD,pending,2,DE
TX-0004130,C-01730,Mia Martin,mia.martin4130@example.com,03/11/2024,833.58,USD,refunded,3,US
TX-0004131,C-01731,Liam Smith,liam.smith4131@example.com,04/04/2024,1152.93,USD,cancelled,4,CA
TX-0004132,C-01732,Sofia Brown,sofia.brown4132@example.com,05/09/2024,164.38,USD,completed,5,GB
TX-0004133,C-01733,Ethan Wilson,ethan.wilson4133@example.com,06/02/2024,900.99,USD,pending,6,AU
TX-0004134,C-01734,Zoe Garcia,zoe.garcia4134@example.com,07/07/2024,865.07,USD,refunded,7,DE
TX-0004135,C-01735,Mateo Nguyen,mateo.nguyen4135@example.com,08/12/2024,128.11,USD,cancelled,8,US
TX-0004136,C-01736,Ava Patel,ava.patel4136@example.com,09/05/2024,1386.92,USD,completed,1,CA
TX-0004137,C-01737,Noah Kim,noah.kim4137@example.com,10/10/2024,680.17,USD,pending,2,GB
TX-0004138,C-01738,Mia Martin,mia.martin4138@example.com,11/03/2024,610.60,USD,refunded,3,AU
TX-0004139,C-01739,Liam Smith,liam.smith4139@example.com,12/08/2024,984.33,USD,cancelled,4,DE
TX-0004140,C-01740,Sofia Brown,sofia.brown4140@example.com,01/01/2024,46.15,USD,completed,5,US
TX-0004141,C-01741,Ethan Wilson,ethan.wilson4141@example.com,02/06/2024,2430.05,USD,pending,6,CA
TX-0004142,C-01742,Zoe Garcia,zoe.garcia4142@example.com,03/11/2024,786.62,USD,refunded,7,GB
TX-0004143,C-01743,Mateo Nguyen,mateo.nguyen4143@example.com,04/04/2024,1477.53,USD,cancelled,8,AU
TX-0004144,C-01744,Ava Patel,ava.patel4144@example.com,05/09/2024,2056.14,USD,completed,1,DE
TX-0004145,C-01745,Noah Kim,noah.kim4145@example.com,06/02/2024,898.57,USD,pending,2,US
TX-0004146,C-01746,Mia Martin,mia.martin4146@example.com,07/07/2024,1651.05,USD,refunded,3,CA
TX-0004147,C-01747,Liam Smith,liam.smith4147@example.com,08/12/2024,590.48,USD,cancelled,4,GB
TX-0004148,C-01748,Sofia Brown,sofia.brown4148@example.com,09/05/2024,298.94,USD,completed,5,AU
TX-0004149,C-01749,Ethan Wilson,ethan.wilson4149@example.com,10/10/2024,1908.62,USD,pending,6,DE
TX-0004150,C-01750,Zoe Garcia,zoe.garcia4150@example.com,11/03/2024,155.55,USD,refunded,7,US
TX-0004151,C-01751,Mateo Nguyen,mateo.nguyen4151@example.com,12/08/2024,2304.65,USD,cancelled,8,CA
TX-0004152,C-01752,Ava Patel,ava.patel4152@example.com,01/01/2024,2106.62,USD,completed,1,USA
TX-0004153,C-01753,Noah Kim,noah.kim4153@example.com,02/06/2024,1375.67,USD,pending,2,AU
TX-0004154,C-01754,Mia Martin,mia.martin4154@example.com,03/11/2024,393.50,USD,refunded,3,DE
TX-0004155,C-01755,Liam Smith,liam.smith4155@example.com,04/04/2024,1657.19,USD,cancelled,4,US
TX-0004156,C-01756,Sofia Brown,sofia.brown4156@example.com,05/09/2024,2415.52,USD,completed,5,CA
TX-0004157,C-01757,Ethan Wilson,ethan.wilson4157@example.com,06/02/2024,367.99,USD,pending,6,GB
TX-0004158,C-01758,Zoe Garcia,zoe.garcia4158@example.com,07/07/2024,1891.52,USD,refunded,7,AU
TX-0004159,C-01759,Mateo Nguyen,mateo.nguyen4159@example.com,08/12/2024,753.82,USD,cancelled,8,DE
TX-0004160,C-01760,Ava Patel,ava.patel4160@example.com,09/05/2024,1212.26,USD,completed,1,US
TX-0004161,C-01761,Noah Kim,noah.kim4161@example.com,10/10/2024,1781.10,USD,pending,2,CA
TX-0004162,C-01762,Mia Martin,mia.martin4162@example.com,11/03/2024,515.85,USD,refunded,3,GB
TX-0004163,C-01763,Liam Smith,liam.smith4163@example.com,12/08/2024,797.88, USD ,cancelled,4,AU
TX-0004164,C-01764,Sofia Brown,sofia.brown4164@example.com,01/01/2024,2062.37,USD,completed,5,DE
TX-0004165,C-01765,Ethan Wilson,ethan.wilson4165@example.com,02/06/2024,1253.70,USD,pending,6,US
TX-0004166,C-01766,Zoe Garcia,zoe.garcia4166@example.com,03/11/2024,1338.39,USD,refunded,7,CA
TX-0004167,C-01767,Mateo Nguyen,mateo.nguyen4167@example.com,04/04/2024,1120.12,USD,cancelled,8,GB
TX-0004168,C-01768,Ava Patel,ava.patel4168@example.com,05/09/2024,669.58,USD,completed,1,AU
TX-0004169,C-01769,Noah Kim,noah.kim4169@example.com,06/02/2024,1432.66,USD,pending,2,DE
TX-0004170,C-01770,Mia Martin,mia.martin4170@example.com,07/07/2024,1985.67,USD,refunded,3,US
TX-0004171,C-01771,Liam Smith,,08/12/2024,806.17,USD,cancelled,4,CA
TX-0004172,C-01772,Sofia Brown,sofia.brown4172@example.com,09/05/2024,1260.44,usd,completed,5,GB
TX-0004173,C-01773,Ethan Wilson,ethan.wilson4173@example.com,10/10/2024,1587.58,USD,pending,6,AU
TX-0004174,C-01774,Zoe Garcia,zoe.garcia4174@example.com,11/03/2024,2176.43,USD,refunded,7,DE
TX-0004175,C-01775,Mateo Nguyen,mateo.nguyen4175@example.com,12/08/2024,2084.58,USD,cancelled,8,US
TX-0004176,C-01776,Ava Patel,ava.patel4176@example.com,01/01/2024,236.21,USD,completed,1,CA
TX-0004177,C-01777,Noah Kim,noah.kim4177@example.com,02/06/2024,2402.32,USD,pending,2,GB
TX-0004178,C-01778,Mia Martin,mia.martin4178@example.com,03/11/2024,1315.04,USD,refunded,3,AU
TX-0004179,C-01779,Liam Smith,liam.smith4179@example.com,04/04/2024,2079.61,USD,cancelled,4,DE
TX-0004180,C-01780,Sofia Brown,sofia.brown4180@example.com,05/09/2024,1828.97,USD,completed,5,US
TX-0004181,C-01781,  ETHAN WILSON  ,ethan.wilson4181@example.com,06/02/2024,2331.25,USD,pending,6,CA
TX-0004182,C-01782,Zoe Garcia,zoe.garcia4182@example.com,07/07/2024,1890.99,USD,refunded,7,GB
TX-0004183,C-01783,Mateo Nguyen,mateo.nguyen.invalid,08/12/2024,1754.27,USD,cancelled,8,AU
TX-0004184,C-01784,Ava Patel,ava.patel4184@example.com,09/05/2024,1377.24,USD,completed,1,DE
TX-0004185,C-01785,Noah Kim,noah.kim4185@example.com,10/10/2024,811.53,USD,pending,2,US
TX-0004186,C-01786,Mia Martin,mia.martin4186@example.com,11/03/2024,425.62,USD,refunded,3,CA
TX-0004187,C-01787,Liam Smith,liam.smith4187@example.com,12/08/2024,185.14,USD,cancelled,4,GB
TX-0004188,C-01788,Sofia Brown,sofia.brown4188@example.com,01/01/2024,1170.21,USD,completed,5,AU
TX-0004189,C-01789,Ethan Wilson,ethan.wilson4189@example.com,02/06/2024,1455.81,USD,pending,6,DE
TX-0004190,C-01790,Zoe Garcia,zoe.garcia4190@example.com,03/11/2024,1754.06,USD,refunded,7,US
TX-0004191,C-01791,mateo nguyen,mateo.nguyen4191@example.com,04/04/2024,452.26,USD,cancelled,8,CA
TX-0004192,C-01792,Ava Patel,ava.patel4192@example.com,05/09/2024,1570.09,USD,completed,1,gb
TX-0004193,C-01793,Noah Kim,noah.kim4193@example.com,06/02/2024,2061.51,USD,pending,2,AU
TX-0004194,C-01794,Mia Martin,mia.martin4194@example.com,07/07/2024,1350.05,USD,refunded,3,DE
TX-0004195,C-01795,Liam Smith,liam.smith4195@example.com,08/12/2024,991.84,USD,cancelled,4,US
TX-0004196,C-01796,Sofia Brown,sofia.brown4196@example.com,09/05/2024,1715.97,USD,completed,5,CA
TX-0004197,C-01797,Ethan Wilson,ethan.wilson4197@example.com,10/10/2024,893.54,USD,pending,6,GB
TX-0004198,C-01798,Zoe Garcia,zoe.garcia4198@example.com,11/03/2024,350.30,USD,refunded,7,AU
TX-0004199,C-01799,Mateo Nguyen,mateo.nguyen4199@example.com,12/08/2024,1051.68,USD,cancelled,8,DE
TX-0004200,C-01800,Ava Patel,ava.patel4200@example.com,01/01/2024,1639.77,USD,completed,1,US
TX-0004201,C-01801,Noah Kim,noah.kim4201@example.com,02/06/2024,2099.76,USD,pending,2,CA
TX-0004202,C-01802,Mia Martin,mia.martin4202@example.com,03/11/2024,1213.31,USD,unknown,3,GB
TX-0004203,C-01803,Liam Smith,liam.smith4203@example.com,04/04/2024,84.69,USD,cancelled,4,AU
TX-0004204,C-01804,Sofia Brown,sofia.brown4204@example.com,05/09/2024,1266.07,USD,completed,5,DE
TX-0004205,C-01805,Ethan Wilson,ethan.wilson4205@example.com,06/02/2024,2270.97,USD,pending,6,US
TX-0004206,C-01806,Zoe Garcia,zoe.garcia4206@example.com,07/07/2024,1753.25,USD,refunded,7,CA
TX-0004207,C-01807,Mateo Nguyen,mateo.nguyen4207@example.com,08/12/2024,1394.40,USD,cancelled,8,GB
TX-0004208,C-01808,Ava Patel,ava.patel4208@example.com,09/05/2024,57.68,USD,completed,1,AU
TX-0004209,C-01809,Noah Kim,noah.kim4209@example.com,10/10/2024,1152.50,USD,pending,2,DE
TX-0004210,C-01810,Mia Martin,mia.martin4210@example.com,11/03/2024,192.65,USD,refunded,3,US
TX-0004211,C-01811,Liam Smith,liam.smith4211@example.com,12/08/2024,412.54,USD,cancelled,4,CA
TX-0004212,C-01812,Sofia Brown,sofia.brown4212@example.com,01/01/2024,506.83,USD,completed,5,GB
TX-0004213,C-01813,Ethan Wilson,ethan.wilson4213@example.com,02/06/2024,1575.69,USD,pending,6,AU
TX-0004214,C-01814,Zoe Garcia,zoe.garcia4214@example.com,03/11/2024,1005.24,USD,refunded,7,DE
TX-0004215,C-01815,Mateo Nguyen,mateo.nguyen4215@example.com,04/04/2024,1401.27,USD,cancelled,8,US
TX-0004216,C-01816,Ava Patel,ava.patel4216@example.com,05/09/2024,600.00,USD,completed,1,CA
TX-0004217,C-01817,Noah Kim,noah.kim4217@example.com,06/02/2024,1125.73,USD,pending,2,GB
TX-0004218,C-01818,Mia Martin,mia.martin4218@example.com,07/07/2024,858.46,USD,refunded,3,AU
TX-0004219,C-01819,Liam Smith,liam.smith4219@example.com,08/12/2024,1507.17,USD,cancelled,4,DE
TX-0004220,C-01820,Sofia Brown,sofia.brown4220@example.com,09/05/2024,-99.04,USD,completed,5,US
TX-0004221,C-01821,Ethan Wilson,ethan.wilson4221@example.com,10/10/2024,1812.72,USD,pending,6,CA
TX-0004222,C-01822,Zoe Garcia,zoe.garcia4222@example.com,11/03/2024,1791.98,USD,refunded,7,GB
TX-0004223,C-01823,Mateo Nguyen,mateo.nguyen4223@example.com,12/08/2024,1344.27,USD,cancelled,8,AU
TX-0004224,C-01824,Ava Patel,ava.patel4224@example.com,01/01/2024,1565.36,USD,completed,1,DE
TX-0004225,C-01825,Noah Kim,noah.kim4225@example.com,02/06/2024,2123.37,USD,pending,2,US
TX-0004226,C-01826,Mia Martin,mia.martin4226@example.com,03/11/2024,1433.67,USD,refunded,3,CA
TX-0004227,C-01827,Liam Smith,liam.smith4227@example.com,04/04/2024,692.99,USD,cancelled,4,GB
TX-0004228,C-01828,Sofia Brown,sofia.brown4228@example.com,05/09/2024,1823.70,USD,completed,5,AU
TX-0004229,C-01829,Ethan Wilson,ethan.wilson4229@example.com,06/02/2024,1373.25,USD,pending,6,DE
TX-0004230,C-01830,Zoe Garcia,zoe.garcia4230@example.com,07/07/2024,452.76,USD,refunded,7,US
TX-0004231,C-01831,Mateo Nguyen,mateo.nguyen4231@example.com,08/12/2024,1665.72,USD,cancelled,8,CA
TX-0004232,C-01832,Ava Patel,ava.patel4232@example.com,09/05/2024,207.89,USD,completed,1,GB
TX-0004233,C-01833,Noah Kim,noah.kim4233@example.com,10/10/2024,2482.59,USD,pending,2,AU
TX-0004234,C-01834,Mia Martin,mia.martin4234@example.com,11/03/2024,724.16,USD,refunded,3,DE
TX-0004235,C-01835,Liam Smith,liam.smith4235@example.com,12/08/2024,1473.57,USD,cancelled,4,US
TX-0004236,C-01836,Sofia Brown,sofia.brown4236@example.com,01/01/2024,1166.85,USD,completed,5,CA
TX-0004237,C-01837,Ethan Wilson,ethan.wilson4237@example.com,02/06/2024,,USD,pending,6,GB
TX-0004238,C-01838,Zoe Garcia,zoe.garcia4238@example.com,03/11/2024,1080.46,USD,refunded,7,AU
TX-0004239,C-01839,Mateo Nguyen,mateo.nguyen4239@example.com,04/04/2024,1477.92,USD,COMPLETE,8,DE
TX-0004240,C-01840,Ava Patel,ava.patel4240@example.com,05/09/2024,2189.95,USD,completed,1,US
TX-0004241,C-01841,Noah Kim,noah.kim4241@example.com,06/02/2024,685.11,USD,pending,2,CA
TX-0004242,C-01842,Mia Martin,mia.martin4242@example.com,07/07/2024,2324.49,USD,refunded,3,GB
TX-0004243,C-01843,Liam Smith,liam.smith4243@example.com,08/12/2024,92.93,USD,cancelled,4,AU
TX-0004244,C-01844,Sofia Brown,sofia.brown4244@example.com,09/05/2024,499.45,USD,completed,5,DE
TX-0004245,C-01845,Ethan Wilson,ethan.wilson4245@example.com,10/10/2024,1252.41,USD,pending,6,US
TX-0004246,C-01846,Zoe Garcia,zoe.garcia4246@example.com,11/03/2024,1817.36,USD,refunded,7,CA
TX-0004247,C-01847,Mateo Nguyen,mateo.nguyen4247@example.com,12/08/2024,1181.50,USD,cancelled,8,GB
TX-0004248,C-01848,Ava Patel,ava.patel4248@example.com,01/01/2024,1765.46,USD,completed,1,AU
TX-0004249,C-01849,Noah Kim,noah.kim4249@example.com,02/06/2024,1264.26,USD,pending,2,DE
TX-0004250,C-01850,Mia Martin,mia.martin4250@example.com,03/11/2024,2182.00,USD,refunded,3,US
TX-0004251,C-01851,Liam Smith,liam.smith4251@example.com,04/04/2024,1635.91,USD,cancelled,4,CA
TX-0004252,C-01852,Sofia Brown,sofia.brown4252@example.com,05/09/2024,2007.34,USD,completed,5,GB
TX-0004253,C-01853,Ethan Wilson,ethan.wilson4253@example.com,06/02/2024,1684.56,USD,pending,6,AU
TX-0004254,C-01854,Zoe Garcia,zoe.garcia4254@example.com,07/07/2024,2093.02,USD,refunded,7,DE
TX-0004255,C-01855,Mateo Nguyen,mateo.nguyen4255@example.com,08/12/2024,1771.11,USD,cancelled,8,US
TX-0004256,C-01856,Ava Patel,ava.patel4256@example.com,09/05/2024,2415.93,USD,completed,1,CA
TX-0004257,C-01857,Noah Kim,noah.kim4257@example.com,10/10/2024,230.76,USD,pending,2,GB
TX-0004258,C-01858,Mia Martin,mia.martin4258@example.com,11/03/2024,2218.55,USD,refunded,3,AU
TX-0004259,C-01859,Liam Smith,liam.smith4259@example.com,12/08/2024,1102.03,USD,cancelled,4,DE
TX-0004260,C-01860,Sofia Brown,sofia.brown4260@example.com,01/01/2024,1755.01,USD,completed,5,US
TX-0004261,C-01861,Ethan Wilson,ethan.wilson4261@example.com,02/06/2024,939.09,USD,pending,6,CA
TX-0004262,C-01862,Zoe Garcia,zoe.garcia4262@example.com,03/11/2024,1118.04,USD,refunded,7,GB
TX-0004263,C-01863,Mateo Nguyen,mateo.nguyen4263@example.com,04/04/2024,621.54,USD,cancelled,8,AU
TX-0004264,C-01864,Ava Patel,ava.patel4264@example.com,05/09/2024,2036.14,USD,completed,1,DE
TX-0004265,C-01865,Noah Kim,noah.kim4265@example.com,06/02/2024,1884.27,USD,pending,2,US
TX-0004266,C-01866,Mia Martin,mia.martin4266@example.com,07/07/2024,2311.53,USD,refunded,3,CA
TX-0004267,C-01867,Liam Smith,liam.smith4267@example.com,08/12/2024,1284.82,USD,cancelled,4,GB
TX-0004268,C-01868,Sofia Brown,,09/05/2024,659.30,USD,completed,5,AU
TX-0004269,C-01869,Ethan Wilson,ethan.wilson4269@example.com,10/10/2024,2159.02,USD,pending,6,DE
TX-0004270,C-01870,Zoe Garcia,zoe.garcia4270@example.com,11/03/2024,2231.32,USD,refunded,7,US
TX-0004271,C-01871,Mateo Nguyen,mateo.nguyen4271@example.com,12/08/2024,2063.26,USD,cancelled,8,CA
TX-0004272,C-01872,Ava Patel,ava.patel.invalid,01/01/2024,1355.61,USD,completed,1,GB
TX-0004273,C-01873,Noah Kim,noah.kim4273@example.com,02/06/2024,608.05,USD,pending,2,AU
TX-0004274,C-01874,Mia Martin,mia.martin4274@example.com,03/11/2024,1675.65,USD,refunded,3,DE
TX-0004275,C-01875,Liam Smith,liam.smith4275@example.com,04/04/2024,892.62,USD,cancelled,4,US
TX-0004276,C-01876,Sofia Brown,sofia.brown4276@example.com,05/09/2024,79.22,USD,completed,5,CA
TX-0004277,C-01877,Ethan Wilson,ethan.wilson4277@example.com,06/02/2024,63.70,USD,pending,6,GB
TX-0004278,C-01878,Zoe Garcia,zoe.garcia4278@example.com,07/07/2024,1618.66,USD,refunded,7,AU
TX-0004279,C-01879,Mateo Nguyen,mateo.nguyen4279@example.com,08/12/2024,188.95,USD,cancelled,8,DE
TX-0004280,C-01880,Ava Patel,ava.patel4280@example.com,09/05/2024,119.35,USD,completed,1,US
TX-0004281,C-01881,Noah Kim,noah.kim4281@example.com,10/10/2024,151.63,USD,pending,2,CA
TX-0004282,C-01882,Mia Martin,mia.martin4282@example.com,11/03/2024,1990.20,USD,refunded,3,GB
TX-0004283,C-01883,Liam Smith,liam.smith4283@example.com,12/08/2024,44.46,USD,cancelled,4,AU
TX-0004284,C-01884,Sofia Brown,sofia.brown4284@example.com,01/01/2024,2303.06,USD,completed,5,DE
TX-0004285,C-01885,Ethan Wilson,ethan.wilson4285@example.com,02/06/2024,1166.43,USD,pending,6,US
TX-0004286,C-01886,Zoe Garcia,zoe.garcia4286@example.com,03/11/2024,1205.44,USD,refunded,7,CA
TX-0004287,C-01887,Mateo Nguyen,mateo.nguyen4287@example.com,04/04/2024,1904.76,USD,cancelled,8,GB
TX-0004288,C-01888,Ava Patel,ava.patel4288@example.com,05/09/2024,274.70,USD,completed,1,AU
TX-0004289,C-01889,Noah Kim,noah.kim4289@example.com,06/02/2024,571.82,USD,pending,2,DE
TX-0004290,C-01890,Mia Martin,mia.martin4290@example.com,07/07/2024,2152.34,USD,refunded,3,US
TX-0004291,C-01891,Liam Smith,liam.smith4291@example.com,08/12/2024,671.30,USD,cancelled,4,CA
TX-0004292,C-01892,Sofia Brown,sofia.brown4292@example.com,09/05/2024,1394.16,USD,completed,5,GB
TX-0004293,C-01893,Ethan Wilson,ethan.wilson4293@example.com,10/10/2024,1350.40,USD,pending,6,AU
TX-0004294,C-01894,  ZOE GARCIA  ,zoe.garcia4294@example.com,11/03/2024,2420.03,USD,refunded,7,DE
TX-0004295,C-01895,Mateo Nguyen,mateo.nguyen4295@example.com,12/08/2024,892.44,USD,cancelled,8,US
TX-0004296,C-01896,Ava Patel,ava.patel4296@example.com,01/01/2024,634.19,USD,completed,1,CA
TX-0004297,C-01897,Noah Kim,noah.kim4297@example.com,02/06/2024,807.23,USD,pending,2,GB
TX-0004298,C-01898,Mia Martin,mia.martin4298@example.com,03/11/2024,685.35,USD,refunded,3,AU
TX-0004299,C-01899,Liam Smith,liam.smith4299@example.com,04/04/2024,2008.49,USD,cancelled,4,DE
TX-0004300,C-01900,Sofia Brown,sofia.brown4300@example.com,05/09/2024,8.39,USD,completed,5,US
TX-0004301,C-01901,Ethan Wilson,ethan.wilson4301@example.com,06/02/2024,1139.34,USD,pending,6,CA
TX-0004302,C-01902,Zoe Garcia,zoe.garcia4302@example.com,07/07/2024,20.79,USD,refunded,7,GB
TX-0004303,C-01903,Mateo Nguyen,mateo.nguyen4303@example.com,08/12/2024,2158.31,USD,cancelled,8,AU
TX-0004304,C-01904,Ava Patel,ava.patel4304@example.com,09/05/2024,1209.37,USD,completed,1,DE
TX-0004305,C-01905,Noah Kim,noah.kim4305@example.com,10/10/2024,2250.93,USD,pending,2,US
TX-0004306,C-01906,Mia Martin,mia.martin4306@example.com,11/03/2024,2306.30,USD,refunded,3,CA
TX-0004307,C-01907,Liam Smith,liam.smith4307@example.com,12/08/2024,1026.26,USD,cancelled,4,GB
TX-0004308,C-01908,Sofia Brown,sofia.brown4308@example.com,01/01/2024,1750.44,USD,completed,5,AU
TX-0004309,C-01909,Ethan Wilson,ethan.wilson4309@example.com,02/06/2024,813.61,USD,pending,6,DE
TX-0004310,C-01910,Zoe Garcia,zoe.garcia4310@example.com,03/11/2024,2470.47,USD,refunded,7,US
TX-0004311,C-01911,Mateo Nguyen,mateo.nguyen4311@example.com,04/04/2024,1708.88,USD,cancelled,8,CA
TX-0004312,C-01912,Ava Patel,ava.patel4312@example.com,05/09/2024,1448.50,USD,completed,1,GB
TX-0004313,C-01913,Noah Kim,noah.kim4313@example.com,06/02/2024,1987.91,USD,pending,2,AU
TX-0004314,C-01914,Mia Martin,mia.martin4314@example.com,07/07/2024,534.91,USD,refunded,3,DE
TX-0004315,C-01915,Liam Smith,liam.smith4315@example.com,08/12/2024,939.18,USD,cancelled,4,US
TX-0004316,C-01916,Sofia Brown,sofia.brown4316@example.com,09/05/2024,1058.23,USD,completed,5,CA
TX-0004317,C-01917,Ethan Wilson,ethan.wilson4317@example.com,10/10/2024,936.63,USD,pending,6,GB
TX-0004318,C-01918,zoe garcia,zoe.garcia4318@example.com,11/03/2024,2033.82,USD,refunded,7,AU
TX-0004319,C-01919,Mateo Nguyen,mateo.nguyen4319@example.com,12/08/2024,1153.47,USD,cancelled,8,DE
TX-0004320,C-01920,Ava Patel,ava.patel4320@example.com,01/01/2024,2004.01,USD,completed,1,US
TX-0004321,C-01921,Noah Kim,noah.kim4321@example.com,02/06/2024,1706.64,usd,pending,2,CA
TX-0004322,C-01922,Mia Martin,mia.martin4322@example.com,03/11/2024,1539.81,USD,refunded,3,GB
TX-0004323,C-01923,Liam Smith,liam.smith4323@example.com,04/04/2024,38.22,USD,cancelled,4,au
TX-0004324,C-01924,Sofia Brown,sofia.brown4324@example.com,05/09/2024,1631.60,USD,completed,5,DE
TX-0004325,C-01925,Ethan Wilson,ethan.wilson4325@example.com,06/02/2024,1982.10,USD,pending,6,USA
TX-0004326,C-01926,Zoe Garcia,zoe.garcia4326@example.com,07/07/2024,1154.11,USD,refunded,7,CA
TX-0004327,C-01927,Mateo Nguyen,mateo.nguyen4327@example.com,08/12/2024,494.23,USD,cancelled,8,GB
TX-0004328,C-01928,Ava Patel,ava.patel4328@example.com,09/05/2024,1113.63,USD,completed,1,AU
TX-0004329,C-01929,Noah Kim,noah.kim4329@example.com,10/10/2024,975.37,USD,pending,2,DE
TX-0004330,C-01930,Mia Martin,mia.martin4330@example.com,11/03/2024,237.32,USD,refunded,3,US
TX-0004331,C-01931,Liam Smith,liam.smith4331@example.com,12/08/2024,1015.99,USD,cancelled,4,CA
TX-0004332,C-01932,Sofia Brown,sofia.brown4332@example.com,01/01/2024,2067.88,USD,completed,5,GB
TX-0004333,C-01933,Ethan Wilson,ethan.wilson4333@example.com,02/06/2024,305.96,USD,pending,6,AU
TX-0004334,C-01934,Zoe Garcia,zoe.garcia4334@example.com,03/11/2024,197.83,USD,refunded,7,DE
TX-0004335,C-01935,Mateo Nguyen,mateo.nguyen4335@example.com,04/04/2024,1780.46,USD,cancelled,8,US
TX-0004336,C-01936,Ava Patel,ava.patel4336@example.com,05/09/2024,1872.45,USD,completed,1,CA
TX-0004337,C-01937,Noah Kim,noah.kim4337@example.com,06/02/2024,2331.14,USD,pending,2,GB
TX-0004338,C-01938,Mia Martin,mia.martin4338@example.com,07/07/2024,1187.89,USD,refunded,3,AU
TX-0004339,C-01939,Liam Smith,liam.smith4339@example.com,08/12/2024,7.10,USD,cancelled,4,DE
TX-0004340,C-01940,Sofia Brown,sofia.brown4340@example.com,09/05/2024,2367.37,USD,completed,5,US
TX-0004341,C-01941,Ethan Wilson,ethan.wilson4341@example.com,10/10/2024,1081.17,USD,pending,6,CA
TX-0004342,C-01942,Zoe Garcia,zoe.garcia4342@example.com,11/03/2024,2105.95,USD,refunded,7,GB
TX-0004343,C-01943,Mateo Nguyen,mateo.nguyen4343@example.com,12/08/2024,1706.86,USD,cancelled,8,AU
TX-0004344,C-01944,Ava Patel,ava.patel4344@example.com,01/01/2024,2405.33, USD ,completed,1,DE
TX-0004345,C-01945,Noah Kim,noah.kim4345@example.com,02/06/2024,1044.56,USD,pending,2,US
TX-0004346,C-01946,Mia Martin,mia.martin4346@example.com,03/11/2024,307.08,USD,refunded,3,CA
TX-0004347,C-01947,Liam Smith,liam.smith4347@example.com,04/04/2024,79.71,USD,cancelled,4,GB
TX-0004348,C-01948,Sofia Brown,sofia.brown4348@example.com,05/09/2024,2458.18,USD,completed,5,AU
TX-0004349,C-01949,Ethan Wilson,ethan.wilson4349@example.com,06/02/2024,2295.82,USD,pending,6,DE
TX-0004350,C-01950,Zoe Garcia,zoe.garcia4350@example.com,07/07/2024,2193.68,USD,refunded,7,US
TX-0004351,C-01951,Mateo Nguyen,mateo.nguyen4351@example.com,08/12/2024,1747.02,USD,cancelled,8,CA
TX-0004352,C-01952,Ava Patel,ava.patel4352@example.com,09/05/2024,1815.24,USD,completed,1,GB
TX-0004353,C-01953,Noah Kim,noah.kim4353@example.com,10/10/2024,1825.91,USD,pending,2,AU
TX-0004354,C-01954,Mia Martin,mia.martin4354@example.com,11/03/2024,2137.79,USD,refunded,3,DE
TX-0004355,C-01955,Liam Smith,liam.smith4355@example.com,12/08/2024,50.98,USD,cancelled,4,US
TX-0004356,C-01956,Sofia Brown,sofia.brown4356@example.com,01/01/2024,476.53,USD,completed,5,CA
TX-0004357,C-01957,Ethan Wilson,ethan.wilson4357@example.com,02/06/2024,1681.64,USD,pending,6,GB
TX-0004358,C-01958,Zoe Garcia,zoe.garcia4358@example.com,03/11/2024,1720.87,USD,refunded,7,AU
TX-0004359,C-01959,Mateo Nguyen,mateo.nguyen4359@example.com,04/04/2024,733.52,USD,cancelled,8,DE
TX-0004360,C-01960,Ava Patel,ava.patel4360@example.com,05/09/2024,1723.25,USD,completed,1,US
TX-0004361,C-01961,Noah Kim,noah.kim.invalid,06/02/2024,1973.08,USD,pending,2,CA
TX-0004362,C-01962,Mia Martin,mia.martin4362@example.com,07/07/2024,579.23,USD,refunded,3,GB
TX-0004363,C-01963,Liam Smith,liam.smith4363@example.com,08/12/2024,1815.39,USD,cancelled,4,AU
TX-0004364,C-01964,Sofia Brown,sofia.brown4364@example.com,09/05/2024,628.45,USD,completed,5,DE
TX-0004365,C-01965,Ethan Wilson,,10/10/2024,2287.68,USD,pending,6,US
TX-0004366,C-01966,Zoe Garcia,zoe.garcia4366@example.com,11/03/2024,2283.93,USD,refunded,7,CA
TX-0004367,C-01967,Mateo Nguyen,mateo.nguyen4367@example.com,12/08/2024,598.14,USD,cancelled,8,GB
TX-0004368,C-01968,Ava Patel,ava.patel4368@example.com,01/01/2024,1727.98,USD,completed,1,AU
TX-0004369,C-01969,Noah Kim,noah.kim4369@example.com,02/06/2024,1961.26,USD,pending,2,DE
TX-0004370,C-01970,Mia Martin,mia.martin4370@example.com,03/11/2024,2312.77,USD,refunded,3,US
TX-0004371,C-01971,Liam Smith,liam.smith4371@example.com,04/04/2024,2465.18,USD,cancelled,4,CA
TX-0004372,C-01972,Sofia Brown,sofia.brown4372@example.com,05/09/2024,750.17,USD,completed,5,GB
TX-0004373,C-01973,Ethan Wilson,ethan.wilson4373@example.com,06/02/2024,2027.64,USD,pending,6,AU
TX-0004374,C-01974,Zoe Garcia,zoe.garcia4374@example.com,07/07/2024,1365.13,USD,refunded,7,DE
TX-0004375,C-01975,Mateo Nguyen,mateo.nguyen4375@example.com,08/12/2024,1974.88,USD,cancelled,8,US
TX-0004376,C-01976,Ava Patel,ava.patel4376@example.com,09/05/2024,2117.93,USD,completed,1,CA
TX-0004377,C-01977,Noah Kim,noah.kim4377@example.com,10/10/2024,753.62,USD,pending,2,GB
TX-0004378,C-01978,Mia Martin,mia.martin4378@example.com,11/03/2024,1135.61,USD,refunded,3,AU
TX-0004379,C-01979,Liam Smith,liam.smith4379@example.com,12/08/2024,2455.95,USD,cancelled,4,DE
TX-0004380,C-01980,Sofia Brown,sofia.brown4380@example.com,01/01/2024,1955.15,USD,completed,5,US
TX-0004381,C-01981,Ethan Wilson,ethan.wilson4381@example.com,02/06/2024,600.72,USD,pending,6,CA
TX-0004382,C-01982,Zoe Garcia,zoe.garcia4382@example.com,03/11/2024,489.00,USD,refunded,7,GB
TX-0004383,C-01983,Mateo Nguyen,mateo.nguyen4383@example.com,04/04/2024,1334.28,USD,cancelled,8,AU
TX-0004384,C-01984,Ava Patel,ava.patel4384@example.com,05/09/2024,772.43,USD,completed,1,DE
TX-0004385,C-01985,Noah Kim,noah.kim4385@example.com,06/02/2024,1198.66,USD,pending,2,US
TX-0004386,C-01986,Mia Martin,mia.martin4386@example.com,07/07/2024,410.93,USD,refunded,3,CA
TX-0004387,C-01987,Liam Smith,liam.smith4387@example.com,08/12/2024,98.44,USD,cancelled,4,GB
TX-0004388,C-01988,Sofia Brown,sofia.brown4388@example.com,09/05/2024,1421.71,USD,completed,5,AU
TX-0004389,C-01989,Ethan Wilson,ethan.wilson4389@example.com,10/10/2024,887.17,USD,pending,6,DE
TX-0004390,C-01990,Zoe Garcia,zoe.garcia4390@example.com,11/03/2024,536.88,USD,refunded,7,US
TX-0004391,C-01991,Mateo Nguyen,mateo.nguyen4391@example.com,12/08/2024,106.12,USD,cancelled,8,CA
TX-0004392,C-01992,Ava Patel,ava.patel4392@example.com,01/01/2024,2136.64,USD,completed,1,GB
TX-0004393,C-01993,Noah Kim,noah.kim4393@example.com,02/06/2024,553.38,USD,unknown,2,AU
TX-0004394,C-01994,Mia Martin,mia.martin4394@example.com,03/11/2024,1250.31,USD,refunded,3,DE
TX-0004395,C-01995,Liam Smith,liam.smith4395@example.com,04/04/2024,35.53,USD,cancelled,4,US
TX-0004396,C-01996,Sofia Brown,sofia.brown4396@example.com,05/09/2024,370.79,USD,COMPLETE,5,CA
TX-0004397,C-01997,Ethan Wilson,ethan.wilson4397@example.com,06/02/2024,1413.26,USD,pending,6,GB
TX-0004398,C-01998,Zoe Garcia,zoe.garcia4398@example.com,07/07/2024,1282.50,USD,refunded,7,AU
TX-0004399,C-01999,Mateo Nguyen,mateo.nguyen4399@example.com,08/12/2024,1788.29,USD,cancelled,8,DE
TX-0004400,C-02000,Ava Patel,ava.patel4400@example.com,09/05/2024,2006.28,USD,completed,1,US
TX-0004401,C-02001,Noah Kim,noah.kim4401@example.com,10/10/2024,1971.97,USD,pending,2,CA
TX-0004402,C-02002,Mia Martin,mia.martin4402@example.com,11/03/2024,102.15,USD,refunded,3,GB
TX-0004403,C-02003,Liam Smith,liam.smith4403@example.com,12/08/2024,389.62,USD,cancelled,4,AU
TX-0004404,C-02004,Sofia Brown,sofia.brown4404@example.com,01/01/2024,2445.86,USD,completed,5,DE
TX-0004405,C-02005,Ethan Wilson,ethan.wilson4405@example.com,02/06/2024,2293.38,USD,pending,6,US
TX-0004406,C-02006,Zoe Garcia,zoe.garcia4406@example.com,03/11/2024,1767.48,USD,refunded,7,CA
TX-0004407,C-02007,  MATEO NGUYEN  ,mateo.nguyen4407@example.com,04/04/2024,583.51,USD,cancelled,8,GB
TX-0004408,C-02008,Ava Patel,ava.patel4408@example.com,05/09/2024,185.14,USD,completed,1,AU
TX-0004409,C-02009,Noah Kim,noah.kim4409@example.com,06/02/2024,98.67,USD,pending,2,DE
TX-0004410,C-02010,Mia Martin,mia.martin4410@example.com,07/07/2024,861.74,USD,refunded,3,US
TX-0004411,C-02011,Liam Smith,liam.smith4411@example.com,08/12/2024,1010.43,USD,cancelled,4,CA
TX-0004412,C-02012,Sofia Brown,sofia.brown4412@example.com,09/05/2024,237.57,USD,completed,5,GB
TX-0004413,C-02013,Ethan Wilson,ethan.wilson4413@example.com,10/10/2024,532.61,USD,pending,6,AU
TX-0004414,C-02014,Zoe Garcia,zoe.garcia4414@example.com,11/03/2024,704.57,USD,refunded,7,DE
TX-0004415,C-02015,Mateo Nguyen,mateo.nguyen4415@example.com,12/08/2024,845.28,USD,cancelled,8,US
TX-0004416,C-02016,Ava Patel,ava.patel4416@example.com,01/01/2024,1576.05,USD,completed,1,CA
TX-0004417,C-02017,Noah Kim,noah.kim4417@example.com,02/06/2024,1665.44,USD,pending,2,GB
TX-0004418,C-02018,Mia Martin,mia.martin4418@example.com,03/11/2024,1507.12,USD,refunded,3,AU
TX-0004419,C-02019,Liam Smith,liam.smith4419@example.com,04/04/2024,20.95,USD,cancelled,4,DE
TX-0004420,C-02020,Sofia Brown,sofia.brown4420@example.com,05/09/2024,1116.34,USD,completed,5,US
TX-0004421,C-02021,Ethan Wilson,ethan.wilson4421@example.com,06/02/2024,829.54,USD,pending,6,CA
TX-0004422,C-02022,Zoe Garcia,zoe.garcia4422@example.com,07/07/2024,665.72,USD,refunded,7,GB
TX-0004423,C-02023,Mateo Nguyen,mateo.nguyen4423@example.com,08/12/2024,2070.63,USD,cancelled,8,AU
TX-0004424,C-02024,Ava Patel,ava.patel4424@example.com,09/05/2024,604.47,USD,completed,1,DE
TX-0004425,C-02025,Noah Kim,noah.kim4425@example.com,10/10/2024,85.19,USD,pending,2,US
TX-0004426,C-02026,Mia Martin,mia.martin4426@example.com,11/03/2024,1432.05,USD,refunded,3,CA
TX-0004427,C-02027,Liam Smith,liam.smith4427@example.com,12/08/2024,1113.53,USD,cancelled,4,GB
TX-0004428,C-02028,Sofia Brown,sofia.brown4428@example.com,01/01/2024,239.39,USD,completed,5,AU
TX-0004429,C-02029,Ethan Wilson,ethan.wilson4429@example.com,02/06/2024,441.84,USD,pending,6,DE
TX-0004430,C-02030,Zoe Garcia,zoe.garcia4430@example.com,03/11/2024,177.12,USD,refunded,7,US
TX-0004431,C-02031,Mateo Nguyen,mateo.nguyen4431@example.com,04/04/2024,-65.47,USD,cancelled,8,CA
TX-0004432,C-02032,Ava Patel,ava.patel4432@example.com,05/09/2024,1726.25,USD,completed,1,GB
TX-0004433,C-02033,Noah Kim,noah.kim4433@example.com,06/02/2024,45.38,USD,pending,2,AU
TX-0004434,C-02034,Mia Martin,mia.martin4434@example.com,07/07/2024,446.35,USD,refunded,3,DE
TX-0004435,C-02035,Liam Smith,liam.smith4435@example.com,08/12/2024,1032.27,USD,cancelled,4,US
TX-0004436,C-02036,Sofia Brown,sofia.brown4436@example.com,09/05/2024,1288.80,USD,completed,5,CA
TX-0004437,C-02037,Ethan Wilson,ethan.wilson4437@example.com,10/10/2024,143.17,USD,pending,6,GB
TX-0004438,C-02038,Zoe Garcia,zoe.garcia4438@example.com,11/03/2024,2215.26,USD,refunded,7,AU
TX-0004439,C-02039,Mateo Nguyen,mateo.nguyen4439@example.com,12/08/2024,1698.70,USD,cancelled,8,DE
TX-0004440,C-02040,Ava Patel,ava.patel4440@example.com,01/01/2024,389.47,USD,completed,1,US
TX-0004441,C-02041,Noah Kim,noah.kim4441@example.com,02/06/2024,2146.39,USD,pending,2,CA
TX-0004442,C-02042,Mia Martin,mia.martin4442@example.com,03/11/2024,519.16,USD,refunded,3,GB
TX-0004443,C-02043,Liam Smith,liam.smith4443@example.com,04/04/2024,673.04,USD,cancelled,4,AU
TX-0004444,C-02044,Sofia Brown,sofia.brown4444@example.com,05/09/2024,2366.55,USD,completed,5,DE
TX-0004445,C-02045,ethan wilson,ethan.wilson4445@example.com,06/02/2024,764.53,USD,pending,6,US
TX-0004446,C-02046,Zoe Garcia,zoe.garcia4446@example.com,07/07/2024,585.62,USD,refunded,7,CA
TX-0004447,C-02047,Mateo Nguyen,mateo.nguyen4447@example.com,08/12/2024,2133.05,USD,cancelled,8,GB
TX-0004448,C-02048,Ava Patel,ava.patel4448@example.com,09/05/2024,1297.48,USD,completed,1,AU
TX-0004449,C-02049,Noah Kim,noah.kim4449@example.com,10/10/2024,1214.12,USD,pending,2,DE
TX-0004450,C-02050,Mia Martin,mia.martin.invalid,11/03/2024,107.27,USD,refunded,3,US
TX-0004451,C-02051,Liam Smith,liam.smith4451@example.com,12/08/2024,1595.78,USD,cancelled,4,CA
TX-0004452,C-02052,Sofia Brown,sofia.brown4452@example.com,01/01/2024,1010.86,USD,completed,5,GB
TX-0004453,C-02053,Ethan Wilson,ethan.wilson4453@example.com,02/06/2024,416.16,USD,pending,6,AU
TX-0004454,C-02054,Zoe Garcia,zoe.garcia4454@example.com,03/11/2024,756.96,USD,refunded,7,de
TX-0004455,C-02055,Mateo Nguyen,mateo.nguyen4455@example.com,04/04/2024,1776.38,USD,cancelled,8,US
TX-0004456,C-02056,Ava Patel,ava.patel4456@example.com,05/09/2024,120.45,USD,completed,1,CA
TX-0004457,C-02057,Noah Kim,noah.kim4457@example.com,06/02/2024,680.51,USD,pending,2,GB
TX-0004458,C-02058,Mia Martin,mia.martin4458@example.com,07/07/2024,898.31,USD,refunded,3,AU
TX-0004459,C-02059,Liam Smith,liam.smith4459@example.com,08/12/2024,1781.62,USD,cancelled,4,DE
TX-0004460,C-02060,Sofia Brown,sofia.brown4460@example.com,09/05/2024,,USD,completed,5,US
TX-0004461,C-02061,Ethan Wilson,ethan.wilson4461@example.com,10/10/2024,914.20,USD,pending,6,CA
TX-0004462,C-02062,Zoe Garcia,,11/03/2024,1594.12,USD,refunded,7,GB
TX-0004463,C-02063,Mateo Nguyen,mateo.nguyen4463@example.com,12/08/2024,1346.42,USD,cancelled,8,AU
TX-0004464,C-02064,Ava Patel,ava.patel4464@example.com,01/01/2024,2429.04,USD,completed,1,DE
TX-0004465,C-02065,Noah Kim,noah.kim4465@example.com,02/06/2024,1775.60,USD,pending,2,US
TX-0004466,C-02066,Mia Martin,mia.martin4466@example.com,03/11/2024,1807.37,USD,refunded,3,CA
TX-0004467,C-02067,Liam Smith,liam.smith4467@example.com,04/04/2024,1172.80,USD,cancelled,4,GB
TX-0004468,C-02068,Sofia Brown,sofia.brown4468@example.com,05/09/2024,793.33,USD,completed,5,AU
TX-0004469,C-02069,Ethan Wilson,ethan.wilson4469@example.com,06/02/2024,2139.55,USD,pending,6,DE
TX-0004470,C-02070,Zoe Garcia,zoe.garcia4470@example.com,07/07/2024,417.92,usd,refunded,7,US
TX-0004471,C-02071,Mateo Nguyen,mateo.nguyen4471@example.com,08/12/2024,731.66,USD,cancelled,8,CA
TX-0004472,C-02072,Ava Patel,ava.patel4472@example.com,09/05/2024,117.61,USD,completed,1,GB
TX-0004473,C-02073,Noah Kim,noah.kim4473@example.com,10/10/2024,2332.92,USD,pending,2,AU
TX-0004474,C-02074,Mia Martin,mia.martin4474@example.com,11/03/2024,2421.58,USD,refunded,3,DE
TX-0004475,C-02075,Liam Smith,liam.smith4475@example.com,12/08/2024,951.52,USD,cancelled,4,US
TX-0004476,C-02076,Sofia Brown,sofia.brown4476@example.com,01/01/2024,87.21,USD,completed,5,CA
TX-0004477,C-02077,Ethan Wilson,ethan.wilson4477@example.com,02/06/2024,696.52,USD,pending,6,GB
TX-0004478,C-02078,Zoe Garcia,zoe.garcia4478@example.com,03/11/2024,2430.19,USD,refunded,7,AU
TX-0004479,C-02079,Mateo Nguyen,mateo.nguyen4479@example.com,04/04/2024,605.16,USD,cancelled,8,DE
TX-0004480,C-02080,Ava Patel,ava.patel4480@example.com,05/09/2024,1996.95,USD,completed,1,US
TX-0004481,C-02081,Noah Kim,noah.kim4481@example.com,06/02/2024,1627.17,USD,pending,2,CA
TX-0004482,C-02082,Mia Martin,mia.martin4482@example.com,07/07/2024,1923.02,USD,refunded,3,GB
TX-0004483,C-02083,Liam Smith,liam.smith4483@example.com,08/12/2024,1639.03,USD,cancelled,4,AU
TX-0004484,C-02084,Sofia Brown,sofia.brown4484@example.com,09/05/2024,11.65,USD,completed,5,DE
TX-0004485,C-02085,Ethan Wilson,ethan.wilson4485@example.com,10/10/2024,2435.08,USD,pending,6,US
TX-0004486,C-02086,Zoe Garcia,zoe.garcia4486@example.com,11/03/2024,949.95,USD,refunded,7,CA
TX-0004487,C-02087,Mateo Nguyen,mateo.nguyen4487@example.com,12/08/2024,2016.14,USD,cancelled,8,GB
TX-0004488,C-02088,Ava Patel,ava.patel4488@example.com,01/01/2024,843.25,USD,completed,1,AU
TX-0004489,C-02089,Noah Kim,noah.kim4489@example.com,02/06/2024,654.61,USD,pending,2,DE
TX-0004490,C-02090,Mia Martin,mia.martin4490@example.com,03/11/2024,768.02,USD,refunded,3,US
TX-0004491,C-02091,Liam Smith,liam.smith4491@example.com,04/04/2024,822.78,USD,cancelled,4,CA
TX-0004492,C-02092,Sofia Brown,sofia.brown4492@example.com,05/09/2024,425.55,USD,completed,5,GB
TX-0004493,C-02093,Ethan Wilson,ethan.wilson4493@example.com,06/02/2024,2072.43,USD,pending,6,AU
TX-0004494,C-02094,Zoe Garcia,zoe.garcia4494@example.com,07/07/2024,2065.91,USD,refunded,7,DE
TX-0004495,C-02095,Mateo Nguyen,mateo.nguyen4495@example.com,08/12/2024,1511.64,USD,cancelled,8,US
TX-0004496,C-02096,Ava Patel,ava.patel4496@example.com,09/05/2024,623.89,USD,completed,1,CA
TX-0004497,C-02097,Noah Kim,noah.kim4497@example.com,10/10/2024,1660.86,USD,pending,2,GB
TX-0004498,C-02098,Mia Martin,mia.martin4498@example.com,11/03/2024,1736.94,USD,refunded,3,USA
TX-0004499,C-02099,Liam Smith,liam.smith4499@example.com,12/08/2024,992.14,USD,cancelled,4,DE
TX-0004500,C-02100,Sofia Brown,sofia.brown4500@example.com,01/01/2024,1320.43,USD,completed,5,US
TX-0004501,C-02101,Ethan Wilson,ethan.wilson4501@example.com,02/06/2024,2370.97,USD,pending,6,CA
TX-0004502,C-02102,Zoe Garcia,zoe.garcia4502@example.com,03/11/2024,177.14,USD,refunded,7,GB
TX-0004503,C-02103,Mateo Nguyen,mateo.nguyen4503@example.com,04/04/2024,1441.87,USD,cancelled,8,AU
TX-0004504,C-02104,Ava Patel,ava.patel4504@example.com,05/09/2024,309.37,USD,completed,1,DE
TX-0004505,C-02105,Noah Kim,noah.kim4505@example.com,06/02/2024,1938.70,USD,pending,2,US
TX-0004506,C-02106,Mia Martin,mia.martin4506@example.com,07/07/2024,1126.08,USD,refunded,3,CA
TX-0004507,C-02107,Liam Smith,liam.smith4507@example.com,08/12/2024,451.46,USD,cancelled,4,GB
TX-0004508,C-02108,Sofia Brown,sofia.brown4508@example.com,09/05/2024,780.37,USD,completed,5,AU
TX-0004509,C-02109,Ethan Wilson,ethan.wilson4509@example.com,10/10/2024,304.43,USD,pending,6,DE
TX-0004510,C-02110,Zoe Garcia,zoe.garcia4510@example.com,11/03/2024,1371.28,USD,refunded,7,US
TX-0004511,C-02111,Mateo Nguyen,mateo.nguyen4511@example.com,12/08/2024,1354.32,USD,cancelled,8,CA
TX-0004512,C-02112,Ava Patel,ava.patel4512@example.com,01/01/2024,1160.20,USD,completed,1,GB
TX-0004513,C-02113,Noah Kim,noah.kim4513@example.com,02/06/2024,848.11,USD,pending,2,AU
TX-0004514,C-02114,Mia Martin,mia.martin4514@example.com,03/11/2024,2225.96,USD,refunded,3,DE
TX-0004515,C-02115,Liam Smith,liam.smith4515@example.com,04/04/2024,993.72,USD,cancelled,4,US
TX-0004516,C-02116,Sofia Brown,sofia.brown4516@example.com,05/09/2024,1577.12,USD,completed,5,CA
TX-0004517,C-02117,Ethan Wilson,ethan.wilson4517@example.com,06/02/2024,1881.13,USD,pending,6,GB
TX-0004518,C-02118,Zoe Garcia,zoe.garcia4518@example.com,07/07/2024,208.13,USD,refunded,7,AU
TX-0004519,C-02119,Mateo Nguyen,mateo.nguyen4519@example.com,08/12/2024,1422.74,USD,cancelled,8,DE
TX-0004520,C-02120,  AVA PATEL  ,ava.patel4520@example.com,09/05/2024,1736.52,USD,completed,1,US
TX-0004521,C-02121,Noah Kim,noah.kim4521@example.com,10/10/2024,2453.78,USD,pending,2,CA
TX-0004522,C-02122,Mia Martin,mia.martin4522@example.com,11/03/2024,919.68,USD,refunded,3,GB
TX-0004523,C-02123,Liam Smith,liam.smith4523@example.com,12/08/2024,7.14,USD,cancelled,4,AU
TX-0004524,C-02124,Sofia Brown,sofia.brown4524@example.com,01/01/2024,1229.40,USD,completed,5,DE
TX-0004525,C-02125,Ethan Wilson,ethan.wilson4525@example.com,02/06/2024,357.23, USD ,pending,6,US
TX-0004526,C-02126,Zoe Garcia,zoe.garcia4526@example.com,03/11/2024,1706.11,USD,refunded,7,CA
TX-0004527,C-02127,Mateo Nguyen,mateo.nguyen4527@example.com,04/04/2024,780.10,USD,cancelled,8,GB
TX-0004528,C-02128,Ava Patel,ava.patel4528@example.com,05/09/2024,564.73,USD,completed,1,AU
TX-0004529,C-02129,Noah Kim,noah.kim4529@example.com,06/02/2024,600.72,USD,pending,2,DE
TX-0004530,C-02130,Mia Martin,mia.martin4530@example.com,07/07/2024,491.29,USD,refunded,3,US
TX-0004531,C-02131,Liam Smith,liam.smith4531@example.com,08/12/2024,750.43,USD,cancelled,4,CA
TX-0004532,C-02132,Sofia Brown,sofia.brown4532@example.com,09/05/2024,394.78,USD,completed,5,GB
TX-0004533,C-02133,Ethan Wilson,ethan.wilson4533@example.com,10/10/2024,1695.33,USD,pending,6,AU
TX-0004534,C-02134,Zoe Garcia,zoe.garcia4534@example.com,11/03/2024,1185.12,USD,refunded,7,DE
TX-0004535,C-02135,Mateo Nguyen,mateo.nguyen4535@example.com,12/08/2024,898.51,USD,cancelled,8,US
TX-0004536,C-02136,Ava Patel,ava.patel4536@example.com,01/01/2024,131.49,USD,completed,1,CA
TX-0004537,C-02137,Noah Kim,noah.kim4537@example.com,02/06/2024,847.79,USD,pending,2,GB
TX-0004538,C-02138,Mia Martin,mia.martin4538@example.com,03/11/2024,1734.71,USD,refunded,3,AU
TX-0004539,C-02139,Liam Smith,liam.smith.invalid,04/04/2024,1136.67,USD,cancelled,4,DE
TX-0004540,C-02140,Sofia Brown,sofia.brown4540@example.com,05/09/2024,2320.67,USD,completed,5,US
TX-0004541,C-02141,Ethan Wilson,ethan.wilson4541@example.com,06/02/2024,1114.44,USD,pending,6,CA
TX-0004542,C-02142,Zoe Garcia,zoe.garcia4542@example.com,07/07/2024,1646.34,USD,refunded,7,GB
TX-0004543,C-02143,Mateo Nguyen,mateo.nguyen4543@example.com,08/12/2024,187.19,USD,cancelled,8,AU
TX-0004544,C-02144,Ava Patel,ava.patel4544@example.com,09/05/2024,1151.35,USD,completed,1,DE
TX-0004545,C-02145,Noah Kim,noah.kim4545@example.com,10/10/2024,2425.79,USD,pending,2,US
TX-0004546,C-02146,Mia Martin,mia.martin4546@example.com,11/03/2024,255.08,USD,refunded,3,CA
TX-0004547,C-02147,Liam Smith,liam.smith4547@example.com,12/08/2024,2071.30,USD,cancelled,4,GB
TX-0004548,C-02148,Sofia Brown,sofia.brown4548@example.com,01/01/2024,425.81,USD,completed,5,AU
TX-0004549,C-02149,Ethan Wilson,ethan.wilson4549@example.com,02/06/2024,315.32,USD,pending,6,DE
TX-0004550,C-02150,Zoe Garcia,zoe.garcia4550@example.com,03/11/2024,391.77,USD,refunded,7,US
TX-0004551,C-02151,Mateo Nguyen,mateo.nguyen4551@example.com,04/04/2024,15.34,USD,cancelled,8,CA
TX-0004552,C-02152,Ava Patel,ava.patel4552@example.com,05/09/2024,2243.70,USD,completed,1,GB
TX-0004553,C-02153,Noah Kim,noah.kim4553@example.com,06/02/2024,863.23,USD,COMPLETE,2,AU
TX-0004554,C-02154,Mia Martin,mia.martin4554@example.com,07/07/2024,1940.05,USD,refunded,3,DE
TX-0004555,C-02155,Liam Smith,liam.smith4555@example.com,08/12/2024,1147.32,USD,cancelled,4,US
TX-0004556,C-02156,Sofia Brown,sofia.brown4556@example.com,09/05/2024,463.91,USD,completed,5,CA
TX-0004557,C-02157,Ethan Wilson,ethan.wilson4557@example.com,10/10/2024,369.95,USD,pending,6,GB
TX-0004558,C-02158,Zoe Garcia,zoe.garcia4558@example.com,11/03/2024,1952.20,USD,refunded,7,AU
TX-0004559,C-02159,Mateo Nguyen,,12/08/2024,1514.07,USD,cancelled,8,DE
TX-0004560,C-02160,Ava Patel,ava.patel4560@example.com,01/01/2024,2377.12,USD,completed,1,US
TX-0004561,C-02161,Noah Kim,noah.kim4561@example.com,02/06/2024,2309.29,USD,pending,2,CA
TX-0004562,C-02162,Mia Martin,mia.martin4562@example.com,03/11/2024,394.00,USD,refunded,3,GB
TX-0004563,C-02163,Liam Smith,liam.smith4563@example.com,04/04/2024,595.16,USD,cancelled,4,AU
TX-0004564,C-02164,Sofia Brown,sofia.brown4564@example.com,05/09/2024,1190.28,USD,completed,5,DE
TX-0004565,C-02165,Ethan Wilson,ethan.wilson4565@example.com,06/02/2024,1096.53,USD,pending,6,US
TX-0004566,C-02166,Zoe Garcia,zoe.garcia4566@example.com,07/07/2024,70.25,USD,refunded,7,CA
TX-0004567,C-02167,Mateo Nguyen,mateo.nguyen4567@example.com,08/12/2024,706.09,USD,cancelled,8,GB
TX-0004568,C-02168,Ava Patel,ava.patel4568@example.com,09/05/2024,1749.94,USD,completed,1,AU
TX-0004569,C-02169,Noah Kim,noah.kim4569@example.com,10/10/2024,118.67,USD,pending,2,DE
TX-0004570,C-02170,Mia Martin,mia.martin4570@example.com,11/03/2024,224.55,USD,refunded,3,US
TX-0004571,C-02171,Liam Smith,liam.smith4571@example.com,12/08/2024,124.50,USD,cancelled,4,CA
TX-0004572,C-02172,sofia brown,sofia.brown4572@example.com,01/01/2024,2449.93,USD,completed,5,GB
TX-0004573,C-02173,Ethan Wilson,ethan.wilson4573@example.com,02/06/2024,580.58,USD,pending,6,AU
TX-0004574,C-02174,Zoe Garcia,zoe.garcia4574@example.com,03/11/2024,1155.77,USD,refunded,7,DE
TX-0004575,C-02175,Mateo Nguyen,mateo.nguyen4575@example.com,04/04/2024,1237.16,USD,cancelled,8,US
TX-0004576,C-02176,Ava Patel,ava.patel4576@example.com,05/09/2024,1125.54,USD,completed,1,CA
TX-0004577,C-02177,Noah Kim,noah.kim4577@example.com,06/02/2024,653.75,USD,pending,2,GB
TX-0004578,C-02178,Mia Martin,mia.martin4578@example.com,07/07/2024,702.75,USD,refunded,3,AU
TX-0004579,C-02179,Liam Smith,liam.smith4579@example.com,08/12/2024,527.54,USD,cancelled,4,DE
TX-0004580,C-02180,Sofia Brown,sofia.brown4580@example.com,09/05/2024,1917.12,USD,completed,5,US
TX-0004581,C-02181,Ethan Wilson,ethan.wilson4581@example.com,10/10/2024,192.56,USD,pending,6,CA
TX-0004582,C-02182,Zoe Garcia,zoe.garcia4582@example.com,11/03/2024,2446.87,USD,refunded,7,GB
TX-0004583,C-02183,Mateo Nguyen,mateo.nguyen4583@example.com,12/08/2024,89.81,USD,cancelled,8,AU
TX-0004584,C-02184,Ava Patel,ava.patel4584@example.com,01/01/2024,536.39,USD,unknown,1,DE
TX-0004585,C-02185,Noah Kim,noah.kim4585@example.com,02/06/2024,854.82,USD,pending,2,us
TX-0004586,C-02186,Mia Martin,mia.martin4586@example.com,03/11/2024,414.36,USD,refunded,3,CA
TX-0004587,C-02187,Liam Smith,liam.smith4587@example.com,04/04/2024,1744.43,USD,cancelled,4,GB
TX-0004588,C-02188,Sofia Brown,sofia.brown4588@example.com,05/09/2024,59.13,USD,completed,5,AU
TX-0004589,C-02189,Ethan Wilson,ethan.wilson4589@example.com,06/02/2024,1761.74,USD,pending,6,DE
TX-0004590,C-02190,Zoe Garcia,zoe.garcia4590@example.com,07/07/2024,107.77,USD,refunded,7,US
TX-0004591,C-02191,Mateo Nguyen,mateo.nguyen4591@example.com,08/12/2024,1697.44,USD,cancelled,8,CA
TX-0004592,C-02192,Ava Patel,ava.patel4592@example.com,09/05/2024,1455.67,USD,completed,1,GB
TX-0004593,C-02193,Noah Kim,noah.kim4593@example.com,10/10/2024,1415.35,USD,pending,2,AU
TX-0004594,C-02194,Mia Martin,mia.martin4594@example.com,11/03/2024,177.52,USD,refunded,3,DE
TX-0004595,C-02195,Liam Smith,liam.smith4595@example.com,12/08/2024,235.98,USD,cancelled,4,US
TX-0004596,C-02196,Sofia Brown,sofia.brown4596@example.com,01/01/2024,11.94,USD,completed,5,CA
TX-0004597,C-02197,Ethan Wilson,ethan.wilson4597@example.com,02/06/2024,688.13,USD,pending,6,GB
TX-0004598,C-02198,Zoe Garcia,zoe.garcia4598@example.com,03/11/2024,862.62,USD,refunded,7,AU
TX-0004599,C-02199,Mateo Nguyen,mateo.nguyen4599@example.com,04/04/2024,1485.87,USD,cancelled,8,DE
TX-0004600,C-02200,Ava Patel,ava.patel4600@example.com,05/09/2024,1497.03,USD,completed,1,US
TX-0004601,C-02201,Noah Kim,noah.kim4601@example.com,06/02/2024,1875.75,USD,pending,2,CA
TX-0004602,C-02202,Mia Martin,mia.martin4602@example.com,07/07/2024,380.04,USD,refunded,3,GB
TX-0004603,C-02203,Liam Smith,liam.smith4603@example.com,08/12/2024,2411.72,USD,cancelled,4,AU
TX-0004604,C-02204,Sofia Brown,sofia.brown4604@example.com,09/05/2024,2037.84,USD,completed,5,DE
TX-0004605,C-02205,Ethan Wilson,ethan.wilson4605@example.com,10/10/2024,562.50,USD,pending,6,US
TX-0004606,C-02206,Zoe Garcia,zoe.garcia4606@example.com,11/03/2024,2456.64,USD,refunded,7,CA
TX-0004607,C-02207,Mateo Nguyen,mateo.nguyen4607@example.com,12/08/2024,12.28,USD,cancelled,8,GB
TX-0004608,C-02208,Ava Patel,ava.patel4608@example.com,01/01/2024,1241.36,USD,completed,1,AU
TX-0004609,C-02209,Noah Kim,noah.kim4609@example.com,02/06/2024,673.12,USD,pending,2,DE
TX-0004610,C-02210,Mia Martin,mia.martin4610@example.com,03/11/2024,661.40,USD,refunded,3,US
TX-0004611,C-02211,Liam Smith,liam.smith4611@example.com,04/04/2024,32.12,USD,cancelled,4,CA
TX-0004612,C-02212,Sofia Brown,sofia.brown4612@example.com,05/09/2024,868.86,USD,completed,5,GB
TX-0004613,C-02213,Ethan Wilson,ethan.wilson4613@example.com,06/02/2024,1187.64,USD,pending,6,AU
TX-0004614,C-02214,Zoe Garcia,zoe.garcia4614@example.com,07/07/2024,2450.96,USD,refunded,7,DE
TX-0004615,C-02215,Mateo Nguyen,mateo.nguyen4615@example.com,08/12/2024,236.06,USD,cancelled,8,US
TX-0004616,C-02216,Ava Patel,ava.patel4616@example.com,09/05/2024,1496.28,USD,completed,1,CA
TX-0004617,C-02217,Noah Kim,noah.kim4617@example.com,10/10/2024,1617.74,USD,pending,2,GB
TX-0004618,C-02218,Mia Martin,mia.martin4618@example.com,11/03/2024,30.70,USD,refunded,3,AU
TX-0004619,C-02219,Liam Smith,liam.smith4619@example.com,12/08/2024,2228.62,usd,cancelled,4,DE
TX-0004620,C-02220,Sofia Brown,sofia.brown4620@example.com,01/01/2024,483.65,USD,completed,5,US
TX-0004621,C-02221,Ethan Wilson,ethan.wilson4621@example.com,02/06/2024,1810.26,USD,pending,6,CA
TX-0004622,C-02222,Zoe Garcia,zoe.garcia4622@example.com,03/11/2024,1400.30,USD,refunded,7,GB
TX-0004623,C-02223,Mateo Nguyen,mateo.nguyen4623@example.com,04/04/2024,1328.26,USD,cancelled,8,AU
TX-0004624,C-02224,Ava Patel,ava.patel4624@example.com,05/09/2024,1539.99,USD,completed,1,DE
TX-0004625,C-02225,Noah Kim,noah.kim4625@example.com,06/02/2024,995.02,USD,pending,2,US
TX-0004626,C-02226,Mia Martin,mia.martin4626@example.com,07/07/2024,35.00,USD,refunded,3,CA
TX-0004627,C-02227,Liam Smith,liam.smith4627@example.com,08/12/2024,397.33,USD,cancelled,4,GB
TX-0004628,C-02228,Sofia Brown,sofia.brown.invalid,09/05/2024,1555.21,USD,completed,5,AU
TX-0004629,C-02229,Ethan Wilson,ethan.wilson4629@example.com,10/10/2024,339.80,USD,pending,6,DE
TX-0004630,C-02230,Zoe Garcia,zoe.garcia4630@example.com,11/03/2024,2172.29,USD,refunded,7,US
TX-0004631,C-02231,Mateo Nguyen,mateo.nguyen4631@example.com,12/08/2024,2175.73,USD,cancelled,8,CA
TX-0004632,C-02232,Ava Patel,ava.patel4632@example.com,01/01/2024,2161.11,USD,completed,1,GB
TX-0004633,C-02233,  NOAH KIM  ,noah.kim4633@example.com,02/06/2024,301.31,USD,pending,2,AU
TX-0004634,C-02234,Mia Martin,mia.martin4634@example.com,03/11/2024,658.72,USD,refunded,3,DE
TX-0004635,C-02235,Liam Smith,liam.smith4635@example.com,04/04/2024,1095.49,USD,cancelled,4,US
TX-0004636,C-02236,Sofia Brown,sofia.brown4636@example.com,05/09/2024,2175.29,USD,completed,5,CA
TX-0004637,C-02237,Ethan Wilson,ethan.wilson4637@example.com,06/02/2024,2342.75,USD,pending,6,GB
TX-0004638,C-02238,Zoe Garcia,zoe.garcia4638@example.com,07/07/2024,369.73,USD,refunded,7,AU
TX-0004639,C-02239,Mateo Nguyen,mateo.nguyen4639@example.com,08/12/2024,610.97,USD,cancelled,8,DE
TX-0004640,C-02240,Ava Patel,ava.patel4640@example.com,09/05/2024,2480.86,USD,completed,1,US
TX-0004641,C-02241,Noah Kim,noah.kim4641@example.com,10/10/2024,1435.07,USD,pending,2,CA
TX-0004642,C-02242,Mia Martin,mia.martin4642@example.com,11/03/2024,-21.28,USD,refunded,3,GB
TX-0004643,C-02243,Liam Smith,liam.smith4643@example.com,12/08/2024,1098.80,USD,cancelled,4,AU
TX-0004644,C-02244,Sofia Brown,sofia.brown4644@example.com,01/01/2024,1468.19,USD,completed,5,DE
TX-0004645,C-02245,Ethan Wilson,ethan.wilson4645@example.com,02/06/2024,2448.94,USD,pending,6,US
TX-0004646,C-02246,Zoe Garcia,zoe.garcia4646@example.com,03/11/2024,56.13,USD,refunded,7,CA
TX-0004647,C-02247,Mateo Nguyen,mateo.nguyen4647@example.com,04/04/2024,207.61,USD,cancelled,8,GB
TX-0004648,C-02248,Ava Patel,ava.patel4648@example.com,05/09/2024,2342.96,USD,completed,1,AU
TX-0004649,C-02249,Noah Kim,noah.kim4649@example.com,06/02/2024,2308.23,USD,pending,2,DE
TX-0004650,C-02250,Mia Martin,mia.martin4650@example.com,07/07/2024,1494.04,USD,refunded,3,US
TX-0004651,C-02251,Liam Smith,liam.smith4651@example.com,08/12/2024,1071.04,USD,cancelled,4,CA
TX-0004652,C-02252,Sofia Brown,sofia.brown4652@example.com,09/05/2024,372.27,USD,completed,5,GB
TX-0004653,C-02253,Ethan Wilson,ethan.wilson4653@example.com,10/10/2024,1026.23,USD,pending,6,AU
TX-0004654,C-02254,Zoe Garcia,zoe.garcia4654@example.com,11/03/2024,1177.28,USD,refunded,7,DE
TX-0004655,C-02255,Mateo Nguyen,mateo.nguyen4655@example.com,12/08/2024,100.74,USD,cancelled,8,US
TX-0004656,C-02256,Ava Patel,,01/01/2024,2333.96,USD,completed,1,CA
TX-0004657,C-02257,Noah Kim,noah.kim4657@example.com,02/06/2024,595.06,USD,pending,2,GB
TX-0004658,C-02258,Mia Martin,mia.martin4658@example.com,03/11/2024,436.49,USD,refunded,3,AU
TX-0004659,C-02259,Liam Smith,liam.smith4659@example.com,04/04/2024,2069.82,USD,cancelled,4,DE
TX-0004660,C-02260,Sofia Brown,sofia.brown4660@example.com,05/09/2024,769.55,USD,completed,5,US
TX-0004661,C-02261,Ethan Wilson,ethan.wilson4661@example.com,06/02/2024,260.20,USD,pending,6,CA
TX-0004662,C-02262,Zoe Garcia,zoe.garcia4662@example.com,07/07/2024,2349.57,USD,refunded,7,GB
TX-0004663,C-02263,Mateo Nguyen,mateo.nguyen4663@example.com,08/12/2024,526.06,USD,cancelled,8,AU
TX-0004664,C-02264,Ava Patel,ava.patel4664@example.com,09/05/2024,2275.98,USD,completed,1,DE
TX-0004665,C-02265,Noah Kim,noah.kim4665@example.com,10/10/2024,1987.45,USD,pending,2,US
TX-0004666,C-02266,Mia Martin,mia.martin4666@example.com,11/03/2024,1032.91,USD,refunded,3,CA
TX-0004667,C-02267,Liam Smith,liam.smith4667@example.com,12/08/2024,740.93,USD,cancelled,4,GB
TX-0004668,C-02268,Sofia Brown,sofia.brown4668@example.com,01/01/2024,2365.10,USD,completed,5,AU
TX-0004669,C-02269,Ethan Wilson,ethan.wilson4669@example.com,02/06/2024,1137.81,USD,pending,6,DE
TX-0004670,C-02270,Zoe Garcia,zoe.garcia4670@example.com,03/11/2024,85.37,USD,refunded,7,US
TX-0004671,C-02271,Mateo Nguyen,mateo.nguyen4671@example.com,04/04/2024,1794.30,USD,cancelled,8,USA
TX-0004672,C-02272,Ava Patel,ava.patel4672@example.com,05/09/2024,1449.55,USD,completed,1,GB
TX-0004673,C-02273,Noah Kim,noah.kim4673@example.com,06/02/2024,1644.55,USD,pending,2,AU
TX-0004674,C-02274,Mia Martin,mia.martin4674@example.com,07/07/2024,430.24,USD,refunded,3,DE
TX-0004675,C-02275,Liam Smith,liam.smith4675@example.com,08/12/2024,1934.78,USD,cancelled,4,US
TX-0004676,C-02276,Sofia Brown,sofia.brown4676@example.com,09/05/2024,2375.63,USD,completed,5,CA
TX-0004677,C-02277,Ethan Wilson,ethan.wilson4677@example.com,10/10/2024,1563.25,USD,pending,6,GB
TX-0004678,C-02278,Zoe Garcia,zoe.garcia4678@example.com,11/03/2024,832.39,USD,refunded,7,AU
TX-0004679,C-02279,Mateo Nguyen,mateo.nguyen4679@example.com,12/08/2024,148.74,USD,cancelled,8,DE
TX-0004680,C-02280,Ava Patel,ava.patel4680@example.com,01/01/2024,1641.42,USD,completed,1,US
TX-0004681,C-02281,Noah Kim,noah.kim4681@example.com,02/06/2024,2228.62,USD,pending,2,CA
TX-0004682,C-02282,Mia Martin,mia.martin4682@example.com,03/11/2024,1588.75,USD,refunded,3,GB
TX-0004683,C-02283,Liam Smith,liam.smith4683@example.com,04/04/2024,,USD,cancelled,4,AU
TX-0004684,C-02284,Sofia Brown,sofia.brown4684@example.com,05/09/2024,458.98,USD,completed,5,DE
TX-0004685,C-02285,Ethan Wilson,ethan.wilson4685@example.com,06/02/2024,1122.56,USD,pending,6,US
TX-0004686,C-02286,Zoe Garcia,zoe.garcia4686@example.com,07/07/2024,676.20,USD,refunded,7,CA
TX-0004687,C-02287,Mateo Nguyen,mateo.nguyen4687@example.com,08/12/2024,1936.28,USD,cancelled,8,GB
TX-0004688,C-02288,Ava Patel,ava.patel4688@example.com,09/05/2024,1569.93,USD,completed,1,AU
TX-0004689,C-02289,Noah Kim,noah.kim4689@example.com,10/10/2024,323.06,USD,pending,2,DE
TX-0004690,C-02290,Mia Martin,mia.martin4690@example.com,11/03/2024,1350.48,USD,refunded,3,US
TX-0004691,C-02291,Liam Smith,liam.smith4691@example.com,12/08/2024,785.53,USD,cancelled,4,CA
TX-0004692,C-02292,Sofia Brown,sofia.brown4692@example.com,01/01/2024,868.50,USD,completed,5,GB
TX-0004693,C-02293,Ethan Wilson,ethan.wilson4693@example.com,02/06/2024,2289.43,USD,pending,6,AU
TX-0004694,C-02294,Zoe Garcia,zoe.garcia4694@example.com,03/11/2024,1856.16,USD,refunded,7,DE
TX-0004695,C-02295,Mateo Nguyen,mateo.nguyen4695@example.com,04/04/2024,2331.38,USD,cancelled,8,US
TX-0004696,C-02296,Ava Patel,ava.patel4696@example.com,05/09/2024,21.97,USD,completed,1,CA
TX-0004697,C-02297,Noah Kim,noah.kim4697@example.com,06/02/2024,329.72,USD,pending,2,GB
TX-0004698,C-02298,Mia Martin,mia.martin4698@example.com,07/07/2024,415.60,USD,refunded,3,AU
TX-0004699,C-02299,liam smith,liam.smith4699@example.com,08/12/2024,13.61,USD,cancelled,4,DE
TX-0004700,C-02300,Sofia Brown,sofia.brown4700@example.com,09/05/2024,1058.94,USD,completed,5,US
TX-0004701,C-02301,Ethan Wilson,ethan.wilson4701@example.com,10/10/2024,1168.96,USD,pending,6,CA
TX-0004702,C-02302,Zoe Garcia,zoe.garcia4702@example.com,11/03/2024,1951.41,USD,refunded,7,GB
TX-0004703,C-02303,Mateo Nguyen,mateo.nguyen4703@example.com,12/08/2024,2330.50,USD,cancelled,8,AU
TX-0004704,C-02304,Ava Patel,ava.patel4704@example.com,01/01/2024,2268.18,USD,completed,1,DE
TX-0004705,C-02305,Noah Kim,noah.kim4705@example.com,02/06/2024,1039.20,USD,pending,2,US
TX-0004706,C-02306,Mia Martin,mia.martin4706@example.com,03/11/2024,565.76, USD ,refunded,3,CA
TX-0004707,C-02307,Liam Smith,liam.smith4707@example.com,04/04/2024,1750.62,USD,cancelled,4,GB
TX-0004708,C-02308,Sofia Brown,sofia.brown4708@example.com,05/09/2024,866.98,USD,completed,5,AU
TX-0004709,C-02309,Ethan Wilson,ethan.wilson4709@example.com,06/02/2024,2191.32,USD,pending,6,DE
TX-0004710,C-02310,Zoe Garcia,zoe.garcia4710@example.com,07/07/2024,701.31,USD,COMPLETE,7,US
TX-0004711,C-02311,Mateo Nguyen,mateo.nguyen4711@example.com,08/12/2024,2445.05,USD,cancelled,8,CA
TX-0004712,C-02312,Ava Patel,ava.patel4712@example.com,09/05/2024,2155.15,USD,completed,1,GB
TX-0004713,C-02313,Noah Kim,noah.kim4713@example.com,10/10/2024,2186.77,USD,pending,2,AU
TX-0004714,C-02314,Mia Martin,mia.martin4714@example.com,11/03/2024,1293.66,USD,refunded,3,DE
TX-0004715,C-02315,Liam Smith,liam.smith4715@example.com,12/08/2024,1590.14,USD,cancelled,4,US
TX-0004716,C-02316,Sofia Brown,sofia.brown4716@example.com,01/01/2024,2226.54,USD,completed,5,ca
TX-0004717,C-02317,Ethan Wilson,ethan.wilson.invalid,02/06/2024,1925.89,USD,pending,6,GB
TX-0004718,C-02318,Zoe Garcia,zoe.garcia4718@example.com,03/11/2024,404.78,USD,refunded,7,AU
TX-0004719,C-02319,Mateo Nguyen,mateo.nguyen4719@example.com,04/04/2024,1296.60,USD,cancelled,8,DE
TX-0004720,C-02320,Ava Patel,ava.patel4720@example.com,05/09/2024,946.85,USD,completed,1,US
TX-0004721,C-02321,Noah Kim,noah.kim4721@example.com,06/02/2024,585.84,USD,pending,2,CA
TX-0004722,C-02322,Mia Martin,mia.martin4722@example.com,07/07/2024,1106.31,USD,refunded,3,GB
TX-0004723,C-02323,Liam Smith,liam.smith4723@example.com,08/12/2024,1593.64,USD,cancelled,4,AU
TX-0004724,C-02324,Sofia Brown,sofia.brown4724@example.com,09/05/2024,1755.04,USD,completed,5,DE
TX-0004725,C-02325,Ethan Wilson,ethan.wilson4725@example.com,10/10/2024,900.86,USD,pending,6,US
TX-0004726,C-02326,Zoe Garcia,zoe.garcia4726@example.com,11/03/2024,1580.37,USD,refunded,7,CA
TX-0004727,C-02327,Mateo Nguyen,mateo.nguyen4727@example.com,12/08/2024,337.07,USD,cancelled,8,GB
TX-0004728,C-02328,Ava Patel,ava.patel4728@example.com,01/01/2024,12.34,USD,completed,1,AU
TX-0004729,C-02329,Noah Kim,noah.kim4729@example.com,02/06/2024,128.99,USD,pending,2,DE
TX-0004730,C-02330,Mia Martin,mia.martin4730@example.com,03/11/2024,2376.64,USD,refunded,3,US
TX-0004731,C-02331,Liam Smith,liam.smith4731@example.com,04/04/2024,1890.19,USD,cancelled,4,CA
TX-0004732,C-02332,Sofia Brown,sofia.brown4732@example.com,05/09/2024,1719.47,USD,completed,5,GB
TX-0004733,C-02333,Ethan Wilson,ethan.wilson4733@example.com,06/02/2024,2112.81,USD,pending,6,AU
TX-0004734,C-02334,Zoe Garcia,zoe.garcia4734@example.com,07/07/2024,662.56,USD,refunded,7,DE
TX-0004735,C-02335,Mateo Nguyen,mateo.nguyen4735@example.com,08/12/2024,512.68,USD,cancelled,8,US
TX-0004736,C-02336,Ava Patel,ava.patel4736@example.com,09/05/2024,1382.61,USD,completed,1,CA
TX-0004737,C-02337,Noah Kim,noah.kim4737@example.com,10/10/2024,1013.42,USD,pending,2,GB
TX-0004738,C-02338,Mia Martin,mia.martin4738@example.com,11/03/2024,1825.72,USD,refunded,3,AU
TX-0004739,C-02339,Liam Smith,liam.smith4739@example.com,12/08/2024,396.92,USD,cancelled,4,DE
TX-0004740,C-02340,Sofia Brown,sofia.brown4740@example.com,01/01/2024,1339.86,USD,completed,5,US
TX-0004741,C-02341,Ethan Wilson,ethan.wilson4741@example.com,02/06/2024,1238.25,USD,pending,6,CA
TX-0004742,C-02342,Zoe Garcia,zoe.garcia4742@example.com,03/11/2024,705.60,USD,refunded,7,GB
TX-0004743,C-02343,Mateo Nguyen,mateo.nguyen4743@example.com,04/04/2024,1091.30,USD,cancelled,8,AU
TX-0004744,C-02344,Ava Patel,ava.patel4744@example.com,05/09/2024,1096.10,USD,completed,1,DE
TX-0004745,C-02345,Noah Kim,noah.kim4745@example.com,06/02/2024,2491.37,USD,pending,2,US
TX-0004746,C-02346,  MIA MARTIN  ,mia.martin4746@example.com,07/07/2024,1558.01,USD,refunded,3,CA
TX-0004747,C-02347,Liam Smith,liam.smith4747@example.com,08/12/2024,576.80,USD,cancelled,4,GB
TX-0004748,C-02348,Sofia Brown,sofia.brown4748@example.com,09/05/2024,1734.14,USD,completed,5,AU
TX-0004749,C-02349,Ethan Wilson,ethan.wilson4749@example.com,10/10/2024,918.57,USD,pending,6,DE
TX-0004750,C-02350,Zoe Garcia,zoe.garcia4750@example.com,11/03/2024,2452.89,USD,refunded,7,US
TX-0004751,C-02351,Mateo Nguyen,mateo.nguyen4751@example.com,12/08/2024,1452.51,USD,cancelled,8,CA
TX-0004752,C-02352,Ava Patel,ava.patel4752@example.com,01/01/2024,1039.78,USD,completed,1,GB
TX-0004753,C-02353,Noah Kim,,02/06/2024,2030.32,USD,pending,2,AU
TX-0004754,C-02354,Mia Martin,mia.martin4754@example.com,03/11/2024,83.54,USD,refunded,3,DE
TX-0004755,C-02355,Liam Smith,liam.smith4755@example.com,04/04/2024,11.27,USD,cancelled,4,US
TX-0004756,C-02356,Sofia Brown,sofia.brown4756@example.com,05/09/2024,2249.69,USD,completed,5,CA
TX-0004757,C-02357,Ethan Wilson,ethan.wilson4757@example.com,06/02/2024,2232.33,USD,pending,6,GB
TX-0004758,C-02358,Zoe Garcia,zoe.garcia4758@example.com,07/07/2024,2184.16,USD,refunded,7,AU
TX-0004759,C-02359,Mateo Nguyen,mateo.nguyen4759@example.com,08/12/2024,2226.91,USD,cancelled,8,DE
TX-0004760,C-02360,Ava Patel,ava.patel4760@example.com,09/05/2024,2082.18,USD,completed,1,US
TX-0004761,C-02361,Noah Kim,noah.kim4761@example.com,10/10/2024,130.91,USD,pending,2,CA
TX-0004762,C-02362,Mia Martin,mia.martin4762@example.com,11/03/2024,915.68,USD,refunded,3,GB
TX-0004763,C-02363,Liam Smith,liam.smith4763@example.com,12/08/2024,463.01,USD,cancelled,4,AU
TX-0004764,C-02364,Sofia Brown,sofia.brown4764@example.com,01/01/2024,1441.75,USD,completed,5,DE
TX-0004765,C-02365,Ethan Wilson,ethan.wilson4765@example.com,02/06/2024,700.53,USD,pending,6,US
TX-0004766,C-02366,Zoe Garcia,zoe.garcia4766@example.com,03/11/2024,145.36,USD,refunded,7,CA
TX-0004767,C-02367,Mateo Nguyen,mateo.nguyen4767@example.com,04/04/2024,1611.50,USD,cancelled,8,GB
TX-0004768,C-02368,Ava Patel,ava.patel4768@example.com,05/09/2024,55.38,usd,completed,1,AU
TX-0004769,C-02369,Noah Kim,noah.kim4769@example.com,06/02/2024,565.82,USD,pending,2,DE
TX-0004770,C-02370,Mia Martin,mia.martin4770@example.com,07/07/2024,1428.39,USD,refunded,3,US
TX-0004771,C-02371,Liam Smith,liam.smith4771@example.com,08/12/2024,2130.05,USD,cancelled,4,CA
TX-0004772,C-02372,Sofia Brown,sofia.brown4772@example.com,09/05/2024,1108.27,USD,completed,5,GB
TX-0004773,C-02373,Ethan Wilson,ethan.wilson4773@example.com,10/10/2024,107.06,USD,pending,6,AU
TX-0004774,C-02374,Zoe Garcia,zoe.garcia4774@example.com,11/03/2024,827.27,USD,refunded,7,DE
TX-0004775,C-02375,Mateo Nguyen,mateo.nguyen4775@example.com,12/08/2024,48.87,USD,unknown,8,US
TX-0004776,C-02376,Ava Patel,ava.patel4776@example.com,01/01/2024,1266.57,USD,completed,1,CA
TX-0004777,C-02377,Noah Kim,noah.kim4777@example.com,02/06/2024,717.78,USD,pending,2,GB
TX-0004778,C-02378,Mia Martin,mia.martin4778@example.com,03/11/2024,1581.52,USD,refunded,3,AU
TX-0004779,C-02379,Liam Smith,liam.smith4779@example.com,04/04/2024,145.05,USD,cancelled,4,DE
TX-0004780,C-02380,Sofia Brown,sofia.brown4780@example.com,05/09/2024,258.45,USD,completed,5,US
TX-0004781,C-02381,Ethan Wilson,ethan.wilson4781@example.com,06/02/2024,2080.73,USD,pending,6,CA
TX-0004782,C-02382,Zoe Garcia,zoe.garcia4782@example.com,07/07/2024,1466.44,USD,refunded,7,GB
TX-0004783,C-02383,Mateo Nguyen,mateo.nguyen4783@example.com,08/12/2024,2109.03,USD,cancelled,8,AU
TX-0004784,C-02384,Ava Patel,ava.patel4784@example.com,09/05/2024,1824.69,USD,completed,1,DE
TX-0004785,C-02385,Noah Kim,noah.kim4785@example.com,10/10/2024,1825.04,USD,pending,2,US
TX-0004786,C-02386,Mia Martin,mia.martin4786@example.com,11/03/2024,1890.40,USD,refunded,3,CA
TX-0004787,C-02387,Liam Smith,liam.smith4787@example.com,12/08/2024,1182.00,USD,cancelled,4,GB
TX-0004788,C-02388,Sofia Brown,sofia.brown4788@example.com,01/01/2024,171.69,USD,completed,5,AU
TX-0004789,C-02389,Ethan Wilson,ethan.wilson4789@example.com,02/06/2024,1287.88,USD,pending,6,DE
TX-0004790,C-02390,Zoe Garcia,zoe.garcia4790@example.com,03/11/2024,1751.53,USD,refunded,7,US
TX-0004791,C-02391,Mateo Nguyen,mateo.nguyen4791@example.com,04/04/2024,1268.85,USD,cancelled,8,CA
TX-0004792,C-02392,Ava Patel,ava.patel4792@example.com,05/09/2024,2493.00,USD,completed,1,GB
TX-0004793,C-02393,Noah Kim,noah.kim4793@example.com,06/02/2024,2098.65,USD,pending,2,AU
TX-0004794,C-02394,Mia Martin,mia.martin4794@example.com,07/07/2024,2192.14,USD,refunded,3,DE
TX-0004795,C-02395,Liam Smith,liam.smith4795@example.com,08/12/2024,2295.47,USD,cancelled,4,US
TX-0004796,C-02396,Sofia Brown,sofia.brown4796@example.com,09/05/2024,1689.66,USD,completed,5,CA
TX-0004797,C-02397,Ethan Wilson,ethan.wilson4797@example.com,10/10/2024,1565.90,USD,pending,6,GB
TX-0004798,C-02398,Zoe Garcia,zoe.garcia4798@example.com,11/03/2024,1698.52,USD,refunded,7,AU
TX-0004799,C-02399,Mateo Nguyen,mateo.nguyen4799@example.com,12/08/2024,1008.34,USD,cancelled,8,DE
TX-0004800,C-02400,Ava Patel,ava.patel4800@example.com,01/01/2024,709.24,USD,completed,1,US
TX-0004801,C-00001,Noah Kim,noah.kim4801@example.com,02/06/2024,1745.73,USD,pending,2,CA
TX-0004802,C-00002,Mia Martin,mia.martin4802@example.com,03/11/2024,823.97,USD,refunded,3,GB
TX-0004803,C-00003,Liam Smith,liam.smith4803@example.com,04/04/2024,1938.76,USD,cancelled,4,AU
TX-0004804,C-00004,Sofia Brown,sofia.brown4804@example.com,05/09/2024,1674.12,USD,completed,5,DE
TX-0004805,C-00005,Ethan Wilson,ethan.wilson4805@example.com,06/02/2024,422.33,USD,pending,6,US
TX-0004806,C-00006,Zoe Garcia,zoe.garcia.invalid,07/07/2024,50.69,USD,refunded,7,CA
TX-0004807,C-00007,Mateo Nguyen,mateo.nguyen4807@example.com,08/12/2024,1039.28,USD,cancelled,8,GB
TX-0004808,C-00008,Ava Patel,ava.patel4808@example.com,09/05/2024,2437.51,USD,completed,1,AU
TX-0004809,C-00009,Noah Kim,noah.kim4809@example.com,10/10/2024,1563.88,USD,pending,2,DE
TX-0004810,C-00010,Mia Martin,mia.martin4810@example.com,11/03/2024,1428.19,USD,refunded,3,US
TX-0004811,C-00011,Liam Smith,liam.smith4811@example.com,12/08/2024,2292.30,USD,cancelled,4,CA
TX-0004812,C-00012,Sofia Brown,sofia.brown4812@example.com,01/01/2024,727.37,USD,completed,5,GB
TX-0004813,C-00013,Ethan Wilson,ethan.wilson4813@example.com,02/06/2024,727.49,USD,pending,6,AU
TX-0004814,C-00014,Zoe Garcia,zoe.garcia4814@example.com,03/11/2024,314.12,USD,refunded,7,DE
TX-0004815,C-00015,Mateo Nguyen,mateo.nguyen4815@example.com,04/04/2024,559.59,USD,cancelled,8,US
TX-0004816,C-00016,Ava Patel,ava.patel4816@example.com,05/09/2024,499.11,USD,completed,1,CA
TX-0004817,C-00017,Noah Kim,noah.kim4817@example.com,06/02/2024,1214.46,USD,pending,2,GB
TX-0004818,C-00018,Mia Martin,mia.martin4818@example.com,07/07/2024,171.08,USD,refunded,3,AU
TX-0004819,C-00019,Liam Smith,liam.smith4819@example.com,08/12/2024,167.14,USD,cancelled,4,DE
TX-0004820,C-00020,Sofia Brown,sofia.brown4820@example.com,09/05/2024,985.84,USD,completed,5,US
TX-0004821,C-00021,Ethan Wilson,ethan.wilson4821@example.com,10/10/2024,65.23,USD,pending,6,CA
TX-0004822,C-00022,Zoe Garcia,zoe.garcia4822@example.com,11/03/2024,180.91,USD,refunded,7,GB
TX-0004823,C-00023,Mateo Nguyen,mateo.nguyen4823@example.com,12/08/2024,338.31,USD,cancelled,8,AU
TX-0004824,C-00024,Ava Patel,ava.patel4824@example.com,01/01/2024,1259.29,USD,completed,1,DE
TX-0004825,C-00025,Noah Kim,noah.kim4825@example.com,02/06/2024,1493.91,USD,pending,2,US
TX-0004826,C-00026,mia martin,mia.martin4826@example.com,03/11/2024,727.08,USD,refunded,3,CA
TX-0004827,C-00027,Liam Smith,liam.smith4827@example.com,04/04/2024,1151.64,USD,cancelled,4,GB
TX-0004828,C-00028,Sofia Brown,sofia.brown4828@example.com,05/09/2024,2113.86,USD,completed,5,AU
TX-0004829,C-00029,Ethan Wilson,ethan.wilson4829@example.com,06/02/2024,1870.73,USD,pending,6,DE
TX-0004830,C-00030,Zoe Garcia,zoe.garcia4830@example.com,07/07/2024,2425.20,USD,refunded,7,US
TX-0004831,C-00031,Mateo Nguyen,mateo.nguyen4831@example.com,08/12/2024,2345.47,USD,cancelled,8,CA
TX-0004832,C-00032,Ava Patel,ava.patel4832@example.com,09/05/2024,1097.84,USD,completed,1,GB
TX-0004833,C-00033,Noah Kim,noah.kim4833@example.com,10/10/2024,1591.19,USD,pending,2,AU
TX-0004834,C-00034,Mia Martin,mia.martin4834@example.com,11/03/2024,1734.09,USD,refunded,3,DE
TX-0004835,C-00035,Liam Smith,liam.smith4835@example.com,12/08/2024,2332.96,USD,cancelled,4,US
TX-0004836,C-00036,Sofia Brown,sofia.brown4836@example.com,01/01/2024,2388.60,USD,completed,5,CA
TX-0004837,C-00037,Ethan Wilson,ethan.wilson4837@example.com,02/06/2024,151.51,USD,pending,6,GB
TX-0004838,C-00038,Zoe Garcia,zoe.garcia4838@example.com,03/11/2024,986.27,USD,refunded,7,AU
TX-0004839,C-00039,Mateo Nguyen,mateo.nguyen4839@example.com,04/04/2024,763.00,USD,cancelled,8,DE
TX-0004840,C-00040,Ava Patel,ava.patel4840@example.com,05/09/2024,1289.93,USD,completed,1,US
TX-0004841,C-00041,Noah Kim,noah.kim4841@example.com,06/02/2024,2240.33,USD,pending,2,CA
TX-0004842,C-00042,Mia Martin,mia.martin4842@example.com,07/07/2024,451.40,USD,refunded,3,GB
TX-0004843,C-00043,Liam Smith,liam.smith4843@example.com,08/12/2024,1943.92,USD,cancelled,4,AU
TX-0004844,C-00044,Sofia Brown,sofia.brown4844@example.com,09/05/2024,1986.58,USD,completed,5,USA
TX-0004845,C-00045,Ethan Wilson,ethan.wilson4845@example.com,10/10/2024,549.07,USD,pending,6,US
TX-0004846,C-00046,Zoe Garcia,zoe.garcia4846@example.com,11/03/2024,2216.95,USD,refunded,7,CA
TX-0004847,C-00047,Mateo Nguyen,mateo.nguyen4847@example.com,12/08/2024,1282.89,USD,cancelled,8,gb
TX-0004848,C-00048,Ava Patel,ava.patel4848@example.com,01/01/2024,951.23,USD,completed,1,AU
TX-0004849,C-00049,Noah Kim,noah.kim4849@example.com,02/06/2024,1296.04,USD,pending,2,DE
TX-0004850,C-00050,Mia Martin,,03/11/2024,1295.17,USD,refunded,3,US
TX-0004851,C-00051,Liam Smith,liam.smith4851@example.com,04/04/2024,1506.09,USD,cancelled,4,CA
TX-0004852,C-00052,Sofia Brown,sofia.brown4852@example.com,05/09/2024,2006.04,USD,completed,5,GB
TX-0004853,C-00053,Ethan Wilson,ethan.wilson4853@example.com,06/02/2024,-92.68,USD,pending,6,AU
TX-0004854,C-00054,Zoe Garcia,zoe.garcia4854@example.com,07/07/2024,2477.02,USD,refunded,7,DE
TX-0004855,C-00055,Mateo Nguyen,mateo.nguyen4855@example.com,08/12/2024,2422.48,USD,cancelled,8,US
TX-0004856,C-00056,Ava Patel,ava.patel4856@example.com,09/05/2024,458.17,USD,completed,1,CA
TX-0004857,C-00057,Noah Kim,noah.kim4857@example.com,10/10/2024,1707.70,USD,pending,2,GB
TX-0004858,C-00058,Mia Martin,mia.martin4858@example.com,11/03/2024,916.97,USD,refunded,3,AU
TX-0004859,C-00059,  LIAM SMITH  ,liam.smith4859@example.com,12/08/2024,27.31,USD,cancelled,4,DE
TX-0004860,C-00060,Sofia Brown,sofia.brown4860@example.com,01/01/2024,1751.01,USD,completed,5,US
TX-0004861,C-00061,Ethan Wilson,ethan.wilson4861@example.com,02/06/2024,474.56,USD,pending,6,CA
TX-0004862,C-00062,Zoe Garcia,zoe.garcia4862@example.com,03/11/2024,587.48,USD,refunded,7,GB
TX-0004863,C-00063,Mateo Nguyen,mateo.nguyen4863@example.com,04/04/2024,248.32,USD,cancelled,8,AU
TX-0004864,C-00064,Ava Patel,ava.patel4864@example.com,05/09/2024,1050.08,USD,completed,1,DE
TX-0004865,C-00065,Noah Kim,noah.kim4865@example.com,06/02/2024,1538.13,USD,pending,2,US
TX-0004866,C-00066,Mia Martin,mia.martin4866@example.com,07/07/2024,2345.14,USD,refunded,3,CA
TX-0004867,C-00067,Liam Smith,liam.smith4867@example.com,08/12/2024,2222.29,USD,COMPLETE,4,GB
TX-0004868,C-00068,Sofia Brown,sofia.brown4868@example.com,09/05/2024,823.35,USD,completed,5,AU
TX-0004869,C-00069,Ethan Wilson,ethan.wilson4869@example.com,10/10/2024,1758.48,USD,pending,6,DE
TX-0004870,C-00070,Zoe Garcia,zoe.garcia4870@example.com,11/03/2024,670.58,USD,refunded,7,US
TX-0004871,C-00071,Mateo Nguyen,mateo.nguyen4871@example.com,12/08/2024,804.95,USD,cancelled,8,CA
TX-0004872,C-00072,Ava Patel,ava.patel4872@example.com,01/01/2024,1298.62,USD,completed,1,GB
TX-0004873,C-00073,Noah Kim,noah.kim4873@example.com,02/06/2024,949.96,USD,pending,2,AU
TX-0004874,C-00074,Mia Martin,mia.martin4874@example.com,03/11/2024,1201.26,USD,refunded,3,DE
TX-0004875,C-00075,Liam Smith,liam.smith4875@example.com,04/04/2024,538.83,USD,cancelled,4,US
TX-0004876,C-00076,Sofia Brown,sofia.brown4876@example.com,05/09/2024,489.27,USD,completed,5,CA
TX-0004877,C-00077,Ethan Wilson,ethan.wilson4877@example.com,06/02/2024,1160.93,USD,pending,6,GB
TX-0004878,C-00078,Zoe Garcia,zoe.garcia4878@example.com,07/07/2024,2102.35,USD,refunded,7,AU
TX-0004879,C-00079,Mateo Nguyen,mateo.nguyen4879@example.com,08/12/2024,272.88,USD,cancelled,8,DE
TX-0004880,C-00080,Ava Patel,ava.patel4880@example.com,09/05/2024,2406.12,USD,completed,1,US
TX-0004881,C-00081,Noah Kim,noah.kim4881@example.com,10/10/2024,599.33,USD,pending,2,CA
TX-0004882,C-00082,Mia Martin,mia.martin4882@example.com,11/03/2024,1201.32,USD,refunded,3,GB
TX-0004883,C-00083,Liam Smith,liam.smith4883@example.com,12/08/2024,2211.65,USD,cancelled,4,AU
TX-0004884,C-00084,Sofia Brown,sofia.brown4884@example.com,01/01/2024,2036.90,USD,completed,5,DE
TX-0004885,C-00085,Ethan Wilson,ethan.wilson4885@example.com,02/06/2024,2061.03,USD,pending,6,US
TX-0004886,C-00086,Zoe Garcia,zoe.garcia4886@example.com,03/11/2024,2421.64,USD,refunded,7,CA
TX-0004887,C-00087,Mateo Nguyen,mateo.nguyen4887@example.com,04/04/2024,1110.91, USD ,cancelled,8,GB
TX-0004888,C-00088,Ava Patel,ava.patel4888@example.com,05/09/2024,1956.53,USD,completed,1,AU
TX-0004889,C-00089,Noah Kim,noah.kim4889@example.com,06/02/2024,2266.51,USD,pending,2,DE
TX-0004890,C-00090,Mia Martin,mia.martin4890@example.com,07/07/2024,1015.26,USD,refunded,3,US
TX-0004891,C-00091,Liam Smith,liam.smith4891@example.com,08/12/2024,2009.74,USD,cancelled,4,CA
TX-0004892,C-00092,Sofia Brown,sofia.brown4892@example.com,09/05/2024,578.76,USD,completed,5,GB
TX-0004893,C-00093,Ethan Wilson,ethan.wilson4893@example.com,10/10/2024,2361.84,USD,pending,6,AU
TX-0004894,C-00094,Zoe Garcia,zoe.garcia4894@example.com,11/03/2024,1411.84,USD,refunded,7,DE
TX-0004895,C-00095,Mateo Nguyen,mateo.nguyen.invalid,12/08/2024,1124.06,USD,cancelled,8,US
TX-0004896,C-00096,Ava Patel,ava.patel4896@example.com,01/01/2024,1318.43,USD,completed,1,CA
TX-0004897,C-00097,Noah Kim,noah.kim4897@example.com,02/06/2024,185.44,USD,pending,2,GB
TX-0004898,C-00098,Mia Martin,mia.martin4898@example.com,03/11/2024,532.30,USD,refunded,3,AU
TX-0004899,C-00099,Liam Smith,liam.smith4899@example.com,04/04/2024,1486.58,USD,cancelled,4,DE
TX-0004900,C-00100,Sofia Brown,sofia.brown4900@example.com,05/09/2024,1386.13,USD,completed,5,US
TX-0004901,C-00101,Ethan Wilson,ethan.wilson4901@example.com,06/02/2024,1756.94,USD,pending,6,CA
TX-0004902,C-00102,Zoe Garcia,zoe.garcia4902@example.com,07/07/2024,943.12,USD,refunded,7,GB
TX-0004903,C-00103,Mateo Nguyen,mateo.nguyen4903@example.com,08/12/2024,441.01,USD,cancelled,8,AU
TX-0004904,C-00104,Ava Patel,ava.patel4904@example.com,09/05/2024,666.37,USD,completed,1,DE
TX-0004905,C-00105,Noah Kim,noah.kim4905@example.com,10/10/2024,1442.61,USD,pending,2,US
TX-0004906,C-00106,Mia Martin,mia.martin4906@example.com,11/03/2024,,USD,refunded,3,CA
TX-0004907,C-00107,Liam Smith,liam.smith4907@example.com,12/08/2024,1638.38,USD,cancelled,4,GB
TX-0004908,C-00108,Sofia Brown,sofia.brown4908@example.com,01/01/2024,1157.03,USD,completed,5,AU
TX-0004909,C-00109,Ethan Wilson,ethan.wilson4909@example.com,02/06/2024,1667.73,USD,pending,6,DE
TX-0004910,C-00110,Zoe Garcia,zoe.garcia4910@example.com,03/11/2024,521.96,USD,refunded,7,US
TX-0004911,C-00111,Mateo Nguyen,mateo.nguyen4911@example.com,04/04/2024,21.31,USD,cancelled,8,CA
TX-0004912,C-00112,Ava Patel,ava.patel4912@example.com,05/09/2024,1554.76,USD,completed,1,GB
TX-0004913,C-00113,Noah Kim,noah.kim4913@example.com,06/02/2024,432.02,USD,pending,2,AU
TX-0004914,C-00114,Mia Martin,mia.martin4914@example.com,07/07/2024,129.51,USD,refunded,3,DE
TX-0004915,C-00115,Liam Smith,liam.smith4915@example.com,08/12/2024,1039.58,USD,cancelled,4,US
TX-0004916,C-00116,Sofia Brown,sofia.brown4916@example.com,09/05/2024,1113.10,USD,completed,5,CA
TX-0004917,C-00117,Ethan Wilson,ethan.wilson4917@example.com,10/10/2024,1426.08,usd,pending,6,GB
TX-0004918,C-00118,Zoe Garcia,zoe.garcia4918@example.com,11/03/2024,576.06,USD,refunded,7,AU
TX-0004919,C-00119,Mateo Nguyen,mateo.nguyen4919@example.com,12/08/2024,260.35,USD,cancelled,8,DE
TX-0004920,C-00120,Ava Patel,ava.patel4920@example.com,01/01/2024,1521.21,USD,completed,1,US
TX-0004921,C-00121,Noah Kim,noah.kim4921@example.com,02/06/2024,1703.97,USD,pending,2,CA
TX-0004922,C-00122,Mia Martin,mia.martin4922@example.com,03/11/2024,2282.02,USD,refunded,3,GB
TX-0004923,C-00123,Liam Smith,liam.smith4923@example.com,04/04/2024,397.60,USD,cancelled,4,AU
TX-0004924,C-00124,Sofia Brown,sofia.brown4924@example.com,05/09/2024,2058.20,USD,completed,5,DE
TX-0004925,C-00125,Ethan Wilson,ethan.wilson4925@example.com,06/02/2024,1285.06,USD,pending,6,US
TX-0004926,C-00126,Zoe Garcia,zoe.garcia4926@example.com,07/07/2024,1613.76,USD,refunded,7,CA
TX-0004927,C-00127,Mateo Nguyen,mateo.nguyen4927@example.com,08/12/2024,282.69,USD,cancelled,8,GB
TX-0004928,C-00128,Ava Patel,ava.patel4928@example.com,09/05/2024,714.87,USD,completed,1,AU
TX-0004929,C-00129,Noah Kim,noah.kim4929@example.com,10/10/2024,808.04,USD,pending,2,DE
TX-0004930,C-00130,Mia Martin,mia.martin4930@example.com,11/03/2024,1430.51,USD,refunded,3,US
TX-0004931,C-00131,Liam Smith,liam.smith4931@example.com,12/08/2024,1216.84,USD,cancelled,4,CA
TX-0004932,C-00132,Sofia Brown,sofia.brown4932@example.com,01/01/2024,2239.49,USD,completed,5,GB
TX-0004933,C-00133,Ethan Wilson,ethan.wilson4933@example.com,02/06/2024,895.91,USD,pending,6,AU
TX-0004934,C-00134,Zoe Garcia,zoe.garcia4934@example.com,03/11/2024,413.69,USD,refunded,7,DE
TX-0004935,C-00135,Mateo Nguyen,mateo.nguyen4935@example.com,04/04/2024,2091.82,USD,cancelled,8,US
TX-0004936,C-00136,Ava Patel,ava.patel4936@example.com,05/09/2024,1974.72,USD,completed,1,CA
TX-0004937,C-00137,Noah Kim,noah.kim4937@example.com,06/02/2024,2419.91,USD,pending,2,GB
TX-0004938,C-00138,Mia Martin,mia.martin4938@example.com,07/07/2024,91.87,USD,refunded,3,AU
TX-0004939,C-00139,Liam Smith,liam.smith4939@example.com,08/12/2024,1097.88,USD,cancelled,4,DE
TX-0004940,C-00140,Sofia Brown,sofia.brown4940@example.com,09/05/2024,365.87,USD,completed,5,US
TX-0004941,C-00141,Ethan Wilson,ethan.wilson4941@example.com,10/10/2024,893.85,USD,pending,6,CA
TX-0004942,C-00142,Zoe Garcia,zoe.garcia4942@example.com,11/03/2024,288.09,USD,refunded,7,GB
TX-0004943,C-00143,Mateo Nguyen,mateo.nguyen4943@example.com,12/08/2024,1936.65,USD,cancelled,8,AU
TX-0004944,C-00144,Ava Patel,ava.patel4944@example.com,01/01/2024,1305.97,USD,completed,1,DE
TX-0004945,C-00145,Noah Kim,noah.kim4945@example.com,02/06/2024,1395.95,USD,pending,2,US
TX-0004946,C-00146,Mia Martin,mia.martin4946@example.com,03/11/2024,1204.97,USD,refunded,3,CA
TX-0004947,C-00147,Liam Smith,,04/04/2024,1180.49,USD,cancelled,4,GB
TX-0004948,C-00148,Sofia Brown,sofia.brown4948@example.com,05/09/2024,375.31,USD,completed,5,AU
TX-0004949,C-00149,Ethan Wilson,ethan.wilson4949@example.com,06/02/2024,470.48,USD,pending,6,DE
TX-0004950,C-00150,Zoe Garcia,zoe.garcia4950@example.com,07/07/2024,1640.80,USD,refunded,7,US
TX-0004951,C-00151,Mateo Nguyen,mateo.nguyen4951@example.com,08/12/2024,1986.79,USD,cancelled,8,CA
TX-0004952,C-00152,Ava Patel,ava.patel4952@example.com,09/05/2024,1120.18,USD,completed,1,GB
TX-0004953,C-00153,noah kim,noah.kim4953@example.com,10/10/2024,625.23,USD,pending,2,AU
TX-0004954,C-00154,Mia Martin,mia.martin4954@example.com,11/03/2024,1167.54,USD,refunded,3,DE
TX-0004955,C-00155,Liam Smith,liam.smith4955@example.com,12/08/2024,1647.98,USD,cancelled,4,US
TX-0004956,C-00156,Sofia Brown,sofia.brown4956@example.com,01/01/2024,2035.74,USD,completed,5,CA
TX-0004957,C-00157,Ethan Wilson,ethan.wilson4957@example.com,02/06/2024,2182.93,USD,pending,6,GB
TX-0004958,C-00158,Zoe Garcia,zoe.garcia4958@example.com,03/11/2024,1769.28,USD,refunded,7,AU
TX-0004959,C-00159,Mateo Nguyen,mateo.nguyen4959@example.com,04/04/2024,2242.30,USD,cancelled,8,DE
TX-0004960,C-00160,Ava Patel,ava.patel4960@example.com,05/09/2024,264.98,USD,completed,1,US
TX-0004961,C-00161,Noah Kim,noah.kim4961@example.com,06/02/2024,295.76,USD,pending,2,CA
TX-0004962,C-00162,Mia Martin,mia.martin4962@example.com,07/07/2024,1703.65,USD,refunded,3,GB
TX-0004963,C-00163,Liam Smith,liam.smith4963@example.com,08/12/2024,2134.00,USD,cancelled,4,AU
TX-0004964,C-00164,Sofia Brown,sofia.brown4964@example.com,09/05/2024,1272.39,USD,completed,5,DE
TX-0004965,C-00165,Ethan Wilson,ethan.wilson4965@example.com,10/10/2024,1627.33,USD,pending,6,US
TX-0004966,C-00166,Zoe Garcia,zoe.garcia4966@example.com,11/03/2024,2356.37,USD,unknown,7,CA
TX-0004967,C-00167,Mateo Nguyen,mateo.nguyen4967@example.com,12/08/2024,2306.20,USD,cancelled,8,GB
TX-0004968,C-00168,Ava Patel,ava.patel4968@example.com,01/01/2024,2280.62,USD,completed,1,AU
TX-0004969,C-00169,Noah Kim,noah.kim4969@example.com,02/06/2024,141.58,USD,pending,2,DE
TX-0004970,C-00170,Mia Martin,mia.martin4970@example.com,03/11/2024,102.07,USD,refunded,3,US
TX-0004971,C-00171,Liam Smith,liam.smith4971@example.com,04/04/2024,2407.31,USD,cancelled,4,CA
TX-0004972,C-00172,  SOFIA BROWN  ,sofia.brown4972@example.com,05/09/2024,836.08,USD,completed,5,GB
TX-0004973,C-00173,Ethan Wilson,ethan.wilson4973@example.com,06/02/2024,1039.17,USD,pending,6,AU
TX-0004974,C-00174,Zoe Garcia,zoe.garcia4974@example.com,07/07/2024,1591.06,USD,refunded,7,DE
TX-0004975,C-00175,Mateo Nguyen,mateo.nguyen4975@example.com,08/12/2024,1496.53,USD,cancelled,8,US
TX-0004976,C-00176,Ava Patel,ava.patel4976@example.com,09/05/2024,1305.06,USD,completed,1,CA
TX-0004977,C-00177,Noah Kim,noah.kim4977@example.com,10/10/2024,1850.42,USD,pending,2,GB
TX-0004978,C-00178,Mia Martin,mia.martin4978@example.com,11/03/2024,980.41,USD,refunded,3,au
TX-0004979,C-00179,Liam Smith,liam.smith4979@example.com,12/08/2024,873.21,USD,cancelled,4,DE
TX-0004980,C-00180,Sofia Brown,sofia.brown4980@example.com,01/01/2024,1521.50,USD,completed,5,US
TX-0004981,C-00181,Ethan Wilson,ethan.wilson4981@example.com,02/06/2024,1817.80,USD,pending,6,CA
TX-0004982,C-00182,Zoe Garcia,zoe.garcia4982@example.com,03/11/2024,2322.78,USD,refunded,7,GB
TX-0004983,C-00183,Mateo Nguyen,mateo.nguyen4983@example.com,04/04/2024,1998.66,USD,cancelled,8,AU
TX-0004984,C-00184,Ava Patel,ava.patel.invalid,05/09/2024,1196.66,USD,completed,1,DE
TX-0004985,C-00185,Noah Kim,noah.kim4985@example.com,06/02/2024,1403.04,USD,pending,2,US
TX-0004986,C-00186,Mia Martin,mia.martin4986@example.com,07/07/2024,2319.63,USD,refunded,3,CA
TX-0004987,C-00187,Liam Smith,liam.smith4987@example.com,08/12/2024,1374.40,USD,cancelled,4,GB
TX-0004988,C-00188,Sofia Brown,sofia.brown4988@example.com,09/05/2024,485.01,USD,completed,5,AU
TX-0004989,C-00189,Ethan Wilson,ethan.wilson4989@example.com,10/10/2024,1805.84,USD,pending,6,DE
TX-0004990,C-00190,Zoe Garcia,zoe.garcia4990@example.com,11/03/2024,1397.90,USD,refunded,7,US
TX-0004991,C-00191,Mateo Nguyen,mateo.nguyen4991@example.com,12/08/2024,2452.79,USD,cancelled,8,CA
TX-0004992,C-00192,Ava Patel,ava.patel4992@example.com,01/01/2024,1658.60,USD,completed,1,GB
TX-0004993,C-00193,Noah Kim,noah.kim4993@example.com,02/06/2024,1687.52,USD,pending,2,AU
TX-0004994,C-00194,Mia Martin,mia.martin4994@example.com,03/11/2024,195.65,USD,refunded,3,DE
TX-0004995,C-00195,Liam Smith,liam.smith4995@example.com,04/04/2024,1203.53,USD,cancelled,4,US
TX-0004996,C-00196,Sofia Brown,sofia.brown4996@example.com,05/09/2024,1157.72,USD,completed,5,CA
TX-0004997,C-00197,Ethan Wilson,ethan.wilson4997@example.com,06/02/2024,603.54,USD,pending,6,GB
TX-0004998,C-00198,Zoe Garcia,zoe.garcia4998@example.com,07/07/2024,2290.01,USD,refunded,7,AU
TX-0004999,C-00199,Mateo Nguyen,mateo.nguyen4999@example.com,08/12/2024,641.36,USD,cancelled,8,DE
TX-0005000,C-00200,Ava Patel,ava.patel5000@example.com,09/05/2024,1896.42,USD,completed,1,US
TX-0005001,C-00201,Noah Kim,noah.kim5001@example.com,10/10/2024,2416.99,USD,pending,2,CA
TX-0005002,C-00202,Mia Martin,mia.martin5002@example.com,11/03/2024,1629.35,USD,refunded,3,GB
TX-0005003,C-00203,Liam Smith,liam.smith5003@example.com,12/08/2024,2316.51,USD,cancelled,4,AU
TX-0005004,C-00204,Sofia Brown,sofia.brown5004@example.com,01/01/2024,692.17,USD,completed,5,DE
TX-0005005,C-00205,Ethan Wilson,ethan.wilson5005@example.com,02/06/2024,351.26,USD,pending,6,US
TX-0005006,C-00206,Zoe Garcia,zoe.garcia5006@example.com,03/11/2024,1433.70,USD,refunded,7,CA
TX-0005007,C-00207,Mateo Nguyen,mateo.nguyen5007@example.com,04/04/2024,1294.51,USD,cancelled,8,GB
TX-0005008,C-00208,Ava Patel,ava.patel5008@example.com,05/09/2024,177.06,USD,completed,1,AU
TX-0005009,C-00209,Noah Kim,noah.kim5009@example.com,06/02/2024,1206.11,USD,pending,2,DE
TX-0005010,C-00210,Mia Martin,mia.martin5010@example.com,07/07/2024,1451.30,USD,refunded,3,US
TX-0005011,C-00211,Liam Smith,liam.smith5011@example.com,08/12/2024,2172.97,USD,cancelled,4,CA
TX-0005012,C-00212,Sofia Brown,sofia.brown5012@example.com,09/05/2024,1610.15,USD,completed,5,GB
TX-0005013,C-00213,Ethan Wilson,ethan.wilson5013@example.com,10/10/2024,166.13,USD,pending,6,AU
TX-0005014,C-00214,Zoe Garcia,zoe.garcia5014@example.com,11/03/2024,1691.11,USD,refunded,7,DE
TX-0005015,C-00215,Mateo Nguyen,mateo.nguyen5015@example.com,12/08/2024,1616.26,USD,cancelled,8,US
TX-0005016,C-00216,Ava Patel,ava.patel5016@example.com,01/01/2024,457.55,USD,completed,1,CA
TX-0005017,C-00217,Noah Kim,noah.kim5017@example.com,02/06/2024,1511.73,USD,pending,2,USA
TX-0005018,C-00218,Mia Martin,mia.martin5018@example.com,03/11/2024,1310.58,USD,refunded,3,AU
TX-0005019,C-00219,Liam Smith,liam.smith5019@example.com,04/04/2024,2319.33,USD,cancelled,4,DE
TX-0005020,C-00220,Sofia Brown,sofia.brown5020@example.com,05/09/2024,1718.74,USD,completed,5,US
TX-0005021,C-00221,Ethan Wilson,ethan.wilson5021@example.com,06/02/2024,101.82,USD,pending,6,CA
TX-0005022,C-00222,Zoe Garcia,zoe.garcia5022@example.com,07/07/2024,2156.72,USD,refunded,7,GB
TX-0005023,C-00223,Mateo Nguyen,mateo.nguyen5023@example.com,08/12/2024,1949.83,USD,cancelled,8,AU
TX-0005024,C-00224,Ava Patel,ava.patel5024@example.com,09/05/2024,1130.37,USD,COMPLETE,1,DE
TX-0005025,C-00225,Noah Kim,noah.kim5025@example.com,10/10/2024,1616.13,USD,pending,2,US
TX-0005026,C-00226,Mia Martin,mia.martin5026@example.com,11/03/2024,1339.58,USD,refunded,3,CA
TX-0005027,C-00227,Liam Smith,liam.smith5027@example.com,12/08/2024,735.69,USD,cancelled,4,GB
TX-0005028,C-00228,Sofia Brown,sofia.brown5028@example.com,01/01/2024,658.53,USD,completed,5,AU
TX-0005029,C-00229,Ethan Wilson,ethan.wilson5029@example.com,02/06/2024,539.86,USD,pending,6,DE
TX-0005030,C-00230,Zoe Garcia,zoe.garcia5030@example.com,03/11/2024,2311.86,USD,refunded,7,US
TX-0005031,C-00231,Mateo Nguyen,mateo.nguyen5031@example.com,04/04/2024,174.49,USD,cancelled,8,CA
TX-0005032,C-00232,Ava Patel,ava.patel5032@example.com,05/09/2024,2262.13,USD,completed,1,GB
TX-0005033,C-00233,Noah Kim,noah.kim5033@example.com,06/02/2024,1664.05,USD,pending,2,AU
TX-0005034,C-00234,Mia Martin,mia.martin5034@example.com,07/07/2024,1180.19,USD,refunded,3,DE
TX-0005035,C-00235,Liam Smith,liam.smith5035@example.com,08/12/2024,621.48,USD,cancelled,4,US
TX-0005036,C-00236,Sofia Brown,sofia.brown5036@example.com,09/05/2024,475.46,USD,completed,5,CA
TX-0005037,C-00237,Ethan Wilson,ethan.wilson5037@example.com,10/10/2024,1735.08,USD,pending,6,GB
TX-0005038,C-00238,Zoe Garcia,zoe.garcia5038@example.com,11/03/2024,719.63,USD,refunded,7,AU
TX-0005039,C-00239,Mateo Nguyen,mateo.nguyen5039@example.com,12/08/2024,1715.28,USD,cancelled,8,DE
TX-0005040,C-00240,Ava Patel,ava.patel5040@example.com,01/01/2024,70.54,USD,completed,1,US
TX-0005041,C-00241,Noah Kim,noah.kim5041@example.com,02/06/2024,545.40,USD,pending,2,CA
TX-0005042,C-00242,Mia Martin,mia.martin5042@example.com,03/11/2024,1359.19,USD,refunded,3,GB
TX-0005043,C-00243,Liam Smith,liam.smith5043@example.com,04/04/2024,2045.48,USD,cancelled,4,AU
TX-0005044,C-00244,Sofia Brown,,05/09/2024,2221.61,USD,completed,5,DE
TX-0005045,C-00245,Ethan Wilson,ethan.wilson5045@example.com,06/02/2024,1399.93,USD,pending,6,US
TX-0005046,C-00246,Zoe Garcia,zoe.garcia5046@example.com,07/07/2024,1682.66,USD,refunded,7,CA
TX-0005047,C-00247,Mateo Nguyen,mateo.nguyen5047@example.com,08/12/2024,2458.72,USD,cancelled,8,GB
TX-0005048,C-00248,Ava Patel,ava.patel5048@example.com,09/05/2024,1238.50,USD,completed,1,AU
TX-0005049,C-00249,Noah Kim,noah.kim5049@example.com,10/10/2024,214.53,USD,pending,2,DE
TX-0005050,C-00250,Mia Martin,mia.martin5050@example.com,11/03/2024,2090.20,USD,refunded,3,US
TX-0005051,C-00251,Liam Smith,liam.smith5051@example.com,12/08/2024,1003.76,USD,cancelled,4,CA
TX-0005052,C-00252,Sofia Brown,sofia.brown5052@example.com,01/01/2024,130.36,USD,completed,5,GB
TX-0005053,C-00253,Ethan Wilson,ethan.wilson5053@example.com,02/06/2024,2201.10,USD,pending,6,AU
TX-0005054,C-00254,Zoe Garcia,zoe.garcia5054@example.com,03/11/2024,1490.53,USD,refunded,7,DE
TX-0005055,C-00255,Mateo Nguyen,mateo.nguyen5055@example.com,04/04/2024,1308.11,USD,cancelled,8,US
TX-0005056,C-00256,Ava Patel,ava.patel5056@example.com,05/09/2024,2099.92,USD,completed,1,CA
TX-0005057,C-00257,Noah Kim,noah.kim5057@example.com,06/02/2024,951.42,USD,pending,2,GB
TX-0005058,C-00258,Mia Martin,mia.martin5058@example.com,07/07/2024,1701.19,USD,refunded,3,AU
TX-0005059,C-00259,Liam Smith,liam.smith5059@example.com,08/12/2024,2488.90,USD,cancelled,4,DE
TX-0005060,C-00260,Sofia Brown,sofia.brown5060@example.com,09/05/2024,880.29,USD,completed,5,US
TX-0005061,C-00261,Ethan Wilson,ethan.wilson5061@example.com,10/10/2024,1572.16,USD,pending,6,CA
TX-0005062,C-00262,Zoe Garcia,zoe.garcia5062@example.com,11/03/2024,2176.95,USD,refunded,7,GB
TX-0005063,C-00263,Mateo Nguyen,mateo.nguyen5063@example.com,12/08/2024,791.52,USD,cancelled,8,AU
TX-0005064,C-00264,Ava Patel,ava.patel5064@example.com,01/01/2024,-69.43,USD,completed,1,DE
TX-0005065,C-00265,Noah Kim,noah.kim5065@example.com,02/06/2024,2155.27,USD,pending,2,US
TX-0005066,C-00266,Mia Martin,mia.martin5066@example.com,03/11/2024,1123.08,usd,refunded,3,CA
TX-0005067,C-00267,Liam Smith,liam.smith5067@example.com,04/04/2024,792.57,USD,cancelled,4,GB
TX-0005068,C-00268,Sofia Brown,sofia.brown5068@example.com,05/09/2024,1703.34, USD ,completed,5,AU
TX-0005069,C-00269,Ethan Wilson,ethan.wilson5069@example.com,06/02/2024,1136.07,USD,pending,6,DE
TX-0005070,C-00270,Zoe Garcia,zoe.garcia5070@example.com,07/07/2024,2115.98,USD,refunded,7,US
TX-0005071,C-00271,Mateo Nguyen,mateo.nguyen5071@example.com,08/12/2024,701.49,USD,cancelled,8,CA
TX-0005072,C-00272,Ava Patel,ava.patel5072@example.com,09/05/2024,1705.86,USD,completed,1,GB
TX-0005073,C-00273,Noah Kim,noah.kim.invalid,10/10/2024,539.46,USD,pending,2,AU
TX-0005074,C-00274,Mia Martin,mia.martin5074@example.com,11/03/2024,528.91,USD,refunded,3,DE
TX-0005075,C-00275,Liam Smith,liam.smith5075@example.com,12/08/2024,1056.53,USD,cancelled,4,US
TX-0005076,C-00276,Sofia Brown,sofia.brown5076@example.com,01/01/2024,445.15,USD,completed,5,CA
TX-0005077,C-00277,Ethan Wilson,ethan.wilson5077@example.com,02/06/2024,1711.92,USD,pending,6,GB
TX-0005078,C-00278,Zoe Garcia,zoe.garcia5078@example.com,03/11/2024,1182.61,USD,refunded,7,AU
TX-0005079,C-00279,Mateo Nguyen,mateo.nguyen5079@example.com,04/04/2024,353.18,USD,cancelled,8,DE
TX-0005080,C-00280,ava patel,ava.patel5080@example.com,05/09/2024,563.81,USD,completed,1,US
TX-0005081,C-00281,Noah Kim,noah.kim5081@example.com,06/02/2024,994.95,USD,pending,2,CA
TX-0005082,C-00282,Mia Martin,mia.martin5082@example.com,07/07/2024,2099.49,USD,refunded,3,GB
TX-0005083,C-00283,Liam Smith,liam.smith5083@example.com,08/12/2024,2060.64,USD,cancelled,4,AU
TX-0005084,C-00284,Sofia Brown,sofia.brown5084@example.com,09/05/2024,705.11,USD,completed,5,DE
TX-0005085,C-00285,  ETHAN WILSON  ,ethan.wilson5085@example.com,10/10/2024,1624.08,USD,pending,6,US
TX-0005086,C-00286,Zoe Garcia,zoe.garcia5086@example.com,11/03/2024,1225.28,USD,refunded,7,CA
TX-0005087,C-00287,Mateo Nguyen,mateo.nguyen5087@example.com,12/08/2024,1079.87,USD,cancelled,8,GB
TX-0005088,C-00288,Ava Patel,ava.patel5088@example.com,01/01/2024,2089.35,USD,completed,1,AU
TX-0005089,C-00289,Noah Kim,noah.kim5089@example.com,02/06/2024,860.15,USD,pending,2,DE
TX-0005090,C-00290,Mia Martin,mia.martin5090@example.com,03/11/2024,2284.13,USD,refunded,3,US
TX-0005091,C-00291,Liam Smith,liam.smith5091@example.com,04/04/2024,1775.63,USD,cancelled,4,CA
TX-0005092,C-00292,Sofia Brown,sofia.brown5092@example.com,05/09/2024,1635.93,USD,completed,5,GB
TX-0005093,C-00293,Ethan Wilson,ethan.wilson5093@example.com,06/02/2024,365.84,USD,pending,6,AU
TX-0005094,C-00294,Zoe Garcia,zoe.garcia5094@example.com,07/07/2024,1978.16,USD,refunded,7,DE
TX-0005095,C-00295,Mateo Nguyen,mateo.nguyen5095@example.com,08/12/2024,385.64,USD,cancelled,8,US
TX-0005096,C-00296,Ava Patel,ava.patel5096@example.com,09/05/2024,801.04,USD,completed,1,CA
TX-0005097,C-00297,Noah Kim,noah.kim5097@example.com,10/10/2024,920.76,USD,pending,2,GB
TX-0005098,C-00298,Mia Martin,mia.martin5098@example.com,11/03/2024,1695.97,USD,refunded,3,AU
TX-0005099,C-00299,Liam Smith,liam.smith5099@example.com,12/08/2024,2362.25,USD,cancelled,4,DE
TX-0005100,C-00300,Sofia Brown,sofia.brown5100@example.com,01/01/2024,2156.47,USD,completed,5,US
TX-0005101,C-00301,Ethan Wilson,ethan.wilson5101@example.com,02/06/2024,175.01,USD,pending,6,CA
TX-0005102,C-00302,Zoe Garcia,zoe.garcia5102@example.com,03/11/2024,1766.29,USD,refunded,7,GB
TX-0005103,C-00303,Mateo Nguyen,mateo.nguyen5103@example.com,04/04/2024,1069.02,USD,cancelled,8,AU
TX-0005104,C-00304,Ava Patel,ava.patel5104@example.com,05/09/2024,924.75,USD,completed,1,DE
TX-0005105,C-00305,Noah Kim,noah.kim5105@example.com,06/02/2024,710.37,USD,pending,2,US
TX-0005106,C-00306,Mia Martin,mia.martin5106@example.com,07/07/2024,1555.01,USD,refunded,3,CA
TX-0005107,C-00307,Liam Smith,liam.smith5107@example.com,08/12/2024,2090.07,USD,cancelled,4,GB
TX-0005108,C-00308,Sofia Brown,sofia.brown5108@example.com,09/05/2024,1854.26,USD,completed,5,AU
TX-0005109,C-00309,Ethan Wilson,ethan.wilson5109@example.com,10/10/2024,2420.66,USD,pending,6,de
TX-0005110,C-00310,Zoe Garcia,zoe.garcia5110@example.com,11/03/2024,1434.76,USD,refunded,7,US
TX-0005111,C-00311,Mateo Nguyen,mateo.nguyen5111@example.com,12/08/2024,1687.79,USD,cancelled,8,CA
TX-0005112,C-00312,Ava Patel,ava.patel5112@example.com,01/01/2024,2469.04,USD,completed,1,GB
TX-0005113,C-00313,Noah Kim,noah.kim5113@example.com,02/06/2024,2082.61,USD,pending,2,AU
TX-0005114,C-00314,Mia Martin,mia.martin5114@example.com,03/11/2024,860.73,USD,refunded,3,DE
TX-0005115,C-00315,Liam Smith,liam.smith5115@example.com,04/04/2024,1034.97,USD,cancelled,4,US
TX-0005116,C-00316,Sofia Brown,sofia.brown5116@example.com,05/09/2024,310.12,USD,completed,5,CA
TX-0005117,C-00317,Ethan Wilson,ethan.wilson5117@example.com,06/02/2024,1634.84,USD,pending,6,GB
TX-0005118,C-00318,Zoe Garcia,zoe.garcia5118@example.com,07/07/2024,313.75,USD,refunded,7,AU
TX-0005119,C-00319,Mateo Nguyen,mateo.nguyen5119@example.com,08/12/2024,34.59,USD,cancelled,8,DE
TX-0005120,C-00320,Ava Patel,ava.patel5120@example.com,09/05/2024,2111.21,USD,completed,1,US
TX-0005121,C-00321,Noah Kim,noah.kim5121@example.com,10/10/2024,2299.60,USD,pending,2,CA
TX-0005122,C-00322,Mia Martin,mia.martin5122@example.com,11/03/2024,1517.88,USD,refunded,3,GB
TX-0005123,C-00323,Liam Smith,liam.smith5123@example.com,12/08/2024,1945.61,USD,cancelled,4,AU
TX-0005124,C-00324,Sofia Brown,sofia.brown5124@example.com,01/01/2024,1711.70,USD,completed,5,DE
TX-0005125,C-00325,Ethan Wilson,ethan.wilson5125@example.com,02/06/2024,1848.61,USD,pending,6,US
TX-0005126,C-00326,Zoe Garcia,zoe.garcia5126@example.com,03/11/2024,1868.63,USD,refunded,7,CA
TX-0005127,C-00327,Mateo Nguyen,mateo.nguyen5127@example.com,04/04/2024,1101.45,USD,cancelled,8,GB
TX-0005128,C-00328,Ava Patel,ava.patel5128@example.com,05/09/2024,238.81,USD,completed,1,AU
TX-0005129,C-00329,Noah Kim,noah.kim5129@example.com,06/02/2024,,USD,pending,2,DE
TX-0005130,C-00330,Mia Martin,mia.martin5130@example.com,07/07/2024,1380.39,USD,refunded,3,US
TX-0005131,C-00331,Liam Smith,liam.smith5131@example.com,08/12/2024,1297.12,USD,cancelled,4,CA
TX-0005132,C-00332,Sofia Brown,sofia.brown5132@example.com,09/05/2024,1359.05,USD,completed,5,GB
TX-0005133,C-00333,Ethan Wilson,ethan.wilson5133@example.com,10/10/2024,1422.29,USD,pending,6,AU
TX-0005134,C-00334,Zoe Garcia,zoe.garcia5134@example.com,11/03/2024,2423.94,USD,refunded,7,DE
TX-0005135,C-00335,Mateo Nguyen,mateo.nguyen5135@example.com,12/08/2024,1559.81,USD,cancelled,8,US
TX-0005136,C-00336,Ava Patel,ava.patel5136@example.com,01/01/2024,7.90,USD,completed,1,CA
TX-0005137,C-00337,Noah Kim,noah.kim5137@example.com,02/06/2024,200.29,USD,pending,2,GB
TX-0005138,C-00338,Mia Martin,mia.martin5138@example.com,03/11/2024,1527.85,USD,refunded,3,AU
TX-0005139,C-00339,Liam Smith,liam.smith5139@example.com,04/04/2024,1333.54,USD,cancelled,4,DE
TX-0005140,C-00340,Sofia Brown,sofia.brown5140@example.com,05/09/2024,2263.68,USD,completed,5,US
TX-0005141,C-00341,Ethan Wilson,,06/02/2024,514.90,USD,pending,6,CA
TX-0005142,C-00342,Zoe Garcia,zoe.garcia5142@example.com,07/07/2024,2025.80,USD,refunded,7,GB
TX-0005143,C-00343,Mateo Nguyen,mateo.nguyen5143@example.com,08/12/2024,436.56,USD,cancelled,8,AU
TX-0005144,C-00344,Ava Patel,ava.patel5144@example.com,09/05/2024,440.98,USD,completed,1,DE
TX-0005145,C-00345,Noah Kim,noah.kim5145@example.com,10/10/2024,2075.95,USD,pending,2,US
TX-0005146,C-00346,Mia Martin,mia.martin5146@example.com,11/03/2024,2055.44,USD,refunded,3,CA
TX-0005147,C-00347,Liam Smith,liam.smith5147@example.com,12/08/2024,232.75,USD,cancelled,4,GB
TX-0005148,C-00348,Sofia Brown,sofia.brown5148@example.com,01/01/2024,1183.65,USD,completed,5,AU
TX-0005149,C-00349,Ethan Wilson,ethan.wilson5149@example.com,02/06/2024,1893.62,USD,pending,6,DE
TX-0005150,C-00350,Zoe Garcia,zoe.garcia5150@example.com,03/11/2024,168.91,USD,refunded,7,US
TX-0005151,C-00351,Mateo Nguyen,mateo.nguyen5151@example.com,04/04/2024,19.21,USD,cancelled,8,CA
TX-0005152,C-00352,Ava Patel,ava.patel5152@example.com,05/09/2024,1483.86,USD,completed,1,GB
TX-0005153,C-00353,Noah Kim,noah.kim5153@example.com,06/02/2024,705.20,USD,pending,2,AU
TX-0005154,C-00354,Mia Martin,mia.martin5154@example.com,07/07/2024,1261.42,USD,refunded,3,DE
TX-0005155,C-00355,Liam Smith,liam.smith5155@example.com,08/12/2024,2029.49,USD,cancelled,4,US
TX-0005156,C-00356,Sofia Brown,sofia.brown5156@example.com,09/05/2024,1702.90,USD,completed,5,CA
TX-0005157,C-00357,Ethan Wilson,ethan.wilson5157@example.com,10/10/2024,1532.72,USD,unknown,6,GB
TX-0005158,C-00358,Zoe Garcia,zoe.garcia5158@example.com,11/03/2024,1592.29,USD,refunded,7,AU
TX-0005159,C-00359,Mateo Nguyen,mateo.nguyen5159@example.com,12/08/2024,1271.85,USD,cancelled,8,DE
TX-0005160,C-00360,Ava Patel,ava.patel5160@example.com,01/01/2024,1635.49,USD,completed,1,US
TX-0005161,C-00361,Noah Kim,noah.kim5161@example.com,02/06/2024,670.43,USD,pending,2,CA
TX-0005162,C-00362,Mia Martin,mia.martin.invalid,03/11/2024,1049.87,USD,refunded,3,GB
TX-0005163,C-00363,Liam Smith,liam.smith5163@example.com,04/04/2024,1563.94,USD,cancelled,4,AU
TX-0005164,C-00364,Sofia Brown,sofia.brown5164@example.com,05/09/2024,1884.40,USD,completed,5,DE
TX-0005165,C-00365,Ethan Wilson,ethan.wilson5165@example.com,06/02/2024,998.24,USD,pending,6,US
TX-0005166,C-00366,Zoe Garcia,zoe.garcia5166@example.com,07/07/2024,1761.98,USD,refunded,7,CA
TX-0005167,C-00367,Mateo Nguyen,mateo.nguyen5167@example.com,08/12/2024,1892.72,USD,cancelled,8,GB
TX-0005168,C-00368,Ava Patel,ava.patel5168@example.com,09/05/2024,2229.51,USD,completed,1,AU
TX-0005169,C-00369,Noah Kim,noah.kim5169@example.com,10/10/2024,529.26,USD,pending,2,DE
TX-0005170,C-00370,Mia Martin,mia.martin5170@example.com,11/03/2024,382.07,USD,refunded,3,US
TX-0005171,C-00371,Liam Smith,liam.smith5171@example.com,12/08/2024,1456.16,USD,cancelled,4,CA
TX-0005172,C-00372,Sofia Brown,sofia.brown5172@example.com,01/01/2024,546.42,USD,completed,5,GB
TX-0005173,C-00373,Ethan Wilson,ethan.wilson5173@example.com,02/06/2024,188.08,USD,pending,6,AU
TX-0005174,C-00374,Zoe Garcia,zoe.garcia5174@example.com,03/11/2024,1696.51,USD,refunded,7,DE
TX-0005175,C-00375,Mateo Nguyen,mateo.nguyen5175@example.com,04/04/2024,1026.21,USD,cancelled,8,US
TX-0005176,C-00376,Ava Patel,ava.patel5176@example.com,05/09/2024,2366.70,USD,completed,1,CA
TX-0005177,C-00377,Noah Kim,noah.kim5177@example.com,06/02/2024,1528.69,USD,pending,2,GB
TX-0005178,C-00378,Mia Martin,mia.martin5178@example.com,07/07/2024,997.21,USD,refunded,3,AU
TX-0005179,C-00379,Liam Smith,liam.smith5179@example.com,08/12/2024,1407.07,USD,cancelled,4,DE
TX-0005180,C-00380,Sofia Brown,sofia.brown5180@example.com,09/05/2024,1472.93,USD,completed,5,US
TX-0005181,C-00381,Ethan Wilson,ethan.wilson5181@example.com,10/10/2024,2336.00,USD,COMPLETE,6,CA
TX-0005182,C-00382,Zoe Garcia,zoe.garcia5182@example.com,11/03/2024,1827.14,USD,refunded,7,GB
TX-0005183,C-00383,Mateo Nguyen,mateo.nguyen5183@example.com,12/08/2024,337.77,USD,cancelled,8,AU
TX-0005184,C-00384,Ava Patel,ava.patel5184@example.com,01/01/2024,1036.43,USD,completed,1,DE
TX-0005185,C-00385,Noah Kim,noah.kim5185@example.com,02/06/2024,1235.19,USD,pending,2,US
TX-0005186,C-00386,Mia Martin,mia.martin5186@example.com,03/11/2024,1801.72,USD,refunded,3,CA
TX-0005187,C-00387,Liam Smith,liam.smith5187@example.com,04/04/2024,2273.45,USD,cancelled,4,GB
TX-0005188,C-00388,Sofia Brown,sofia.brown5188@example.com,05/09/2024,2196.07,USD,completed,5,AU
TX-0005189,C-00389,Ethan Wilson,ethan.wilson5189@example.com,06/02/2024,518.54,USD,pending,6,DE
TX-0005190,C-00390,Zoe Garcia,zoe.garcia5190@example.com,07/07/2024,212.44,USD,refunded,7,USA
TX-0005191,C-00391,Mateo Nguyen,mateo.nguyen5191@example.com,08/12/2024,2457.21,USD,cancelled,8,CA
TX-0005192,C-00392,Ava Patel,ava.patel5192@example.com,09/05/2024,1535.53,USD,completed,1,GB
TX-0005193,C-00393,Noah Kim,noah.kim5193@example.com,10/10/2024,722.92,USD,pending,2,AU
TX-0005194,C-00394,Mia Martin,mia.martin5194@example.com,11/03/2024,172.05,USD,refunded,3,DE
TX-0005195,C-00395,Liam Smith,liam.smith5195@example.com,12/08/2024,2224.60,USD,cancelled,4,US
TX-0005196,C-00396,Sofia Brown,sofia.brown5196@example.com,01/01/2024,933.13,USD,completed,5,CA
TX-0005197,C-00397,Ethan Wilson,ethan.wilson5197@example.com,02/06/2024,1401.50,USD,pending,6,GB
TX-0005198,C-00398,  ZOE GARCIA  ,zoe.garcia5198@example.com,03/11/2024,835.15,USD,refunded,7,AU
TX-0005199,C-00399,Mateo Nguyen,mateo.nguyen5199@example.com,04/04/2024,1614.77,USD,cancelled,8,DE
TX-0005200,C-00400,Ava Patel,ava.patel5200@example.com,05/09/2024,1666.34,USD,completed,1,US
TX-0005201,C-00401,Noah Kim,noah.kim5201@example.com,06/02/2024,1845.17,USD,pending,2,CA
TX-0005202,C-00402,Mia Martin,mia.martin5202@example.com,07/07/2024,1427.76,USD,refunded,3,GB
TX-0005203,C-00403,Liam Smith,liam.smith5203@example.com,08/12/2024,232.58,USD,cancelled,4,AU
TX-0005204,C-00404,Sofia Brown,sofia.brown5204@example.com,09/05/2024,941.68,USD,completed,5,DE
TX-0005205,C-00405,Ethan Wilson,ethan.wilson5205@example.com,10/10/2024,1151.49,USD,pending,6,US
TX-0005206,C-00406,Zoe Garcia,zoe.garcia5206@example.com,11/03/2024,1446.06,USD,refunded,7,CA
TX-0005207,C-00407,mateo nguyen,mateo.nguyen5207@example.com,12/08/2024,148.02,USD,cancelled,8,GB
TX-0005208,C-00408,Ava Patel,ava.patel5208@example.com,01/01/2024,1104.13,USD,completed,1,AU
TX-0005209,C-00409,Noah Kim,noah.kim5209@example.com,02/06/2024,784.93,USD,pending,2,DE
TX-0005210,C-00410,Mia Martin,mia.martin5210@example.com,03/11/2024,1354.26,USD,refunded,3,US
TX-0005211,C-00411,Liam Smith,liam.smith5211@example.com,04/04/2024,574.17,USD,cancelled,4,CA
TX-0005212,C-00412,Sofia Brown,sofia.brown5212@example.com,05/09/2024,730.86,USD,completed,5,GB
TX-0005213,C-00413,Ethan Wilson,ethan.wilson5213@example.com,06/02/2024,21.16,USD,pending,6,AU
TX-0005214,C-00414,Zoe Garcia,zoe.garcia5214@example.com,07/07/2024,1824.67,USD,refunded,7,DE
TX-0005215,C-00415,Mateo Nguyen,mateo.nguyen5215@example.com,08/12/2024,1605.48,usd,cancelled,8,US
TX-0005216,C-00416,Ava Patel,ava.patel5216@example.com,09/05/2024,2138.13,USD,completed,1,CA
TX-0005217,C-00417,Noah Kim,noah.kim5217@example.com,10/10/2024,1362.71,USD,pending,2,GB
TX-0005218,C-00418,Mia Martin,mia.martin5218@example.com,11/03/2024,1834.48,USD,refunded,3,AU
TX-0005219,C-00419,Liam Smith,liam.smith5219@example.com,12/08/2024,2427.81,USD,cancelled,4,DE
TX-0005220,C-00420,Sofia Brown,sofia.brown5220@example.com,01/01/2024,606.88,USD,completed,5,US
TX-0005221,C-00421,Ethan Wilson,ethan.wilson5221@example.com,02/06/2024,2418.89,USD,pending,6,CA
TX-0005222,C-00422,Zoe Garcia,zoe.garcia5222@example.com,03/11/2024,2028.16,USD,refunded,7,GB
TX-0005223,C-00423,Mateo Nguyen,mateo.nguyen5223@example.com,04/04/2024,72.87,USD,cancelled,8,AU
TX-0005224,C-00424,Ava Patel,ava.patel5224@example.com,05/09/2024,1109.82,USD,completed,1,DE
TX-0005225,C-00425,Noah Kim,noah.kim5225@example.com,06/02/2024,1440.44,USD,pending,2,US
TX-0005226,C-00426,Mia Martin,mia.martin5226@example.com,07/07/2024,1642.91,USD,refunded,3,CA
TX-0005227,C-00427,Liam Smith,liam.smith5227@example.com,08/12/2024,1111.71,USD,cancelled,4,GB
TX-0005228,C-00428,Sofia Brown,sofia.brown5228@example.com,09/05/2024,1068.68,USD,completed,5,AU
TX-0005229,C-00429,Ethan Wilson,ethan.wilson5229@example.com,10/10/2024,1506.77,USD,pending,6,DE
TX-0005230,C-00430,Zoe Garcia,zoe.garcia5230@example.com,11/03/2024,848.62,USD,refunded,7,US
TX-0005231,C-00431,Mateo Nguyen,mateo.nguyen5231@example.com,12/08/2024,1303.17,USD,cancelled,8,CA
TX-0005232,C-00432,Ava Patel,ava.patel5232@example.com,01/01/2024,1367.32,USD,completed,1,GB
TX-0005233,C-00433,Noah Kim,noah.kim5233@example.com,02/06/2024,1923.86,USD,pending,2,AU
TX-0005234,C-00434,Mia Martin,mia.martin5234@example.com,03/11/2024,2266.36,USD,refunded,3,DE
TX-0005235,C-00435,Liam Smith,liam.smith5235@example.com,04/04/2024,1723.23,USD,cancelled,4,US
TX-0005236,C-00436,Sofia Brown,sofia.brown5236@example.com,05/09/2024,1781.08,USD,completed,5,CA
TX-0005237,C-00437,Ethan Wilson,ethan.wilson5237@example.com,06/02/2024,2318.34,USD,pending,6,GB
TX-0005238,C-00438,Zoe Garcia,,07/07/2024,843.05,USD,refunded,7,AU
TX-0005239,C-00439,Mateo Nguyen,mateo.nguyen5239@example.com,08/12/2024,1696.45,USD,cancelled,8,DE
TX-0005240,C-00440,Ava Patel,ava.patel5240@example.com,09/05/2024,1452.02,USD,completed,1,us
TX-0005241,C-00441,Noah Kim,noah.kim5241@example.com,10/10/2024,2050.79,USD,pending,2,CA
TX-0005242,C-00442,Mia Martin,mia.martin5242@example.com,11/03/2024,988.46,USD,refunded,3,GB
TX-0005243,C-00443,Liam Smith,liam.smith5243@example.com,12/08/2024,430.47,USD,cancelled,4,AU
TX-0005244,C-00444,Sofia Brown,sofia.brown5244@example.com,01/01/2024,2360.96,USD,completed,5,DE
TX-0005245,C-00445,Ethan Wilson,ethan.wilson5245@example.com,02/06/2024,1470.25,USD,pending,6,US
TX-0005246,C-00446,Zoe Garcia,zoe.garcia5246@example.com,03/11/2024,867.19,USD,refunded,7,CA
TX-0005247,C-00447,Mateo Nguyen,mateo.nguyen5247@example.com,04/04/2024,780.34,USD,cancelled,8,GB
TX-0005248,C-00448,Ava Patel,ava.patel5248@example.com,05/09/2024,116.65,USD,completed,1,AU
TX-0005249,C-00449,Noah Kim,noah.kim5249@example.com,06/02/2024,2160.80, USD ,pending,2,DE
TX-0005250,C-00450,Mia Martin,mia.martin5250@example.com,07/07/2024,2219.33,USD,refunded,3,US
TX-0005251,C-00451,Liam Smith,liam.smith.invalid,08/12/2024,85.35,USD,cancelled,4,CA
TX-0005252,C-00452,Sofia Brown,sofia.brown5252@example.com,09/05/2024,2415.28,USD,completed,5,GB
TX-0005253,C-00453,Ethan Wilson,ethan.wilson5253@example.com,10/10/2024,2061.62,USD,pending,6,AU
TX-0005254,C-00454,Zoe Garcia,zoe.garcia5254@example.com,11/03/2024,598.93,USD,refunded,7,DE
TX-0005255,C-00455,Mateo Nguyen,mateo.nguyen5255@example.com,12/08/2024,2063.56,USD,cancelled,8,US
TX-0005256,C-00456,Ava Patel,ava.patel5256@example.com,01/01/2024,607.34,USD,completed,1,CA
TX-0005257,C-00457,Noah Kim,noah.kim5257@example.com,02/06/2024,2349.59,USD,pending,2,GB
TX-0005258,C-00458,Mia Martin,mia.martin5258@example.com,03/11/2024,1335.13,USD,refunded,3,AU
TX-0005259,C-00459,Liam Smith,liam.smith5259@example.com,04/04/2024,1609.17,USD,cancelled,4,DE
TX-0005260,C-00460,Sofia Brown,sofia.brown5260@example.com,05/09/2024,1861.58,USD,completed,5,US
TX-0005261,C-00461,Ethan Wilson,ethan.wilson5261@example.com,06/02/2024,1992.13,USD,pending,6,CA
TX-0005262,C-00462,Zoe Garcia,zoe.garcia5262@example.com,07/07/2024,1303.71,USD,refunded,7,GB
TX-0005263,C-00463,Mateo Nguyen,mateo.nguyen5263@example.com,08/12/2024,1121.24,USD,cancelled,8,AU
TX-0005264,C-00464,Ava Patel,ava.patel5264@example.com,09/05/2024,1645.13,USD,completed,1,DE
TX-0005265,C-00465,Noah Kim,noah.kim5265@example.com,10/10/2024,1256.55,USD,pending,2,US
TX-0005266,C-00466,Mia Martin,mia.martin5266@example.com,11/03/2024,1493.75,USD,refunded,3,CA
TX-0005267,C-00467,Liam Smith,liam.smith5267@example.com,12/08/2024,1416.48,USD,cancelled,4,GB
TX-0005268,C-00468,Sofia Brown,sofia.brown5268@example.com,01/01/2024,585.24,USD,completed,5,AU
TX-0005269,C-00469,Ethan Wilson,ethan.wilson5269@example.com,02/06/2024,1257.04,USD,pending,6,DE
TX-0005270,C-00470,Zoe Garcia,zoe.garcia5270@example.com,03/11/2024,1226.73,USD,refunded,7,US
TX-0005271,C-00471,Mateo Nguyen,mateo.nguyen5271@example.com,04/04/2024,1132.32,USD,cancelled,8,CA
TX-0005272,C-00472,Ava Patel,ava.patel5272@example.com,05/09/2024,84.47,USD,completed,1,GB
TX-0005273,C-00473,Noah Kim,noah.kim5273@example.com,06/02/2024,1593.94,USD,pending,2,AU
TX-0005274,C-00474,Mia Martin,mia.martin5274@example.com,07/07/2024,1587.41,USD,refunded,3,DE
TX-0005275,C-00475,Liam Smith,liam.smith5275@example.com,08/12/2024,-25.22,USD,cancelled,4,US
TX-0005276,C-00476,Sofia Brown,sofia.brown5276@example.com,09/05/2024,1562.80,USD,completed,5,CA
TX-0005277,C-00477,Ethan Wilson,ethan.wilson5277@example.com,10/10/2024,1134.03,USD,pending,6,GB
TX-0005278,C-00478,Zoe Garcia,zoe.garcia5278@example.com,11/03/2024,2329.09,USD,refunded,7,AU
TX-0005279,C-00479,Mateo Nguyen,mateo.nguyen5279@example.com,12/08/2024,674.00,USD,cancelled,8,DE
TX-0005280,C-00480,Ava Patel,ava.patel5280@example.com,01/01/2024,67.98,USD,completed,1,US
TX-0005281,C-00481,Noah Kim,noah.kim5281@example.com,02/06/2024,2382.87,USD,pending,2,CA
TX-0005282,C-00482,Mia Martin,mia.martin5282@example.com,03/11/2024,2479.76,USD,refunded,3,GB
TX-0005283,C-00483,Liam Smith,liam.smith5283@example.com,04/04/2024,537.54,USD,cancelled,4,AU
TX-0005284,C-00484,Sofia Brown,sofia.brown5284@example.com,05/09/2024,407.44,USD,completed,5,DE
TX-0005285,C-00485,Ethan Wilson,ethan.wilson5285@example.com,06/02/2024,317.18,USD,pending,6,US
TX-0005286,C-00486,Zoe Garcia,zoe.garcia5286@example.com,07/07/2024,649.77,USD,refunded,7,CA
TX-0005287,C-00487,Mateo Nguyen,mateo.nguyen5287@example.com,08/12/2024,2285.77,USD,cancelled,8,GB
TX-0005288,C-00488,Ava Patel,ava.patel5288@example.com,09/05/2024,627.63,USD,completed,1,AU
TX-0005289,C-00489,Noah Kim,noah.kim5289@example.com,10/10/2024,604.70,USD,pending,2,DE
TX-0005290,C-00490,Mia Martin,mia.martin5290@example.com,11/03/2024,2325.81,USD,refunded,3,US
TX-0005291,C-00491,Liam Smith,liam.smith5291@example.com,12/08/2024,2093.02,USD,cancelled,4,CA
TX-0005292,C-00492,Sofia Brown,sofia.brown5292@example.com,01/01/2024,679.07,USD,completed,5,GB
TX-0005293,C-00493,Ethan Wilson,ethan.wilson5293@example.com,02/06/2024,212.72,USD,pending,6,AU
TX-0005294,C-00494,Zoe Garcia,zoe.garcia5294@example.com,03/11/2024,2108.16,USD,refunded,7,DE
TX-0005295,C-00495,Mateo Nguyen,mateo.nguyen5295@example.com,04/04/2024,1744.98,USD,cancelled,8,US
TX-0005296,C-00496,Ava Patel,ava.patel5296@example.com,05/09/2024,531.89,USD,completed,1,CA
TX-0005297,C-00497,Noah Kim,noah.kim5297@example.com,06/02/2024,1855.94,USD,pending,2,GB
TX-0005298,C-00498,Mia Martin,mia.martin5298@example.com,07/07/2024,1382.84,USD,refunded,3,AU
TX-0005299,C-00499,Liam Smith,liam.smith5299@example.com,08/12/2024,2080.75,USD,cancelled,4,DE
TX-0005300,C-00500,Sofia Brown,sofia.brown5300@example.com,09/05/2024,740.91,USD,completed,5,US
TX-0005301,C-00501,Ethan Wilson,ethan.wilson5301@example.com,10/10/2024,2029.01,USD,pending,6,CA
TX-0005302,C-00502,Zoe Garcia,zoe.garcia5302@example.com,11/03/2024,770.08,USD,refunded,7,GB
TX-0005303,C-00503,Mateo Nguyen,mateo.nguyen5303@example.com,12/08/2024,2126.61,USD,cancelled,8,AU
TX-0005304,C-00504,Ava Patel,ava.patel5304@example.com,01/01/2024,770.07,USD,completed,1,DE
TX-0005305,C-00505,Noah Kim,noah.kim5305@example.com,02/06/2024,719.06,USD,pending,2,US
TX-0005306,C-00506,Mia Martin,mia.martin5306@example.com,03/11/2024,2495.36,USD,refunded,3,CA
TX-0005307,C-00507,Liam Smith,liam.smith5307@example.com,04/04/2024,1081.74,USD,cancelled,4,GB
TX-0005308,C-00508,Sofia Brown,sofia.brown5308@example.com,05/09/2024,265.31,USD,completed,5,AU
TX-0005309,C-00509,Ethan Wilson,ethan.wilson5309@example.com,06/02/2024,1360.73,USD,pending,6,DE
TX-0005310,C-00510,Zoe Garcia,zoe.garcia5310@example.com,07/07/2024,166.77,USD,refunded,7,US
TX-0005311,C-00511,  MATEO NGUYEN  ,mateo.nguyen5311@example.com,08/12/2024,136.76,USD,cancelled,8,CA
TX-0005312,C-00512,Ava Patel,ava.patel5312@example.com,09/05/2024,858.88,USD,completed,1,GB
TX-0005313,C-00513,Noah Kim,noah.kim5313@example.com,10/10/2024,994.40,USD,pending,2,AU
TX-0005314,C-00514,Mia Martin,mia.martin5314@example.com,11/03/2024,1093.22,USD,refunded,3,DE
TX-0005315,C-00515,Liam Smith,liam.smith5315@example.com,12/08/2024,1705.11,USD,cancelled,4,US
TX-0005316,C-00516,Sofia Brown,sofia.brown5316@example.com,01/01/2024,2493.84,USD,completed,5,CA
TX-0005317,C-00517,Ethan Wilson,ethan.wilson5317@example.com,02/06/2024,910.83,USD,pending,6,GB
TX-0005318,C-00518,Zoe Garcia,zoe.garcia5318@example.com,03/11/2024,515.84,USD,refunded,7,AU
TX-0005319,C-00519,Mateo Nguyen,mateo.nguyen5319@example.com,04/04/2024,522.85,USD,cancelled,8,DE
TX-0005320,C-00520,Ava Patel,ava.patel5320@example.com,05/09/2024,1520.24,USD,completed,1,US
TX-0005321,C-00521,Noah Kim,noah.kim5321@example.com,06/02/2024,1614.07,USD,pending,2,CA
TX-0005322,C-00522,Mia Martin,mia.martin5322@example.com,07/07/2024,864.97,USD,refunded,3,GB
TX-0005323,C-00523,Liam Smith,liam.smith5323@example.com,08/12/2024,2153.02,USD,cancelled,4,AU
TX-0005324,C-00524,Sofia Brown,sofia.brown5324@example.com,09/05/2024,75.54,USD,completed,5,DE
TX-0005325,C-00525,Ethan Wilson,ethan.wilson5325@example.com,10/10/2024,1750.69,USD,pending,6,US
TX-0005326,C-00526,Zoe Garcia,zoe.garcia5326@example.com,11/03/2024,1688.55,USD,refunded,7,CA
TX-0005327,C-00527,Mateo Nguyen,mateo.nguyen5327@example.com,12/08/2024,1882.46,USD,cancelled,8,GB
TX-0005328,C-00528,Ava Patel,ava.patel5328@example.com,01/01/2024,2170.31,USD,completed,1,AU
TX-0005329,C-00529,Noah Kim,noah.kim5329@example.com,02/06/2024,1624.06,USD,pending,2,DE
TX-0005330,C-00530,Mia Martin,mia.martin5330@example.com,03/11/2024,935.71,USD,refunded,3,US
TX-0005331,C-00531,Liam Smith,liam.smith5331@example.com,04/04/2024,347.80,USD,cancelled,4,CA
TX-0005332,C-00532,Sofia Brown,sofia.brown5332@example.com,05/09/2024,852.18,USD,completed,5,GB
TX-0005333,C-00533,Ethan Wilson,ethan.wilson5333@example.com,06/02/2024,671.75,USD,pending,6,AU
TX-0005334,C-00534,zoe garcia,zoe.garcia5334@example.com,07/07/2024,2245.04,USD,refunded,7,DE
TX-0005335,C-00535,Mateo Nguyen,,08/12/2024,437.35,USD,cancelled,8,US
TX-0005336,C-00536,Ava Patel,ava.patel5336@example.com,09/05/2024,2216.87,USD,completed,1,CA
TX-0005337,C-00537,Noah Kim,noah.kim5337@example.com,10/10/2024,1039.77,USD,pending,2,GB
TX-0005338,C-00538,Mia Martin,mia.martin5338@example.com,11/03/2024,1393.14,USD,COMPLETE,3,AU
TX-0005339,C-00539,Liam Smith,liam.smith5339@example.com,12/08/2024,1197.77,USD,cancelled,4,DE
TX-0005340,C-00540,Sofia Brown,sofia.brown.invalid,01/01/2024,1940.39,USD,completed,5,US
TX-0005341,C-00541,Ethan Wilson,ethan.wilson5341@example.com,02/06/2024,2272.30,USD,pending,6,CA
TX-0005342,C-00542,Zoe Garcia,zoe.garcia5342@example.com,03/11/2024,1593.31,USD,refunded,7,GB
TX-0005343,C-00543,Mateo Nguyen,mateo.nguyen5343@example.com,04/04/2024,2307.23,USD,cancelled,8,AU
TX-0005344,C-00544,Ava Patel,ava.patel5344@example.com,05/09/2024,1351.07,USD,completed,1,DE
TX-0005345,C-00545,Noah Kim,noah.kim5345@example.com,06/02/2024,1208.53,USD,pending,2,US
TX-0005346,C-00546,Mia Martin,mia.martin5346@example.com,07/07/2024,86.07,USD,refunded,3,CA
TX-0005347,C-00547,Liam Smith,liam.smith5347@example.com,08/12/2024,960.96,USD,cancelled,4,GB
TX-0005348,C-00548,Sofia Brown,sofia.brown5348@example.com,09/05/2024,925.47,USD,unknown,5,AU
TX-0005349,C-00549,Ethan Wilson,ethan.wilson5349@example.com,10/10/2024,539.39,USD,pending,6,DE
TX-0005350,C-00550,Zoe Garcia,zoe.garcia5350@example.com,11/03/2024,2059.41,USD,refunded,7,US
TX-0005351,C-00551,Mateo Nguyen,mateo.nguyen5351@example.com,12/08/2024,839.30,USD,cancelled,8,CA
TX-0005352,C-00552,Ava Patel,ava.patel5352@example.com,01/01/2024,,USD,completed,1,GB
TX-0005353,C-00553,Noah Kim,noah.kim5353@example.com,02/06/2024,2299.72,USD,pending,2,AU
TX-0005354,C-00554,Mia Martin,mia.martin5354@example.com,03/11/2024,760.64,USD,refunded,3,DE
TX-0005355,C-00555,Liam Smith,liam.smith5355@example.com,04/04/2024,1315.61,USD,cancelled,4,US
TX-0005356,C-00556,Sofia Brown,sofia.brown5356@example.com,05/09/2024,1168.69,USD,completed,5,CA
TX-0005357,C-00557,Ethan Wilson,ethan.wilson5357@example.com,06/02/2024,1273.24,USD,pending,6,GB
TX-0005358,C-00558,Zoe Garcia,zoe.garcia5358@example.com,07/07/2024,1793.23,USD,refunded,7,AU
TX-0005359,C-00559,Mateo Nguyen,mateo.nguyen5359@example.com,08/12/2024,2024.47,USD,cancelled,8,DE
TX-0005360,C-00560,Ava Patel,ava.patel5360@example.com,09/05/2024,703.05,USD,completed,1,US
TX-0005361,C-00561,Noah Kim,noah.kim5361@example.com,10/10/2024,741.43,USD,pending,2,CA
TX-0005362,C-00562,Mia Martin,mia.martin5362@example.com,11/03/2024,961.20,USD,refunded,3,GB
TX-0005363,C-00563,Liam Smith,liam.smith5363@example.com,12/08/2024,1984.46,USD,cancelled,4,USA
TX-0005364,C-00564,Sofia Brown,sofia.brown5364@example.com,01/01/2024,267.38,usd,completed,5,DE
TX-0005365,C-00565,Ethan Wilson,ethan.wilson5365@example.com,02/06/2024,9.19,USD,pending,6,US
TX-0005366,C-00566,Zoe Garcia,zoe.garcia5366@example.com,03/11/2024,1370.73,USD,refunded,7,CA
TX-0005367,C-00567,Mateo Nguyen,mateo.nguyen5367@example.com,04/04/2024,2101.99,USD,cancelled,8,GB
TX-0005368,C-00568,Ava Patel,ava.patel5368@example.com,05/09/2024,2159.72,USD,completed,1,AU
TX-0005369,C-00569,Noah Kim,noah.kim5369@example.com,06/02/2024,1414.90,USD,pending,2,DE
TX-0005370,C-00570,Mia Martin,mia.martin5370@example.com,07/07/2024,724.52,USD,refunded,3,US
TX-0005371,C-00571,Liam Smith,liam.smith5371@example.com,08/12/2024,1398.47,USD,cancelled,4,ca
TX-0005372,C-00572,Sofia Brown,sofia.brown5372@example.com,09/05/2024,995.83,USD,completed,5,GB
TX-0005373,C-00573,Ethan Wilson,ethan.wilson5373@example.com,10/10/2024,1418.24,USD,pending,6,AU
TX-0005374,C-00574,Zoe Garcia,zoe.garcia5374@example.com,11/03/2024,585.19,USD,refunded,7,DE
TX-0005375,C-00575,Mateo Nguyen,mateo.nguyen5375@example.com,12/08/2024,1896.97,USD,cancelled,8,US
TX-0005376,C-00576,Ava Patel,ava.patel5376@example.com,01/01/2024,32.79,USD,completed,1,CA
TX-0005377,C-00577,Noah Kim,noah.kim5377@example.com,02/06/2024,176.91,USD,pending,2,GB
TX-0005378,C-00578,Mia Martin,mia.martin5378@example.com,03/11/2024,1213.70,USD,refunded,3,AU
TX-0005379,C-00579,Liam Smith,liam.smith5379@example.com,04/04/2024,1581.95,USD,cancelled,4,DE
TX-0005380,C-00580,Sofia Brown,sofia.brown5380@example.com,05/09/2024,2172.62,USD,completed,5,US
TX-0005381,C-00581,Ethan Wilson,ethan.wilson5381@example.com,06/02/2024,202.43,USD,pending,6,CA
TX-0005382,C-00582,Zoe Garcia,zoe.garcia5382@example.com,07/07/2024,1728.00,USD,refunded,7,GB
TX-0005383,C-00583,Mateo Nguyen,mateo.nguyen5383@example.com,08/12/2024,1014.14,USD,cancelled,8,AU
TX-0005384,C-00584,Ava Patel,ava.patel5384@example.com,09/05/2024,261.12,USD,completed,1,DE
TX-0005385,C-00585,Noah Kim,noah.kim5385@example.com,10/10/2024,2019.78,USD,pending,2,US
TX-0005386,C-00586,Mia Martin,mia.martin5386@example.com,11/03/2024,146.39,USD,refunded,3,CA
TX-0005387,C-00587,Liam Smith,liam.smith5387@example.com,12/08/2024,777.54,USD,cancelled,4,GB
TX-0005388,C-00588,Sofia Brown,sofia.brown5388@example.com,01/01/2024,2198.15,USD,completed,5,AU
TX-0005389,C-00589,Ethan Wilson,ethan.wilson5389@example.com,02/06/2024,1022.28,USD,pending,6,DE
TX-0005390,C-00590,Zoe Garcia,zoe.garcia5390@example.com,03/11/2024,162.41,USD,refunded,7,US
TX-0005391,C-00591,Mateo Nguyen,mateo.nguyen5391@example.com,04/04/2024,347.27,USD,cancelled,8,CA
TX-0005392,C-00592,Ava Patel,ava.patel5392@example.com,05/09/2024,215.22,USD,completed,1,GB
TX-0005393,C-00593,Noah Kim,noah.kim5393@example.com,06/02/2024,1021.80,USD,pending,2,AU
TX-0005394,C-00594,Mia Martin,mia.martin5394@example.com,07/07/2024,1812.93,USD,refunded,3,DE
TX-0005395,C-00595,Liam Smith,liam.smith5395@example.com,08/12/2024,268.60,USD,cancelled,4,US
TX-0005396,C-00596,Sofia Brown,sofia.brown5396@example.com,09/05/2024,1669.24,USD,completed,5,CA
TX-0005397,C-00597,Ethan Wilson,ethan.wilson5397@example.com,10/10/2024,914.50,USD,pending,6,GB
TX-0005398,C-00598,Zoe Garcia,zoe.garcia5398@example.com,11/03/2024,1884.98,USD,refunded,7,AU
TX-0005399,C-00599,Mateo Nguyen,mateo.nguyen5399@example.com,12/08/2024,2394.11,USD,cancelled,8,DE
TX-0005400,C-00600,Ava Patel,ava.patel5400@example.com,01/01/2024,1602.34,USD,completed,1,US
TX-0005401,C-00601,Noah Kim,noah.kim5401@example.com,02/06/2024,2418.99,USD,pending,2,CA
TX-0005402,C-00602,Mia Martin,mia.martin5402@example.com,03/11/2024,907.85,USD,refunded,3,GB
TX-0005403,C-00603,Liam Smith,liam.smith5403@example.com,04/04/2024,384.50,USD,cancelled,4,AU
TX-0005404,C-00604,Sofia Brown,sofia.brown5404@example.com,05/09/2024,1204.83,USD,completed,5,DE
TX-0005405,C-00605,Ethan Wilson,ethan.wilson5405@example.com,06/02/2024,1474.34,USD,pending,6,US
TX-0005406,C-00606,Zoe Garcia,zoe.garcia5406@example.com,07/07/2024,2312.61,USD,refunded,7,CA
TX-0005407,C-00607,Mateo Nguyen,mateo.nguyen5407@example.com,08/12/2024,1379.60,USD,cancelled,8,GB
TX-0005408,C-00608,Ava Patel,ava.patel5408@example.com,09/05/2024,1291.46,USD,completed,1,AU
TX-0005409,C-00609,Noah Kim,noah.kim5409@example.com,10/10/2024,1779.16,USD,pending,2,DE
TX-0005410,C-00610,Mia Martin,mia.martin5410@example.com,11/03/2024,320.33,USD,refunded,3,US
TX-0005411,C-00611,Liam Smith,liam.smith5411@example.com,12/08/2024,2333.55,USD,cancelled,4,CA
TX-0005412,C-00612,Sofia Brown,sofia.brown5412@example.com,01/01/2024,1705.84,USD,completed,5,GB
TX-0005413,C-00613,Ethan Wilson,ethan.wilson5413@example.com,02/06/2024,2409.74,USD,pending,6,AU
TX-0005414,C-00614,Zoe Garcia,zoe.garcia5414@example.com,03/11/2024,686.99,USD,refunded,7,DE
TX-0005415,C-00615,Mateo Nguyen,mateo.nguyen5415@example.com,04/04/2024,225.50,USD,cancelled,8,US
TX-0005416,C-00616,Ava Patel,ava.patel5416@example.com,05/09/2024,2046.22,USD,completed,1,CA
TX-0005417,C-00617,Noah Kim,noah.kim5417@example.com,06/02/2024,201.89,USD,pending,2,GB
TX-0005418,C-00618,Mia Martin,mia.martin5418@example.com,07/07/2024,789.08,USD,refunded,3,AU
TX-0005419,C-00619,Liam Smith,liam.smith5419@example.com,08/12/2024,1870.13,USD,cancelled,4,DE
TX-0005420,C-00620,Sofia Brown,sofia.brown5420@example.com,09/05/2024,56.29,USD,completed,5,US
TX-0005421,C-00621,Ethan Wilson,ethan.wilson5421@example.com,10/10/2024,607.95,USD,pending,6,CA
TX-0005422,C-00622,Zoe Garcia,zoe.garcia5422@example.com,11/03/2024,187.82,USD,refunded,7,GB
TX-0005423,C-00623,Mateo Nguyen,mateo.nguyen5423@example.com,12/08/2024,1019.61,USD,cancelled,8,AU
TX-0005424,C-00624,  AVA PATEL  ,ava.patel5424@example.com,01/01/2024,2009.56,USD,completed,1,DE
TX-0005425,C-00625,Noah Kim,noah.kim5425@example.com,02/06/2024,1204.08,USD,pending,2,US
TX-0005426,C-00626,Mia Martin,mia.martin5426@example.com,03/11/2024,229.09,USD,refunded,3,CA
TX-0005427,C-00627,Liam Smith,liam.smith5427@example.com,04/04/2024,2286.26,USD,cancelled,4,GB
TX-0005428,C-00628,Sofia Brown,sofia.brown5428@example.com,05/09/2024,292.39,USD,completed,5,AU
TX-0005429,C-00629,Ethan Wilson,ethan.wilson.invalid,06/02/2024,1239.95,USD,pending,6,DE
TX-0005430,C-00630,Zoe Garcia,zoe.garcia5430@example.com,07/07/2024,1077.85, USD ,refunded,7,US
TX-0005431,C-00631,Mateo Nguyen,mateo.nguyen5431@example.com,08/12/2024,1290.23,USD,cancelled,8,CA
TX-0005432,C-00632,Ava Patel,,09/05/2024,2403.58,USD,completed,1,GB
TX-0005433,C-00633,Noah Kim,noah.kim5433@example.com,10/10/2024,626.21,USD,pending,2,AU
TX-0005434,C-00634,Mia Martin,mia.martin5434@example.com,11/03/2024,588.90,USD,refunded,3,DE
TX-0005435,C-00635,Liam Smith,liam.smith5435@example.com,12/08/2024,1529.00,USD,cancelled,4,US
TX-0005436,C-00636,Sofia Brown,sofia.brown5436@example.com,01/01/2024,1841.02,USD,completed,5,CA
TX-0005437,C-00637,Ethan Wilson,ethan.wilson5437@example.com,02/06/2024,2396.26,USD,pending,6,GB
TX-0005438,C-00638,Zoe Garcia,zoe.garcia5438@example.com,03/11/2024,889.47,USD,refunded,7,AU
TX-0005439,C-00639,Mateo Nguyen,mateo.nguyen5439@example.com,04/04/2024,679.91,USD,cancelled,8,DE
TX-0005440,C-00640,Ava Patel,ava.patel5440@example.com,05/09/2024,2030.26,USD,completed,1,US
TX-0005441,C-00641,Noah Kim,noah.kim5441@example.com,06/02/2024,1436.73,USD,pending,2,CA
TX-0005442,C-00642,Mia Martin,mia.martin5442@example.com,07/07/2024,1500.10,USD,refunded,3,GB
TX-0005443,C-00643,Liam Smith,liam.smith5443@example.com,08/12/2024,2238.33,USD,cancelled,4,AU
TX-0005444,C-00644,Sofia Brown,sofia.brown5444@example.com,09/05/2024,1394.29,USD,completed,5,DE
TX-0005445,C-00645,Ethan Wilson,ethan.wilson5445@example.com,10/10/2024,318.90,USD,pending,6,US
TX-0005446,C-00646,Zoe Garcia,zoe.garcia5446@example.com,11/03/2024,1438.24,USD,refunded,7,CA
TX-0005447,C-00647,Mateo Nguyen,mateo.nguyen5447@example.com,12/08/2024,1069.60,USD,cancelled,8,GB
TX-0005448,C-00648,Ava Patel,ava.patel5448@example.com,01/01/2024,949.84,USD,completed,1,AU
TX-0005449,C-00649,Noah Kim,noah.kim5449@example.com,02/06/2024,985.75,USD,pending,2,DE
TX-0005450,C-00650,Mia Martin,mia.martin5450@example.com,03/11/2024,2448.03,USD,refunded,3,US
TX-0005451,C-00651,Liam Smith,liam.smith5451@example.com,04/04/2024,2430.92,USD,cancelled,4,CA
TX-0005452,C-00652,Sofia Brown,sofia.brown5452@example.com,05/09/2024,1922.14,USD,completed,5,GB
TX-0005453,C-00653,Ethan Wilson,ethan.wilson5453@example.com,06/02/2024,1809.27,USD,pending,6,AU
TX-0005454,C-00654,Zoe Garcia,zoe.garcia5454@example.com,07/07/2024,2376.10,USD,refunded,7,DE
TX-0005455,C-00655,Mateo Nguyen,mateo.nguyen5455@example.com,08/12/2024,767.35,USD,cancelled,8,US
TX-0005456,C-00656,Ava Patel,ava.patel5456@example.com,09/05/2024,1596.55,USD,completed,1,CA
TX-0005457,C-00657,Noah Kim,noah.kim5457@example.com,10/10/2024,2076.46,USD,pending,2,GB
TX-0005458,C-00658,Mia Martin,mia.martin5458@example.com,11/03/2024,408.45,USD,refunded,3,AU
TX-0005459,C-00659,Liam Smith,liam.smith5459@example.com,12/08/2024,2053.11,USD,cancelled,4,DE
TX-0005460,C-00660,Sofia Brown,sofia.brown5460@example.com,01/01/2024,517.09,USD,completed,5,US
TX-0005461,C-00661,ethan wilson,ethan.wilson5461@example.com,02/06/2024,2002.56,USD,pending,6,CA
TX-0005462,C-00662,Zoe Garcia,zoe.garcia5462@example.com,03/11/2024,2332.05,USD,refunded,7,GB
TX-0005463,C-00663,Mateo Nguyen,mateo.nguyen5463@example.com,04/04/2024,872.01,USD,cancelled,8,AU
TX-0005464,C-00664,Ava Patel,ava.patel5464@example.com,05/09/2024,1441.92,USD,completed,1,DE
TX-0005465,C-00665,Noah Kim,noah.kim5465@example.com,06/02/2024,1243.82,USD,pending,2,US
TX-0005466,C-00666,Mia Martin,mia.martin5466@example.com,07/07/2024,531.03,USD,refunded,3,CA
TX-0005467,C-00667,Liam Smith,liam.smith5467@example.com,08/12/2024,1813.88,USD,cancelled,4,GB
TX-0005468,C-00668,Sofia Brown,sofia.brown5468@example.com,09/05/2024,1898.01,USD,completed,5,AU
TX-0005469,C-00669,Ethan Wilson,ethan.wilson5469@example.com,10/10/2024,167.51,USD,pending,6,DE
TX-0005470,C-00670,Zoe Garcia,zoe.garcia5470@example.com,11/03/2024,20.65,USD,refunded,7,US
TX-0005471,C-00671,Mateo Nguyen,mateo.nguyen5471@example.com,12/08/2024,2185.79,USD,cancelled,8,CA
TX-0005472,C-00672,Ava Patel,ava.patel5472@example.com,01/01/2024,580.79,USD,completed,1,GB
TX-0005473,C-00673,Noah Kim,noah.kim5473@example.com,02/06/2024,1621.45,USD,pending,2,AU
TX-0005474,C-00674,Mia Martin,mia.martin5474@example.com,03/11/2024,2086.38,USD,refunded,3,DE
TX-0005475,C-00675,Liam Smith,liam.smith5475@example.com,04/04/2024,218.99,USD,cancelled,4,US
TX-0005476,C-00676,Sofia Brown,sofia.brown5476@example.com,05/09/2024,1140.68,USD,completed,5,CA
TX-0005477,C-00677,Ethan Wilson,ethan.wilson5477@example.com,06/02/2024,452.64,USD,pending,6,GB
TX-0005478,C-00678,Zoe Garcia,zoe.garcia5478@example.com,07/07/2024,2130.13,USD,refunded,7,AU
TX-0005479,C-00679,Mateo Nguyen,mateo.nguyen5479@example.com,08/12/2024,2147.93,USD,cancelled,8,DE
TX-0005480,C-00680,Ava Patel,ava.patel5480@example.com,09/05/2024,552.92,USD,completed,1,US
TX-0005481,C-00681,Noah Kim,noah.kim5481@example.com,10/10/2024,1893.44,USD,pending,2,CA
TX-0005482,C-00682,Mia Martin,mia.martin5482@example.com,11/03/2024,1718.85,USD,refunded,3,GB
TX-0005483,C-00683,Liam Smith,liam.smith5483@example.com,12/08/2024,766.77,USD,cancelled,4,AU
TX-0005484,C-00684,Sofia Brown,sofia.brown5484@example.com,01/01/2024,1865.82,USD,completed,5,DE
TX-0005485,C-00685,Ethan Wilson,ethan.wilson5485@example.com,02/06/2024,1089.72,USD,pending,6,US
TX-0005486,C-00686,Zoe Garcia,zoe.garcia5486@example.com,03/11/2024,-70.12,USD,refunded,7,CA
TX-0005487,C-00687,Mateo Nguyen,mateo.nguyen5487@example.com,04/04/2024,2017.26,USD,cancelled,8,GB
TX-0005488,C-00688,Ava Patel,ava.patel5488@example.com,05/09/2024,1237.28,USD,completed,1,AU
TX-0005489,C-00689,Noah Kim,noah.kim5489@example.com,06/02/2024,1122.83,USD,pending,2,DE
TX-0005490,C-00690,Mia Martin,mia.martin5490@example.com,07/07/2024,617.03,USD,refunded,3,US
TX-0005491,C-00691,Liam Smith,liam.smith5491@example.com,08/12/2024,829.43,USD,cancelled,4,CA
TX-0005492,C-00692,Sofia Brown,sofia.brown5492@example.com,09/05/2024,551.03,USD,completed,5,GB
TX-0005493,C-00693,Ethan Wilson,ethan.wilson5493@example.com,10/10/2024,1806.62,USD,pending,6,AU
TX-0005494,C-00694,Zoe Garcia,zoe.garcia5494@example.com,11/03/2024,1436.94,USD,refunded,7,DE
TX-0005495,C-00695,Mateo Nguyen,mateo.nguyen5495@example.com,12/08/2024,267.39,USD,COMPLETE,8,US
TX-0005496,C-00696,Ava Patel,ava.patel5496@example.com,01/01/2024,1955.26,USD,completed,1,CA
TX-0005497,C-00697,Noah Kim,noah.kim5497@example.com,02/06/2024,2175.43,USD,pending,2,GB
TX-0005498,C-00698,Mia Martin,mia.martin5498@example.com,03/11/2024,2473.07,USD,refunded,3,AU
TX-0005499,C-00699,Liam Smith,liam.smith5499@example.com,04/04/2024,1931.71,USD,cancelled,4,DE
TX-0005500,C-00700,Sofia Brown,sofia.brown5500@example.com,05/09/2024,515.49,USD,completed,5,US
TX-0005501,C-00701,Ethan Wilson,ethan.wilson5501@example.com,06/02/2024,1041.42,USD,pending,6,CA
TX-0005502,C-00702,Zoe Garcia,zoe.garcia5502@example.com,07/07/2024,972.08,USD,refunded,7,gb
TX-0005503,C-00703,Mateo Nguyen,mateo.nguyen5503@example.com,08/12/2024,525.81,USD,cancelled,8,AU
TX-0005504,C-00704,Ava Patel,ava.patel5504@example.com,09/05/2024,156.03,USD,completed,1,DE
TX-0005505,C-00705,Noah Kim,noah.kim5505@example.com,10/10/2024,1524.97,USD,pending,2,US
TX-0005506,C-00706,Mia Martin,mia.martin5506@example.com,11/03/2024,2243.28,USD,refunded,3,CA
TX-0005507,C-00707,Liam Smith,liam.smith5507@example.com,12/08/2024,2374.46,USD,cancelled,4,GB
TX-0005508,C-00708,Sofia Brown,sofia.brown5508@example.com,01/01/2024,611.16,USD,completed,5,AU
TX-0005509,C-00709,Ethan Wilson,ethan.wilson5509@example.com,02/06/2024,2479.93,USD,pending,6,DE
TX-0005510,C-00710,Zoe Garcia,zoe.garcia5510@example.com,03/11/2024,1798.74,USD,refunded,7,US
TX-0005511,C-00711,Mateo Nguyen,mateo.nguyen5511@example.com,04/04/2024,1366.92,USD,cancelled,8,CA
TX-0005512,C-00712,Ava Patel,ava.patel5512@example.com,05/09/2024,1589.34,USD,completed,1,GB
TX-0005513,C-00713,Noah Kim,noah.kim5513@example.com,06/02/2024,1182.72,usd,pending,2,AU
TX-0005514,C-00714,Mia Martin,mia.martin5514@example.com,07/07/2024,446.98,USD,refunded,3,DE
TX-0005515,C-00715,Liam Smith,liam.smith5515@example.com,08/12/2024,902.84,USD,cancelled,4,US
TX-0005516,C-00716,Sofia Brown,sofia.brown5516@example.com,09/05/2024,264.06,USD,completed,5,CA
TX-0005517,C-00717,Ethan Wilson,ethan.wilson5517@example.com,10/10/2024,1630.58,USD,pending,6,GB
TX-0005518,C-00718,Zoe Garcia,zoe.garcia.invalid,11/03/2024,675.82,USD,refunded,7,AU
TX-0005519,C-00719,Mateo Nguyen,mateo.nguyen5519@example.com,12/08/2024,33.28,USD,cancelled,8,DE
TX-0005520,C-00720,Ava Patel,ava.patel5520@example.com,01/01/2024,123.75,USD,completed,1,US
TX-0005521,C-00721,Noah Kim,noah.kim5521@example.com,02/06/2024,156.78,USD,pending,2,CA
TX-0005522,C-00722,Mia Martin,mia.martin5522@example.com,03/11/2024,1422.99,USD,refunded,3,GB
TX-0005523,C-00723,Liam Smith,liam.smith5523@example.com,04/04/2024,972.77,USD,cancelled,4,AU
TX-0005524,C-00724,Sofia Brown,sofia.brown5524@example.com,05/09/2024,1426.14,USD,completed,5,DE
TX-0005525,C-00725,Ethan Wilson,ethan.wilson5525@example.com,06/02/2024,1452.81,USD,pending,6,US
TX-0005526,C-00726,Zoe Garcia,zoe.garcia5526@example.com,07/07/2024,1259.44,USD,refunded,7,CA
TX-0005527,C-00727,Mateo Nguyen,mateo.nguyen5527@example.com,08/12/2024,127.16,USD,cancelled,8,GB
TX-0005528,C-00728,Ava Patel,ava.patel5528@example.com,09/05/2024,1734.38,USD,completed,1,AU
TX-0005529,C-00729,Noah Kim,,10/10/2024,261.23,USD,pending,2,DE
TX-0005530,C-00730,Mia Martin,mia.martin5530@example.com,11/03/2024,801.31,USD,refunded,3,US
TX-0005531,C-00731,Liam Smith,liam.smith5531@example.com,12/08/2024,796.58,USD,cancelled,4,CA
TX-0005532,C-00732,Sofia Brown,sofia.brown5532@example.com,01/01/2024,1577.75,USD,completed,5,GB
TX-0005533,C-00733,Ethan Wilson,ethan.wilson5533@example.com,02/06/2024,2264.84,USD,pending,6,AU
TX-0005534,C-00734,Zoe Garcia,zoe.garcia5534@example.com,03/11/2024,702.88,USD,refunded,7,DE
TX-0005535,C-00735,Mateo Nguyen,mateo.nguyen5535@example.com,04/04/2024,1989.36,USD,cancelled,8,US
TX-0005536,C-00736,Ava Patel,ava.patel5536@example.com,05/09/2024,1595.59,USD,completed,1,USA
TX-0005537,C-00737,  NOAH KIM  ,noah.kim5537@example.com,06/02/2024,1800.09,USD,pending,2,GB
TX-0005538,C-00738,Mia Martin,mia.martin5538@example.com,07/07/2024,2364.09,USD,refunded,3,AU
TX-0005539,C-00739,Liam Smith,liam.smith5539@example.com,08/12/2024,749.77,USD,unknown,4,DE
TX-0005540,C-00740,Sofia Brown,sofia.brown5540@example.com,09/05/2024,1730.29,USD,completed,5,US
TX-0005541,C-00741,Ethan Wilson,ethan.wilson5541@example.com,10/10/2024,1853.47,USD,pending,6,CA
TX-0005542,C-00742,Zoe Garcia,zoe.garcia5542@example.com,11/03/2024,599.33,USD,refunded,7,GB
TX-0005543,C-00743,Mateo Nguyen,mateo.nguyen5543@example.com,12/08/2024,1204.30,USD,cancelled,8,AU
TX-0005544,C-00744,Ava Patel,ava.patel5544@example.com,01/01/2024,253.99,USD,completed,1,DE
TX-0005545,C-00745,Noah Kim,noah.kim5545@example.com,02/06/2024,2412.10,USD,pending,2,US
TX-0005546,C-00746,Mia Martin,mia.martin5546@example.com,03/11/2024,2054.43,USD,refunded,3,CA
TX-0005547,C-00747,Liam Smith,liam.smith5547@example.com,04/04/2024,1231.03,USD,cancelled,4,GB
TX-0005548,C-00748,Sofia Brown,sofia.brown5548@example.com,05/09/2024,1105.84,USD,completed,5,AU
TX-0005549,C-00749,Ethan Wilson,ethan.wilson5549@example.com,06/02/2024,671.77,USD,pending,6,DE
TX-0005550,C-00750,Zoe Garcia,zoe.garcia5550@example.com,07/07/2024,127.38,USD,refunded,7,US
TX-0005551,C-00751,Mateo Nguyen,mateo.nguyen5551@example.com,08/12/2024,2142.58,USD,cancelled,8,CA
TX-0005552,C-00752,Ava Patel,ava.patel5552@example.com,09/05/2024,1436.26,USD,completed,1,GB
TX-0005553,C-00753,Noah Kim,noah.kim5553@example.com,10/10/2024,1019.60,USD,pending,2,AU
TX-0005554,C-00754,Mia Martin,mia.martin5554@example.com,11/03/2024,1547.73,USD,refunded,3,DE
TX-0005555,C-00755,Liam Smith,liam.smith5555@example.com,12/08/2024,165.43,USD,cancelled,4,US
TX-0005556,C-00756,Sofia Brown,sofia.brown5556@example.com,01/01/2024,2278.62,USD,completed,5,CA
TX-0005557,C-00757,Ethan Wilson,ethan.wilson5557@example.com,02/06/2024,216.63,USD,pending,6,GB
TX-0005558,C-00758,Zoe Garcia,zoe.garcia5558@example.com,03/11/2024,365.47,USD,refunded,7,AU
TX-0005559,C-00759,Mateo Nguyen,mateo.nguyen5559@example.com,04/04/2024,1958.03,USD,cancelled,8,DE
TX-0005560,C-00760,Ava Patel,ava.patel5560@example.com,05/09/2024,1021.53,USD,completed,1,US
TX-0005561,C-00761,Noah Kim,noah.kim5561@example.com,06/02/2024,1275.93,USD,pending,2,CA
TX-0005562,C-00762,Mia Martin,mia.martin5562@example.com,07/07/2024,1047.81,USD,refunded,3,GB
TX-0005563,C-00763,Liam Smith,liam.smith5563@example.com,08/12/2024,1558.32,USD,cancelled,4,AU
TX-0005564,C-00764,Sofia Brown,sofia.brown5564@example.com,09/05/2024,810.97,USD,completed,5,DE
TX-0005565,C-00765,Ethan Wilson,ethan.wilson5565@example.com,10/10/2024,1351.30,USD,pending,6,US
TX-0005566,C-00766,Zoe Garcia,zoe.garcia5566@example.com,11/03/2024,215.82,USD,refunded,7,CA
TX-0005567,C-00767,Mateo Nguyen,mateo.nguyen5567@example.com,12/08/2024,716.70,USD,cancelled,8,GB
TX-0005568,C-00768,Ava Patel,ava.patel5568@example.com,01/01/2024,682.81,USD,completed,1,AU
TX-0005569,C-00769,Noah Kim,noah.kim5569@example.com,02/06/2024,1250.46,USD,pending,2,DE
TX-0005570,C-00770,Mia Martin,mia.martin5570@example.com,03/11/2024,1950.89,USD,refunded,3,US
TX-0005571,C-00771,Liam Smith,liam.smith5571@example.com,04/04/2024,695.31,USD,cancelled,4,CA
TX-0005572,C-00772,Sofia Brown,sofia.brown5572@example.com,05/09/2024,193.41,USD,completed,5,GB
TX-0005573,C-00773,Ethan Wilson,ethan.wilson5573@example.com,06/02/2024,2410.17,USD,pending,6,AU
TX-0005574,C-00774,Zoe Garcia,zoe.garcia5574@example.com,07/07/2024,1737.52,USD,refunded,7,DE
TX-0005575,C-00775,Mateo Nguyen,mateo.nguyen5575@example.com,08/12/2024,,USD,cancelled,8,US
TX-0005576,C-00776,Ava Patel,ava.patel5576@example.com,09/05/2024,2432.23,USD,completed,1,CA
TX-0005577,C-00777,Noah Kim,noah.kim5577@example.com,10/10/2024,2450.96,USD,pending,2,GB
TX-0005578,C-00778,Mia Martin,mia.martin5578@example.com,11/03/2024,1010.62,USD,refunded,3,AU
TX-0005579,C-00779,Liam Smith,liam.smith5579@example.com,12/08/2024,1085.68,USD,cancelled,4,DE
TX-0005580,C-00780,Sofia Brown,sofia.brown5580@example.com,01/01/2024,35.91,USD,completed,5,US
TX-0005581,C-00781,Ethan Wilson,ethan.wilson5581@example.com,02/06/2024,24.08,USD,pending,6,CA
TX-0005582,C-00782,Zoe Garcia,zoe.garcia5582@example.com,03/11/2024,648.74,USD,refunded,7,GB
TX-0005583,C-00783,Mateo Nguyen,mateo.nguyen5583@example.com,04/04/2024,277.91,USD,cancelled,8,AU
TX-0005584,C-00784,Ava Patel,ava.patel5584@example.com,05/09/2024,2039.55,USD,completed,1,DE
TX-0005585,C-00785,Noah Kim,noah.kim5585@example.com,06/02/2024,1271.04,USD,pending,2,US
TX-0005586,C-00786,Mia Martin,mia.martin5586@example.com,07/07/2024,1423.06,USD,refunded,3,CA
TX-0005587,C-00787,Liam Smith,liam.smith5587@example.com,08/12/2024,2207.19,USD,cancelled,4,GB
TX-0005588,C-00788,sofia brown,sofia.brown5588@example.com,09/05/2024,152.99,USD,completed,5,AU
TX-0005589,C-00789,Ethan Wilson,ethan.wilson5589@example.com,10/10/2024,2006.58,USD,pending,6,DE
TX-0005590,C-00790,Zoe Garcia,zoe.garcia5590@example.com,11/03/2024,1343.13,USD,refunded,7,US
TX-0005591,C-00791,Mateo Nguyen,mateo.nguyen5591@example.com,12/08/2024,138.14,USD,cancelled,8,CA
TX-0005592,C-00792,Ava Patel,ava.patel5592@example.com,01/01/2024,1829.20,USD,completed,1,GB
TX-0005593,C-00793,Noah Kim,noah.kim5593@example.com,02/06/2024,1066.50,USD,pending,2,AU
TX-0005594,C-00794,Mia Martin,mia.martin5594@example.com,03/11/2024,1476.39,USD,refunded,3,DE
TX-0005595,C-00795,Liam Smith,liam.smith5595@example.com,04/04/2024,1808.21,USD,cancelled,4,US
TX-0005596,C-00796,Sofia Brown,sofia.brown5596@example.com,05/09/2024,1364.73,USD,completed,5,CA
TX-0005597,C-00797,Ethan Wilson,ethan.wilson5597@example.com,06/02/2024,440.79,USD,pending,6,GB
TX-0005598,C-00798,Zoe Garcia,zoe.garcia5598@example.com,07/07/2024,2210.25,USD,refunded,7,AU
TX-0005599,C-00799,Mateo Nguyen,mateo.nguyen5599@example.com,08/12/2024,374.01,USD,cancelled,8,DE
TX-0005600,C-00800,Ava Patel,ava.patel5600@example.com,09/05/2024,268.19,USD,completed,1,US
TX-0005601,C-00801,Noah Kim,noah.kim5601@example.com,10/10/2024,6.70,USD,pending,2,CA
TX-0005602,C-00802,Mia Martin,mia.martin5602@example.com,11/03/2024,427.62,USD,refunded,3,GB
TX-0005603,C-00803,Liam Smith,liam.smith5603@example.com,12/08/2024,2497.51,USD,cancelled,4,AU
TX-0005604,C-00804,Sofia Brown,sofia.brown5604@example.com,01/01/2024,974.99,USD,completed,5,DE
TX-0005605,C-00805,Ethan Wilson,ethan.wilson5605@example.com,02/06/2024,2099.02,USD,pending,6,US
TX-0005606,C-00806,Zoe Garcia,zoe.garcia5606@example.com,03/11/2024,1801.31,USD,refunded,7,CA
TX-0005607,C-00807,Mateo Nguyen,mateo.nguyen.invalid,04/04/2024,1101.20,USD,cancelled,8,GB
TX-0005608,C-00808,Ava Patel,ava.patel5608@example.com,05/09/2024,56.76,USD,completed,1,AU
TX-0005609,C-00809,Noah Kim,noah.kim5609@example.com,06/02/2024,1729.33,USD,pending,2,DE
TX-0005610,C-00810,Mia Martin,mia.martin5610@example.com,07/07/2024,1592.47,USD,refunded,3,US
TX-0005611,C-00811,Liam Smith,liam.smith5611@example.com,08/12/2024,144.89, USD ,cancelled,4,CA
TX-0005612,C-00812,Sofia Brown,sofia.brown5612@example.com,09/05/2024,1866.46,USD,completed,5,GB
TX-0005613,C-00813,Ethan Wilson,ethan.wilson5613@example.com,10/10/2024,2210.87,USD,pending,6,AU
TX-0005614,C-00814,Zoe Garcia,zoe.garcia5614@example.com,11/03/2024,2229.77,USD,refunded,7,DE
TX-0005615,C-00815,Mateo Nguyen,mateo.nguyen5615@example.com,12/08/2024,1545.13,USD,cancelled,8,US
TX-0005616,C-00816,Ava Patel,ava.patel5616@example.com,01/01/2024,606.57,USD,completed,1,CA
TX-0005617,C-00817,Noah Kim,noah.kim5617@example.com,02/06/2024,1775.67,USD,pending,2,GB
TX-0005618,C-00818,Mia Martin,mia.martin5618@example.com,03/11/2024,1487.08,USD,refunded,3,AU
TX-0005619,C-00819,Liam Smith,liam.smith5619@example.com,04/04/2024,608.29,USD,cancelled,4,DE
TX-0005620,C-00820,Sofia Brown,sofia.brown5620@example.com,05/09/2024,2001.05,USD,completed,5,US
TX-0005621,C-00821,Ethan Wilson,ethan.wilson5621@example.com,06/02/2024,2207.67,USD,pending,6,CA
TX-0005622,C-00822,Zoe Garcia,zoe.garcia5622@example.com,07/07/2024,1083.01,USD,refunded,7,GB
TX-0005623,C-00823,Mateo Nguyen,mateo.nguyen5623@example.com,08/12/2024,822.67,USD,cancelled,8,AU
TX-0005624,C-00824,Ava Patel,ava.patel5624@example.com,09/05/2024,1996.62,USD,completed,1,DE
TX-0005625,C-00825,Noah Kim,noah.kim5625@example.com,10/10/2024,1434.79,USD,pending,2,US
TX-0005626,C-00826,Mia Martin,,11/03/2024,2487.90,USD,refunded,3,CA
TX-0005627,C-00827,Liam Smith,liam.smith5627@example.com,12/08/2024,292.05,USD,cancelled,4,GB
TX-0005628,C-00828,Sofia Brown,sofia.brown5628@example.com,01/01/2024,2192.66,USD,completed,5,AU
TX-0005629,C-00829,Ethan Wilson,ethan.wilson5629@example.com,02/06/2024,2279.40,USD,pending,6,DE
TX-0005630,C-00830,Zoe Garcia,zoe.garcia5630@example.com,03/11/2024,474.68,USD,refunded,7,US
TX-0005631,C-00831,Mateo Nguyen,mateo.nguyen5631@example.com,04/04/2024,1123.08,USD,cancelled,8,CA
TX-0005632,C-00832,Ava Patel,ava.patel5632@example.com,05/09/2024,2050.34,USD,completed,1,GB
TX-0005633,C-00833,Noah Kim,noah.kim5633@example.com,06/02/2024,752.58,USD,pending,2,au
TX-0005634,C-00834,Mia Martin,mia.martin5634@example.com,07/07/2024,529.67,USD,refunded,3,DE
TX-0005635,C-00835,Liam Smith,liam.smith5635@example.com,08/12/2024,1040.26,USD,cancelled,4,US
TX-0005636,C-00836,Sofia Brown,sofia.brown5636@example.com,09/05/2024,2481.15,USD,completed,5,CA
TX-0005637,C-00837,Ethan Wilson,ethan.wilson5637@example.com,10/10/2024,2167.80,USD,pending,6,GB
TX-0005638,C-00838,Zoe Garcia,zoe.garcia5638@example.com,11/03/2024,2067.44,USD,refunded,7,AU
TX-0005639,C-00839,Mateo Nguyen,mateo.nguyen5639@example.com,12/08/2024,580.12,USD,cancelled,8,DE
TX-0005640,C-00840,Ava Patel,ava.patel5640@example.com,01/01/2024,142.81,USD,completed,1,US
TX-0005641,C-00841,Noah Kim,noah.kim5641@example.com,02/06/2024,120.03,USD,pending,2,CA
TX-0005642,C-00842,Mia Martin,mia.martin5642@example.com,03/11/2024,265.04,USD,refunded,3,GB
TX-0005643,C-00843,Liam Smith,liam.smith5643@example.com,04/04/2024,1676.89,USD,cancelled,4,AU
TX-0005644,C-00844,Sofia Brown,sofia.brown5644@example.com,05/09/2024,765.16,USD,completed,5,DE
TX-0005645,C-00845,Ethan Wilson,ethan.wilson5645@example.com,06/02/2024,361.24,USD,pending,6,US
TX-0005646,C-00846,Zoe Garcia,zoe.garcia5646@example.com,07/07/2024,602.35,USD,refunded,7,CA
TX-0005647,C-00847,Mateo Nguyen,mateo.nguyen5647@example.com,08/12/2024,165.76,USD,cancelled,8,GB
TX-0005648,C-00848,Ava Patel,ava.patel5648@example.com,09/05/2024,2154.20,USD,completed,1,AU
TX-0005649,C-00849,Noah Kim,noah.kim5649@example.com,10/10/2024,1559.76,USD,pending,2,DE
TX-0005650,C-00850,  MIA MARTIN  ,mia.martin5650@example.com,11/03/2024,1303.22,USD,refunded,3,US
TX-0005651,C-00851,Liam Smith,liam.smith5651@example.com,12/08/2024,1636.50,USD,cancelled,4,CA
TX-0005652,C-00852,Sofia Brown,sofia.brown5652@example.com,01/01/2024,291.19,USD,COMPLETE,5,GB
TX-0005653,C-00853,Ethan Wilson,ethan.wilson5653@example.com,02/06/2024,376.41,USD,pending,6,AU
TX-0005654,C-00854,Zoe Garcia,zoe.garcia5654@example.com,03/11/2024,202.08,USD,refunded,7,DE
TX-0005655,C-00855,Mateo Nguyen,mateo.nguyen5655@example.com,04/04/2024,359.60,USD,cancelled,8,US
TX-0005656,C-00856,Ava Patel,ava.patel5656@example.com,05/09/2024,1087.91,USD,completed,1,CA
TX-0005657,C-00857,Noah Kim,noah.kim5657@example.com,06/02/2024,1150.26,USD,pending,2,GB
TX-0005658,C-00858,Mia Martin,mia.martin5658@example.com,07/07/2024,492.19,USD,refunded,3,AU
TX-0005659,C-00859,Liam Smith,liam.smith5659@example.com,08/12/2024,1488.94,USD,cancelled,4,DE
TX-0005660,C-00860,Sofia Brown,sofia.brown5660@example.com,09/05/2024,1765.22,USD,completed,5,US
TX-0005661,C-00861,Ethan Wilson,ethan.wilson5661@example.com,10/10/2024,209.22,USD,pending,6,CA
TX-0005662,C-00862,Zoe Garcia,zoe.garcia5662@example.com,11/03/2024,2389.43,usd,refunded,7,GB
TX-0005663,C-00863,Mateo Nguyen,mateo.nguyen5663@example.com,12/08/2024,1170.74,USD,cancelled,8,AU
TX-0005664,C-00864,Ava Patel,ava.patel5664@example.com,01/01/2024,657.69,USD,completed,1,DE
TX-0005665,C-00865,Noah Kim,noah.kim5665@example.com,02/06/2024,394.90,USD,pending,2,US
TX-0005666,C-00866,Mia Martin,mia.martin5666@example.com,03/11/2024,1073.67,USD,refunded,3,CA
TX-0005667,C-00867,Liam Smith,liam.smith5667@example.com,04/04/2024,2486.94,USD,cancelled,4,GB
TX-0005668,C-00868,Sofia Brown,sofia.brown5668@example.com,05/09/2024,1359.39,USD,completed,5,AU
TX-0005669,C-00869,Ethan Wilson,ethan.wilson5669@example.com,06/02/2024,92.61,USD,pending,6,DE
TX-0005670,C-00870,Zoe Garcia,zoe.garcia5670@example.com,07/07/2024,1517.43,USD,refunded,7,US
TX-0005671,C-00871,Mateo Nguyen,mateo.nguyen5671@example.com,08/12/2024,1920.31,USD,cancelled,8,CA
TX-0005672,C-00872,Ava Patel,ava.patel5672@example.com,09/05/2024,674.83,USD,completed,1,GB
TX-0005673,C-00873,Noah Kim,noah.kim5673@example.com,10/10/2024,511.32,USD,pending,2,AU
TX-0005674,C-00874,Mia Martin,mia.martin5674@example.com,11/03/2024,1026.25,USD,refunded,3,DE
TX-0005675,C-00875,Liam Smith,liam.smith5675@example.com,12/08/2024,1384.09,USD,cancelled,4,US
TX-0005676,C-00876,Sofia Brown,sofia.brown5676@example.com,01/01/2024,615.18,USD,completed,5,CA
TX-0005677,C-00877,Ethan Wilson,ethan.wilson5677@example.com,02/06/2024,825.86,USD,pending,6,GB
TX-0005678,C-00878,Zoe Garcia,zoe.garcia5678@example.com,03/11/2024,1235.98,USD,refunded,7,AU
TX-0005679,C-00879,Mateo Nguyen,mateo.nguyen5679@example.com,04/04/2024,1263.14,USD,cancelled,8,DE
TX-0005680,C-00880,Ava Patel,ava.patel5680@example.com,05/09/2024,2052.74,USD,completed,1,US
TX-0005681,C-00881,Noah Kim,noah.kim5681@example.com,06/02/2024,1920.07,USD,pending,2,CA
TX-0005682,C-00882,Mia Martin,mia.martin5682@example.com,07/07/2024,1326.94,USD,refunded,3,GB
TX-0005683,C-00883,Liam Smith,liam.smith5683@example.com,08/12/2024,1797.68,USD,cancelled,4,AU
TX-0005684,C-00884,Sofia Brown,sofia.brown5684@example.com,09/05/2024,198.95,USD,completed,5,DE
TX-0005685,C-00885,Ethan Wilson,ethan.wilson5685@example.com,10/10/2024,1488.92,USD,pending,6,US
TX-0005686,C-00886,Zoe Garcia,zoe.garcia5686@example.com,11/03/2024,1234.25,USD,refunded,7,CA
TX-0005687,C-00887,Mateo Nguyen,mateo.nguyen5687@example.com,12/08/2024,1083.92,USD,cancelled,8,GB
TX-0005688,C-00888,Ava Patel,ava.patel5688@example.com,01/01/2024,403.80,USD,completed,1,AU
TX-0005689,C-00889,Noah Kim,noah.kim5689@example.com,02/06/2024,205.01,USD,pending,2,DE
TX-0005690,C-00890,Mia Martin,mia.martin5690@example.com,03/11/2024,89.49,USD,refunded,3,US
TX-0005691,C-00891,Liam Smith,liam.smith5691@example.com,04/04/2024,1566.09,USD,cancelled,4,CA
TX-0005692,C-00892,Sofia Brown,sofia.brown5692@example.com,05/09/2024,1717.08,USD,completed,5,GB
TX-0005693,C-00893,Ethan Wilson,ethan.wilson5693@example.com,06/02/2024,683.37,USD,pending,6,AU
TX-0005694,C-00894,Zoe Garcia,zoe.garcia5694@example.com,07/07/2024,136.80,USD,refunded,7,DE
TX-0005695,C-00895,Mateo Nguyen,mateo.nguyen5695@example.com,08/12/2024,2183.29,USD,cancelled,8,US
TX-0005696,C-00896,Ava Patel,ava.patel.invalid,09/05/2024,423.94,USD,completed,1,CA
TX-0005697,C-00897,Noah Kim,noah.kim5697@example.com,10/10/2024,-51.82,USD,pending,2,GB
TX-0005698,C-00898,Mia Martin,mia.martin5698@example.com,11/03/2024,2154.68,USD,refunded,3,AU
TX-0005699,C-00899,Liam Smith,liam.smith5699@example.com,12/08/2024,742.36,USD,cancelled,4,DE
TX-0005700,C-00900,Sofia Brown,sofia.brown5700@example.com,01/01/2024,1286.83,USD,completed,5,US
TX-0005701,C-00901,Ethan Wilson,ethan.wilson5701@example.com,02/06/2024,2384.76,USD,pending,6,CA
TX-0005702,C-00902,Zoe Garcia,zoe.garcia5702@example.com,03/11/2024,833.59,USD,refunded,7,GB
TX-0005703,C-00903,Mateo Nguyen,mateo.nguyen5703@example.com,04/04/2024,942.73,USD,cancelled,8,AU
TX-0005704,C-00904,Ava Patel,ava.patel5704@example.com,05/09/2024,1313.33,USD,completed,1,DE
TX-0005705,C-00905,Noah Kim,noah.kim5705@example.com,06/02/2024,1716.81,USD,pending,2,US
TX-0005706,C-00906,Mia Martin,mia.martin5706@example.com,07/07/2024,576.86,USD,refunded,3,CA
TX-0005707,C-00907,Liam Smith,liam.smith5707@example.com,08/12/2024,1120.01,USD,cancelled,4,GB
TX-0005708,C-00908,Sofia Brown,sofia.brown5708@example.com,09/05/2024,184.41,USD,completed,5,AU
TX-0005709,C-00909,Ethan Wilson,ethan.wilson5709@example.com,10/10/2024,932.63,USD,pending,6,USA
TX-0005710,C-00910,Zoe Garcia,zoe.garcia5710@example.com,11/03/2024,2126.14,USD,refunded,7,US
TX-0005711,C-00911,Mateo Nguyen,mateo.nguyen5711@example.com,12/08/2024,1913.99,USD,cancelled,8,CA
TX-0005712,C-00912,Ava Patel,ava.patel5712@example.com,01/01/2024,202.65,USD,completed,1,GB
TX-0005713,C-00913,Noah Kim,noah.kim5713@example.com,02/06/2024,520.07,USD,pending,2,AU
TX-0005714,C-00914,Mia Martin,mia.martin5714@example.com,03/11/2024,2375.86,USD,refunded,3,DE
TX-0005715,C-00915,liam smith,liam.smith5715@example.com,04/04/2024,1943.02,USD,cancelled,4,US
TX-0005716,C-00916,Sofia Brown,sofia.brown5716@example.com,05/09/2024,1130.99,USD,completed,5,CA
TX-0005717,C-00917,Ethan Wilson,ethan.wilson5717@example.com,06/02/2024,180.65,USD,pending,6,GB
TX-0005718,C-00918,Zoe Garcia,zoe.garcia5718@example.com,07/07/2024,727.19,USD,refunded,7,AU
TX-0005719,C-00919,Mateo Nguyen,mateo.nguyen5719@example.com,08/12/2024,981.97,USD,cancelled,8,DE
TX-0005720,C-00920,Ava Patel,ava.patel5720@example.com,09/05/2024,1890.39,USD,completed,1,US
TX-0005721,C-00921,Noah Kim,noah.kim5721@example.com,10/10/2024,591.56,USD,pending,2,CA
TX-0005722,C-00922,Mia Martin,mia.martin5722@example.com,11/03/2024,179.67,USD,refunded,3,GB
TX-0005723,C-00923,Liam Smith,,12/08/2024,1154.55,USD,cancelled,4,AU
TX-0005724,C-00924,Sofia Brown,sofia.brown5724@example.com,01/01/2024,1009.86,USD,completed,5,DE
TX-0005725,C-00925,Ethan Wilson,ethan.wilson5725@example.com,02/06/2024,1413.18,USD,pending,6,US
TX-0005726,C-00926,Zoe Garcia,zoe.garcia5726@example.com,03/11/2024,1744.59,USD,refunded,7,CA
TX-0005727,C-00927,Mateo Nguyen,mateo.nguyen5727@example.com,04/04/2024,1435.84,USD,cancelled,8,GB
TX-0005728,C-00928,Ava Patel,ava.patel5728@example.com,05/09/2024,95.77,USD,completed,1,AU
TX-0005729,C-00929,Noah Kim,noah.kim5729@example.com,06/02/2024,1398.02,USD,pending,2,DE
TX-0005730,C-00930,Mia Martin,mia.martin5730@example.com,07/07/2024,682.30,USD,unknown,3,US
TX-0005731,C-00931,Liam Smith,liam.smith5731@example.com,08/12/2024,565.43,USD,cancelled,4,CA
TX-0005732,C-00932,Sofia Brown,sofia.brown5732@example.com,09/05/2024,2137.15,USD,completed,5,GB
TX-0005733,C-00933,Ethan Wilson,ethan.wilson5733@example.com,10/10/2024,2044.36,USD,pending,6,AU
TX-0005734,C-00934,Zoe Garcia,zoe.garcia5734@example.com,11/03/2024,2093.47,USD,refunded,7,DE
TX-0005735,C-00935,Mateo Nguyen,mateo.nguyen5735@example.com,12/08/2024,1976.85,USD,cancelled,8,US
TX-0005736,C-00936,Ava Patel,ava.patel5736@example.com,01/01/2024,1557.27,USD,completed,1,CA
TX-0005737,C-00937,Noah Kim,noah.kim5737@example.com,02/06/2024,1953.35,USD,pending,2,GB
TX-0005738,C-00938,Mia Martin,mia.martin5738@example.com,03/11/2024,2485.19,USD,refunded,3,AU
TX-0005739,C-00939,Liam Smith,liam.smith5739@example.com,04/04/2024,2312.98,USD,cancelled,4,DE
TX-0005740,C-00940,Sofia Brown,sofia.brown5740@example.com,05/09/2024,1836.94,USD,completed,5,US
TX-0005741,C-00941,Ethan Wilson,ethan.wilson5741@example.com,06/02/2024,2277.45,USD,pending,6,CA
TX-0005742,C-00942,Zoe Garcia,zoe.garcia5742@example.com,07/07/2024,457.81,USD,refunded,7,GB
TX-0005743,C-00943,Mateo Nguyen,mateo.nguyen5743@example.com,08/12/2024,1287.96,USD,cancelled,8,AU
TX-0005744,C-00944,Ava Patel,ava.patel5744@example.com,09/05/2024,277.25,USD,completed,1,DE
TX-0005745,C-00945,Noah Kim,noah.kim5745@example.com,10/10/2024,1656.60,USD,pending,2,US
TX-0005746,C-00946,Mia Martin,mia.martin5746@example.com,11/03/2024,934.90,USD,refunded,3,CA
TX-0005747,C-00947,Liam Smith,liam.smith5747@example.com,12/08/2024,1866.17,USD,cancelled,4,GB
TX-0005748,C-00948,Sofia Brown,sofia.brown5748@example.com,01/01/2024,1044.32,USD,completed,5,AU
TX-0005749,C-00949,Ethan Wilson,ethan.wilson5749@example.com,02/06/2024,2134.22,USD,pending,6,DE
TX-0005750,C-00950,Zoe Garcia,zoe.garcia5750@example.com,03/11/2024,523.63,USD,refunded,7,US
TX-0005751,C-00951,Mateo Nguyen,mateo.nguyen5751@example.com,04/04/2024,431.46,USD,cancelled,8,CA
TX-0005752,C-00952,Ava Patel,ava.patel5752@example.com,05/09/2024,2213.25,USD,completed,1,GB
TX-0005753,C-00953,Noah Kim,noah.kim5753@example.com,06/02/2024,1550.63,USD,pending,2,AU
TX-0005754,C-00954,Mia Martin,mia.martin5754@example.com,07/07/2024,2326.08,USD,refunded,3,DE
TX-0005755,C-00955,Liam Smith,liam.smith5755@example.com,08/12/2024,1582.88,USD,cancelled,4,US
TX-0005756,C-00956,Sofia Brown,sofia.brown5756@example.com,09/05/2024,19.97,USD,completed,5,CA
TX-0005757,C-00957,Ethan Wilson,ethan.wilson5757@example.com,10/10/2024,1297.90,USD,pending,6,GB
TX-0005758,C-00958,Zoe Garcia,zoe.garcia5758@example.com,11/03/2024,2227.45,USD,refunded,7,AU
TX-0005759,C-00959,Mateo Nguyen,mateo.nguyen5759@example.com,12/08/2024,2378.51,USD,cancelled,8,DE
TX-0005760,C-00960,Ava Patel,ava.patel5760@example.com,01/01/2024,2487.01,USD,completed,1,US
TX-0005761,C-00961,Noah Kim,noah.kim5761@example.com,02/06/2024,1137.05,USD,pending,2,CA
TX-0005762,C-00962,Mia Martin,mia.martin5762@example.com,03/11/2024,952.65,USD,refunded,3,GB
TX-0005763,C-00963,  LIAM SMITH  ,liam.smith5763@example.com,04/04/2024,1733.28,USD,cancelled,4,AU
TX-0005764,C-00964,Sofia Brown,sofia.brown5764@example.com,05/09/2024,430.50,USD,completed,5,de
TX-0005765,C-00965,Ethan Wilson,ethan.wilson5765@example.com,06/02/2024,957.45,USD,pending,6,US
TX-0005766,C-00966,Zoe Garcia,zoe.garcia5766@example.com,07/07/2024,71.84,USD,refunded,7,CA
TX-0005767,C-00967,Mateo Nguyen,mateo.nguyen5767@example.com,08/12/2024,1068.01,USD,cancelled,8,GB
TX-0005768,C-00968,Ava Patel,ava.patel5768@example.com,09/05/2024,1103.88,USD,completed,1,AU
TX-0005769,C-00969,Noah Kim,noah.kim5769@example.com,10/10/2024,1170.60,USD,pending,2,DE
TX-0005770,C-00970,Mia Martin,mia.martin5770@example.com,11/03/2024,1474.04,USD,refunded,3,US
TX-0005771,C-00971,Liam Smith,liam.smith5771@example.com,12/08/2024,1165.71,USD,cancelled,4,CA
TX-0005772,C-00972,Sofia Brown,sofia.brown5772@example.com,01/01/2024,542.65,USD,completed,5,GB
TX-0005773,C-00973,Ethan Wilson,ethan.wilson5773@example.com,02/06/2024,917.34,USD,pending,6,AU
TX-0005774,C-00974,Zoe Garcia,zoe.garcia5774@example.com,03/11/2024,359.53,USD,refunded,7,DE
TX-0005775,C-00975,Mateo Nguyen,mateo.nguyen5775@example.com,04/04/2024,251.40,USD,cancelled,8,US
TX-0005776,C-00976,Ava Patel,ava.patel5776@example.com,05/09/2024,97.58,USD,completed,1,CA
TX-0005777,C-00977,Noah Kim,noah.kim5777@example.com,06/02/2024,1153.88,USD,pending,2,GB
TX-0005778,C-00978,Mia Martin,mia.martin5778@example.com,07/07/2024,34.29,USD,refunded,3,AU
TX-0005779,C-00979,Liam Smith,liam.smith5779@example.com,08/12/2024,2074.13,USD,cancelled,4,DE
TX-0005780,C-00980,Sofia Brown,sofia.brown5780@example.com,09/05/2024,479.88,USD,completed,5,US
TX-0005781,C-00981,Ethan Wilson,ethan.wilson5781@example.com,10/10/2024,795.15,USD,pending,6,CA
TX-0005782,C-00982,Zoe Garcia,zoe.garcia5782@example.com,11/03/2024,1016.34,USD,refunded,7,GB
TX-0005783,C-00983,Mateo Nguyen,mateo.nguyen5783@example.com,12/08/2024,1765.01,USD,cancelled,8,AU
TX-0005784,C-00984,Ava Patel,ava.patel5784@example.com,01/01/2024,750.30,USD,completed,1,DE
TX-0005785,C-00985,Noah Kim,noah.kim.invalid,02/06/2024,1021.25,USD,pending,2,US
TX-0005786,C-00986,Mia Martin,mia.martin5786@example.com,03/11/2024,2470.80,USD,refunded,3,CA
TX-0005787,C-00987,Liam Smith,liam.smith5787@example.com,04/04/2024,2079.48,USD,cancelled,4,GB
TX-0005788,C-00988,Sofia Brown,sofia.brown5788@example.com,05/09/2024,1900.05,USD,completed,5,AU
TX-0005789,C-00989,Ethan Wilson,ethan.wilson5789@example.com,06/02/2024,2489.54,USD,pending,6,DE
TX-0005790,C-00990,Zoe Garcia,zoe.garcia5790@example.com,07/07/2024,731.64,USD,refunded,7,US
TX-0005791,C-00991,Mateo Nguyen,mateo.nguyen5791@example.com,08/12/2024,467.37,USD,cancelled,8,CA
TX-0005792,C-00992,Ava Patel,ava.patel5792@example.com,09/05/2024,1664.45, USD ,completed,1,GB
TX-0005793,C-00993,Noah Kim,noah.kim5793@example.com,10/10/2024,732.96,USD,pending,2,AU
TX-0005794,C-00994,Mia Martin,mia.martin5794@example.com,11/03/2024,2137.46,USD,refunded,3,DE
TX-0005795,C-00995,Liam Smith,liam.smith5795@example.com,12/08/2024,1656.83,USD,cancelled,4,US
TX-0005796,C-00996,Sofia Brown,sofia.brown5796@example.com,01/01/2024,757.17,USD,completed,5,CA
TX-0005797,C-00997,Ethan Wilson,ethan.wilson5797@example.com,02/06/2024,2302.28,USD,pending,6,GB
TX-0005798,C-00998,Zoe Garcia,zoe.garcia5798@example.com,03/11/2024,,USD,refunded,7,AU
TX-0005799,C-00999,Mateo Nguyen,mateo.nguyen5799@example.com,04/04/2024,996.63,USD,cancelled,8,DE
TX-0005800,C-01000,Ava Patel,ava.patel5800@example.com,05/09/2024,53.51,USD,completed,1,US
TX-0005801,C-01001,Noah Kim,noah.kim5801@example.com,06/02/2024,1618.41,USD,pending,2,CA
TX-0005802,C-01002,Mia Martin,mia.martin5802@example.com,07/07/2024,1156.50,USD,refunded,3,GB
TX-0005803,C-01003,Liam Smith,liam.smith5803@example.com,08/12/2024,1501.69,USD,cancelled,4,AU
TX-0005804,C-01004,Sofia Brown,sofia.brown5804@example.com,09/05/2024,79.72,USD,completed,5,DE
TX-0005805,C-01005,Ethan Wilson,ethan.wilson5805@example.com,10/10/2024,1935.58,USD,pending,6,US
TX-0005806,C-01006,Zoe Garcia,zoe.garcia5806@example.com,11/03/2024,2011.43,USD,refunded,7,CA
TX-0005807,C-01007,Mateo Nguyen,mateo.nguyen5807@example.com,12/08/2024,353.91,USD,cancelled,8,GB
TX-0005808,C-01008,Ava Patel,ava.patel5808@example.com,01/01/2024,694.46,USD,completed,1,AU
TX-0005809,C-01009,Noah Kim,noah.kim5809@example.com,02/06/2024,1041.67,USD,COMPLETE,2,DE
TX-0005810,C-01010,Mia Martin,mia.martin5810@example.com,03/11/2024,727.83,USD,refunded,3,US
TX-0005811,C-01011,Liam Smith,liam.smith5811@example.com,04/04/2024,581.85,usd,cancelled,4,CA
TX-0005812,C-01012,Sofia Brown,sofia.brown5812@example.com,05/09/2024,1953.41,USD,completed,5,GB
TX-0005813,C-01013,Ethan Wilson,ethan.wilson5813@example.com,06/02/2024,122.40,USD,pending,6,AU
TX-0005814,C-01014,Zoe Garcia,zoe.garcia5814@example.com,07/07/2024,934.64,USD,refunded,7,DE
TX-0005815,C-01015,Mateo Nguyen,mateo.nguyen5815@example.com,08/12/2024,2367.59,USD,cancelled,8,US
TX-0005816,C-01016,Ava Patel,ava.patel5816@example.com,09/05/2024,894.14,USD,completed,1,CA
TX-0005817,C-01017,Noah Kim,noah.kim5817@example.com,10/10/2024,2226.75,USD,pending,2,GB
TX-0005818,C-01018,Mia Martin,mia.martin5818@example.com,11/03/2024,49.40,USD,refunded,3,AU
TX-0005819,C-01019,Liam Smith,liam.smith5819@example.com,12/08/2024,1792.32,USD,cancelled,4,DE
TX-0005820,C-01020,Sofia Brown,,01/01/2024,297.35,USD,completed,5,US
TX-0005821,C-01021,Ethan Wilson,ethan.wilson5821@example.com,02/06/2024,1024.57,USD,pending,6,CA
TX-0005822,C-01022,Zoe Garcia,zoe.garcia5822@example.com,03/11/2024,625.88,USD,refunded,7,GB
TX-0005823,C-01023,Mateo Nguyen,mateo.nguyen5823@example.com,04/04/2024,1786.25,USD,cancelled,8,AU
TX-0005824,C-01024,Ava Patel,ava.patel5824@example.com,05/09/2024,547.19,USD,completed,1,DE
TX-0005825,C-01025,Noah Kim,noah.kim5825@example.com,06/02/2024,2468.01,USD,pending,2,US
TX-0005826,C-01026,Mia Martin,mia.martin5826@example.com,07/07/2024,1177.80,USD,refunded,3,CA
TX-0005827,C-01027,Liam Smith,liam.smith5827@example.com,08/12/2024,178.59,USD,cancelled,4,GB
TX-0005828,C-01028,Sofia Brown,sofia.brown5828@example.com,09/05/2024,2298.16,USD,completed,5,AU
TX-0005829,C-01029,Ethan Wilson,ethan.wilson5829@example.com,10/10/2024,293.54,USD,pending,6,DE
TX-0005830,C-01030,Zoe Garcia,zoe.garcia5830@example.com,11/03/2024,1531.38,USD,refunded,7,US
TX-0005831,C-01031,Mateo Nguyen,mateo.nguyen5831@example.com,12/08/2024,1302.26,USD,cancelled,8,CA
TX-0005832,C-01032,Ava Patel,ava.patel5832@example.com,01/01/2024,1091.81,USD,completed,1,GB
TX-0005833,C-01033,Noah Kim,noah.kim5833@example.com,02/06/2024,2301.44,USD,pending,2,AU
TX-0005834,C-01034,Mia Martin,mia.martin5834@example.com,03/11/2024,1637.74,USD,refunded,3,DE
TX-0005835,C-01035,Liam Smith,liam.smith5835@example.com,04/04/2024,2018.47,USD,cancelled,4,US
TX-0005836,C-01036,Sofia Brown,sofia.brown5836@example.com,05/09/2024,153.89,USD,completed,5,CA
TX-0005837,C-01037,Ethan Wilson,ethan.wilson5837@example.com,06/02/2024,626.60,USD,pending,6,GB
TX-0005838,C-01038,Zoe Garcia,zoe.garcia5838@example.com,07/07/2024,661.32,USD,refunded,7,AU
TX-0005839,C-01039,Mateo Nguyen,mateo.nguyen5839@example.com,08/12/2024,802.73,USD,cancelled,8,DE
TX-0005840,C-01040,Ava Patel,ava.patel5840@example.com,09/05/2024,1061.22,USD,completed,1,US
TX-0005841,C-01041,Noah Kim,noah.kim5841@example.com,10/10/2024,680.11,USD,pending,2,CA
TX-0005842,C-01042,mia martin,mia.martin5842@example.com,11/03/2024,750.12,USD,refunded,3,GB
TX-0005843,C-01043,Liam Smith,liam.smith5843@example.com,12/08/2024,2272.90,USD,cancelled,4,AU
TX-0005844,C-01044,Sofia Brown,sofia.brown5844@example.com,01/01/2024,2052.69,USD,completed,5,DE
TX-0005845,C-01045,Ethan Wilson,ethan.wilson5845@example.com,02/06/2024,1134.75,USD,pending,6,US
TX-0005846,C-01046,Zoe Garcia,zoe.garcia5846@example.com,03/11/2024,920.08,USD,refunded,7,CA
TX-0005847,C-01047,Mateo Nguyen,mateo.nguyen5847@example.com,04/04/2024,450.59,USD,cancelled,8,GB
TX-0005848,C-01048,Ava Patel,ava.patel5848@example.com,05/09/2024,2302.40,USD,completed,1,AU
TX-0005849,C-01049,Noah Kim,noah.kim5849@example.com,06/02/2024,382.51,USD,pending,2,DE
TX-0005850,C-01050,Mia Martin,mia.martin5850@example.com,07/07/2024,930.73,USD,refunded,3,US
TX-0005851,C-01051,Liam Smith,liam.smith5851@example.com,08/12/2024,2417.86,USD,cancelled,4,CA
TX-0005852,C-01052,Sofia Brown,sofia.brown5852@example.com,09/05/2024,550.33,USD,completed,5,GB
TX-0005853,C-01053,Ethan Wilson,ethan.wilson5853@example.com,10/10/2024,1710.00,USD,pending,6,AU
TX-0005854,C-01054,Zoe Garcia,zoe.garcia5854@example.com,11/03/2024,151.15,USD,refunded,7,DE
TX-0005855,C-01055,Mateo Nguyen,mateo.nguyen5855@example.com,12/08/2024,1738.03,USD,cancelled,8,US
TX-0005856,C-01056,Ava Patel,ava.patel5856@example.com,01/01/2024,822.71,USD,completed,1,CA
TX-0005857,C-01057,Noah Kim,noah.kim5857@example.com,02/06/2024,283.80,USD,pending,2,GB
TX-0005858,C-01058,Mia Martin,mia.martin5858@example.com,03/11/2024,2145.93,USD,refunded,3,AU
TX-0005859,C-01059,Liam Smith,liam.smith5859@example.com,04/04/2024,253.71,USD,cancelled,4,DE
TX-0005860,C-01060,Sofia Brown,sofia.brown5860@example.com,05/09/2024,192.77,USD,completed,5,US
TX-0005861,C-01061,Ethan Wilson,ethan.wilson5861@example.com,06/02/2024,1446.77,USD,pending,6,CA
TX-0005862,C-01062,Zoe Garcia,zoe.garcia5862@example.com,07/07/2024,876.06,USD,refunded,7,GB
TX-0005863,C-01063,Mateo Nguyen,mateo.nguyen5863@example.com,08/12/2024,1401.69,USD,cancelled,8,AU
TX-0005864,C-01064,Ava Patel,ava.patel5864@example.com,09/05/2024,1768.21,USD,completed,1,DE
TX-0005865,C-01065,Noah Kim,noah.kim5865@example.com,10/10/2024,1487.81,USD,pending,2,US
TX-0005866,C-01066,Mia Martin,mia.martin5866@example.com,11/03/2024,2048.76,USD,refunded,3,CA
TX-0005867,C-01067,Liam Smith,liam.smith5867@example.com,12/08/2024,636.38,USD,cancelled,4,GB
TX-0005868,C-01068,Sofia Brown,sofia.brown5868@example.com,01/01/2024,2324.94,USD,completed,5,AU
TX-0005869,C-01069,Ethan Wilson,ethan.wilson5869@example.com,02/06/2024,474.01,USD,pending,6,DE
TX-0005870,C-01070,Zoe Garcia,zoe.garcia5870@example.com,03/11/2024,420.26,USD,refunded,7,US
TX-0005871,C-01071,Mateo Nguyen,mateo.nguyen5871@example.com,04/04/2024,795.28,USD,cancelled,8,CA
TX-0005872,C-01072,Ava Patel,ava.patel5872@example.com,05/09/2024,968.17,USD,completed,1,GB
TX-0005873,C-01073,Noah Kim,noah.kim5873@example.com,06/02/2024,2188.62,USD,pending,2,AU
TX-0005874,C-01074,Mia Martin,mia.martin.invalid,07/07/2024,177.13,USD,refunded,3,DE
TX-0005875,C-01075,Liam Smith,liam.smith5875@example.com,08/12/2024,1038.99,USD,cancelled,4,US
TX-0005876,C-01076,  SOFIA BROWN  ,sofia.brown5876@example.com,09/05/2024,2150.76,USD,completed,5,CA
TX-0005877,C-01077,Ethan Wilson,ethan.wilson5877@example.com,10/10/2024,1369.12,USD,pending,6,GB
TX-0005878,C-01078,Zoe Garcia,zoe.garcia5878@example.com,11/03/2024,1377.88,USD,refunded,7,AU
TX-0005879,C-01079,Mateo Nguyen,mateo.nguyen5879@example.com,12/08/2024,1729.37,USD,cancelled,8,DE
TX-0005880,C-01080,Ava Patel,ava.patel5880@example.com,01/01/2024,531.80,USD,completed,1,US
TX-0005881,C-01081,Noah Kim,noah.kim5881@example.com,02/06/2024,638.51,USD,pending,2,CA
TX-0005882,C-01082,Mia Martin,mia.martin5882@example.com,03/11/2024,532.75,USD,refunded,3,USA
TX-0005883,C-01083,Liam Smith,liam.smith5883@example.com,04/04/2024,1958.93,USD,cancelled,4,AU
TX-0005884,C-01084,Sofia Brown,sofia.brown5884@example.com,05/09/2024,1683.85,USD,completed,5,DE
TX-0005885,C-01085,Ethan Wilson,ethan.wilson5885@example.com,06/02/2024,764.27,USD,pending,6,US
TX-0005886,C-01086,Zoe Garcia,zoe.garcia5886@example.com,07/07/2024,620.77,USD,refunded,7,CA
TX-0005887,C-01087,Mateo Nguyen,mateo.nguyen5887@example.com,08/12/2024,720.93,USD,cancelled,8,GB
TX-0005888,C-01088,Ava Patel,ava.patel5888@example.com,09/05/2024,2432.22,USD,completed,1,AU
TX-0005889,C-01089,Noah Kim,noah.kim5889@example.com,10/10/2024,416.00,USD,pending,2,DE
TX-0005890,C-01090,Mia Martin,mia.martin5890@example.com,11/03/2024,215.60,USD,refunded,3,US
TX-0005891,C-01091,Liam Smith,liam.smith5891@example.com,12/08/2024,300.54,USD,cancelled,4,CA
TX-0005892,C-01092,Sofia Brown,sofia.brown5892@example.com,01/01/2024,209.64,USD,completed,5,GB
TX-0005893,C-01093,Ethan Wilson,ethan.wilson5893@example.com,02/06/2024,2348.12,USD,pending,6,AU
TX-0005894,C-01094,Zoe Garcia,zoe.garcia5894@example.com,03/11/2024,623.45,USD,refunded,7,DE
TX-0005895,C-01095,Mateo Nguyen,mateo.nguyen5895@example.com,04/04/2024,1117.87,USD,cancelled,8,us
TX-0005896,C-01096,Ava Patel,ava.patel5896@example.com,05/09/2024,1679.22,USD,completed,1,CA
TX-0005897,C-01097,Noah Kim,noah.kim5897@example.com,06/02/2024,1622.97,USD,pending,2,GB
TX-0005898,C-01098,Mia Martin,mia.martin5898@example.com,07/07/2024,375.52,USD,refunded,3,AU
TX-0005899,C-01099,Liam Smith,liam.smith5899@example.com,08/12/2024,2191.41,USD,cancelled,4,DE
TX-0005900,C-01100,Sofia Brown,sofia.brown5900@example.com,09/05/2024,107.41,USD,completed,5,US
TX-0005901,C-01101,Ethan Wilson,ethan.wilson5901@example.com,10/10/2024,1927.37,USD,pending,6,CA
TX-0005902,C-01102,Zoe Garcia,zoe.garcia5902@example.com,11/03/2024,117.04,USD,refunded,7,GB
TX-0005903,C-01103,Mateo Nguyen,mateo.nguyen5903@example.com,12/08/2024,1854.99,USD,cancelled,8,AU
TX-0005904,C-01104,Ava Patel,ava.patel5904@example.com,01/01/2024,304.74,USD,completed,1,DE
TX-0005905,C-01105,Noah Kim,noah.kim5905@example.com,02/06/2024,1204.47,USD,pending,2,US
TX-0005906,C-01106,Mia Martin,mia.martin5906@example.com,03/11/2024,843.39,USD,refunded,3,CA
TX-0005907,C-01107,Liam Smith,liam.smith5907@example.com,04/04/2024,377.37,USD,cancelled,4,GB
TX-0005908,C-01108,Sofia Brown,sofia.brown5908@example.com,05/09/2024,-97.30,USD,completed,5,AU
TX-0005909,C-01109,Ethan Wilson,ethan.wilson5909@example.com,06/02/2024,616.14,USD,pending,6,DE
TX-0005910,C-01110,Zoe Garcia,zoe.garcia5910@example.com,07/07/2024,962.19,USD,refunded,7,US
TX-0005911,C-01111,Mateo Nguyen,mateo.nguyen5911@example.com,08/12/2024,55.64,USD,cancelled,8,CA
TX-0005912,C-01112,Ava Patel,ava.patel5912@example.com,09/05/2024,279.12,USD,completed,1,GB
TX-0005913,C-01113,Noah Kim,noah.kim5913@example.com,10/10/2024,1522.53,USD,pending,2,AU
TX-0005914,C-01114,Mia Martin,mia.martin5914@example.com,11/03/2024,710.64,USD,refunded,3,DE
TX-0005915,C-01115,Liam Smith,liam.smith5915@example.com,12/08/2024,409.68,USD,cancelled,4,US
TX-0005916,C-01116,Sofia Brown,sofia.brown5916@example.com,01/01/2024,1394.19,USD,completed,5,CA
TX-0005917,C-01117,Ethan Wilson,,02/06/2024,673.13,USD,pending,6,GB
TX-0005918,C-01118,Zoe Garcia,zoe.garcia5918@example.com,03/11/2024,2383.16,USD,refunded,7,AU
TX-0005919,C-01119,Mateo Nguyen,mateo.nguyen5919@example.com,04/04/2024,1965.96,USD,cancelled,8,DE
TX-0005920,C-01120,Ava Patel,ava.patel5920@example.com,05/09/2024,334.98,USD,completed,1,US
TX-0005921,C-01121,Noah Kim,noah.kim5921@example.com,06/02/2024,1675.58,USD,unknown,2,CA
TX-0005922,C-01122,Mia Martin,mia.martin5922@example.com,07/07/2024,53.92,USD,refunded,3,GB
TX-0005923,C-01123,Liam Smith,liam.smith5923@example.com,08/12/2024,1836.22,USD,cancelled,4,AU
TX-0005924,C-01124,Sofia Brown,sofia.brown5924@example.com,09/05/2024,2067.11,USD,completed,5,DE
TX-0005925,C-01125,Ethan Wilson,ethan.wilson5925@example.com,10/10/2024,2394.13,USD,pending,6,US
TX-0005926,C-01126,Zoe Garcia,zoe.garcia5926@example.com,11/03/2024,2427.07,USD,refunded,7,CA
TX-0005927,C-01127,Mateo Nguyen,mateo.nguyen5927@example.com,12/08/2024,696.97,USD,cancelled,8,GB
TX-0005928,C-01128,Ava Patel,ava.patel5928@example.com,01/01/2024,5.87,USD,completed,1,AU
TX-0005929,C-01129,Noah Kim,noah.kim5929@example.com,02/06/2024,1293.09,USD,pending,2,DE
TX-0005930,C-01130,Mia Martin,mia.martin5930@example.com,03/11/2024,624.73,USD,refunded,3,US
TX-0005931,C-01131,Liam Smith,liam.smith5931@example.com,04/04/2024,2330.06,USD,cancelled,4,CA
TX-0005932,C-01132,Sofia Brown,sofia.brown5932@example.com,05/09/2024,1294.45,USD,completed,5,GB
TX-0005933,C-01133,Ethan Wilson,ethan.wilson5933@example.com,06/02/2024,2070.22,USD,pending,6,AU
TX-0005934,C-01134,Zoe Garcia,zoe.garcia5934@example.com,07/07/2024,1045.43,USD,refunded,7,DE
TX-0005935,C-01135,Mateo Nguyen,mateo.nguyen5935@example.com,08/12/2024,934.31,USD,cancelled,8,US
TX-0005936,C-01136,Ava Patel,ava.patel5936@example.com,09/05/2024,2267.84,USD,completed,1,CA
TX-0005937,C-01137,Noah Kim,noah.kim5937@example.com,10/10/2024,1735.73,USD,pending,2,GB
TX-0005938,C-01138,Mia Martin,mia.martin5938@example.com,11/03/2024,627.65,USD,refunded,3,AU
TX-0005939,C-01139,Liam Smith,liam.smith5939@example.com,12/08/2024,349.62,USD,cancelled,4,DE
TX-0005940,C-01140,Sofia Brown,sofia.brown5940@example.com,01/01/2024,1549.92,USD,completed,5,US
TX-0005941,C-01141,Ethan Wilson,ethan.wilson5941@example.com,02/06/2024,933.18,USD,pending,6,CA
TX-0005942,C-01142,Zoe Garcia,zoe.garcia5942@example.com,03/11/2024,1417.53,USD,refunded,7,GB
TX-0005943,C-01143,Mateo Nguyen,mateo.nguyen5943@example.com,04/04/2024,2427.79,USD,cancelled,8,AU
TX-0005944,C-01144,Ava Patel,ava.patel5944@example.com,05/09/2024,954.46,USD,completed,1,DE
TX-0005945,C-01145,Noah Kim,noah.kim5945@example.com,06/02/2024,1218.45,USD,pending,2,US
TX-0005946,C-01146,Mia Martin,mia.martin5946@example.com,07/07/2024,1764.57,USD,refunded,3,CA
TX-0005947,C-01147,Liam Smith,liam.smith5947@example.com,08/12/2024,360.89,USD,cancelled,4,GB
TX-0005948,C-01148,Sofia Brown,sofia.brown5948@example.com,09/05/2024,2269.22,USD,completed,5,AU
TX-0005949,C-01149,Ethan Wilson,ethan.wilson5949@example.com,10/10/2024,248.25,USD,pending,6,DE
TX-0005950,C-01150,Zoe Garcia,zoe.garcia5950@example.com,11/03/2024,2006.77,USD,refunded,7,US
TX-0005951,C-01151,Mateo Nguyen,mateo.nguyen5951@example.com,12/08/2024,1424.65,USD,cancelled,8,CA
TX-0005952,C-01152,Ava Patel,ava.patel5952@example.com,01/01/2024,722.59,USD,completed,1,GB
TX-0005953,C-01153,Noah Kim,noah.kim5953@example.com,02/06/2024,1690.99,USD,pending,2,AU
TX-0005954,C-01154,Mia Martin,mia.martin5954@example.com,03/11/2024,75.01,USD,refunded,3,DE
TX-0005955,C-01155,Liam Smith,liam.smith5955@example.com,04/04/2024,2128.79,USD,cancelled,4,US
TX-0005956,C-01156,Sofia Brown,sofia.brown5956@example.com,05/09/2024,2086.51,USD,completed,5,CA
TX-0005957,C-01157,Ethan Wilson,ethan.wilson5957@example.com,06/02/2024,2086.43,USD,pending,6,GB
TX-0005958,C-01158,Zoe Garcia,zoe.garcia5958@example.com,07/07/2024,2011.43,USD,refunded,7,AU
TX-0005959,C-01159,Mateo Nguyen,mateo.nguyen5959@example.com,08/12/2024,1281.55,USD,cancelled,8,DE
TX-0005960,C-01160,Ava Patel,ava.patel5960@example.com,09/05/2024,55.86,usd,completed,1,US
TX-0005961,C-01161,Noah Kim,noah.kim5961@example.com,10/10/2024,1026.58,USD,pending,2,CA
TX-0005962,C-01162,Mia Martin,mia.martin5962@example.com,11/03/2024,449.30,USD,refunded,3,GB
TX-0005963,C-01163,Liam Smith,liam.smith.invalid,12/08/2024,572.74,USD,cancelled,4,AU
TX-0005964,C-01164,Sofia Brown,sofia.brown5964@example.com,01/01/2024,1148.15,USD,completed,5,DE
TX-0005965,C-01165,Ethan Wilson,ethan.wilson5965@example.com,02/06/2024,2232.36,USD,pending,6,US
TX-0005966,C-01166,Zoe Garcia,zoe.garcia5966@example.com,03/11/2024,1075.96,USD,COMPLETE,7,CA
TX-0005967,C-01167,Mateo Nguyen,mateo.nguyen5967@example.com,04/04/2024,398.10,USD,cancelled,8,GB
TX-0005968,C-01168,Ava Patel,ava.patel5968@example.com,05/09/2024,953.37,USD,completed,1,AU
TX-0005969,C-01169,noah kim,noah.kim5969@example.com,06/02/2024,1462.03,USD,pending,2,DE
TX-0005970,C-01170,Mia Martin,mia.martin5970@example.com,07/07/2024,836.08,USD,refunded,3,US
TX-0005971,C-01171,Liam Smith,liam.smith5971@example.com,08/12/2024,1717.29,USD,cancelled,4,CA
TX-0005972,C-01172,Sofia Brown,sofia.brown5972@example.com,09/05/2024,1069.99,USD,completed,5,GB
TX-0005973,C-01173,Ethan Wilson,ethan.wilson5973@example.com,10/10/2024,1906.47, USD ,pending,6,AU
TX-0005974,C-01174,Zoe Garcia,zoe.garcia5974@example.com,11/03/2024,2293.16,USD,refunded,7,DE
TX-0005975,C-01175,Mateo Nguyen,mateo.nguyen5975@example.com,12/08/2024,1726.69,USD,cancelled,8,US
TX-0005976,C-01176,Ava Patel,ava.patel5976@example.com,01/01/2024,150.14,USD,completed,1,CA
TX-0005977,C-01177,Noah Kim,noah.kim5977@example.com,02/06/2024,595.14,USD,pending,2,GB
TX-0005978,C-01178,Mia Martin,mia.martin5978@example.com,03/11/2024,961.47,USD,refunded,3,AU
TX-0005979,C-01179,Liam Smith,liam.smith5979@example.com,04/04/2024,843.47,USD,cancelled,4,DE
TX-0005980,C-01180,Sofia Brown,sofia.brown5980@example.com,05/09/2024,1683.50,USD,completed,5,US
TX-0005981,C-01181,Ethan Wilson,ethan.wilson5981@example.com,06/02/2024,1349.14,USD,pending,6,CA
TX-0005982,C-01182,Zoe Garcia,zoe.garcia5982@example.com,07/07/2024,2354.71,USD,refunded,7,GB
TX-0005983,C-01183,Mateo Nguyen,mateo.nguyen5983@example.com,08/12/2024,1120.09,USD,cancelled,8,AU
TX-0005984,C-01184,Ava Patel,ava.patel5984@example.com,09/05/2024,846.19,USD,completed,1,DE
TX-0005985,C-01185,Noah Kim,noah.kim5985@example.com,10/10/2024,1709.23,USD,pending,2,US
TX-0005986,C-01186,Mia Martin,mia.martin5986@example.com,11/03/2024,2197.19,USD,refunded,3,CA
TX-0005987,C-01187,Liam Smith,liam.smith5987@example.com,12/08/2024,2082.04,USD,cancelled,4,GB
TX-0005988,C-01188,Sofia Brown,sofia.brown5988@example.com,01/01/2024,1418.79,USD,completed,5,AU
TX-0005989,C-01189,  ETHAN WILSON  ,ethan.wilson5989@example.com,02/06/2024,1693.88,USD,pending,6,DE
TX-0005990,C-01190,Zoe Garcia,zoe.garcia5990@example.com,03/11/2024,550.72,USD,refunded,7,US
TX-0005991,C-01191,Mateo Nguyen,mateo.nguyen5991@example.com,04/04/2024,268.00,USD,cancelled,8,CA
TX-0005992,C-01192,Ava Patel,ava.patel5992@example.com,05/09/2024,2107.67,USD,completed,1,GB
TX-0005993,C-01193,Noah Kim,noah.kim5993@example.com,06/02/2024,530.63,USD,pending,2,AU
TX-0005994,C-01194,Mia Martin,mia.martin5994@example.com,07/07/2024,772.49,USD,refunded,3,DE
TX-0005995,C-01195,Liam Smith,liam.smith5995@example.com,08/12/2024,1725.50,USD,cancelled,4,US
TX-0005996,C-01196,Sofia Brown,sofia.brown5996@example.com,09/05/2024,2428.55,USD,completed,5,CA
TX-0005997,C-01197,Ethan Wilson,ethan.wilson5997@example.com,10/10/2024,1020.14,USD,pending,6,GB
TX-0005998,C-01198,Zoe Garcia,zoe.garcia5998@example.com,11/03/2024,2452.40,USD,refunded,7,AU
TX-0005999,C-01199,Mateo Nguyen,mateo.nguyen5999@example.com,12/08/2024,2240.34,USD,cancelled,8,DE
TX-0006000,C-01200,Ava Patel,ava.patel6000@example.com,01/01/2024,2351.13,USD,completed,1,US
TX-0006001,C-01201,Noah Kim,noah.kim6001@example.com,02/06/2024,866.43,USD,pending,2,CA
TX-0006002,C-01202,Mia Martin,mia.martin6002@example.com,03/11/2024,388.96,USD,refunded,3,GB
TX-0006003,C-01203,Liam Smith,liam.smith6003@example.com,04/04/2024,686.51,USD,cancelled,4,AU
TX-0006004,C-01204,Sofia Brown,sofia.brown6004@example.com,05/09/2024,939.32,USD,completed,5,DE
TX-0006005,C-01205,Ethan Wilson,ethan.wilson6005@example.com,06/02/2024,1706.51,USD,pending,6,US
TX-0006006,C-01206,Zoe Garcia,zoe.garcia6006@example.com,07/07/2024,569.24,USD,refunded,7,CA
TX-0006007,C-01207,Mateo Nguyen,mateo.nguyen6007@example.com,08/12/2024,751.49,USD,cancelled,8,GB
TX-0006008,C-01208,Ava Patel,ava.patel6008@example.com,09/05/2024,1522.37,USD,completed,1,AU
TX-0006009,C-01209,Noah Kim,noah.kim6009@example.com,10/10/2024,108.82,USD,pending,2,DE
TX-0006010,C-01210,Mia Martin,mia.martin6010@example.com,11/03/2024,690.99,USD,refunded,3,US
TX-0006011,C-01211,Liam Smith,liam.smith6011@example.com,12/08/2024,46.91,USD,cancelled,4,CA
TX-0006012,C-01212,Sofia Brown,sofia.brown6012@example.com,01/01/2024,250.40,USD,completed,5,GB
TX-0006013,C-01213,Ethan Wilson,ethan.wilson6013@example.com,02/06/2024,284.28,USD,pending,6,AU
TX-0006014,C-01214,Zoe Garcia,,03/11/2024,152.95,USD,refunded,7,DE
TX-0006015,C-01215,Mateo Nguyen,mateo.nguyen6015@example.com,04/04/2024,1115.52,USD,cancelled,8,US
TX-0006016,C-01216,Ava Patel,ava.patel6016@example.com,05/09/2024,405.12,USD,completed,1,CA
TX-0006017,C-01217,Noah Kim,noah.kim6017@example.com,06/02/2024,121.29,USD,pending,2,GB
TX-0006018,C-01218,Mia Martin,mia.martin6018@example.com,07/07/2024,953.82,USD,refunded,3,AU
TX-0006019,C-01219,Liam Smith,liam.smith6019@example.com,08/12/2024,2242.46,USD,cancelled,4,DE
TX-0006020,C-01220,Sofia Brown,sofia.brown6020@example.com,09/05/2024,1029.31,USD,completed,5,US
TX-0006021,C-01221,Ethan Wilson,ethan.wilson6021@example.com,10/10/2024,,USD,pending,6,CA
TX-0006022,C-01222,Zoe Garcia,zoe.garcia6022@example.com,11/03/2024,1499.75,USD,refunded,7,GB
TX-0006023,C-01223,Mateo Nguyen,mateo.nguyen6023@example.com,12/08/2024,255.21,USD,cancelled,8,AU
TX-0006024,C-01224,Ava Patel,ava.patel6024@example.com,01/01/2024,1844.31,USD,completed,1,DE
TX-0006025,C-01225,Noah Kim,noah.kim6025@example.com,02/06/2024,2228.31,USD,pending,2,US
TX-0006026,C-01226,Mia Martin,mia.martin6026@example.com,03/11/2024,1338.89,USD,refunded,3,ca
TX-0006027,C-01227,Liam Smith,liam.smith6027@example.com,04/04/2024,779.27,USD,cancelled,4,GB
TX-0006028,C-01228,Sofia Brown,sofia.brown6028@example.com,05/09/2024,1870.46,USD,completed,5,AU
TX-0006029,C-01229,Ethan Wilson,ethan.wilson6029@example.com,06/02/2024,2032.22,USD,pending,6,DE
TX-0006030,C-01230,Zoe Garcia,zoe.garcia6030@example.com,07/07/2024,1963.96,USD,refunded,7,US
TX-0006031,C-01231,Mateo Nguyen,mateo.nguyen6031@example.com,08/12/2024,470.09,USD,cancelled,8,CA
TX-0006032,C-01232,Ava Patel,ava.patel6032@example.com,09/05/2024,584.82,USD,completed,1,GB
TX-0006033,C-01233,Noah Kim,noah.kim6033@example.com,10/10/2024,2134.33,USD,pending,2,AU
TX-0006034,C-01234,Mia Martin,mia.martin6034@example.com,11/03/2024,439.73,USD,refunded,3,DE
TX-0006035,C-01235,Liam Smith,liam.smith6035@example.com,12/08/2024,97.84,USD,cancelled,4,US
TX-0006036,C-01236,Sofia Brown,sofia.brown6036@example.com,01/01/2024,1803.65,USD,completed,5,CA
TX-0006037,C-01237,Ethan Wilson,ethan.wilson6037@example.com,02/06/2024,1832.04,USD,pending,6,GB
TX-0006038,C-01238,Zoe Garcia,zoe.garcia6038@example.com,03/11/2024,1986.72,USD,refunded,7,AU
TX-0006039,C-01239,Mateo Nguyen,mateo.nguyen6039@example.com,04/04/2024,1492.59,USD,cancelled,8,DE
TX-0006040,C-01240,Ava Patel,ava.patel6040@example.com,05/09/2024,2058.05,USD,completed,1,US
TX-0006041,C-01241,Noah Kim,noah.kim6041@example.com,06/02/2024,1800.03,USD,pending,2,CA
TX-0006042,C-01242,Mia Martin,mia.martin6042@example.com,07/07/2024,1835.80,USD,refunded,3,GB
TX-0006043,C-01243,Liam Smith,liam.smith6043@example.com,08/12/2024,2148.27,USD,cancelled,4,AU
TX-0006044,C-01244,Sofia Brown,sofia.brown6044@example.com,09/05/2024,208.74,USD,completed,5,DE
TX-0006045,C-01245,Ethan Wilson,ethan.wilson6045@example.com,10/10/2024,1187.54,USD,pending,6,US
TX-0006046,C-01246,Zoe Garcia,zoe.garcia6046@example.com,11/03/2024,576.86,USD,refunded,7,CA
TX-0006047,C-01247,Mateo Nguyen,mateo.nguyen6047@example.com,12/08/2024,1501.98,USD,cancelled,8,GB
TX-0006048,C-01248,Ava Patel,ava.patel6048@example.com,01/01/2024,2151.38,USD,completed,1,AU
TX-0006049,C-01249,Noah Kim,noah.kim6049@example.com,02/06/2024,304.54,USD,pending,2,DE
TX-0006050,C-01250,Mia Martin,mia.martin6050@example.com,03/11/2024,1574.74,USD,refunded,3,US
TX-0006051,C-01251,Liam Smith,liam.smith6051@example.com,04/04/2024,1774.73,USD,cancelled,4,CA
TX-0006052,C-01252,Sofia Brown,sofia.brown.invalid,05/09/2024,2449.14,USD,completed,5,GB
TX-0006053,C-01253,Ethan Wilson,ethan.wilson6053@example.com,06/02/2024,907.77,USD,pending,6,AU
TX-0006054,C-01254,Zoe Garcia,zoe.garcia6054@example.com,07/07/2024,1719.67,USD,refunded,7,DE
TX-0006055,C-01255,Mateo Nguyen,mateo.nguyen6055@example.com,08/12/2024,74.64,USD,cancelled,8,USA
TX-0006056,C-01256,Ava Patel,ava.patel6056@example.com,09/05/2024,513.10,USD,completed,1,CA
TX-0006057,C-01257,Noah Kim,noah.kim6057@example.com,10/10/2024,807.81,USD,pending,2,GB
TX-0006058,C-01258,Mia Martin,mia.martin6058@example.com,11/03/2024,670.76,USD,refunded,3,AU
TX-0006059,C-01259,Liam Smith,liam.smith6059@example.com,12/08/2024,1041.58,USD,cancelled,4,DE
TX-0006060,C-01260,Sofia Brown,sofia.brown6060@example.com,01/01/2024,1165.71,USD,completed,5,US
TX-0006061,C-01261,Ethan Wilson,ethan.wilson6061@example.com,02/06/2024,1992.94,USD,pending,6,CA
TX-0006062,C-01262,Zoe Garcia,zoe.garcia6062@example.com,03/11/2024,164.63,USD,refunded,7,GB
TX-0006063,C-01263,Mateo Nguyen,mateo.nguyen6063@example.com,04/04/2024,428.40,USD,cancelled,8,AU
TX-0006064,C-01264,Ava Patel,ava.patel6064@example.com,05/09/2024,13.63,USD,completed,1,DE
TX-0006065,C-01265,Noah Kim,noah.kim6065@example.com,06/02/2024,2495.68,USD,pending,2,US
TX-0006066,C-01266,Mia Martin,mia.martin6066@example.com,07/07/2024,952.45,USD,refunded,3,CA
TX-0006067,C-01267,Liam Smith,liam.smith6067@example.com,08/12/2024,961.15,USD,cancelled,4,GB
TX-0006068,C-01268,Sofia Brown,sofia.brown6068@example.com,09/05/2024,677.14,USD,completed,5,AU
TX-0006069,C-01269,Ethan Wilson,ethan.wilson6069@example.com,10/10/2024,1732.69,USD,pending,6,DE
TX-0006070,C-01270,Zoe Garcia,zoe.garcia6070@example.com,11/03/2024,2463.56,USD,refunded,7,US
TX-0006071,C-01271,Mateo Nguyen,mateo.nguyen6071@example.com,12/08/2024,941.42,USD,cancelled,8,CA
TX-0006072,C-01272,Ava Patel,ava.patel6072@example.com,01/01/2024,1280.33,USD,completed,1,GB
TX-0006073,C-01273,Noah Kim,noah.kim6073@example.com,02/06/2024,254.88,USD,pending,2,AU
TX-0006074,C-01274,Mia Martin,mia.martin6074@example.com,03/11/2024,2294.28,USD,refunded,3,DE
TX-0006075,C-01275,Liam Smith,liam.smith6075@example.com,04/04/2024,1817.46,USD,cancelled,4,US
TX-0006076,C-01276,Sofia Brown,sofia.brown6076@example.com,05/09/2024,828.48,USD,completed,5,CA
TX-0006077,C-01277,Ethan Wilson,ethan.wilson6077@example.com,06/02/2024,1673.63,USD,pending,6,GB
TX-0006078,C-01278,Zoe Garcia,zoe.garcia6078@example.com,07/07/2024,455.95,USD,refunded,7,AU
TX-0006079,C-01279,Mateo Nguyen,mateo.nguyen6079@example.com,08/12/2024,1924.18,USD,cancelled,8,DE
TX-0006080,C-01280,Ava Patel,ava.patel6080@example.com,09/05/2024,1760.49,USD,completed,1,US
TX-0006081,C-01281,Noah Kim,noah.kim6081@example.com,10/10/2024,2105.24,USD,pending,2,CA
TX-0006082,C-01282,Mia Martin,mia.martin6082@example.com,11/03/2024,1012.41,USD,refunded,3,GB
TX-0006083,C-01283,Liam Smith,liam.smith6083@example.com,12/08/2024,259.46,USD,cancelled,4,AU
TX-0006084,C-01284,Sofia Brown,sofia.brown6084@example.com,01/01/2024,883.75,USD,completed,5,DE
TX-0006085,C-01285,Ethan Wilson,ethan.wilson6085@example.com,02/06/2024,1449.44,USD,pending,6,US
TX-0006086,C-01286,Zoe Garcia,zoe.garcia6086@example.com,03/11/2024,1933.61,USD,refunded,7,CA
TX-0006087,C-01287,Mateo Nguyen,mateo.nguyen6087@example.com,04/04/2024,568.65,USD,cancelled,8,GB
TX-0006088,C-01288,Ava Patel,ava.patel6088@example.com,05/09/2024,656.95,USD,completed,1,AU
TX-0006089,C-01289,Noah Kim,noah.kim6089@example.com,06/02/2024,2499.16,USD,pending,2,DE
TX-0006090,C-01290,Mia Martin,mia.martin6090@example.com,07/07/2024,1621.78,USD,refunded,3,US
TX-0006091,C-01291,Liam Smith,liam.smith6091@example.com,08/12/2024,425.41,USD,cancelled,4,CA
TX-0006092,C-01292,Sofia Brown,sofia.brown6092@example.com,09/05/2024,34.33,USD,completed,5,GB
TX-0006093,C-01293,Ethan Wilson,ethan.wilson6093@example.com,10/10/2024,38.40,USD,pending,6,AU
TX-0006094,C-01294,Zoe Garcia,zoe.garcia6094@example.com,11/03/2024,1351.77,USD,refunded,7,DE
TX-0006095,C-01295,Mateo Nguyen,mateo.nguyen6095@example.com,12/08/2024,2186.65,USD,cancelled,8,US
TX-0006096,C-01296,ava patel,ava.patel6096@example.com,01/01/2024,599.33,USD,completed,1,CA
TX-0006097,C-01297,Noah Kim,noah.kim6097@example.com,02/06/2024,2347.16,USD,pending,2,GB
TX-0006098,C-01298,Mia Martin,mia.martin6098@example.com,03/11/2024,1146.10,USD,refunded,3,AU
TX-0006099,C-01299,Liam Smith,liam.smith6099@example.com,04/04/2024,236.23,USD,cancelled,4,DE
TX-0006100,C-01300,Sofia Brown,sofia.brown6100@example.com,05/09/2024,1352.83,USD,completed,5,US
TX-0006101,C-01301,Ethan Wilson,ethan.wilson6101@example.com,06/02/2024,1111.14,USD,pending,6,CA
TX-0006102,C-01302,  ZOE GARCIA  ,zoe.garcia6102@example.com,07/07/2024,259.84,USD,refunded,7,GB
TX-0006103,C-01303,Mateo Nguyen,mateo.nguyen6103@example.com,08/12/2024,1183.91,USD,cancelled,8,AU
TX-0006104,C-01304,Ava Patel,ava.patel6104@example.com,09/05/2024,500.80,USD,completed,1,DE
TX-0006105,C-01305,Noah Kim,noah.kim6105@example.com,10/10/2024,1742.15,USD,pending,2,US
TX-0006106,C-01306,Mia Martin,mia.martin6106@example.com,11/03/2024,1295.83,USD,refunded,3,CA
TX-0006107,C-01307,Liam Smith,liam.smith6107@example.com,12/08/2024,1571.03,USD,cancelled,4,GB
TX-0006108,C-01308,Sofia Brown,sofia.brown6108@example.com,01/01/2024,451.58,USD,completed,5,AU
TX-0006109,C-01309,Ethan Wilson,ethan.wilson6109@example.com,02/06/2024,1207.96,usd,pending,6,DE
TX-0006110,C-01310,Zoe Garcia,zoe.garcia6110@example.com,03/11/2024,1738.78,USD,refunded,7,US
TX-0006111,C-01311,Mateo Nguyen,,04/04/2024,1089.36,USD,cancelled,8,CA
TX-0006112,C-01312,Ava Patel,ava.patel6112@example.com,05/09/2024,1331.60,USD,unknown,1,GB
TX-0006113,C-01313,Noah Kim,noah.kim6113@example.com,06/02/2024,161.51,USD,pending,2,AU
TX-0006114,C-01314,Mia Martin,mia.martin6114@example.com,07/07/2024,319.71,USD,refunded,3,DE
TX-0006115,C-01315,Liam Smith,liam.smith6115@example.com,08/12/2024,1176.08,USD,cancelled,4,US
TX-0006116,C-01316,Sofia Brown,sofia.brown6116@example.com,09/05/2024,2491.61,USD,completed,5,CA
TX-0006117,C-01317,Ethan Wilson,ethan.wilson6117@example.com,10/10/2024,667.10,USD,pending,6,GB
TX-0006118,C-01318,Zoe Garcia,zoe.garcia6118@example.com,11/03/2024,1574.07,USD,refunded,7,AU
TX-0006119,C-01319,Mateo Nguyen,mateo.nguyen6119@example.com,12/08/2024,-6.71,USD,cancelled,8,DE
TX-0006120,C-01320,Ava Patel,ava.patel6120@example.com,01/01/2024,632.08,USD,completed,1,US
TX-0006121,C-01321,Noah Kim,noah.kim6121@example.com,02/06/2024,1630.06,USD,pending,2,CA
TX-0006122,C-01322,Mia Martin,mia.martin6122@example.com,03/11/2024,1469.69,USD,refunded,3,GB
TX-0006123,C-01323,Liam Smith,liam.smith6123@example.com,04/04/2024,97.10,USD,COMPLETE,4,AU
TX-0006124,C-01324,Sofia Brown,sofia.brown6124@example.com,05/09/2024,1021.09,USD,completed,5,DE
TX-0006125,C-01325,Ethan Wilson,ethan.wilson6125@example.com,06/02/2024,867.36,USD,pending,6,US
TX-0006126,C-01326,Zoe Garcia,zoe.garcia6126@example.com,07/07/2024,1784.78,USD,refunded,7,CA
TX-0006127,C-01327,Mateo Nguyen,mateo.nguyen6127@example.com,08/12/2024,1485.68,USD,cancelled,8,GB
TX-0006128,C-01328,Ava Patel,ava.patel6128@example.com,09/05/2024,278.88,USD,completed,1,AU
TX-0006129,C-01329,Noah Kim,noah.kim6129@example.com,10/10/2024,1496.91,USD,pending,2,DE
TX-0006130,C-01330,Mia Martin,mia.martin6130@example.com,11/03/2024,266.29,USD,refunded,3,US
TX-0006131,C-01331,Liam Smith,liam.smith6131@example.com,12/08/2024,930.98,USD,cancelled,4,CA
TX-0006132,C-01332,Sofia Brown,sofia.brown6132@example.com,01/01/2024,697.24,USD,completed,5,GB
TX-0006133,C-01333,Ethan Wilson,ethan.wilson6133@example.com,02/06/2024,1516.85,USD,pending,6,AU
TX-0006134,C-01334,Zoe Garcia,zoe.garcia6134@example.com,03/11/2024,782.38,USD,refunded,7,DE
TX-0006135,C-01335,Mateo Nguyen,mateo.nguyen6135@example.com,04/04/2024,491.14,USD,cancelled,8,US
TX-0006136,C-01336,Ava Patel,ava.patel6136@example.com,05/09/2024,1748.55,USD,completed,1,CA
TX-0006137,C-01337,Noah Kim,noah.kim6137@example.com,06/02/2024,1086.14,USD,pending,2,GB
TX-0006138,C-01338,Mia Martin,mia.martin6138@example.com,07/07/2024,539.28,USD,refunded,3,AU
TX-0006139,C-01339,Liam Smith,liam.smith6139@example.com,08/12/2024,1301.23,USD,cancelled,4,DE
TX-0006140,C-01340,Sofia Brown,sofia.brown6140@example.com,09/05/2024,178.39,USD,completed,5,US
TX-0006141,C-01341,Ethan Wilson,ethan.wilson.invalid,10/10/2024,288.85,USD,pending,6,CA
TX-0006142,C-01342,Zoe Garcia,zoe.garcia6142@example.com,11/03/2024,1457.31,USD,refunded,7,GB
TX-0006143,C-01343,Mateo Nguyen,mateo.nguyen6143@example.com,12/08/2024,1088.66,USD,cancelled,8,AU
TX-0006144,C-01344,Ava Patel,ava.patel6144@example.com,01/01/2024,205.14,USD,completed,1,DE
TX-0006145,C-01345,Noah Kim,noah.kim6145@example.com,02/06/2024,2317.64,USD,pending,2,US
TX-0006146,C-01346,Mia Martin,mia.martin6146@example.com,03/11/2024,1118.05,USD,refunded,3,CA
TX-0006147,C-01347,Liam Smith,liam.smith6147@example.com,04/04/2024,1796.40,USD,cancelled,4,GB
TX-0006148,C-01348,Sofia Brown,sofia.brown6148@example.com,05/09/2024,1172.99,USD,completed,5,AU
TX-0006149,C-01349,Ethan Wilson,ethan.wilson6149@example.com,06/02/2024,824.89,USD,pending,6,DE
TX-0006150,C-01350,Zoe Garcia,zoe.garcia6150@example.com,07/07/2024,127.88,USD,refunded,7,US
TX-0006151,C-01351,Mateo Nguyen,mateo.nguyen6151@example.com,08/12/2024,1473.70,USD,cancelled,8,CA
TX-0006152,C-01352,Ava Patel,ava.patel6152@example.com,09/05/2024,954.23,USD,completed,1,GB
TX-0006153,C-01353,Noah Kim,noah.kim6153@example.com,10/10/2024,1511.07,USD,pending,2,AU
TX-0006154,C-01354,Mia Martin,mia.martin6154@example.com,11/03/2024,585.75, USD ,refunded,3,DE
TX-0006155,C-01355,Liam Smith,liam.smith6155@example.com,12/08/2024,1074.22,USD,cancelled,4,US
TX-0006156,C-01356,Sofia Brown,sofia.brown6156@example.com,01/01/2024,1047.40,USD,completed,5,CA
TX-0006157,C-01357,Ethan Wilson,ethan.wilson6157@example.com,02/06/2024,2408.33,USD,pending,6,gb
TX-0006158,C-01358,Zoe Garcia,zoe.garcia6158@example.com,03/11/2024,1221.26,USD,refunded,7,AU
TX-0006159,C-01359,Mateo Nguyen,mateo.nguyen6159@example.com,04/04/2024,1335.95,USD,cancelled,8,DE
TX-0006160,C-01360,Ava Patel,ava.patel6160@example.com,05/09/2024,1140.56,USD,completed,1,US
TX-0006161,C-01361,Noah Kim,noah.kim6161@example.com,06/02/2024,1227.78,USD,pending,2,CA
TX-0006162,C-01362,Mia Martin,mia.martin6162@example.com,07/07/2024,1224.46,USD,refunded,3,GB
TX-0006163,C-01363,Liam Smith,liam.smith6163@example.com,08/12/2024,1512.49,USD,cancelled,4,AU
TX-0006164,C-01364,Sofia Brown,sofia.brown6164@example.com,09/05/2024,1623.97,USD,completed,5,DE
TX-0006165,C-01365,Ethan Wilson,ethan.wilson6165@example.com,10/10/2024,634.62,USD,pending,6,US
TX-0006166,C-01366,Zoe Garcia,zoe.garcia6166@example.com,11/03/2024,942.06,USD,refunded,7,CA
TX-0006167,C-01367,Mateo Nguyen,mateo.nguyen6167@example.com,12/08/2024,786.63,USD,cancelled,8,GB
TX-0006168,C-01368,Ava Patel,ava.patel6168@example.com,01/01/2024,1640.00,USD,completed,1,AU
TX-0006169,C-01369,Noah Kim,noah.kim6169@example.com,02/06/2024,1748.07,USD,pending,2,DE
TX-0006170,C-01370,Mia Martin,mia.martin6170@example.com,03/11/2024,85.69,USD,refunded,3,US
TX-0006171,C-01371,Liam Smith,liam.smith6171@example.com,04/04/2024,330.15,USD,cancelled,4,CA
TX-0006172,C-01372,Sofia Brown,sofia.brown6172@example.com,05/09/2024,178.75,USD,completed,5,GB
TX-0006173,C-01373,Ethan Wilson,ethan.wilson6173@example.com,06/02/2024,95.12,USD,pending,6,AU
TX-0006174,C-01374,Zoe Garcia,zoe.garcia6174@example.com,07/07/2024,2074.77,USD,refunded,7,DE
TX-0006175,C-01375,Mateo Nguyen,mateo.nguyen6175@example.com,08/12/2024,1412.42,USD,cancelled,8,US
TX-0006176,C-01376,Ava Patel,ava.patel6176@example.com,09/05/2024,2356.71,USD,completed,1,CA
TX-0006177,C-01377,Noah Kim,noah.kim6177@example.com,10/10/2024,90.21,USD,pending,2,GB
TX-0006178,C-01378,Mia Martin,mia.martin6178@example.com,11/03/2024,113.13,USD,refunded,3,AU
TX-0006179,C-01379,Liam Smith,liam.smith6179@example.com,12/08/2024,1383.92,USD,cancelled,4,DE
TX-0006180,C-01380,Sofia Brown,sofia.brown6180@example.com,01/01/2024,1529.44,USD,completed,5,US
TX-0006181,C-01381,Ethan Wilson,ethan.wilson6181@example.com,02/06/2024,2082.20,USD,pending,6,CA
TX-0006182,C-01382,Zoe Garcia,zoe.garcia6182@example.com,03/11/2024,479.44,USD,refunded,7,GB
TX-0006183,C-01383,Mateo Nguyen,mateo.nguyen6183@example.com,04/04/2024,1684.50,USD,cancelled,8,AU
TX-0006184,C-01384,Ava Patel,ava.patel6184@example.com,05/09/2024,2081.67,USD,completed,1,DE
TX-0006185,C-01385,Noah Kim,noah.kim6185@example.com,06/02/2024,2183.45,USD,pending,2,US
TX-0006186,C-01386,Mia Martin,mia.martin6186@example.com,07/07/2024,2269.72,USD,refunded,3,CA
TX-0006187,C-01387,Liam Smith,liam.smith6187@example.com,08/12/2024,478.25,USD,cancelled,4,GB
TX-0006188,C-01388,Sofia Brown,sofia.brown6188@example.com,09/05/2024,2270.89,USD,completed,5,AU
TX-0006189,C-01389,Ethan Wilson,ethan.wilson6189@example.com,10/10/2024,756.56,USD,pending,6,DE
TX-0006190,C-01390,Zoe Garcia,zoe.garcia6190@example.com,11/03/2024,994.33,USD,refunded,7,US
TX-0006191,C-01391,Mateo Nguyen,mateo.nguyen6191@example.com,12/08/2024,2034.77,USD,cancelled,8,CA
TX-0006192,C-01392,Ava Patel,ava.patel6192@example.com,01/01/2024,2003.97,USD,completed,1,GB
TX-0006193,C-01393,Noah Kim,noah.kim6193@example.com,02/06/2024,2074.78,USD,pending,2,AU
TX-0006194,C-01394,Mia Martin,mia.martin6194@example.com,03/11/2024,1413.65,USD,refunded,3,DE
TX-0006195,C-01395,Liam Smith,liam.smith6195@example.com,04/04/2024,2012.63,USD,cancelled,4,US
TX-0006196,C-01396,Sofia Brown,sofia.brown6196@example.com,05/09/2024,1814.21,USD,completed,5,CA
TX-0006197,C-01397,Ethan Wilson,ethan.wilson6197@example.com,06/02/2024,1081.55,USD,pending,6,GB
TX-0006198,C-01398,Zoe Garcia,zoe.garcia6198@example.com,07/07/2024,1122.22,USD,refunded,7,AU
TX-0006199,C-01399,Mateo Nguyen,mateo.nguyen6199@example.com,08/12/2024,2148.89,USD,cancelled,8,DE
TX-0006200,C-01400,Ava Patel,ava.patel6200@example.com,09/05/2024,1504.00,USD,completed,1,US
TX-0006201,C-01401,Noah Kim,noah.kim6201@example.com,10/10/2024,2162.69,USD,pending,2,CA
TX-0006202,C-01402,Mia Martin,mia.martin6202@example.com,11/03/2024,1085.77,USD,refunded,3,GB
TX-0006203,C-01403,Liam Smith,liam.smith6203@example.com,12/08/2024,855.43,USD,cancelled,4,AU
TX-0006204,C-01404,Sofia Brown,sofia.brown6204@example.com,01/01/2024,1695.96,USD,completed,5,DE
TX-0006205,C-01405,Ethan Wilson,ethan.wilson6205@example.com,02/06/2024,1368.45,USD,pending,6,US
TX-0006206,C-01406,Zoe Garcia,zoe.garcia6206@example.com,03/11/2024,1115.39,USD,refunded,7,CA
TX-0006207,C-01407,Mateo Nguyen,mateo.nguyen6207@example.com,04/04/2024,2367.12,USD,cancelled,8,GB
TX-0006208,C-01408,Ava Patel,,05/09/2024,1605.59,USD,completed,1,AU
TX-0006209,C-01409,Noah Kim,noah.kim6209@example.com,06/02/2024,1444.22,USD,pending,2,DE
TX-0006210,C-01410,Mia Martin,mia.martin6210@example.com,07/07/2024,626.02,USD,refunded,3,US
TX-0006211,C-01411,Liam Smith,liam.smith6211@example.com,08/12/2024,877.77,USD,cancelled,4,CA
TX-0006212,C-01412,Sofia Brown,sofia.brown6212@example.com,09/05/2024,771.96,USD,completed,5,GB
TX-0006213,C-01413,Ethan Wilson,ethan.wilson6213@example.com,10/10/2024,2103.33,USD,pending,6,AU
TX-0006214,C-01414,Zoe Garcia,zoe.garcia6214@example.com,11/03/2024,1309.97,USD,refunded,7,DE
TX-0006215,C-01415,  MATEO NGUYEN  ,mateo.nguyen6215@example.com,12/08/2024,170.74,USD,cancelled,8,US
TX-0006216,C-01416,Ava Patel,ava.patel6216@example.com,01/01/2024,322.24,USD,completed,1,CA
TX-0006217,C-01417,Noah Kim,noah.kim6217@example.com,02/06/2024,624.92,USD,pending,2,GB
TX-0006218,C-01418,Mia Martin,mia.martin6218@example.com,03/11/2024,1617.83,USD,refunded,3,AU
TX-0006219,C-01419,Liam Smith,liam.smith6219@example.com,04/04/2024,1942.59,USD,cancelled,4,DE
TX-0006220,C-01420,Sofia Brown,sofia.brown6220@example.com,05/09/2024,1640.98,USD,completed,5,US
TX-0006221,C-01421,Ethan Wilson,ethan.wilson6221@example.com,06/02/2024,982.64,USD,pending,6,CA
TX-0006222,C-01422,Zoe Garcia,zoe.garcia6222@example.com,07/07/2024,1481.82,USD,refunded,7,GB
TX-0006223,C-01423,mateo nguyen,mateo.nguyen6223@example.com,08/12/2024,222.08,USD,cancelled,8,AU
TX-0006224,C-01424,Ava Patel,ava.patel6224@example.com,09/05/2024,1398.89,USD,completed,1,DE
TX-0006225,C-01425,Noah Kim,noah.kim6225@example.com,10/10/2024,355.49,USD,pending,2,US
TX-0006226,C-01426,Mia Martin,mia.martin6226@example.com,11/03/2024,2232.11,USD,refunded,3,CA
TX-0006227,C-01427,Liam Smith,liam.smith6227@example.com,12/08/2024,351.63,USD,cancelled,4,GB
TX-0006228,C-01428,Sofia Brown,sofia.brown6228@example.com,01/01/2024,971.40,USD,completed,5,USA
TX-0006229,C-01429,Ethan Wilson,ethan.wilson6229@example.com,02/06/2024,1766.45,USD,pending,6,DE
TX-0006230,C-01430,Zoe Garcia,zoe.garcia.invalid,03/11/2024,1635.12,USD,refunded,7,US
TX-0006231,C-01431,Mateo Nguyen,mateo.nguyen6231@example.com,04/04/2024,2264.63,USD,cancelled,8,CA
TX-0006232,C-01432,Ava Patel,ava.patel6232@example.com,05/09/2024,1659.84,USD,completed,1,GB
TX-0006233,C-01433,Noah Kim,noah.kim6233@example.com,06/02/2024,590.91,USD,pending,2,AU
TX-0006234,C-01434,Mia Martin,mia.martin6234@example.com,07/07/2024,1502.28,USD,refunded,3,DE
TX-0006235,C-01435,Liam Smith,liam.smith6235@example.com,08/12/2024,862.56,USD,cancelled,4,US
TX-0006236,C-01436,Sofia Brown,sofia.brown6236@example.com,09/05/2024,1050.87,USD,completed,5,CA
TX-0006237,C-01437,Ethan Wilson,ethan.wilson6237@example.com,10/10/2024,2200.73,USD,pending,6,GB
TX-0006238,C-01438,Zoe Garcia,zoe.garcia6238@example.com,11/03/2024,999.62,USD,refunded,7,AU
TX-0006239,C-01439,Mateo Nguyen,mateo.nguyen6239@example.com,12/08/2024,73.78,USD,cancelled,8,DE
TX-0006240,C-01440,Ava Patel,ava.patel6240@example.com,01/01/2024,1424.18,USD,completed,1,US
TX-0006241,C-01441,Noah Kim,noah.kim6241@example.com,02/06/2024,1699.91,USD,pending,2,CA
TX-0006242,C-01442,Mia Martin,mia.martin6242@example.com,03/11/2024,2372.30,USD,refunded,3,GB
TX-0006243,C-01443,Liam Smith,liam.smith6243@example.com,04/04/2024,216.96,USD,cancelled,4,AU
TX-0006244,C-01444,Sofia Brown,sofia.brown6244@example.com,05/09/2024,,USD,completed,5,DE
TX-0006245,C-01445,Ethan Wilson,ethan.wilson6245@example.com,06/02/2024,1479.12,USD,pending,6,US
TX-0006246,C-01446,Zoe Garcia,zoe.garcia6246@example.com,07/07/2024,2368.82,USD,refunded,7,CA
TX-0006247,C-01447,Mateo Nguyen,mateo.nguyen6247@example.com,08/12/2024,195.15,USD,cancelled,8,GB
TX-0006248,C-01448,Ava Patel,ava.patel6248@example.com,09/05/2024,1617.95,USD,completed,1,AU
TX-0006249,C-01449,Noah Kim,noah.kim6249@example.com,10/10/2024,761.82,USD,pending,2,DE
TX-0006250,C-01450,Mia Martin,mia.martin6250@example.com,11/03/2024,1097.94,USD,refunded,3,US
TX-0006251,C-01451,Liam Smith,liam.smith6251@example.com,12/08/2024,848.50,USD,cancelled,4,CA
TX-0006252,C-01452,Sofia Brown,sofia.brown6252@example.com,01/01/2024,2003.52,USD,completed,5,GB
TX-0006253,C-01453,Ethan Wilson,ethan.wilson6253@example.com,02/06/2024,1343.46,USD,pending,6,AU
TX-0006254,C-01454,Zoe Garcia,zoe.garcia6254@example.com,03/11/2024,2227.53,USD,refunded,7,DE
TX-0006255,C-01455,Mateo Nguyen,mateo.nguyen6255@example.com,04/04/2024,2498.10,USD,cancelled,8,US
TX-0006256,C-01456,Ava Patel,ava.patel6256@example.com,05/09/2024,819.89,USD,completed,1,CA
TX-0006257,C-01457,Noah Kim,noah.kim6257@example.com,06/02/2024,8.34,USD,pending,2,GB
TX-0006258,C-01458,Mia Martin,mia.martin6258@example.com,07/07/2024,1154.24,usd,refunded,3,AU
TX-0006259,C-01459,Liam Smith,liam.smith6259@example.com,08/12/2024,832.21,USD,cancelled,4,DE
TX-0006260,C-01460,Sofia Brown,sofia.brown6260@example.com,09/05/2024,1244.67,USD,completed,5,US
TX-0006261,C-01461,Ethan Wilson,ethan.wilson6261@example.com,10/10/2024,278.46,USD,pending,6,CA
TX-0006262,C-01462,Zoe Garcia,zoe.garcia6262@example.com,11/03/2024,2088.12,USD,refunded,7,GB
TX-0006263,C-01463,Mateo Nguyen,mateo.nguyen6263@example.com,12/08/2024,2337.34,USD,cancelled,8,AU
TX-0006264,C-01464,Ava Patel,ava.patel6264@example.com,01/01/2024,311.20,USD,completed,1,DE
TX-0006265,C-01465,Noah Kim,noah.kim6265@example.com,02/06/2024,1509.11,USD,pending,2,US
TX-0006266,C-01466,Mia Martin,mia.martin6266@example.com,03/11/2024,549.68,USD,refunded,3,CA
TX-0006267,C-01467,Liam Smith,liam.smith6267@example.com,04/04/2024,1966.32,USD,cancelled,4,GB
TX-0006268,C-01468,Sofia Brown,sofia.brown6268@example.com,05/09/2024,1148.42,USD,completed,5,AU
TX-0006269,C-01469,Ethan Wilson,ethan.wilson6269@example.com,06/02/2024,1665.56,USD,pending,6,DE
TX-0006270,C-01470,Zoe Garcia,zoe.garcia6270@example.com,07/07/2024,2148.62,USD,refunded,7,US
TX-0006271,C-01471,Mateo Nguyen,mateo.nguyen6271@example.com,08/12/2024,690.13,USD,cancelled,8,CA
TX-0006272,C-01472,Ava Patel,ava.patel6272@example.com,09/05/2024,756.86,USD,completed,1,GB
TX-0006273,C-01473,Noah Kim,noah.kim6273@example.com,10/10/2024,1707.94,USD,pending,2,AU
TX-0006274,C-01474,Mia Martin,mia.martin6274@example.com,11/03/2024,2231.19,USD,refunded,3,DE
TX-0006275,C-01475,Liam Smith,liam.smith6275@example.com,12/08/2024,919.89,USD,cancelled,4,US
TX-0006276,C-01476,Sofia Brown,sofia.brown6276@example.com,01/01/2024,1569.45,USD,completed,5,CA
TX-0006277,C-01477,Ethan Wilson,ethan.wilson6277@example.com,02/06/2024,2396.08,USD,pending,6,GB
TX-0006278,C-01478,Zoe Garcia,zoe.garcia6278@example.com,03/11/2024,161.63,USD,refunded,7,AU
TX-0006279,C-01479,Mateo Nguyen,mateo.nguyen6279@example.com,04/04/2024,1361.36,USD,cancelled,8,DE
TX-0006280,C-01480,Ava Patel,ava.patel6280@example.com,05/09/2024,2444.20,USD,COMPLETE,1,US
TX-0006281,C-01481,Noah Kim,noah.kim6281@example.com,06/02/2024,50.08,USD,pending,2,CA
TX-0006282,C-01482,Mia Martin,mia.martin6282@example.com,07/07/2024,1957.98,USD,refunded,3,GB
TX-0006283,C-01483,Liam Smith,liam.smith6283@example.com,08/12/2024,2328.52,USD,cancelled,4,AU
TX-0006284,C-01484,Sofia Brown,sofia.brown6284@example.com,09/05/2024,1644.21,USD,completed,5,DE
TX-0006285,C-01485,Ethan Wilson,ethan.wilson6285@example.com,10/10/2024,2044.31,USD,pending,6,US
TX-0006286,C-01486,Zoe Garcia,zoe.garcia6286@example.com,11/03/2024,1234.86,USD,refunded,7,CA
TX-0006287,C-01487,Mateo Nguyen,mateo.nguyen6287@example.com,12/08/2024,700.44,USD,cancelled,8,GB
TX-0006288,C-01488,Ava Patel,ava.patel6288@example.com,01/01/2024,1223.76,USD,completed,1,au
TX-0006289,C-01489,Noah Kim,noah.kim6289@example.com,02/06/2024,2420.26,USD,pending,2,DE
TX-0006290,C-01490,Mia Martin,mia.martin6290@example.com,03/11/2024,41.55,USD,refunded,3,US
TX-0006291,C-01491,Liam Smith,liam.smith6291@example.com,04/04/2024,548.97,USD,cancelled,4,CA
TX-0006292,C-01492,Sofia Brown,sofia.brown6292@example.com,05/09/2024,1422.88,USD,completed,5,GB
TX-0006293,C-01493,Ethan Wilson,ethan.wilson6293@example.com,06/02/2024,555.10,USD,pending,6,AU
TX-0006294,C-01494,Zoe Garcia,zoe.garcia6294@example.com,07/07/2024,1726.75,USD,refunded,7,DE
TX-0006295,C-01495,Mateo Nguyen,mateo.nguyen6295@example.com,08/12/2024,2192.57,USD,cancelled,8,US
TX-0006296,C-01496,Ava Patel,ava.patel6296@example.com,09/05/2024,1568.72,USD,completed,1,CA
TX-0006297,C-01497,Noah Kim,noah.kim6297@example.com,10/10/2024,1579.02,USD,pending,2,GB
TX-0006298,C-01498,Mia Martin,mia.martin6298@example.com,11/03/2024,294.69,USD,refunded,3,AU
TX-0006299,C-01499,Liam Smith,liam.smith6299@example.com,12/08/2024,865.85,USD,cancelled,4,DE
TX-0006300,C-01500,Sofia Brown,sofia.brown6300@example.com,01/01/2024,2231.41,USD,completed,5,US
TX-0006301,C-01501,Ethan Wilson,ethan.wilson6301@example.com,02/06/2024,145.59,USD,pending,6,CA
TX-0006302,C-01502,Zoe Garcia,zoe.garcia6302@example.com,03/11/2024,478.29,USD,refunded,7,GB
TX-0006303,C-01503,Mateo Nguyen,mateo.nguyen6303@example.com,04/04/2024,1780.59,USD,unknown,8,AU
TX-0006304,C-01504,Ava Patel,ava.patel6304@example.com,05/09/2024,1318.59,USD,completed,1,DE
TX-0006305,C-01505,Noah Kim,,06/02/2024,2103.19,USD,pending,2,US
TX-0006306,C-01506,Mia Martin,mia.martin6306@example.com,07/07/2024,573.19,USD,refunded,3,CA
TX-0006307,C-01507,Liam Smith,liam.smith6307@example.com,08/12/2024,1687.17,USD,cancelled,4,GB
TX-0006308,C-01508,Sofia Brown,sofia.brown6308@example.com,09/05/2024,1454.32,USD,completed,5,AU
TX-0006309,C-01509,Ethan Wilson,ethan.wilson6309@example.com,10/10/2024,1518.00,USD,pending,6,DE
TX-0006310,C-01510,Zoe Garcia,zoe.garcia6310@example.com,11/03/2024,1643.75,USD,refunded,7,US
TX-0006311,C-01511,Mateo Nguyen,mateo.nguyen6311@example.com,12/08/2024,1431.84,USD,cancelled,8,CA
TX-0006312,C-01512,Ava Patel,ava.patel6312@example.com,01/01/2024,1955.83,USD,completed,1,GB
TX-0006313,C-01513,Noah Kim,noah.kim6313@example.com,02/06/2024,1941.39,USD,pending,2,AU
TX-0006314,C-01514,Mia Martin,mia.martin6314@example.com,03/11/2024,1459.48,USD,refunded,3,DE
TX-0006315,C-01515,Liam Smith,liam.smith6315@example.com,04/04/2024,2083.60,USD,cancelled,4,US
TX-0006316,C-01516,Sofia Brown,sofia.brown6316@example.com,05/09/2024,427.97,USD,completed,5,CA
TX-0006317,C-01517,Ethan Wilson,ethan.wilson6317@example.com,06/02/2024,2483.59,USD,pending,6,GB
TX-0006318,C-01518,Zoe Garcia,zoe.garcia6318@example.com,07/07/2024,645.25,USD,refunded,7,AU
TX-0006319,C-01519,Mateo Nguyen,mateo.nguyen.invalid,08/12/2024,1388.79,USD,cancelled,8,DE
TX-0006320,C-01520,Ava Patel,ava.patel6320@example.com,09/05/2024,2378.72,USD,completed,1,US
TX-0006321,C-01521,Noah Kim,noah.kim6321@example.com,10/10/2024,277.39,USD,pending,2,CA
TX-0006322,C-01522,Mia Martin,mia.martin6322@example.com,11/03/2024,1801.93,USD,refunded,3,GB
TX-0006323,C-01523,Liam Smith,liam.smith6323@example.com,12/08/2024,1470.48,USD,cancelled,4,AU
TX-0006324,C-01524,Sofia Brown,sofia.brown6324@example.com,01/01/2024,2063.45,USD,completed,5,DE
TX-0006325,C-01525,Ethan Wilson,ethan.wilson6325@example.com,02/06/2024,11.73,USD,pending,6,US
TX-0006326,C-01526,Zoe Garcia,zoe.garcia6326@example.com,03/11/2024,1305.43,USD,refunded,7,CA
TX-0006327,C-01527,Mateo Nguyen,mateo.nguyen6327@example.com,04/04/2024,334.86,USD,cancelled,8,GB
TX-0006328,C-01528,  AVA PATEL  ,ava.patel6328@example.com,05/09/2024,1549.88,USD,completed,1,AU
TX-0006329,C-01529,Noah Kim,noah.kim6329@example.com,06/02/2024,2435.30,USD,pending,2,DE
TX-0006330,C-01530,Mia Martin,mia.martin6330@example.com,07/07/2024,-63.87,USD,refunded,3,US
TX-0006331,C-01531,Liam Smith,liam.smith6331@example.com,08/12/2024,993.64,USD,cancelled,4,CA
TX-0006332,C-01532,Sofia Brown,sofia.brown6332@example.com,09/05/2024,354.26,USD,completed,5,GB
TX-0006333,C-01533,Ethan Wilson,ethan.wilson6333@example.com,10/10/2024,1458.59,USD,pending,6,AU
TX-0006334,C-01534,Zoe Garcia,zoe.garcia6334@example.com,11/03/2024,847.55,USD,refunded,7,DE
TX-0006335,C-01535,Mateo Nguyen,mateo.nguyen6335@example.com,12/08/2024,853.56, USD ,cancelled,8,US
TX-0006336,C-01536,Ava Patel,ava.patel6336@example.com,01/01/2024,1017.80,USD,completed,1,CA
TX-0006337,C-01537,Noah Kim,noah.kim6337@example.com,02/06/2024,683.44,USD,pending,2,GB
TX-0006338,C-01538,Mia Martin,mia.martin6338@example.com,03/11/2024,521.18,USD,refunded,3,AU
TX-0006339,C-01539,Liam Smith,liam.smith6339@example.com,04/04/2024,243.26,USD,cancelled,4,DE
TX-0006340,C-01540,Sofia Brown,sofia.brown6340@example.com,05/09/2024,848.50,USD,completed,5,US
TX-0006341,C-01541,Ethan Wilson,ethan.wilson6341@example.com,06/02/2024,44.35,USD,pending,6,CA
TX-0006342,C-01542,Zoe Garcia,zoe.garcia6342@example.com,07/07/2024,1814.89,USD,refunded,7,GB
TX-0006343,C-01543,Mateo Nguyen,mateo.nguyen6343@example.com,08/12/2024,2033.09,USD,cancelled,8,AU
TX-0006344,C-01544,Ava Patel,ava.patel6344@example.com,09/05/2024,2444.97,USD,completed,1,DE
TX-0006345,C-01545,Noah Kim,noah.kim6345@example.com,10/10/2024,2445.41,USD,pending,2,US
TX-0006346,C-01546,Mia Martin,mia.martin6346@example.com,11/03/2024,1764.46,USD,refunded,3,CA
TX-0006347,C-01547,Liam Smith,liam.smith6347@example.com,12/08/2024,1850.07,USD,cancelled,4,GB
TX-0006348,C-01548,Sofia Brown,sofia.brown6348@example.com,01/01/2024,274.11,USD,completed,5,AU
TX-0006349,C-01549,Ethan Wilson,ethan.wilson6349@example.com,02/06/2024,224.73,USD,pending,6,DE
TX-0006350,C-01550,zoe garcia,zoe.garcia6350@example.com,03/11/2024,1237.00,USD,refunded,7,US
TX-0006351,C-01551,Mateo Nguyen,mateo.nguyen6351@example.com,04/04/2024,1349.46,USD,cancelled,8,CA
TX-0006352,C-01552,Ava Patel,ava.patel6352@example.com,05/09/2024,221.67,USD,completed,1,GB
TX-0006353,C-01553,Noah Kim,noah.kim6353@example.com,06/02/2024,796.37,USD,pending,2,AU
TX-0006354,C-01554,Mia Martin,mia.martin6354@example.com,07/07/2024,1926.17,USD,refunded,3,DE
TX-0006355,C-01555,Liam Smith,liam.smith6355@example.com,08/12/2024,1732.43,USD,cancelled,4,US
TX-0006356,C-01556,Sofia Brown,sofia.brown6356@example.com,09/05/2024,2424.92,USD,completed,5,CA
TX-0006357,C-01557,Ethan Wilson,ethan.wilson6357@example.com,10/10/2024,1446.01,USD,pending,6,GB
TX-0006358,C-01558,Zoe Garcia,zoe.garcia6358@example.com,11/03/2024,209.20,USD,refunded,7,AU
TX-0006359,C-01559,Mateo Nguyen,mateo.nguyen6359@example.com,12/08/2024,2226.59,USD,cancelled,8,DE
TX-0006360,C-01560,Ava Patel,ava.patel6360@example.com,01/01/2024,590.76,USD,completed,1,US
TX-0006361,C-01561,Noah Kim,noah.kim6361@example.com,02/06/2024,1484.68,USD,pending,2,CA
TX-0006362,C-01562,Mia Martin,mia.martin6362@example.com,03/11/2024,657.95,USD,refunded,3,GB
TX-0006363,C-01563,Liam Smith,liam.smith6363@example.com,04/04/2024,1028.94,USD,cancelled,4,AU
TX-0006364,C-01564,Sofia Brown,sofia.brown6364@example.com,05/09/2024,1323.71,USD,completed,5,DE
TX-0006365,C-01565,Ethan Wilson,ethan.wilson6365@example.com,06/02/2024,2426.75,USD,pending,6,US
TX-0006366,C-01566,Zoe Garcia,zoe.garcia6366@example.com,07/07/2024,1751.44,USD,refunded,7,CA
TX-0006367,C-01567,Mateo Nguyen,mateo.nguyen6367@example.com,08/12/2024,772.30,USD,cancelled,8,GB
TX-0006368,C-01568,Ava Patel,ava.patel6368@example.com,09/05/2024,1995.00,USD,completed,1,AU
TX-0006369,C-01569,Noah Kim,noah.kim6369@example.com,10/10/2024,2391.53,USD,pending,2,DE
TX-0006370,C-01570,Mia Martin,mia.martin6370@example.com,11/03/2024,2152.78,USD,refunded,3,US
TX-0006371,C-01571,Liam Smith,liam.smith6371@example.com,12/08/2024,2264.87,USD,cancelled,4,CA
TX-0006372,C-01572,Sofia Brown,sofia.brown6372@example.com,01/01/2024,835.74,USD,completed,5,GB
TX-0006373,C-01573,Ethan Wilson,ethan.wilson6373@example.com,02/06/2024,851.54,USD,pending,6,AU
TX-0006374,C-01574,Zoe Garcia,zoe.garcia6374@example.com,03/11/2024,2278.78,USD,refunded,7,DE
TX-0006375,C-01575,Mateo Nguyen,mateo.nguyen6375@example.com,04/04/2024,609.85,USD,cancelled,8,US
TX-0006376,C-01576,Ava Patel,ava.patel6376@example.com,05/09/2024,2337.44,USD,completed,1,CA
TX-0006377,C-01577,Noah Kim,noah.kim6377@example.com,06/02/2024,82.81,USD,pending,2,GB
TX-0006378,C-01578,Mia Martin,mia.martin6378@example.com,07/07/2024,156.56,USD,refunded,3,AU
TX-0006379,C-01579,Liam Smith,liam.smith6379@example.com,08/12/2024,1429.44,USD,cancelled,4,DE
TX-0006380,C-01580,Sofia Brown,sofia.brown6380@example.com,09/05/2024,749.64,USD,completed,5,US
TX-0006381,C-01581,Ethan Wilson,ethan.wilson6381@example.com,10/10/2024,2447.94,USD,pending,6,CA
TX-0006382,C-01582,Zoe Garcia,zoe.garcia6382@example.com,11/03/2024,204.89,USD,refunded,7,GB
TX-0006383,C-01583,Mateo Nguyen,mateo.nguyen6383@example.com,12/08/2024,2182.41,USD,cancelled,8,AU
TX-0006384,C-01584,Ava Patel,ava.patel6384@example.com,01/01/2024,423.21,USD,completed,1,DE
TX-0006385,C-01585,Noah Kim,noah.kim6385@example.com,02/06/2024,893.48,USD,pending,2,US
TX-0006386,C-01586,Mia Martin,mia.martin6386@example.com,03/11/2024,2480.32,USD,refunded,3,CA
TX-0006387,C-01587,Liam Smith,liam.smith6387@example.com,04/04/2024,1688.25,USD,cancelled,4,GB
TX-0006388,C-01588,Sofia Brown,sofia.brown6388@example.com,05/09/2024,69.93,USD,completed,5,AU
TX-0006389,C-01589,Ethan Wilson,ethan.wilson6389@example.com,06/02/2024,2064.76,USD,pending,6,DE
TX-0006390,C-01590,Zoe Garcia,zoe.garcia6390@example.com,07/07/2024,186.34,USD,refunded,7,US
TX-0006391,C-01591,Mateo Nguyen,mateo.nguyen6391@example.com,08/12/2024,722.04,USD,cancelled,8,CA
TX-0006392,C-01592,Ava Patel,ava.patel6392@example.com,09/05/2024,704.43,USD,completed,1,GB
TX-0006393,C-01593,Noah Kim,noah.kim6393@example.com,10/10/2024,1194.83,USD,pending,2,AU
TX-0006394,C-01594,Mia Martin,mia.martin6394@example.com,11/03/2024,1627.21,USD,refunded,3,DE
TX-0006395,C-01595,Liam Smith,liam.smith6395@example.com,12/08/2024,621.88,USD,cancelled,4,US
TX-0006396,C-01596,Sofia Brown,sofia.brown6396@example.com,01/01/2024,994.98,USD,completed,5,CA
TX-0006397,C-01597,Ethan Wilson,ethan.wilson6397@example.com,02/06/2024,620.23,USD,pending,6,GB
TX-0006398,C-01598,Zoe Garcia,zoe.garcia6398@example.com,03/11/2024,43.58,USD,refunded,7,AU
TX-0006399,C-01599,Mateo Nguyen,mateo.nguyen6399@example.com,04/04/2024,777.60,USD,cancelled,8,DE
TX-0006400,C-01600,Ava Patel,ava.patel6400@example.com,05/09/2024,1503.07,USD,completed,1,US
TX-0006401,C-01601,Noah Kim,noah.kim6401@example.com,06/02/2024,1050.69,USD,pending,2,USA
TX-0006402,C-01602,Mia Martin,,07/07/2024,2183.68,USD,refunded,3,GB
TX-0006403,C-01603,Liam Smith,liam.smith6403@example.com,08/12/2024,864.03,USD,cancelled,4,AU
TX-0006404,C-01604,Sofia Brown,sofia.brown6404@example.com,09/05/2024,1608.70,USD,completed,5,DE
TX-0006405,C-01605,Ethan Wilson,ethan.wilson6405@example.com,10/10/2024,1839.23,USD,pending,6,US
TX-0006406,C-01606,Zoe Garcia,zoe.garcia6406@example.com,11/03/2024,2309.23,USD,refunded,7,CA
TX-0006407,C-01607,Mateo Nguyen,mateo.nguyen6407@example.com,12/08/2024,1655.78,usd,cancelled,8,GB
TX-0006408,C-01608,Ava Patel,ava.patel.invalid,01/01/2024,516.23,USD,completed,1,AU
TX-0006409,C-01609,Noah Kim,noah.kim6409@example.com,02/06/2024,379.63,USD,pending,2,DE
TX-0006410,C-01610,Mia Martin,mia.martin6410@example.com,03/11/2024,2316.15,USD,refunded,3,US
TX-0006411,C-01611,Liam Smith,liam.smith6411@example.com,04/04/2024,591.46,USD,cancelled,4,CA
TX-0006412,C-01612,Sofia Brown,sofia.brown6412@example.com,05/09/2024,191.55,USD,completed,5,GB
TX-0006413,C-01613,Ethan Wilson,ethan.wilson6413@example.com,06/02/2024,1458.78,USD,pending,6,AU
TX-0006414,C-01614,Zoe Garcia,zoe.garcia6414@example.com,07/07/2024,244.01,USD,refunded,7,DE
TX-0006415,C-01615,Mateo Nguyen,mateo.nguyen6415@example.com,08/12/2024,1582.12,USD,cancelled,8,US
TX-0006416,C-01616,Ava Patel,ava.patel6416@example.com,09/05/2024,2098.86,USD,completed,1,CA
TX-0006417,C-01617,Noah Kim,noah.kim6417@example.com,10/10/2024,810.26,USD,pending,2,GB
TX-0006418,C-01618,Mia Martin,mia.martin6418@example.com,11/03/2024,1627.60,USD,refunded,3,AU
TX-0006419,C-01619,Liam Smith,liam.smith6419@example.com,12/08/2024,317.84,USD,cancelled,4,de
TX-0006420,C-01620,Sofia Brown,sofia.brown6420@example.com,01/01/2024,1208.45,USD,completed,5,US
TX-0006421,C-01621,Ethan Wilson,ethan.wilson6421@example.com,02/06/2024,2040.86,USD,pending,6,CA
TX-0006422,C-01622,Zoe Garcia,zoe.garcia6422@example.com,03/11/2024,1568.16,USD,refunded,7,GB
TX-0006423,C-01623,Mateo Nguyen,mateo.nguyen6423@example.com,04/04/2024,745.06,USD,cancelled,8,AU
TX-0006424,C-01624,Ava Patel,ava.patel6424@example.com,05/09/2024,2079.59,USD,completed,1,DE
TX-0006425,C-01625,Noah Kim,noah.kim6425@example.com,06/02/2024,113.54,USD,pending,2,US
TX-0006426,C-01626,Mia Martin,mia.martin6426@example.com,07/07/2024,726.23,USD,refunded,3,CA
TX-0006427,C-01627,Liam Smith,liam.smith6427@example.com,08/12/2024,2306.92,USD,cancelled,4,GB
TX-0006428,C-01628,Sofia Brown,sofia.brown6428@example.com,09/05/2024,1615.79,USD,completed,5,AU
TX-0006429,C-01629,Ethan Wilson,ethan.wilson6429@example.com,10/10/2024,1741.00,USD,pending,6,DE
TX-0006430,C-01630,Zoe Garcia,zoe.garcia6430@example.com,11/03/2024,530.93,USD,refunded,7,US
TX-0006431,C-01631,Mateo Nguyen,mateo.nguyen6431@example.com,12/08/2024,972.04,USD,cancelled,8,CA
TX-0006432,C-01632,Ava Patel,ava.patel6432@example.com,01/01/2024,1223.47,USD,completed,1,GB
TX-0006433,C-01633,Noah Kim,noah.kim6433@example.com,02/06/2024,1975.10,USD,pending,2,AU
TX-0006434,C-01634,Mia Martin,mia.martin6434@example.com,03/11/2024,1990.43,USD,refunded,3,DE
TX-0006435,C-01635,Liam Smith,liam.smith6435@example.com,04/04/2024,1663.84,USD,cancelled,4,US
TX-0006436,C-01636,Sofia Brown,sofia.brown6436@example.com,05/09/2024,326.52,USD,completed,5,CA
TX-0006437,C-01637,Ethan Wilson,ethan.wilson6437@example.com,06/02/2024,1178.63,USD,COMPLETE,6,GB
TX-0006438,C-01638,Zoe Garcia,zoe.garcia6438@example.com,07/07/2024,315.92,USD,refunded,7,AU
TX-0006439,C-01639,Mateo Nguyen,mateo.nguyen6439@example.com,08/12/2024,162.86,USD,cancelled,8,DE
TX-0006440,C-01640,Ava Patel,ava.patel6440@example.com,09/05/2024,1955.81,USD,completed,1,US
TX-0006441,C-01641,  NOAH KIM  ,noah.kim6441@example.com,10/10/2024,2498.56,USD,pending,2,CA
TX-0006442,C-01642,Mia Martin,mia.martin6442@example.com,11/03/2024,256.66,USD,refunded,3,GB
TX-0006443,C-01643,Liam Smith,liam.smith6443@example.com,12/08/2024,339.57,USD,cancelled,4,AU
TX-0006444,C-01644,Sofia Brown,sofia.brown6444@example.com,01/01/2024,700.23,USD,completed,5,DE
TX-0006445,C-01645,Ethan Wilson,ethan.wilson6445@example.com,02/06/2024,916.74,USD,pending,6,US
TX-0006446,C-01646,Zoe Garcia,zoe.garcia6446@example.com,03/11/2024,411.88,USD,refunded,7,CA
TX-0006447,C-01647,Mateo Nguyen,mateo.nguyen6447@example.com,04/04/2024,119.87,USD,cancelled,8,GB
TX-0006448,C-01648,Ava Patel,ava.patel6448@example.com,05/09/2024,1477.55,USD,completed,1,AU
TX-0006449,C-01649,Noah Kim,noah.kim6449@example.com,06/02/2024,2347.67,USD,pending,2,DE
TX-0006450,C-01650,Mia Martin,mia.martin6450@example.com,07/07/2024,682.76,USD,refunded,3,US
TX-0006451,C-01651,Liam Smith,liam.smith6451@example.com,08/12/2024,555.82,USD,cancelled,4,CA
TX-0006452,C-01652,Sofia Brown,sofia.brown6452@example.com,09/05/2024,225.45,USD,completed,5,GB
TX-0006453,C-01653,Ethan Wilson,ethan.wilson6453@example.com,10/10/2024,2132.06,USD,pending,6,AU
TX-0006454,C-01654,Zoe Garcia,zoe.garcia6454@example.com,11/03/2024,546.76,USD,refunded,7,DE
TX-0006455,C-01655,Mateo Nguyen,mateo.nguyen6455@example.com,12/08/2024,827.45,USD,cancelled,8,US
TX-0006456,C-01656,Ava Patel,ava.patel6456@example.com,01/01/2024,382.84,USD,completed,1,CA
TX-0006457,C-01657,Noah Kim,noah.kim6457@example.com,02/06/2024,1574.60,USD,pending,2,GB
TX-0006458,C-01658,Mia Martin,mia.martin6458@example.com,03/11/2024,209.26,USD,refunded,3,AU
TX-0006459,C-01659,Liam Smith,liam.smith6459@example.com,04/04/2024,1974.11,USD,cancelled,4,DE
TX-0006460,C-01660,Sofia Brown,sofia.brown6460@example.com,05/09/2024,2282.12,USD,completed,5,US
TX-0006461,C-01661,Ethan Wilson,ethan.wilson6461@example.com,06/02/2024,600.17,USD,pending,6,CA
TX-0006462,C-01662,Zoe Garcia,zoe.garcia6462@example.com,07/07/2024,1728.37,USD,refunded,7,GB
TX-0006463,C-01663,Mateo Nguyen,mateo.nguyen6463@example.com,08/12/2024,1809.58,USD,cancelled,8,AU
TX-0006464,C-01664,Ava Patel,ava.patel6464@example.com,09/05/2024,1108.46,USD,completed,1,DE
TX-0006465,C-01665,Noah Kim,noah.kim6465@example.com,10/10/2024,1060.10,USD,pending,2,US
TX-0006466,C-01666,Mia Martin,mia.martin6466@example.com,11/03/2024,2423.57,USD,refunded,3,CA
TX-0006467,C-01667,Liam Smith,liam.smith6467@example.com,12/08/2024,,USD,cancelled,4,GB
TX-0006468,C-01668,Sofia Brown,sofia.brown6468@example.com,01/01/2024,621.07,USD,completed,5,AU
TX-0006469,C-01669,Ethan Wilson,ethan.wilson6469@example.com,02/06/2024,875.10,USD,pending,6,DE
TX-0006470,C-01670,Zoe Garcia,zoe.garcia6470@example.com,03/11/2024,971.10,USD,refunded,7,US
TX-0006471,C-01671,Mateo Nguyen,mateo.nguyen6471@example.com,04/04/2024,1952.72,USD,cancelled,8,CA
TX-0006472,C-01672,Ava Patel,ava.patel6472@example.com,05/09/2024,343.91,USD,completed,1,GB
TX-0006473,C-01673,Noah Kim,noah.kim6473@example.com,06/02/2024,2131.39,USD,pending,2,AU
TX-0006474,C-01674,Mia Martin,mia.martin6474@example.com,07/07/2024,2091.04,USD,refunded,3,DE
TX-0006475,C-01675,Liam Smith,liam.smith6475@example.com,08/12/2024,1886.58,USD,cancelled,4,US
TX-0006476,C-01676,Sofia Brown,sofia.brown6476@example.com,09/05/2024,50.57,USD,completed,5,CA
TX-0006477,C-01677,ethan wilson,ethan.wilson6477@example.com,10/10/2024,2467.58,USD,pending,6,GB
TX-0006478,C-01678,Zoe Garcia,zoe.garcia6478@example.com,11/03/2024,1598.00,USD,refunded,7,AU
TX-0006479,C-01679,Mateo Nguyen,mateo.nguyen6479@example.com,12/08/2024,2179.10,USD,cancelled,8,DE
TX-0006480,C-01680,Ava Patel,ava.patel6480@example.com,01/01/2024,1995.32,USD,completed,1,US
TX-0006481,C-01681,Noah Kim,noah.kim6481@example.com,02/06/2024,1258.09,USD,pending,2,CA
TX-0006482,C-01682,Mia Martin,mia.martin6482@example.com,03/11/2024,2388.14,USD,refunded,3,GB
TX-0006483,C-01683,Liam Smith,liam.smith6483@example.com,04/04/2024,1476.62,USD,cancelled,4,AU
TX-0006484,C-01684,Sofia Brown,sofia.brown6484@example.com,05/09/2024,1019.92,USD,completed,5,DE
TX-0006485,C-01685,Ethan Wilson,ethan.wilson6485@example.com,06/02/2024,2378.42,USD,pending,6,US
TX-0006486,C-01686,Zoe Garcia,zoe.garcia6486@example.com,07/07/2024,1950.16,USD,refunded,7,CA
TX-0006487,C-01687,Mateo Nguyen,mateo.nguyen6487@example.com,08/12/2024,1172.94,USD,cancelled,8,GB
TX-0006488,C-01688,Ava Patel,ava.patel6488@example.com,09/05/2024,1111.98,USD,completed,1,AU
TX-0006489,C-01689,Noah Kim,noah.kim6489@example.com,10/10/2024,864.74,USD,pending,2,DE
TX-0006490,C-01690,Mia Martin,mia.martin6490@example.com,11/03/2024,2325.47,USD,refunded,3,US
TX-0006491,C-01691,Liam Smith,liam.smith6491@example.com,12/08/2024,417.53,USD,cancelled,4,CA
TX-0006492,C-01692,Sofia Brown,sofia.brown6492@example.com,01/01/2024,1003.17,USD,completed,5,GB
TX-0006493,C-01693,Ethan Wilson,ethan.wilson6493@example.com,02/06/2024,1984.78,USD,pending,6,AU
TX-0006494,C-01694,Zoe Garcia,zoe.garcia6494@example.com,03/11/2024,1663.65,USD,unknown,7,DE
TX-0006495,C-01695,Mateo Nguyen,mateo.nguyen6495@example.com,04/04/2024,1243.30,USD,cancelled,8,US
TX-0006496,C-01696,Ava Patel,ava.patel6496@example.com,05/09/2024,1491.29,USD,completed,1,CA
TX-0006497,C-01697,Noah Kim,noah.kim.invalid,06/02/2024,1130.12,USD,pending,2,GB
TX-0006498,C-01698,Mia Martin,mia.martin6498@example.com,07/07/2024,576.58,USD,refunded,3,AU
TX-0006499,C-01699,Liam Smith,,08/12/2024,230.56,USD,cancelled,4,DE
TX-0006500,C-01700,Sofia Brown,sofia.brown6500@example.com,09/05/2024,2117.07,USD,completed,5,US
TX-0006501,C-01701,Ethan Wilson,ethan.wilson6501@example.com,10/10/2024,2341.82,USD,pending,6,CA
TX-0006502,C-01702,Zoe Garcia,zoe.garcia6502@example.com,11/03/2024,151.94,USD,refunded,7,GB
TX-0006503,C-01703,Mateo Nguyen,mateo.nguyen6503@example.com,12/08/2024,886.86,USD,cancelled,8,AU
TX-0006504,C-01704,Ava Patel,ava.patel6504@example.com,01/01/2024,2169.58,USD,completed,1,DE
TX-0006505,C-01705,Noah Kim,noah.kim6505@example.com,02/06/2024,1631.46,USD,pending,2,US
TX-0006506,C-01706,Mia Martin,mia.martin6506@example.com,03/11/2024,1959.70,USD,refunded,3,CA
TX-0006507,C-01707,Liam Smith,liam.smith6507@example.com,04/04/2024,2384.67,USD,cancelled,4,GB
TX-0006508,C-01708,Sofia Brown,sofia.brown6508@example.com,05/09/2024,2156.38,USD,completed,5,AU
TX-0006509,C-01709,Ethan Wilson,ethan.wilson6509@example.com,06/02/2024,1400.74,USD,pending,6,DE
TX-0006510,C-01710,Zoe Garcia,zoe.garcia6510@example.com,07/07/2024,961.72,USD,refunded,7,US
TX-0006511,C-01711,Mateo Nguyen,mateo.nguyen6511@example.com,08/12/2024,2439.89,USD,cancelled,8,CA
TX-0006512,C-01712,Ava Patel,ava.patel6512@example.com,09/05/2024,138.82,USD,completed,1,GB
TX-0006513,C-01713,Noah Kim,noah.kim6513@example.com,10/10/2024,872.36,USD,pending,2,AU
TX-0006514,C-01714,Mia Martin,mia.martin6514@example.com,11/03/2024,2079.87,USD,refunded,3,DE
TX-0006515,C-01715,Liam Smith,liam.smith6515@example.com,12/08/2024,691.68,USD,cancelled,4,US
TX-0006516,C-01716,Sofia Brown,sofia.brown6516@example.com,01/01/2024,683.95, USD ,completed,5,CA
TX-0006517,C-01717,Ethan Wilson,ethan.wilson6517@example.com,02/06/2024,7.84,USD,pending,6,GB
TX-0006518,C-01718,Zoe Garcia,zoe.garcia6518@example.com,03/11/2024,451.26,USD,refunded,7,AU
TX-0006519,C-01719,Mateo Nguyen,mateo.nguyen6519@example.com,04/04/2024,1518.01,USD,cancelled,8,DE
TX-0006520,C-01720,Ava Patel,ava.patel6520@example.com,05/09/2024,2152.53,USD,completed,1,US
TX-0006521,C-01721,Noah Kim,noah.kim6521@example.com,06/02/2024,1240.64,USD,pending,2,CA
TX-0006522,C-01722,Mia Martin,mia.martin6522@example.com,07/07/2024,2197.84,USD,refunded,3,GB
TX-0006523,C-01723,Liam Smith,liam.smith6523@example.com,08/12/2024,1678.90,USD,cancelled,4,AU
TX-0006524,C-01724,Sofia Brown,sofia.brown6524@example.com,09/05/2024,1102.60,USD,completed,5,DE
TX-0006525,C-01725,Ethan Wilson,ethan.wilson6525@example.com,10/10/2024,1341.77,USD,pending,6,US
TX-0006526,C-01726,Zoe Garcia,zoe.garcia6526@example.com,11/03/2024,331.53,USD,refunded,7,CA
TX-0006527,C-01727,Mateo Nguyen,mateo.nguyen6527@example.com,12/08/2024,1033.67,USD,cancelled,8,GB
TX-0006528,C-01728,Ava Patel,ava.patel6528@example.com,01/01/2024,1938.91,USD,completed,1,AU
TX-0006529,C-01729,Noah Kim,noah.kim6529@example.com,02/06/2024,1560.14,USD,pending,2,DE
TX-0006530,C-01730,Mia Martin,mia.martin6530@example.com,03/11/2024,1390.36,USD,refunded,3,US
TX-0006531,C-01731,Liam Smith,liam.smith6531@example.com,04/04/2024,1735.59,USD,cancelled,4,CA
TX-0006532,C-01732,Sofia Brown,sofia.brown6532@example.com,05/09/2024,263.32,USD,completed,5,GB
TX-0006533,C-01733,Ethan Wilson,ethan.wilson6533@example.com,06/02/2024,728.31,USD,pending,6,AU
TX-0006534,C-01734,Zoe Garcia,zoe.garcia6534@example.com,07/07/2024,1841.87,USD,refunded,7,DE
TX-0006535,C-01735,Mateo Nguyen,mateo.nguyen6535@example.com,08/12/2024,1151.48,USD,cancelled,8,US
TX-0006536,C-01736,Ava Patel,ava.patel6536@example.com,09/05/2024,1755.78,USD,completed,1,CA
TX-0006537,C-01737,Noah Kim,noah.kim6537@example.com,10/10/2024,2499.68,USD,pending,2,GB
TX-0006538,C-01738,Mia Martin,mia.martin6538@example.com,11/03/2024,1107.54,USD,refunded,3,AU
TX-0006539,C-01739,Liam Smith,liam.smith6539@example.com,12/08/2024,984.43,USD,cancelled,4,DE
TX-0006540,C-01740,Sofia Brown,sofia.brown6540@example.com,01/01/2024,1812.42,USD,completed,5,US
TX-0006541,C-01741,Ethan Wilson,ethan.wilson6541@example.com,02/06/2024,-48.63,USD,pending,6,CA
TX-0006542,C-01742,Zoe Garcia,zoe.garcia6542@example.com,03/11/2024,1405.66,USD,refunded,7,GB
TX-0006543,C-01743,Mateo Nguyen,mateo.nguyen6543@example.com,04/04/2024,63.23,USD,cancelled,8,AU
TX-0006544,C-01744,Ava Patel,ava.patel6544@example.com,05/09/2024,353.96,USD,completed,1,DE
TX-0006545,C-01745,Noah Kim,noah.kim6545@example.com,06/02/2024,1877.17,USD,pending,2,US
TX-0006546,C-01746,Mia Martin,mia.martin6546@example.com,07/07/2024,2314.04,USD,refunded,3,CA
TX-0006547,C-01747,Liam Smith,liam.smith6547@example.com,08/12/2024,2266.74,USD,cancelled,4,GB
TX-0006548,C-01748,Sofia Brown,sofia.brown6548@example.com,09/05/2024,2429.37,USD,completed,5,AU
TX-0006549,C-01749,Ethan Wilson,ethan.wilson6549@example.com,10/10/2024,1188.55,USD,pending,6,DE
TX-0006550,C-01750,Zoe Garcia,zoe.garcia6550@example.com,11/03/2024,1606.31,USD,refunded,7,us
TX-0006551,C-01751,Mateo Nguyen,mateo.nguyen6551@example.com,12/08/2024,696.21,USD,cancelled,8,CA
TX-0006552,C-01752,Ava Patel,ava.patel6552@example.com,01/01/2024,436.78,USD,completed,1,GB
TX-0006553,C-01753,Noah Kim,noah.kim6553@example.com,02/06/2024,370.88,USD,pending,2,AU
TX-0006554,C-01754,  MIA MARTIN  ,mia.martin6554@example.com,03/11/2024,2467.08,USD,refunded,3,DE
TX-0006555,C-01755,Liam Smith,liam.smith6555@example.com,04/04/2024,406.62,USD,cancelled,4,US
TX-0006556,C-01756,Sofia Brown,sofia.brown6556@example.com,05/09/2024,1384.81,usd,completed,5,CA
TX-0006557,C-01757,Ethan Wilson,ethan.wilson6557@example.com,06/02/2024,1012.51,USD,pending,6,GB
TX-0006558,C-01758,Zoe Garcia,zoe.garcia6558@example.com,07/07/2024,27.49,USD,refunded,7,AU
TX-0006559,C-01759,Mateo Nguyen,mateo.nguyen6559@example.com,08/12/2024,216.62,USD,cancelled,8,DE
TX-0006560,C-01760,Ava Patel,ava.patel6560@example.com,09/05/2024,370.72,USD,completed,1,US
TX-0006561,C-01761,Noah Kim,noah.kim6561@example.com,10/10/2024,2439.18,USD,pending,2,CA
TX-0006562,C-01762,Mia Martin,mia.martin6562@example.com,11/03/2024,975.99,USD,refunded,3,GB
TX-0006563,C-01763,Liam Smith,liam.smith6563@example.com,12/08/2024,2091.19,USD,cancelled,4,AU
TX-0006564,C-01764,Sofia Brown,sofia.brown6564@example.com,01/01/2024,2436.85,USD,completed,5,DE
TX-0006565,C-01765,Ethan Wilson,ethan.wilson6565@example.com,02/06/2024,321.22,USD,pending,6,US
TX-0006566,C-01766,Zoe Garcia,zoe.garcia6566@example.com,03/11/2024,1778.31,USD,refunded,7,CA
TX-0006567,C-01767,Mateo Nguyen,mateo.nguyen6567@example.com,04/04/2024,1006.06,USD,cancelled,8,GB
TX-0006568,C-01768,Ava Patel,ava.patel6568@example.com,05/09/2024,1604.98,USD,completed,1,AU
TX-0006569,C-01769,Noah Kim,noah.kim6569@example.com,06/02/2024,687.23,USD,pending,2,DE
TX-0006570,C-01770,Mia Martin,mia.martin6570@example.com,07/07/2024,2016.80,USD,refunded,3,US
TX-0006571,C-01771,Liam Smith,liam.smith6571@example.com,08/12/2024,1772.94,USD,cancelled,4,CA
TX-0006572,C-01772,Sofia Brown,sofia.brown6572@example.com,09/05/2024,20.44,USD,completed,5,GB
TX-0006573,C-01773,Ethan Wilson,ethan.wilson6573@example.com,10/10/2024,1265.01,USD,pending,6,AU
TX-0006574,C-01774,Zoe Garcia,zoe.garcia6574@example.com,11/03/2024,576.49,USD,refunded,7,USA
TX-0006575,C-01775,Mateo Nguyen,mateo.nguyen6575@example.com,12/08/2024,393.50,USD,cancelled,8,US
TX-0006576,C-01776,Ava Patel,ava.patel6576@example.com,01/01/2024,954.44,USD,completed,1,CA
TX-0006577,C-01777,Noah Kim,noah.kim6577@example.com,02/06/2024,1414.05,USD,pending,2,GB
TX-0006578,C-01778,Mia Martin,mia.martin6578@example.com,03/11/2024,1440.02,USD,refunded,3,AU
TX-0006579,C-01779,Liam Smith,liam.smith6579@example.com,04/04/2024,320.61,USD,cancelled,4,DE
TX-0006580,C-01780,Sofia Brown,sofia.brown6580@example.com,05/09/2024,762.11,USD,completed,5,US
TX-0006581,C-01781,Ethan Wilson,ethan.wilson6581@example.com,06/02/2024,1297.98,USD,pending,6,CA
TX-0006582,C-01782,Zoe Garcia,zoe.garcia6582@example.com,07/07/2024,2361.35,USD,refunded,7,GB
TX-0006583,C-01783,Mateo Nguyen,mateo.nguyen6583@example.com,08/12/2024,1959.19,USD,cancelled,8,AU
TX-0006584,C-01784,Ava Patel,ava.patel6584@example.com,09/05/2024,719.68,USD,completed,1,DE
TX-0006585,C-01785,Noah Kim,noah.kim6585@example.com,10/10/2024,2498.41,USD,pending,2,US
TX-0006586,C-01786,Mia Martin,mia.martin.invalid,11/03/2024,2207.82,USD,refunded,3,CA
TX-0006587,C-01787,Liam Smith,liam.smith6587@example.com,12/08/2024,1007.96,USD,cancelled,4,GB
TX-0006588,C-01788,Sofia Brown,sofia.brown6588@example.com,01/01/2024,829.18,USD,completed,5,AU
TX-0006589,C-01789,Ethan Wilson,ethan.wilson6589@example.com,02/06/2024,2181.12,USD,pending,6,DE
TX-0006590,C-01790,Zoe Garcia,zoe.garcia6590@example.com,03/11/2024,1029.27,USD,refunded,7,US
TX-0006591,C-01791,Mateo Nguyen,mateo.nguyen6591@example.com,04/04/2024,219.07,USD,cancelled,8,CA
TX-0006592,C-01792,Ava Patel,ava.patel6592@example.com,05/09/2024,1903.34,USD,completed,1,GB
TX-0006593,C-01793,Noah Kim,noah.kim6593@example.com,06/02/2024,313.49,USD,pending,2,AU
TX-0006594,C-01794,Mia Martin,mia.martin6594@example.com,07/07/2024,885.77,USD,COMPLETE,3,DE
TX-0006595,C-01795,Liam Smith,liam.smith6595@example.com,08/12/2024,639.72,USD,cancelled,4,US
TX-0006596,C-01796,Sofia Brown,,09/05/2024,1483.80,USD,completed,5,CA
TX-0006597,C-01797,Ethan Wilson,ethan.wilson6597@example.com,10/10/2024,1443.72,USD,pending,6,GB
TX-0006598,C-01798,Zoe Garcia,zoe.garcia6598@example.com,11/03/2024,879.65,USD,refunded,7,AU
TX-0006599,C-01799,Mateo Nguyen,mateo.nguyen6599@example.com,12/08/2024,662.41,USD,cancelled,8,DE
TX-0006600,C-01800,Ava Patel,ava.patel6600@example.com,01/01/2024,2462.40,USD,completed,1,US
TX-0006601,C-01801,Noah Kim,noah.kim6601@example.com,02/06/2024,2192.55,USD,pending,2,CA
TX-0006602,C-01802,Mia Martin,mia.martin6602@example.com,03/11/2024,455.40,USD,refunded,3,GB
TX-0006603,C-01803,Liam Smith,liam.smith6603@example.com,04/04/2024,1195.31,USD,cancelled,4,AU
TX-0006604,C-01804,sofia brown,sofia.brown6604@example.com,05/09/2024,2318.78,USD,completed,5,DE
TX-0006605,C-01805,Ethan Wilson,ethan.wilson6605@example.com,06/02/2024,95.52,USD,pending,6,US
TX-0006606,C-01806,Zoe Garcia,zoe.garcia6606@example.com,07/07/2024,1807.90,USD,refunded,7,CA
TX-0006607,C-01807,Mateo Nguyen,mateo.nguyen6607@example.com,08/12/2024,404.08,USD,cancelled,8,GB
TX-0006608,C-01808,Ava Patel,ava.patel6608@example.com,09/05/2024,374.04,USD,completed,1,AU
TX-0006609,C-01809,Noah Kim,noah.kim6609@example.com,10/10/2024,580.63,USD,pending,2,DE
TX-0006610,C-01810,Mia Martin,mia.martin6610@example.com,11/03/2024,2349.66,USD,refunded,3,US
TX-0006611,C-01811,Liam Smith,liam.smith6611@example.com,12/08/2024,1711.68,USD,cancelled,4,CA
TX-0006612,C-01812,Sofia Brown,sofia.brown6612@example.com,01/01/2024,216.34,USD,completed,5,GB
TX-0006613,C-01813,Ethan Wilson,ethan.wilson6613@example.com,02/06/2024,2073.62,USD,pending,6,AU
TX-0006614,C-01814,Zoe Garcia,zoe.garcia6614@example.com,03/11/2024,672.07,USD,refunded,7,DE
TX-0006615,C-01815,Mateo Nguyen,mateo.nguyen6615@example.com,04/04/2024,261.39,USD,cancelled,8,US
TX-0006616,C-01816,Ava Patel,ava.patel6616@example.com,05/09/2024,1122.38,USD,completed,1,CA
TX-0006617,C-01817,Noah Kim,noah.kim6617@example.com,06/02/2024,34.53,USD,pending,2,GB
TX-0006618,C-01818,Mia Martin,mia.martin6618@example.com,07/07/2024,1964.55,USD,refunded,3,AU
TX-0006619,C-01819,Liam Smith,liam.smith6619@example.com,08/12/2024,1354.28,USD,cancelled,4,DE
TX-0006620,C-01820,Sofia Brown,sofia.brown6620@example.com,09/05/2024,629.25,USD,completed,5,US
TX-0006621,C-01821,Ethan Wilson,ethan.wilson6621@example.com,10/10/2024,1515.71,USD,pending,6,CA
TX-0006622,C-01822,Zoe Garcia,zoe.garcia6622@example.com,11/03/2024,1611.49,USD,refunded,7,GB
TX-0006623,C-01823,Mateo Nguyen,mateo.nguyen6623@example.com,12/08/2024,1465.99,USD,cancelled,8,AU
TX-0006624,C-01824,Ava Patel,ava.patel6624@example.com,01/01/2024,1119.78,USD,completed,1,DE
TX-0006625,C-01825,Noah Kim,noah.kim6625@example.com,02/06/2024,867.14,USD,pending,2,US
TX-0006626,C-01826,Mia Martin,mia.martin6626@example.com,03/11/2024,435.33,USD,refunded,3,CA
TX-0006627,C-01827,Liam Smith,liam.smith6627@example.com,04/04/2024,1213.21,USD,cancelled,4,GB
TX-0006628,C-01828,Sofia Brown,sofia.brown6628@example.com,05/09/2024,1867.01,USD,completed,5,AU
TX-0006629,C-01829,Ethan Wilson,ethan.wilson6629@example.com,06/02/2024,1172.86,USD,pending,6,DE
TX-0006630,C-01830,Zoe Garcia,zoe.garcia6630@example.com,07/07/2024,388.08,USD,refunded,7,US
TX-0006631,C-01831,Mateo Nguyen,mateo.nguyen6631@example.com,08/12/2024,2029.45,USD,cancelled,8,CA
TX-0006632,C-01832,Ava Patel,ava.patel6632@example.com,09/05/2024,1684.79,USD,completed,1,GB
TX-0006633,C-01833,Noah Kim,noah.kim6633@example.com,10/10/2024,376.05,USD,pending,2,AU
TX-0006634,C-01834,Mia Martin,mia.martin6634@example.com,11/03/2024,646.58,USD,refunded,3,DE
TX-0006635,C-01835,Liam Smith,liam.smith6635@example.com,12/08/2024,959.71,USD,cancelled,4,US
TX-0006636,C-01836,Sofia Brown,sofia.brown6636@example.com,01/01/2024,853.85,USD,completed,5,CA
TX-0006637,C-01837,Ethan Wilson,ethan.wilson6637@example.com,02/06/2024,1824.11,USD,pending,6,GB
TX-0006638,C-01838,Zoe Garcia,zoe.garcia6638@example.com,03/11/2024,2244.97,USD,refunded,7,AU
TX-0006639,C-01839,Mateo Nguyen,mateo.nguyen6639@example.com,04/04/2024,2150.22,USD,cancelled,8,DE
TX-0006640,C-01840,Ava Patel,ava.patel6640@example.com,05/09/2024,936.40,USD,completed,1,US
TX-0006641,C-01841,Noah Kim,noah.kim6641@example.com,06/02/2024,1532.24,USD,pending,2,CA
TX-0006642,C-01842,Mia Martin,mia.martin6642@example.com,07/07/2024,765.80,USD,refunded,3,GB
TX-0006643,C-01843,Liam Smith,liam.smith6643@example.com,08/12/2024,1223.94,USD,cancelled,4,AU
TX-0006644,C-01844,Sofia Brown,sofia.brown6644@example.com,09/05/2024,1608.67,USD,completed,5,DE
TX-0006645,C-01845,Ethan Wilson,ethan.wilson6645@example.com,10/10/2024,726.56,USD,pending,6,US
TX-0006646,C-01846,Zoe Garcia,zoe.garcia6646@example.com,11/03/2024,884.08,USD,refunded,7,CA
TX-0006647,C-01847,Mateo Nguyen,mateo.nguyen6647@example.com,12/08/2024,355.03,USD,cancelled,8,GB
TX-0006648,C-01848,Ava Patel,ava.patel6648@example.com,01/01/2024,420.29,USD,completed,1,AU
TX-0006649,C-01849,Noah Kim,noah.kim6649@example.com,02/06/2024,1827.83,USD,pending,2,DE
TX-0006650,C-01850,Mia Martin,mia.martin6650@example.com,03/11/2024,2086.85,USD,refunded,3,US
TX-0006651,C-01851,Liam Smith,liam.smith6651@example.com,04/04/2024,228.38,USD,cancelled,4,CA
TX-0006652,C-01852,Sofia Brown,sofia.brown6652@example.com,05/09/2024,2020.18,USD,completed,5,GB
TX-0006653,C-01853,Ethan Wilson,ethan.wilson6653@example.com,06/02/2024,1249.87,USD,pending,6,AU
TX-0006654,C-01854,Zoe Garcia,zoe.garcia6654@example.com,07/07/2024,1920.03,USD,refunded,7,DE
TX-0006655,C-01855,Mateo Nguyen,mateo.nguyen6655@example.com,08/12/2024,1582.51,USD,cancelled,8,US
TX-0006656,C-01856,Ava Patel,ava.patel6656@example.com,09/05/2024,269.71,USD,completed,1,CA
TX-0006657,C-01857,Noah Kim,noah.kim6657@example.com,10/10/2024,333.76,USD,pending,2,GB
TX-0006658,C-01858,Mia Martin,mia.martin6658@example.com,11/03/2024,1938.78,USD,refunded,3,AU
TX-0006659,C-01859,Liam Smith,liam.smith6659@example.com,12/08/2024,1056.81,USD,cancelled,4,DE
TX-0006660,C-01860,Sofia Brown,sofia.brown6660@example.com,01/01/2024,1520.94,USD,completed,5,US
TX-0006661,C-01861,Ethan Wilson,ethan.wilson6661@example.com,02/06/2024,1859.21,USD,pending,6,CA
TX-0006662,C-01862,Zoe Garcia,zoe.garcia6662@example.com,03/11/2024,227.10,USD,refunded,7,GB
TX-0006663,C-01863,Mateo Nguyen,mateo.nguyen6663@example.com,04/04/2024,1129.97,USD,cancelled,8,AU
TX-0006664,C-01864,Ava Patel,ava.patel6664@example.com,05/09/2024,2218.54,USD,completed,1,DE
TX-0006665,C-01865,Noah Kim,noah.kim6665@example.com,06/02/2024,814.15,USD,pending,2,US
TX-0006666,C-01866,Mia Martin,mia.martin6666@example.com,07/07/2024,341.32,USD,refunded,3,CA
TX-0006667,C-01867,  LIAM SMITH  ,liam.smith6667@example.com,08/12/2024,665.06,USD,cancelled,4,GB
TX-0006668,C-01868,Sofia Brown,sofia.brown6668@example.com,09/05/2024,637.36,USD,completed,5,AU
TX-0006669,C-01869,Ethan Wilson,ethan.wilson6669@example.com,10/10/2024,1331.55,USD,pending,6,DE
TX-0006670,C-01870,Zoe Garcia,zoe.garcia6670@example.com,11/03/2024,1608.25,USD,refunded,7,US
TX-0006671,C-01871,Mateo Nguyen,mateo.nguyen6671@example.com,12/08/2024,1665.06,USD,cancelled,8,CA
TX-0006672,C-01872,Ava Patel,ava.patel6672@example.com,01/01/2024,2438.27,USD,completed,1,GB
TX-0006673,C-01873,Noah Kim,noah.kim6673@example.com,02/06/2024,607.47,USD,pending,2,AU
TX-0006674,C-01874,Mia Martin,mia.martin6674@example.com,03/11/2024,1901.78,USD,refunded,3,DE
TX-0006675,C-01875,Liam Smith,liam.smith.invalid,04/04/2024,541.70,USD,cancelled,4,US
TX-0006676,C-01876,Sofia Brown,sofia.brown6676@example.com,05/09/2024,1072.83,USD,completed,5,CA
TX-0006677,C-01877,Ethan Wilson,ethan.wilson6677@example.com,06/02/2024,1102.67,USD,pending,6,GB
TX-0006678,C-01878,Zoe Garcia,zoe.garcia6678@example.com,07/07/2024,2017.55,USD,refunded,7,AU
TX-0006679,C-01879,Mateo Nguyen,mateo.nguyen6679@example.com,08/12/2024,771.45,USD,cancelled,8,DE
TX-0006680,C-01880,Ava Patel,ava.patel6680@example.com,09/05/2024,1869.55,USD,completed,1,US
TX-0006681,C-01881,Noah Kim,noah.kim6681@example.com,10/10/2024,946.80,USD,pending,2,ca
TX-0006682,C-01882,Mia Martin,mia.martin6682@example.com,11/03/2024,1246.64,USD,refunded,3,GB
TX-0006683,C-01883,Liam Smith,liam.smith6683@example.com,12/08/2024,1947.13,USD,cancelled,4,AU
TX-0006684,C-01884,Sofia Brown,sofia.brown6684@example.com,01/01/2024,2161.27,USD,completed,5,DE
TX-0006685,C-01885,Ethan Wilson,ethan.wilson6685@example.com,02/06/2024,618.62,USD,unknown,6,US
TX-0006686,C-01886,Zoe Garcia,zoe.garcia6686@example.com,03/11/2024,87.37,USD,refunded,7,CA
TX-0006687,C-01887,Mateo Nguyen,mateo.nguyen6687@example.com,04/04/2024,1186.52,USD,cancelled,8,GB
TX-0006688,C-01888,Ava Patel,ava.patel6688@example.com,05/09/2024,957.70,USD,completed,1,AU
TX-0006689,C-01889,Noah Kim,noah.kim6689@example.com,06/02/2024,774.94,USD,pending,2,DE
TX-0006690,C-01890,Mia Martin,mia.martin6690@example.com,07/07/2024,,USD,refunded,3,US
TX-0006691,C-01891,Liam Smith,liam.smith6691@example.com,08/12/2024,202.89,USD,cancelled,4,CA
TX-0006692,C-01892,Sofia Brown,sofia.brown6692@example.com,09/05/2024,1322.85,USD,completed,5,GB
TX-0006693,C-01893,Ethan Wilson,,10/10/2024,1437.63,USD,pending,6,AU
TX-0006694,C-01894,Zoe Garcia,zoe.garcia6694@example.com,11/03/2024,2294.88,USD,refunded,7,DE
TX-0006695,C-01895,Mateo Nguyen,mateo.nguyen6695@example.com,12/08/2024,43.91,USD,cancelled,8,US
TX-0006696,C-01896,Ava Patel,ava.patel6696@example.com,01/01/2024,2046.47,USD,completed,1,CA
TX-0006697,C-01897,Noah Kim,noah.kim6697@example.com,02/06/2024,2431.04, USD ,pending,2,GB
TX-0006698,C-01898,Mia Martin,mia.martin6698@example.com,03/11/2024,1734.27,USD,refunded,3,AU
TX-0006699,C-01899,Liam Smith,liam.smith6699@example.com,04/04/2024,1240.03,USD,cancelled,4,DE
TX-0006700,C-01900,Sofia Brown,sofia.brown6700@example.com,05/09/2024,519.74,USD,completed,5,US
TX-0006701,C-01901,Ethan Wilson,ethan.wilson6701@example.com,06/02/2024,1200.21,USD,pending,6,CA
TX-0006702,C-01902,Zoe Garcia,zoe.garcia6702@example.com,07/07/2024,2277.10,USD,refunded,7,GB
TX-0006703,C-01903,Mateo Nguyen,mateo.nguyen6703@example.com,08/12/2024,1409.30,USD,cancelled,8,AU
TX-0006704,C-01904,Ava Patel,ava.patel6704@example.com,09/05/2024,2368.51,USD,completed,1,DE
TX-0006705,C-01905,Noah Kim,noah.kim6705@example.com,10/10/2024,1437.14,usd,pending,2,US
TX-0006706,C-01906,Mia Martin,mia.martin6706@example.com,11/03/2024,1220.09,USD,refunded,3,CA
TX-0006707,C-01907,Liam Smith,liam.smith6707@example.com,12/08/2024,555.87,USD,cancelled,4,GB
TX-0006708,C-01908,Sofia Brown,sofia.brown6708@example.com,01/01/2024,328.61,USD,completed,5,AU
TX-0006709,C-01909,Ethan Wilson,ethan.wilson6709@example.com,02/06/2024,1184.83,USD,pending,6,DE
TX-0006710,C-01910,Zoe Garcia,zoe.garcia6710@example.com,03/11/2024,523.71,USD,refunded,7,US
TX-0006711,C-01911,Mateo Nguyen,mateo.nguyen6711@example.com,04/04/2024,1178.41,USD,cancelled,8,CA
TX-0006712,C-01912,Ava Patel,ava.patel6712@example.com,05/09/2024,2084.47,USD,completed,1,GB
TX-0006713,C-01913,Noah Kim,noah.kim6713@example.com,06/02/2024,1320.63,USD,pending,2,AU
TX-0006714,C-01914,Mia Martin,mia.martin6714@example.com,07/07/2024,1834.77,USD,refunded,3,DE
TX-0006715,C-01915,Liam Smith,liam.smith6715@example.com,08/12/2024,1559.85,USD,cancelled,4,US
TX-0006716,C-01916,Sofia Brown,sofia.brown6716@example.com,09/05/2024,1131.41,USD,completed,5,CA
TX-0006717,C-01917,Ethan Wilson,ethan.wilson6717@example.com,10/10/2024,137.37,USD,pending,6,GB
TX-0006718,C-01918,Zoe Garcia,zoe.garcia6718@example.com,11/03/2024,1811.61,USD,refunded,7,AU
TX-0006719,C-01919,Mateo Nguyen,mateo.nguyen6719@example.com,12/08/2024,1273.53,USD,cancelled,8,DE
TX-0006720,C-01920,Ava Patel,ava.patel6720@example.com,01/01/2024,446.58,USD,completed,1,US
TX-0006721,C-01921,Noah Kim,noah.kim6721@example.com,02/06/2024,1850.89,USD,pending,2,CA
TX-0006722,C-01922,Mia Martin,mia.martin6722@example.com,03/11/2024,2352.85,USD,refunded,3,GB
TX-0006723,C-01923,Liam Smith,liam.smith6723@example.com,04/04/2024,685.78,USD,cancelled,4,AU
TX-0006724,C-01924,Sofia Brown,sofia.brown6724@example.com,05/09/2024,847.36,USD,completed,5,DE
TX-0006725,C-01925,Ethan Wilson,ethan.wilson6725@example.com,06/02/2024,674.25,USD,pending,6,US
TX-0006726,C-01926,Zoe Garcia,zoe.garcia6726@example.com,07/07/2024,46.99,USD,refunded,7,CA
TX-0006727,C-01927,Mateo Nguyen,mateo.nguyen6727@example.com,08/12/2024,59.16,USD,cancelled,8,GB
TX-0006728,C-01928,Ava Patel,ava.patel6728@example.com,09/05/2024,1487.21,USD,completed,1,AU
TX-0006729,C-01929,Noah Kim,noah.kim6729@example.com,10/10/2024,557.06,USD,pending,2,DE
TX-0006730,C-01930,Mia Martin,mia.martin6730@example.com,11/03/2024,2488.47,USD,refunded,3,US
TX-0006731,C-01931,liam smith,liam.smith6731@example.com,12/08/2024,407.17,USD,cancelled,4,CA
TX-0006732,C-01932,Sofia Brown,sofia.brown6732@example.com,01/01/2024,548.03,USD,completed,5,GB
TX-0006733,C-01933,Ethan Wilson,ethan.wilson6733@example.com,02/06/2024,1306.43,USD,pending,6,AU
TX-0006734,C-01934,Zoe Garcia,zoe.garcia6734@example.com,03/11/2024,1950.09,USD,refunded,7,DE
TX-0006735,C-01935,Mateo Nguyen,mateo.nguyen6735@example.com,04/04/2024,2359.20,USD,cancelled,8,US
TX-0006736,C-01936,Ava Patel,ava.patel6736@example.com,05/09/2024,770.18,USD,completed,1,CA
TX-0006737,C-01937,Noah Kim,noah.kim6737@example.com,06/02/2024,1491.40,USD,pending,2,GB
TX-0006738,C-01938,Mia Martin,mia.martin6738@example.com,07/07/2024,160.60,USD,refunded,3,AU
TX-0006739,C-01939,Liam Smith,liam.smith6739@example.com,08/12/2024,1839.51,USD,cancelled,4,DE
TX-0006740,C-01940,Sofia Brown,sofia.brown6740@example.com,09/05/2024,1659.77,USD,completed,5,US
TX-0006741,C-01941,Ethan Wilson,ethan.wilson6741@example.com,10/10/2024,1568.51,USD,pending,6,CA
TX-0006742,C-01942,Zoe Garcia,zoe.garcia6742@example.com,11/03/2024,829.35,USD,refunded,7,GB
TX-0006743,C-01943,Mateo Nguyen,mateo.nguyen6743@example.com,12/08/2024,1443.16,USD,cancelled,8,AU
TX-0006744,C-01944,Ava Patel,ava.patel6744@example.com,01/01/2024,1920.12,USD,completed,1,DE
TX-0006745,C-01945,Noah Kim,noah.kim6745@example.com,02/06/2024,1529.62,USD,pending,2,US
TX-0006746,C-01946,Mia Martin,mia.martin6746@example.com,03/11/2024,1066.27,USD,refunded,3,CA
TX-0006747,C-01947,Liam Smith,liam.smith6747@example.com,04/04/2024,484.79,USD,cancelled,4,USA
TX-0006748,C-01948,Sofia Brown,sofia.brown6748@example.com,05/09/2024,1554.60,USD,completed,5,AU
TX-0006749,C-01949,Ethan Wilson,ethan.wilson6749@example.com,06/02/2024,626.30,USD,pending,6,DE
TX-0006750,C-01950,Zoe Garcia,zoe.garcia6750@example.com,07/07/2024,67.29,USD,refunded,7,US
TX-0006751,C-01951,Mateo Nguyen,mateo.nguyen6751@example.com,08/12/2024,868.69,USD,COMPLETE,8,CA
TX-0006752,C-01952,Ava Patel,ava.patel6752@example.com,09/05/2024,-60.92,USD,completed,1,GB
TX-0006753,C-01953,Noah Kim,noah.kim6753@example.com,10/10/2024,93.24,USD,pending,2,AU
TX-0006754,C-01954,Mia Martin,mia.martin6754@example.com,11/03/2024,2447.56,USD,refunded,3,DE
TX-0006755,C-01955,Liam Smith,liam.smith6755@example.com,12/08/2024,1782.21,USD,cancelled,4,US
TX-0006756,C-01956,Sofia Brown,sofia.brown6756@example.com,01/01/2024,831.14,USD,completed,5,CA
TX-0006757,C-01957,Ethan Wilson,ethan.wilson6757@example.com,02/06/2024,1136.20,USD,pending,6,GB
TX-0006758,C-01958,Zoe Garcia,zoe.garcia6758@example.com,03/11/2024,2307.06,USD,refunded,7,AU
TX-0006759,C-01959,Mateo Nguyen,mateo.nguyen6759@example.com,04/04/2024,1684.39,USD,cancelled,8,DE
TX-0006760,C-01960,Ava Patel,ava.patel6760@example.com,05/09/2024,108.27,USD,completed,1,US
TX-0006761,C-01961,Noah Kim,noah.kim6761@example.com,06/02/2024,941.33,USD,pending,2,CA
TX-0006762,C-01962,Mia Martin,mia.martin6762@example.com,07/07/2024,1083.68,USD,refunded,3,GB
TX-0006763,C-01963,Liam Smith,liam.smith6763@example.com,08/12/2024,835.11,USD,cancelled,4,AU
TX-0006764,C-01964,Sofia Brown,sofia.brown.invalid,09/05/2024,848.17,USD,completed,5,DE
TX-0006765,C-01965,Ethan Wilson,ethan.wilson6765@example.com,10/10/2024,2488.79,USD,pending,6,US
TX-0006766,C-01966,Zoe Garcia,zoe.garcia6766@example.com,11/03/2024,2300.10,USD,refunded,7,CA
TX-0006767,C-01967,Mateo Nguyen,mateo.nguyen6767@example.com,12/08/2024,1324.79,USD,cancelled,8,GB
TX-0006768,C-01968,Ava Patel,ava.patel6768@example.com,01/01/2024,1320.34,USD,completed,1,AU
TX-0006769,C-01969,Noah Kim,noah.kim6769@example.com,02/06/2024,2193.74,USD,pending,2,DE
TX-0006770,C-01970,Mia Martin,mia.martin6770@example.com,03/11/2024,1793.14,USD,refunded,3,US
TX-0006771,C-01971,Liam Smith,liam.smith6771@example.com,04/04/2024,1309.03,USD,cancelled,4,CA
TX-0006772,C-01972,Sofia Brown,sofia.brown6772@example.com,05/09/2024,1631.62,USD,completed,5,GB
TX-0006773,C-01973,Ethan Wilson,ethan.wilson6773@example.com,06/02/2024,1783.18,USD,pending,6,AU
TX-0006774,C-01974,Zoe Garcia,zoe.garcia6774@example.com,07/07/2024,580.38,USD,refunded,7,DE
TX-0006775,C-01975,Mateo Nguyen,mateo.nguyen6775@example.com,08/12/2024,1224.45,USD,cancelled,8,US
TX-0006776,C-01976,Ava Patel,ava.patel6776@example.com,09/05/2024,1632.94,USD,completed,1,CA
TX-0006777,C-01977,Noah Kim,noah.kim6777@example.com,10/10/2024,185.55,USD,pending,2,GB
TX-0006778,C-01978,Mia Martin,mia.martin6778@example.com,11/03/2024,1854.73,USD,refunded,3,AU
TX-0006779,C-01979,Liam Smith,liam.smith6779@example.com,12/08/2024,86.35,USD,cancelled,4,DE
TX-0006780,C-01980,  SOFIA BROWN  ,sofia.brown6780@example.com,01/01/2024,2194.50,USD,completed,5,US
TX-0006781,C-01981,Ethan Wilson,ethan.wilson6781@example.com,02/06/2024,1611.29,USD,pending,6,CA
TX-0006782,C-01982,Zoe Garcia,zoe.garcia6782@example.com,03/11/2024,1672.40,USD,refunded,7,GB
TX-0006783,C-01983,Mateo Nguyen,mateo.nguyen6783@example.com,04/04/2024,243.71,USD,cancelled,8,AU
TX-0006784,C-01984,Ava Patel,ava.patel6784@example.com,05/09/2024,817.96,USD,completed,1,DE
TX-0006785,C-01985,Noah Kim,noah.kim6785@example.com,06/02/2024,1799.26,USD,pending,2,US
TX-0006786,C-01986,Mia Martin,mia.martin6786@example.com,07/07/2024,1894.52,USD,refunded,3,CA
TX-0006787,C-01987,Liam Smith,liam.smith6787@example.com,08/12/2024,109.16,USD,cancelled,4,GB
TX-0006788,C-01988,Sofia Brown,sofia.brown6788@example.com,09/05/2024,1541.80,USD,completed,5,AU
TX-0006789,C-01989,Ethan Wilson,ethan.wilson6789@example.com,10/10/2024,892.31,USD,pending,6,DE
TX-0006790,C-01990,Zoe Garcia,,11/03/2024,648.51,USD,refunded,7,US
TX-0006791,C-01991,Mateo Nguyen,mateo.nguyen6791@example.com,12/08/2024,2051.19,USD,cancelled,8,CA
TX-0006792,C-01992,Ava Patel,ava.patel6792@example.com,01/01/2024,389.57,USD,completed,1,GB
TX-0006793,C-01993,Noah Kim,noah.kim6793@example.com,02/06/2024,724.56,USD,pending,2,AU
TX-0006794,C-01994,Mia Martin,mia.martin6794@example.com,03/11/2024,352.63,USD,refunded,3,DE
TX-0006795,C-01995,Liam Smith,liam.smith6795@example.com,04/04/2024,304.91,USD,cancelled,4,US
TX-0006796,C-01996,Sofia Brown,sofia.brown6796@example.com,05/09/2024,127.21,USD,completed,5,CA
TX-0006797,C-01997,Ethan Wilson,ethan.wilson6797@example.com,06/02/2024,2145.68,USD,pending,6,GB
TX-0006798,C-01998,Zoe Garcia,zoe.garcia6798@example.com,07/07/2024,1391.75,USD,refunded,7,AU
TX-0006799,C-01999,Mateo Nguyen,mateo.nguyen6799@example.com,08/12/2024,1308.71,USD,cancelled,8,DE
TX-0006800,C-02000,Ava Patel,ava.patel6800@example.com,09/05/2024,1025.36,USD,completed,1,US
TX-0006801,C-02001,Noah Kim,noah.kim6801@example.com,10/10/2024,1373.83,USD,pending,2,CA
TX-0006802,C-02002,Mia Martin,mia.martin6802@example.com,11/03/2024,659.04,USD,refunded,3,GB
TX-0006803,C-02003,Liam Smith,liam.smith6803@example.com,12/08/2024,1254.45,USD,cancelled,4,AU
TX-0006804,C-02004,Sofia Brown,sofia.brown6804@example.com,01/01/2024,528.96,USD,completed,5,DE
TX-0006805,C-02005,Ethan Wilson,ethan.wilson6805@example.com,02/06/2024,318.03,USD,pending,6,US
TX-0006806,C-02006,Zoe Garcia,zoe.garcia6806@example.com,03/11/2024,13.27,USD,refunded,7,CA
TX-0006807,C-02007,Mateo Nguyen,mateo.nguyen6807@example.com,04/04/2024,2197.08,USD,cancelled,8,GB
TX-0006808,C-02008,Ava Patel,ava.patel6808@example.com,05/09/2024,1090.39,USD,completed,1,AU
TX-0006809,C-02009,Noah Kim,noah.kim6809@example.com,06/02/2024,2074.72,USD,pending,2,DE
TX-0006810,C-02010,Mia Martin,mia.martin6810@example.com,07/07/2024,539.16,USD,refunded,3,US
TX-0006811,C-02011,Liam Smith,liam.smith6811@example.com,08/12/2024,1376.72,USD,cancelled,4,CA
TX-0006812,C-02012,Sofia Brown,sofia.brown6812@example.com,09/05/2024,356.67,USD,completed,5,gb
TX-0006813,C-02013,Ethan Wilson,ethan.wilson6813@example.com,10/10/2024,1542.95,USD,pending,6,AU
TX-0006814,C-02014,Zoe Garcia,zoe.garcia6814@example.com,11/03/2024,18.23,USD,refunded,7,DE
TX-0006815,C-02015,Mateo Nguyen,mateo.nguyen6815@example.com,12/08/2024,1709.24,USD,cancelled,8,US
TX-0006816,C-02016,Ava Patel,ava.patel6816@example.com,01/01/2024,1747.15,USD,completed,1,CA
TX-0006817,C-02017,Noah Kim,noah.kim6817@example.com,02/06/2024,2038.06,USD,pending,2,GB
TX-0006818,C-02018,Mia Martin,mia.martin6818@example.com,03/11/2024,2352.82,USD,refunded,3,AU
TX-0006819,C-02019,Liam Smith,liam.smith6819@example.com,04/04/2024,94.21,USD,cancelled,4,DE
TX-0006820,C-02020,Sofia Brown,sofia.brown6820@example.com,05/09/2024,1038.03,USD,completed,5,US
TX-0006821,C-02021,Ethan Wilson,ethan.wilson6821@example.com,06/02/2024,1890.08,USD,pending,6,CA
TX-0006822,C-02022,Zoe Garcia,zoe.garcia6822@example.com,07/07/2024,1635.40,USD,refunded,7,GB
TX-0006823,C-02023,Mateo Nguyen,mateo.nguyen6823@example.com,08/12/2024,329.05,USD,cancelled,8,AU
TX-0006824,C-02024,Ava Patel,ava.patel6824@example.com,09/05/2024,376.94,USD,completed,1,DE
TX-0006825,C-02025,Noah Kim,noah.kim6825@example.com,10/10/2024,2258.68,USD,pending,2,US
TX-0006826,C-02026,Mia Martin,mia.martin6826@example.com,11/03/2024,657.49,USD,refunded,3,CA
TX-0006827,C-02027,Liam Smith,liam.smith6827@example.com,12/08/2024,951.38,USD,cancelled,4,GB
TX-0006828,C-02028,Sofia Brown,sofia.brown6828@example.com,01/01/2024,522.58,USD,completed,5,AU
TX-0006829,C-02029,Ethan Wilson,ethan.wilson6829@example.com,02/06/2024,2058.14,USD,pending,6,DE
TX-0006830,C-02030,Zoe Garcia,zoe.garcia6830@example.com,03/11/2024,976.19,USD,refunded,7,US
TX-0006831,C-02031,Mateo Nguyen,mateo.nguyen6831@example.com,04/04/2024,2287.03,USD,cancelled,8,CA
TX-0006832,C-02032,Ava Patel,ava.patel6832@example.com,05/09/2024,799.57,USD,completed,1,GB
TX-0006833,C-02033,Noah Kim,noah.kim6833@example.com,06/02/2024,1010.62,USD,pending,2,AU
TX-0006834,C-02034,Mia Martin,mia.martin6834@example.com,07/07/2024,1531.83,USD,refunded,3,DE
TX-0006835,C-02035,Liam Smith,liam.smith6835@example.com,08/12/2024,456.24,USD,cancelled,4,US
TX-0006836,C-02036,Sofia Brown,sofia.brown6836@example.com,09/05/2024,961.30,USD,completed,5,CA
TX-0006837,C-02037,Ethan Wilson,ethan.wilson6837@example.com,10/10/2024,749.10,USD,pending,6,GB
TX-0006838,C-02038,Zoe Garcia,zoe.garcia6838@example.com,11/03/2024,923.81,USD,refunded,7,AU
TX-0006839,C-02039,Mateo Nguyen,mateo.nguyen6839@example.com,12/08/2024,1527.98,USD,cancelled,8,DE
TX-0006840,C-02040,Ava Patel,ava.patel6840@example.com,01/01/2024,609.82,USD,completed,1,US
TX-0006841,C-02041,Noah Kim,noah.kim6841@example.com,02/06/2024,196.52,USD,pending,2,CA
TX-0006842,C-02042,Mia Martin,mia.martin6842@example.com,03/11/2024,87.51,USD,refunded,3,GB
TX-0006843,C-02043,Liam Smith,liam.smith6843@example.com,04/04/2024,1256.67,USD,cancelled,4,AU
TX-0006844,C-02044,Sofia Brown,sofia.brown6844@example.com,05/09/2024,2281.39,USD,completed,5,DE
TX-0006845,C-02045,Ethan Wilson,ethan.wilson6845@example.com,06/02/2024,2430.32,USD,pending,6,US
TX-0006846,C-02046,Zoe Garcia,zoe.garcia6846@example.com,07/07/2024,30.67,USD,refunded,7,CA
TX-0006847,C-02047,Mateo Nguyen,mateo.nguyen6847@example.com,08/12/2024,1058.96,USD,cancelled,8,GB
TX-0006848,C-02048,Ava Patel,ava.patel6848@example.com,09/05/2024,1700.55,USD,completed,1,AU
TX-0006849,C-02049,Noah Kim,noah.kim6849@example.com,10/10/2024,179.01,USD,pending,2,DE
TX-0006850,C-02050,Mia Martin,mia.martin6850@example.com,11/03/2024,249.30,USD,refunded,3,US
TX-0006851,C-02051,Liam Smith,liam.smith6851@example.com,12/08/2024,97.34,USD,cancelled,4,CA
TX-0006852,C-02052,Sofia Brown,sofia.brown6852@example.com,01/01/2024,2414.39,USD,completed,5,GB
TX-0006853,C-02053,Ethan Wilson,ethan.wilson.invalid,02/06/2024,927.36,USD,pending,6,AU
TX-0006854,C-02054,Zoe Garcia,zoe.garcia6854@example.com,03/11/2024,2471.91,usd,refunded,7,DE
TX-0006855,C-02055,Mateo Nguyen,mateo.nguyen6855@example.com,04/04/2024,2311.28,USD,cancelled,8,US
TX-0006856,C-02056,Ava Patel,ava.patel6856@example.com,05/09/2024,2178.38,USD,completed,1,CA
TX-0006857,C-02057,Noah Kim,noah.kim6857@example.com,06/02/2024,1241.19,USD,pending,2,GB
TX-0006858,C-02058,mia martin,mia.martin6858@example.com,07/07/2024,498.53,USD,refunded,3,AU
TX-0006859,C-02059,Liam Smith,liam.smith6859@example.com,08/12/2024,1337.70,USD,cancelled,4,DE
TX-0006860,C-02060,Sofia Brown,sofia.brown6860@example.com,09/05/2024,1286.66,USD,completed,5,US
TX-0006861,C-02061,Ethan Wilson,ethan.wilson6861@example.com,10/10/2024,402.00,USD,pending,6,CA
TX-0006862,C-02062,Zoe Garcia,zoe.garcia6862@example.com,11/03/2024,69.18,USD,refunded,7,GB
TX-0006863,C-02063,Mateo Nguyen,mateo.nguyen6863@example.com,12/08/2024,886.52,USD,cancelled,8,AU
TX-0006864,C-02064,Ava Patel,ava.patel6864@example.com,01/01/2024,1012.87,USD,completed,1,DE
TX-0006865,C-02065,Noah Kim,noah.kim6865@example.com,02/06/2024,348.62,USD,pending,2,US
TX-0006866,C-02066,Mia Martin,mia.martin6866@example.com,03/11/2024,300.10,USD,refunded,3,CA
TX-0006867,C-02067,Liam Smith,liam.smith6867@example.com,04/04/2024,1437.42,USD,cancelled,4,GB
TX-0006868,C-02068,Sofia Brown,sofia.brown6868@example.com,05/09/2024,709.00,USD,completed,5,AU
TX-0006869,C-02069,Ethan Wilson,ethan.wilson6869@example.com,06/02/2024,1503.38,USD,pending,6,DE
TX-0006870,C-02070,Zoe Garcia,zoe.garcia6870@example.com,07/07/2024,2328.51,USD,refunded,7,US
TX-0006871,C-02071,Mateo Nguyen,mateo.nguyen6871@example.com,08/12/2024,2199.23,USD,cancelled,8,CA
TX-0006872,C-02072,Ava Patel,ava.patel6872@example.com,09/05/2024,2052.87,USD,completed,1,GB
TX-0006873,C-02073,Noah Kim,noah.kim6873@example.com,10/10/2024,2090.40,USD,pending,2,AU
TX-0006874,C-02074,Mia Martin,mia.martin6874@example.com,11/03/2024,2019.60,USD,refunded,3,DE
TX-0006875,C-02075,Liam Smith,liam.smith6875@example.com,12/08/2024,1863.55,USD,cancelled,4,US
TX-0006876,C-02076,Sofia Brown,sofia.brown6876@example.com,01/01/2024,1749.32,USD,unknown,5,CA
TX-0006877,C-02077,Ethan Wilson,ethan.wilson6877@example.com,02/06/2024,1670.38,USD,pending,6,GB
TX-0006878,C-02078,Zoe Garcia,zoe.garcia6878@example.com,03/11/2024,547.46, USD ,refunded,7,AU
TX-0006879,C-02079,Mateo Nguyen,mateo.nguyen6879@example.com,04/04/2024,113.44,USD,cancelled,8,DE
TX-0006880,C-02080,Ava Patel,ava.patel6880@example.com,05/09/2024,1711.16,USD,completed,1,US
TX-0006881,C-02081,Noah Kim,noah.kim6881@example.com,06/02/2024,1671.36,USD,pending,2,CA
TX-0006882,C-02082,Mia Martin,mia.martin6882@example.com,07/07/2024,1936.58,USD,refunded,3,GB
TX-0006883,C-02083,Liam Smith,liam.smith6883@example.com,08/12/2024,282.45,USD,cancelled,4,AU
TX-0006884,C-02084,Sofia Brown,sofia.brown6884@example.com,09/05/2024,1527.08,USD,completed,5,DE
TX-0006885,C-02085,Ethan Wilson,ethan.wilson6885@example.com,10/10/2024,672.01,USD,pending,6,US
TX-0006886,C-02086,Zoe Garcia,zoe.garcia6886@example.com,11/03/2024,464.62,USD,refunded,7,CA
TX-0006887,C-02087,Mateo Nguyen,,12/08/2024,146.39,USD,cancelled,8,GB
TX-0006888,C-02088,Ava Patel,ava.patel6888@example.com,01/01/2024,2483.23,USD,completed,1,AU
TX-0006889,C-02089,Noah Kim,noah.kim6889@example.com,02/06/2024,1850.89,USD,pending,2,DE
TX-0006890,C-02090,Mia Martin,mia.martin6890@example.com,03/11/2024,1199.68,USD,refunded,3,US
TX-0006891,C-02091,Liam Smith,liam.smith6891@example.com,04/04/2024,561.35,USD,cancelled,4,CA
TX-0006892,C-02092,Sofia Brown,sofia.brown6892@example.com,05/09/2024,1586.60,USD,completed,5,GB
TX-0006893,C-02093,  ETHAN WILSON  ,ethan.wilson6893@example.com,06/02/2024,779.71,USD,pending,6,AU
TX-0006894,C-02094,Zoe Garcia,zoe.garcia6894@example.com,07/07/2024,2470.56,USD,refunded,7,DE
TX-0006895,C-02095,Mateo Nguyen,mateo.nguyen6895@example.com,08/12/2024,1073.97,USD,cancelled,8,US
TX-0006896,C-02096,Ava Patel,ava.patel6896@example.com,09/05/2024,1261.40,USD,completed,1,CA
TX-0006897,C-02097,Noah Kim,noah.kim6897@example.com,10/10/2024,1793.94,USD,pending,2,GB
TX-0006898,C-02098,Mia Martin,mia.martin6898@example.com,11/03/2024,1195.59,USD,refunded,3,AU
TX-0006899,C-02099,Liam Smith,liam.smith6899@example.com,12/08/2024,1492.78,USD,cancelled,4,DE
TX-0006900,C-02100,Sofia Brown,sofia.brown6900@example.com,01/01/2024,368.25,USD,completed,5,US
TX-0006901,C-02101,Ethan Wilson,ethan.wilson6901@example.com,02/06/2024,1130.95,USD,pending,6,CA
TX-0006902,C-02102,Zoe Garcia,zoe.garcia6902@example.com,03/11/2024,1929.60,USD,refunded,7,GB
TX-0006903,C-02103,Mateo Nguyen,mateo.nguyen6903@example.com,04/04/2024,416.15,USD,cancelled,8,AU
TX-0006904,C-02104,Ava Patel,ava.patel6904@example.com,05/09/2024,644.25,USD,completed,1,DE
TX-0006905,C-02105,Noah Kim,noah.kim6905@example.com,06/02/2024,1208.25,USD,pending,2,US
TX-0006906,C-02106,Mia Martin,mia.martin6906@example.com,07/07/2024,1872.89,USD,refunded,3,CA
TX-0006907,C-02107,Liam Smith,liam.smith6907@example.com,08/12/2024,773.15,USD,cancelled,4,GB
TX-0006908,C-02108,Sofia Brown,sofia.brown6908@example.com,09/05/2024,1588.06,USD,COMPLETE,5,AU
TX-0006909,C-02109,Ethan Wilson,ethan.wilson6909@example.com,10/10/2024,1663.11,USD,pending,6,DE
TX-0006910,C-02110,Zoe Garcia,zoe.garcia6910@example.com,11/03/2024,799.83,USD,refunded,7,US
TX-0006911,C-02111,Mateo Nguyen,mateo.nguyen6911@example.com,12/08/2024,933.90,USD,cancelled,8,CA
TX-0006912,C-02112,Ava Patel,ava.patel6912@example.com,01/01/2024,727.92,USD,completed,1,GB
TX-0006913,C-02113,Noah Kim,noah.kim6913@example.com,02/06/2024,,USD,pending,2,AU
TX-0006914,C-02114,Mia Martin,mia.martin6914@example.com,03/11/2024,1372.27,USD,refunded,3,DE
TX-0006915,C-02115,Liam Smith,liam.smith6915@example.com,04/04/2024,171.08,USD,cancelled,4,US
TX-0006916,C-02116,Sofia Brown,sofia.brown6916@example.com,05/09/2024,1673.28,USD,completed,5,CA
TX-0006917,C-02117,Ethan Wilson,ethan.wilson6917@example.com,06/02/2024,936.63,USD,pending,6,GB
TX-0006918,C-02118,Zoe Garcia,zoe.garcia6918@example.com,07/07/2024,2033.94,USD,refunded,7,AU
TX-0006919,C-02119,Mateo Nguyen,mateo.nguyen6919@example.com,08/12/2024,220.69,USD,cancelled,8,DE
TX-0006920,C-02120,Ava Patel,ava.patel6920@example.com,09/05/2024,545.14,USD,completed,1,USA
TX-0006921,C-02121,Noah Kim,noah.kim6921@example.com,10/10/2024,7.06,USD,pending,2,CA
TX-0006922,C-02122,Mia Martin,mia.martin6922@example.com,11/03/2024,1359.95,USD,refunded,3,GB
TX-0006923,C-02123,Liam Smith,liam.smith6923@example.com,12/08/2024,1219.24,USD,cancelled,4,AU
TX-0006924,C-02124,Sofia Brown,sofia.brown6924@example.com,01/01/2024,1689.86,USD,completed,5,DE
TX-0006925,C-02125,Ethan Wilson,ethan.wilson6925@example.com,02/06/2024,1376.73,USD,pending,6,US
TX-0006926,C-02126,Zoe Garcia,zoe.garcia6926@example.com,03/11/2024,2401.12,USD,refunded,7,CA
TX-0006927,C-02127,Mateo Nguyen,mateo.nguyen6927@example.com,04/04/2024,1890.35,USD,cancelled,8,GB
TX-0006928,C-02128,Ava Patel,ava.patel6928@example.com,05/09/2024,1304.64,USD,completed,1,AU
TX-0006929,C-02129,Noah Kim,noah.kim6929@example.com,06/02/2024,1749.52,USD,pending,2,DE
TX-0006930,C-02130,Mia Martin,mia.martin6930@example.com,07/07/2024,357.01,USD,refunded,3,US
TX-0006931,C-02131,Liam Smith,liam.smith6931@example.com,08/12/2024,503.90,USD,cancelled,4,CA
TX-0006932,C-02132,Sofia Brown,sofia.brown6932@example.com,09/05/2024,566.25,USD,completed,5,GB
TX-0006933,C-02133,Ethan Wilson,ethan.wilson6933@example.com,10/10/2024,927.64,USD,pending,6,AU
TX-0006934,C-02134,Zoe Garcia,zoe.garcia6934@example.com,11/03/2024,2499.76,USD,refunded,7,DE
TX-0006935,C-02135,Mateo Nguyen,mateo.nguyen6935@example.com,12/08/2024,1300.53,USD,cancelled,8,US
TX-0006936,C-02136,Ava Patel,ava.patel6936@example.com,01/01/2024,2068.08,USD,completed,1,CA
TX-0006937,C-02137,Noah Kim,noah.kim6937@example.com,02/06/2024,1249.98,USD,pending,2,GB
TX-0006938,C-02138,Mia Martin,mia.martin6938@example.com,03/11/2024,2231.76,USD,refunded,3,AU
TX-0006939,C-02139,Liam Smith,liam.smith6939@example.com,04/04/2024,318.19,USD,cancelled,4,DE
TX-0006940,C-02140,Sofia Brown,sofia.brown6940@example.com,05/09/2024,2125.22,USD,completed,5,US
TX-0006941,C-02141,Ethan Wilson,ethan.wilson6941@example.com,06/02/2024,1904.39,USD,pending,6,CA
TX-0006942,C-02142,Zoe Garcia,zoe.garcia.invalid,07/07/2024,405.63,USD,refunded,7,GB
TX-0006943,C-02143,Mateo Nguyen,mateo.nguyen6943@example.com,08/12/2024,956.71,USD,cancelled,8,au
TX-0006944,C-02144,Ava Patel,ava.patel6944@example.com,09/05/2024,635.44,USD,completed,1,DE
TX-0006945,C-02145,Noah Kim,noah.kim6945@example.com,10/10/2024,2234.72,USD,pending,2,US
TX-0006946,C-02146,Mia Martin,mia.martin6946@example.com,11/03/2024,2114.74,USD,refunded,3,CA
TX-0006947,C-02147,Liam Smith,liam.smith6947@example.com,12/08/2024,633.91,USD,cancelled,4,GB
TX-0006948,C-02148,Sofia Brown,sofia.brown6948@example.com,01/01/2024,1376.51,USD,completed,5,AU
TX-0006949,C-02149,Ethan Wilson,ethan.wilson6949@example.com,02/06/2024,1599.73,USD,pending,6,DE
TX-0006950,C-02150,Zoe Garcia,zoe.garcia6950@example.com,03/11/2024,1767.16,USD,refunded,7,US
TX-0006951,C-02151,Mateo Nguyen,mateo.nguyen6951@example.com,04/04/2024,1991.22,USD,cancelled,8,CA
TX-0006952,C-02152,Ava Patel,ava.patel6952@example.com,05/09/2024,2465.11,USD,completed,1,GB
TX-0006953,C-02153,Noah Kim,noah.kim6953@example.com,06/02/2024,1170.27,USD,pending,2,AU
TX-0006954,C-02154,Mia Martin,mia.martin6954@example.com,07/07/2024,1319.21,USD,refunded,3,DE
TX-0006955,C-02155,Liam Smith,liam.smith6955@example.com,08/12/2024,1251.27,USD,cancelled,4,US
TX-0006956,C-02156,Sofia Brown,sofia.brown6956@example.com,09/05/2024,1783.50,USD,completed,5,CA
TX-0006957,C-02157,Ethan Wilson,ethan.wilson6957@example.com,10/10/2024,762.26,USD,pending,6,GB
TX-0006958,C-02158,Zoe Garcia,zoe.garcia6958@example.com,11/03/2024,662.24,USD,refunded,7,AU
TX-0006959,C-02159,Mateo Nguyen,mateo.nguyen6959@example.com,12/08/2024,629.06,USD,cancelled,8,DE
TX-0006960,C-02160,Ava Patel,ava.patel6960@example.com,01/01/2024,1068.96,USD,completed,1,US
TX-0006961,C-02161,Noah Kim,noah.kim6961@example.com,02/06/2024,2080.39,USD,pending,2,CA
TX-0006962,C-02162,Mia Martin,mia.martin6962@example.com,03/11/2024,1500.89,USD,refunded,3,GB
TX-0006963,C-02163,Liam Smith,liam.smith6963@example.com,04/04/2024,-1.18,USD,cancelled,4,AU
TX-0006964,C-02164,Sofia Brown,sofia.brown6964@example.com,05/09/2024,1719.17,USD,completed,5,DE
TX-0006965,C-02165,Ethan Wilson,ethan.wilson6965@example.com,06/02/2024,91.74,USD,pending,6,US
TX-0006966,C-02166,Zoe Garcia,zoe.garcia6966@example.com,07/07/2024,2113.90,USD,refunded,7,CA
TX-0006967,C-02167,Mateo Nguyen,mateo.nguyen6967@example.com,08/12/2024,387.59,USD,cancelled,8,GB
TX-0006968,C-02168,Ava Patel,ava.patel6968@example.com,09/05/2024,436.15,USD,completed,1,AU
TX-0006969,C-02169,Noah Kim,noah.kim6969@example.com,10/10/2024,1875.32,USD,pending,2,DE
TX-0006970,C-02170,Mia Martin,mia.martin6970@example.com,11/03/2024,664.03,USD,refunded,3,US
TX-0006971,C-02171,Liam Smith,liam.smith6971@example.com,12/08/2024,1284.80,USD,cancelled,4,CA
TX-0006972,C-02172,Sofia Brown,sofia.brown6972@example.com,01/01/2024,2122.80,USD,completed,5,GB
TX-0006973,C-02173,Ethan Wilson,ethan.wilson6973@example.com,02/06/2024,1697.03,USD,pending,6,AU
TX-0006974,C-02174,Zoe Garcia,zoe.garcia6974@example.com,03/11/2024,602.43,USD,refunded,7,DE
TX-0006975,C-02175,Mateo Nguyen,mateo.nguyen6975@example.com,04/04/2024,2137.85,USD,cancelled,8,US
TX-0006976,C-02176,Ava Patel,ava.patel6976@example.com,05/09/2024,899.77,USD,completed,1,CA
TX-0006977,C-02177,Noah Kim,noah.kim6977@example.com,06/02/2024,1135.04,USD,pending,2,GB
TX-0006978,C-02178,Mia Martin,mia.martin6978@example.com,07/07/2024,91.09,USD,refunded,3,AU
TX-0006979,C-02179,Liam Smith,liam.smith6979@example.com,08/12/2024,476.16,USD,cancelled,4,DE
TX-0006980,C-02180,Sofia Brown,sofia.brown6980@example.com,09/05/2024,894.67,USD,completed,5,US
TX-0006981,C-02181,Ethan Wilson,ethan.wilson6981@example.com,10/10/2024,1084.96,USD,pending,6,CA
TX-0006982,C-02182,Zoe Garcia,zoe.garcia6982@example.com,11/03/2024,1017.53,USD,refunded,7,GB
TX-0006983,C-02183,Mateo Nguyen,mateo.nguyen6983@example.com,12/08/2024,1986.18,USD,cancelled,8,AU
TX-0006984,C-02184,Ava Patel,,01/01/2024,759.79,USD,completed,1,DE
TX-0006985,C-02185,noah kim,noah.kim6985@example.com,02/06/2024,564.08,USD,pending,2,US
TX-0006986,C-02186,Mia Martin,mia.martin6986@example.com,03/11/2024,2203.11,USD,refunded,3,CA
TX-0006987,C-02187,Liam Smith,liam.smith6987@example.com,04/04/2024,880.69,USD,cancelled,4,GB
TX-0006988,C-02188,Sofia Brown,sofia.brown6988@example.com,05/09/2024,2256.38,USD,completed,5,AU
TX-0006989,C-02189,Ethan Wilson,ethan.wilson6989@example.com,06/02/2024,1488.76,USD,pending,6,DE
TX-0006990,C-02190,Zoe Garcia,zoe.garcia6990@example.com,07/07/2024,1250.74,USD,refunded,7,US
TX-0006991,C-02191,Mateo Nguyen,mateo.nguyen6991@example.com,08/12/2024,116.43,USD,cancelled,8,CA
TX-0006992,C-02192,Ava Patel,ava.patel6992@example.com,09/05/2024,526.39,USD,completed,1,GB
TX-0006993,C-02193,Noah Kim,noah.kim6993@example.com,10/10/2024,1553.48,USD,pending,2,AU
TX-0006994,C-02194,Mia Martin,mia.martin6994@example.com,11/03/2024,897.18,USD,refunded,3,DE
TX-0006995,C-02195,Liam Smith,liam.smith6995@example.com,12/08/2024,2359.83,USD,cancelled,4,US
TX-0006996,C-02196,Sofia Brown,sofia.brown6996@example.com,01/01/2024,972.90,USD,completed,5,CA
TX-0006997,C-02197,Ethan Wilson,ethan.wilson6997@example.com,02/06/2024,1521.60,USD,pending,6,GB
TX-0006998,C-02198,Zoe Garcia,zoe.garcia6998@example.com,03/11/2024,1638.53,USD,refunded,7,AU
TX-0006999,C-02199,Mateo Nguyen,mateo.nguyen6999@example.com,04/04/2024,249.45,USD,cancelled,8,DE
TX-0007000,C-02200,Ava Patel,ava.patel7000@example.com,05/09/2024,87.53,USD,completed,1,US
TX-0007001,C-02201,Noah Kim,noah.kim7001@example.com,06/02/2024,2300.74,USD,pending,2,CA
TX-0007002,C-02202,Mia Martin,mia.martin7002@example.com,07/07/2024,924.47,USD,refunded,3,GB
TX-0007003,C-02203,Liam Smith,liam.smith7003@example.com,08/12/2024,1677.97,usd,cancelled,4,AU
TX-0007004,C-02204,Sofia Brown,sofia.brown7004@example.com,09/05/2024,872.14,USD,completed,5,DE
TX-0007005,C-02205,Ethan Wilson,ethan.wilson7005@example.com,10/10/2024,1762.61,USD,pending,6,US
TX-0007006,C-02206,  ZOE GARCIA  ,zoe.garcia7006@example.com,11/03/2024,175.17,USD,refunded,7,CA
TX-0007007,C-02207,Mateo Nguyen,mateo.nguyen7007@example.com,12/08/2024,2261.59,USD,cancelled,8,GB
TX-0007008,C-02208,Ava Patel,ava.patel7008@example.com,01/01/2024,1602.27,USD,completed,1,AU
TX-0007009,C-02209,Noah Kim,noah.kim7009@example.com,02/06/2024,1463.52,USD,pending,2,DE
TX-0007010,C-02210,Mia Martin,mia.martin7010@example.com,03/11/2024,1167.95,USD,refunded,3,US
TX-0007011,C-02211,Liam Smith,liam.smith7011@example.com,04/04/2024,2029.48,USD,cancelled,4,CA
TX-0007012,C-02212,Sofia Brown,sofia.brown7012@example.com,05/09/2024,2186.29,USD,completed,5,GB
TX-0007013,C-02213,Ethan Wilson,ethan.wilson7013@example.com,06/02/2024,1490.01,USD,pending,6,AU
TX-0007014,C-02214,Zoe Garcia,zoe.garcia7014@example.com,07/07/2024,299.54,USD,refunded,7,DE
TX-0007015,C-02215,Mateo Nguyen,mateo.nguyen7015@example.com,08/12/2024,2428.52,USD,cancelled,8,US
TX-0007016,C-02216,Ava Patel,ava.patel7016@example.com,09/05/2024,648.14,USD,completed,1,CA
TX-0007017,C-02217,Noah Kim,noah.kim7017@example.com,10/10/2024,1615.09,USD,pending,2,GB
TX-0007018,C-02218,Mia Martin,mia.martin7018@example.com,11/03/2024,1364.59,USD,refunded,3,AU
TX-0007019,C-02219,Liam Smith,liam.smith7019@example.com,12/08/2024,1267.92,USD,cancelled,4,DE
TX-0007020,C-02220,Sofia Brown,sofia.brown7020@example.com,01/01/2024,238.65,USD,completed,5,US
TX-0007021,C-02221,Ethan Wilson,ethan.wilson7021@example.com,02/06/2024,438.31,USD,pending,6,CA
TX-0007022,C-02222,Zoe Garcia,zoe.garcia7022@example.com,03/11/2024,1077.43,USD,refunded,7,GB
TX-0007023,C-02223,Mateo Nguyen,mateo.nguyen7023@example.com,04/04/2024,2098.53,USD,cancelled,8,AU
TX-0007024,C-02224,Ava Patel,ava.patel7024@example.com,05/09/2024,5.19,USD,completed,1,DE
TX-0007025,C-02225,Noah Kim,noah.kim7025@example.com,06/02/2024,262.56,USD,pending,2,US
TX-0007026,C-02226,Mia Martin,mia.martin7026@example.com,07/07/2024,484.07,USD,refunded,3,CA
TX-0007027,C-02227,Liam Smith,liam.smith7027@example.com,08/12/2024,1482.78,USD,cancelled,4,GB
TX-0007028,C-02228,Sofia Brown,sofia.brown7028@example.com,09/05/2024,2381.24,USD,completed,5,AU
TX-0007029,C-02229,Ethan Wilson,ethan.wilson7029@example.com,10/10/2024,2427.87,USD,pending,6,DE
TX-0007030,C-02230,Zoe Garcia,zoe.garcia7030@example.com,11/03/2024,1548.32,USD,refunded,7,US
TX-0007031,C-02231,Mateo Nguyen,mateo.nguyen.invalid,12/08/2024,1974.28,USD,cancelled,8,CA
TX-0007032,C-02232,Ava Patel,ava.patel7032@example.com,01/01/2024,843.86,USD,completed,1,GB
TX-0007033,C-02233,Noah Kim,noah.kim7033@example.com,02/06/2024,215.36,USD,pending,2,AU
TX-0007034,C-02234,Mia Martin,mia.martin7034@example.com,03/11/2024,1575.42,USD,refunded,3,DE
TX-0007035,C-02235,Liam Smith,liam.smith7035@example.com,04/04/2024,2071.51,USD,cancelled,4,US
TX-0007036,C-02236,Sofia Brown,sofia.brown7036@example.com,05/09/2024,748.42,USD,completed,5,CA
TX-0007037,C-02237,Ethan Wilson,ethan.wilson7037@example.com,06/02/2024,816.38,USD,pending,6,GB
TX-0007038,C-02238,Zoe Garcia,zoe.garcia7038@example.com,07/07/2024,487.61,USD,refunded,7,AU
TX-0007039,C-02239,Mateo Nguyen,mateo.nguyen7039@example.com,08/12/2024,1812.98,USD,cancelled,8,DE
TX-0007040,C-02240,Ava Patel,ava.patel7040@example.com,09/05/2024,719.05,USD,completed,1,US
TX-0007041,C-02241,Noah Kim,noah.kim7041@example.com,10/10/2024,1215.78,USD,pending,2,CA
TX-0007042,C-02242,Mia Martin,mia.martin7042@example.com,11/03/2024,1330.15,USD,refunded,3,GB
TX-0007043,C-02243,Liam Smith,liam.smith7043@example.com,12/08/2024,309.51,USD,cancelled,4,AU
TX-0007044,C-02244,Sofia Brown,sofia.brown7044@example.com,01/01/2024,446.20,USD,completed,5,DE
TX-0007045,C-02245,Ethan Wilson,ethan.wilson7045@example.com,02/06/2024,1536.95,USD,pending,6,US
TX-0007046,C-02246,Zoe Garcia,zoe.garcia7046@example.com,03/11/2024,2018.55,USD,refunded,7,CA
TX-0007047,C-02247,Mateo Nguyen,mateo.nguyen7047@example.com,04/04/2024,173.29,USD,cancelled,8,GB
TX-0007048,C-02248,Ava Patel,ava.patel7048@example.com,05/09/2024,657.04,USD,completed,1,AU
TX-0007049,C-02249,Noah Kim,noah.kim7049@example.com,06/02/2024,323.69,USD,pending,2,DE
TX-0007050,C-02250,Mia Martin,mia.martin7050@example.com,07/07/2024,774.74,USD,refunded,3,US
TX-0007051,C-02251,Liam Smith,liam.smith7051@example.com,08/12/2024,2113.76,USD,cancelled,4,CA
TX-0007052,C-02252,Sofia Brown,sofia.brown7052@example.com,09/05/2024,1089.16,USD,completed,5,GB
TX-0007053,C-02253,Ethan Wilson,ethan.wilson7053@example.com,10/10/2024,1195.05,USD,pending,6,AU
TX-0007054,C-02254,Zoe Garcia,zoe.garcia7054@example.com,11/03/2024,320.96,USD,refunded,7,DE
TX-0007055,C-02255,Mateo Nguyen,mateo.nguyen7055@example.com,12/08/2024,2426.75,USD,cancelled,8,US
TX-0007056,C-02256,Ava Patel,ava.patel7056@example.com,01/01/2024,1344.48,USD,completed,1,CA
TX-0007057,C-02257,Noah Kim,noah.kim7057@example.com,02/06/2024,1573.34,USD,pending,2,GB
TX-0007058,C-02258,Mia Martin,mia.martin7058@example.com,03/11/2024,2260.09,USD,refunded,3,AU
TX-0007059,C-02259,Liam Smith,liam.smith7059@example.com,04/04/2024,2128.07, USD ,cancelled,4,DE
TX-0007060,C-02260,Sofia Brown,sofia.brown7060@example.com,05/09/2024,204.33,USD,completed,5,US
TX-0007061,C-02261,Ethan Wilson,ethan.wilson7061@example.com,06/02/2024,1907.90,USD,pending,6,CA
TX-0007062,C-02262,Zoe Garcia,zoe.garcia7062@example.com,07/07/2024,2432.76,USD,refunded,7,GB
TX-0007063,C-02263,Mateo Nguyen,mateo.nguyen7063@example.com,08/12/2024,12.69,USD,cancelled,8,AU
TX-0007064,C-02264,Ava Patel,ava.patel7064@example.com,09/05/2024,2085.10,USD,completed,1,DE
TX-0007065,C-02265,Noah Kim,noah.kim7065@example.com,10/10/2024,1972.81,USD,COMPLETE,2,US
TX-0007066,C-02266,Mia Martin,mia.martin7066@example.com,11/03/2024,1291.77,USD,refunded,3,CA
TX-0007067,C-02267,Liam Smith,liam.smith7067@example.com,12/08/2024,2266.76,USD,unknown,4,GB
TX-0007068,C-02268,Sofia Brown,sofia.brown7068@example.com,01/01/2024,374.54,USD,completed,5,AU
TX-0007069,C-02269,Ethan Wilson,ethan.wilson7069@example.com,02/06/2024,1499.25,USD,pending,6,DE
TX-0007070,C-02270,Zoe Garcia,zoe.garcia7070@example.com,03/11/2024,989.54,USD,refunded,7,US
TX-0007071,C-02271,Mateo Nguyen,mateo.nguyen7071@example.com,04/04/2024,1096.23,USD,cancelled,8,CA
TX-0007072,C-02272,Ava Patel,ava.patel7072@example.com,05/09/2024,1532.46,USD,completed,1,GB
TX-0007073,C-02273,Noah Kim,noah.kim7073@example.com,06/02/2024,785.20,USD,pending,2,AU
TX-0007074,C-02274,Mia Martin,mia.martin7074@example.com,07/07/2024,1515.27,USD,refunded,3,de
TX-0007075,C-02275,Liam Smith,liam.smith7075@example.com,08/12/2024,1083.09,USD,cancelled,4,US
TX-0007076,C-02276,Sofia Brown,sofia.brown7076@example.com,09/05/2024,834.44,USD,completed,5,CA
TX-0007077,C-02277,Ethan Wilson,ethan.wilson7077@example.com,10/10/2024,331.74,USD,pending,6,GB
TX-0007078,C-02278,Zoe Garcia,zoe.garcia7078@example.com,11/03/2024,1657.61,USD,refunded,7,AU
TX-0007079,C-02279,Mateo Nguyen,mateo.nguyen7079@example.com,12/08/2024,463.57,USD,cancelled,8,DE
TX-0007080,C-02280,Ava Patel,ava.patel7080@example.com,01/01/2024,858.55,USD,completed,1,US
TX-0007081,C-02281,Noah Kim,,02/06/2024,2180.43,USD,pending,2,CA
TX-0007082,C-02282,Mia Martin,mia.martin7082@example.com,03/11/2024,1365.62,USD,refunded,3,GB
TX-0007083,C-02283,Liam Smith,liam.smith7083@example.com,04/04/2024,1727.56,USD,cancelled,4,AU
TX-0007084,C-02284,Sofia Brown,sofia.brown7084@example.com,05/09/2024,63.87,USD,completed,5,DE
TX-0007085,C-02285,Ethan Wilson,ethan.wilson7085@example.com,06/02/2024,1393.08,USD,pending,6,US
TX-0007086,C-02286,Zoe Garcia,zoe.garcia7086@example.com,07/07/2024,7.06,USD,refunded,7,CA
TX-0007087,C-02287,Mateo Nguyen,mateo.nguyen7087@example.com,08/12/2024,953.84,USD,cancelled,8,GB
TX-0007088,C-02288,Ava Patel,ava.patel7088@example.com,09/05/2024,2338.49,USD,completed,1,AU
TX-0007089,C-02289,Noah Kim,noah.kim7089@example.com,10/10/2024,1691.35,USD,pending,2,DE
TX-0007090,C-02290,Mia Martin,mia.martin7090@example.com,11/03/2024,2453.60,USD,refunded,3,US
TX-0007091,C-02291,Liam Smith,liam.smith7091@example.com,12/08/2024,2220.15,USD,cancelled,4,CA
TX-0007092,C-02292,Sofia Brown,sofia.brown7092@example.com,01/01/2024,1801.88,USD,completed,5,GB
TX-0007093,C-02293,Ethan Wilson,ethan.wilson7093@example.com,02/06/2024,234.99,USD,pending,6,USA
TX-0007094,C-02294,Zoe Garcia,zoe.garcia7094@example.com,03/11/2024,819.18,USD,refunded,7,DE
TX-0007095,C-02295,Mateo Nguyen,mateo.nguyen7095@example.com,04/04/2024,1158.85,USD,cancelled,8,US
TX-0007096,C-02296,Ava Patel,ava.patel7096@example.com,05/09/2024,1638.49,USD,completed,1,CA
TX-0007097,C-02297,Noah Kim,noah.kim7097@example.com,06/02/2024,258.64,USD,pending,2,GB
TX-0007098,C-02298,Mia Martin,mia.martin7098@example.com,07/07/2024,1430.11,USD,refunded,3,AU
TX-0007099,C-02299,Liam Smith,liam.smith7099@example.com,08/12/2024,1682.79,USD,cancelled,4,DE
TX-0007100,C-02300,Sofia Brown,sofia.brown7100@example.com,09/05/2024,924.47,USD,completed,5,US
TX-0007101,C-02301,Ethan Wilson,ethan.wilson7101@example.com,10/10/2024,831.30,USD,pending,6,CA
TX-0007102,C-02302,Zoe Garcia,zoe.garcia7102@example.com,11/03/2024,226.40,USD,refunded,7,GB
TX-0007103,C-02303,Mateo Nguyen,mateo.nguyen7103@example.com,12/08/2024,315.96,USD,cancelled,8,AU
TX-0007104,C-02304,Ava Patel,ava.patel7104@example.com,01/01/2024,2012.86,USD,completed,1,DE
TX-0007105,C-02305,Noah Kim,noah.kim7105@example.com,02/06/2024,1878.01,USD,pending,2,US
TX-0007106,C-02306,Mia Martin,mia.martin7106@example.com,03/11/2024,940.90,USD,refunded,3,CA
TX-0007107,C-02307,Liam Smith,liam.smith7107@example.com,04/04/2024,2306.95,USD,cancelled,4,GB
TX-0007108,C-02308,Sofia Brown,sofia.brown7108@example.com,05/09/2024,1482.25,USD,completed,5,AU
TX-0007109,C-02309,Ethan Wilson,ethan.wilson7109@example.com,06/02/2024,2178.97,USD,pending,6,DE
TX-0007110,C-02310,Zoe Garcia,zoe.garcia7110@example.com,07/07/2024,2453.54,USD,refunded,7,US
TX-0007111,C-02311,Mateo Nguyen,mateo.nguyen7111@example.com,08/12/2024,2232.73,USD,cancelled,8,CA
TX-0007112,C-02312,ava patel,ava.patel7112@example.com,09/05/2024,682.93,USD,completed,1,GB
TX-0007113,C-02313,Noah Kim,noah.kim7113@example.com,10/10/2024,82.55,USD,pending,2,AU
TX-0007114,C-02314,Mia Martin,mia.martin7114@example.com,11/03/2024,1555.57,USD,refunded,3,DE
TX-0007115,C-02315,Liam Smith,liam.smith7115@example.com,12/08/2024,389.03,USD,cancelled,4,US
TX-0007116,C-02316,Sofia Brown,sofia.brown7116@example.com,01/01/2024,492.79,USD,completed,5,CA
TX-0007117,C-02317,Ethan Wilson,ethan.wilson7117@example.com,02/06/2024,1449.37,USD,pending,6,GB
TX-0007118,C-02318,Zoe Garcia,zoe.garcia7118@example.com,03/11/2024,687.99,USD,refunded,7,AU
TX-0007119,C-02319,  MATEO NGUYEN  ,mateo.nguyen7119@example.com,04/04/2024,701.12,USD,cancelled,8,DE
TX-0007120,C-02320,Ava Patel,ava.patel.invalid,05/09/2024,899.83,USD,completed,1,US
TX-0007121,C-02321,Noah Kim,noah.kim7121@example.com,06/02/2024,59.52,USD,pending,2,CA
TX-0007122,C-02322,Mia Martin,mia.martin7122@example.com,07/07/2024,1956.99,USD,refunded,3,GB
TX-0007123,C-02323,Liam Smith,liam.smith7123@example.com,08/12/2024,1811.70,USD,cancelled,4,AU
TX-0007124,C-02324,Sofia Brown,sofia.brown7124@example.com,09/05/2024,123.69,USD,completed,5,DE
TX-0007125,C-02325,Ethan Wilson,ethan.wilson7125@example.com,10/10/2024,1648.71,USD,pending,6,US
TX-0007126,C-02326,Zoe Garcia,zoe.garcia7126@example.com,11/03/2024,2386.27,USD,refunded,7,CA
TX-0007127,C-02327,Mateo Nguyen,mateo.nguyen7127@example.com,12/08/2024,719.96,USD,cancelled,8,GB
TX-0007128,C-02328,Ava Patel,ava.patel7128@example.com,01/01/2024,2313.40,USD,completed,1,AU
TX-0007129,C-02329,Noah Kim,noah.kim7129@example.com,02/06/2024,604.15,USD,pending,2,DE
TX-0007130,C-02330,Mia Martin,mia.martin7130@example.com,03/11/2024,1462.13,USD,refunded,3,US
TX-0007131,C-02331,Liam Smith,liam.smith7131@example.com,04/04/2024,1113.26,USD,cancelled,4,CA
TX-0007132,C-02332,Sofia Brown,sofia.brown7132@example.com,05/09/2024,2068.78,USD,completed,5,GB
TX-0007133,C-02333,Ethan Wilson,ethan.wilson7133@example.com,06/02/2024,1557.27,USD,pending,6,AU
TX-0007134,C-02334,Zoe Garcia,zoe.garcia7134@example.com,07/07/2024,799.28,USD,refunded,7,DE
TX-0007135,C-02335,Mateo Nguyen,mateo.nguyen7135@example.com,08/12/2024,995.26,USD,cancelled,8,US
TX-0007136,C-02336,Ava Patel,ava.patel7136@example.com,09/05/2024,,USD,completed,1,CA
TX-0007137,C-02337,Noah Kim,noah.kim7137@example.com,10/10/2024,1832.93,USD,pending,2,GB
TX-0007138,C-02338,Mia Martin,mia.martin7138@example.com,11/03/2024,2322.01,USD,refunded,3,AU
TX-0007139,C-02339,Liam Smith,liam.smith7139@example.com,12/08/2024,586.93,USD,cancelled,4,DE
TX-0007140,C-02340,Sofia Brown,sofia.brown7140@example.com,01/01/2024,1226.10,USD,completed,5,US
TX-0007141,C-02341,Ethan Wilson,ethan.wilson7141@example.com,02/06/2024,2035.15,USD,pending,6,CA
TX-0007142,C-02342,Zoe Garcia,zoe.garcia7142@example.com,03/11/2024,1479.81,USD,refunded,7,GB
TX-0007143,C-02343,Mateo Nguyen,mateo.nguyen7143@example.com,04/04/2024,1840.00,USD,cancelled,8,AU
TX-0007144,C-02344,Ava Patel,ava.patel7144@example.com,05/09/2024,486.79,USD,completed,1,DE
TX-0007145,C-02345,Noah Kim,noah.kim7145@example.com,06/02/2024,1133.78,USD,pending,2,US
TX-0007146,C-02346,Mia Martin,mia.martin7146@example.com,07/07/2024,1865.64,USD,refunded,3,CA
TX-0007147,C-02347,Liam Smith,liam.smith7147@example.com,08/12/2024,2097.75,USD,cancelled,4,GB
TX-0007148,C-02348,Sofia Brown,sofia.brown7148@example.com,09/05/2024,1619.36,USD,completed,5,AU
TX-0007149,C-02349,Ethan Wilson,ethan.wilson7149@example.com,10/10/2024,1301.28,USD,pending,6,DE
TX-0007150,C-02350,Zoe Garcia,zoe.garcia7150@example.com,11/03/2024,500.42,USD,refunded,7,US
TX-0007151,C-02351,Mateo Nguyen,mateo.nguyen7151@example.com,12/08/2024,787.32,USD,cancelled,8,CA
TX-0007152,C-02352,Ava Patel,ava.patel7152@example.com,01/01/2024,756.23,usd,completed,1,GB
TX-0007153,C-02353,Noah Kim,noah.kim7153@example.com,02/06/2024,2234.74,USD,pending,2,AU
TX-0007154,C-02354,Mia Martin,mia.martin7154@example.com,03/11/2024,764.41,USD,refunded,3,DE
TX-0007155,C-02355,Liam Smith,liam.smith7155@example.com,04/04/2024,906.03,USD,cancelled,4,US
TX-0007156,C-02356,Sofia Brown,sofia.brown7156@example.com,05/09/2024,1063.41,USD,completed,5,CA
TX-0007157,C-02357,Ethan Wilson,ethan.wilson7157@example.com,06/02/2024,2132.21,USD,pending,6,GB
TX-0007158,C-02358,Zoe Garcia,zoe.garcia7158@example.com,07/07/2024,2306.76,USD,refunded,7,AU
TX-0007159,C-02359,Mateo Nguyen,mateo.nguyen7159@example.com,08/12/2024,230.06,USD,cancelled,8,DE
TX-0007160,C-02360,Ava Patel,ava.patel7160@example.com,09/05/2024,2039.85,USD,completed,1,US
TX-0007161,C-02361,Noah Kim,noah.kim7161@example.com,10/10/2024,1496.50,USD,pending,2,CA
TX-0007162,C-02362,Mia Martin,mia.martin7162@example.com,11/03/2024,749.85,USD,refunded,3,GB
TX-0007163,C-02363,Liam Smith,liam.smith7163@example.com,12/08/2024,2396.95,USD,cancelled,4,AU
TX-0007164,C-02364,Sofia Brown,sofia.brown7164@example.com,01/01/2024,318.40,USD,completed,5,DE
TX-0007165,C-02365,Ethan Wilson,ethan.wilson7165@example.com,02/06/2024,1285.94,USD,pending,6,US
TX-0007166,C-02366,Zoe Garcia,zoe.garcia7166@example.com,03/11/2024,1181.29,USD,refunded,7,CA
TX-0007167,C-02367,Mateo Nguyen,mateo.nguyen7167@example.com,04/04/2024,1903.01,USD,cancelled,8,GB
TX-0007168,C-02368,Ava Patel,ava.patel7168@example.com,05/09/2024,976.33,USD,completed,1,AU
TX-0007169,C-02369,Noah Kim,noah.kim7169@example.com,06/02/2024,191.12,USD,pending,2,DE
TX-0007170,C-02370,Mia Martin,mia.martin7170@example.com,07/07/2024,1182.05,USD,refunded,3,US
TX-0007171,C-02371,Liam Smith,liam.smith7171@example.com,08/12/2024,1787.30,USD,cancelled,4,CA
TX-0007172,C-02372,Sofia Brown,sofia.brown7172@example.com,09/05/2024,1791.21,USD,completed,5,GB
TX-0007173,C-02373,Ethan Wilson,ethan.wilson7173@example.com,10/10/2024,305.61,USD,pending,6,AU
TX-0007174,C-02374,Zoe Garcia,zoe.garcia7174@example.com,11/03/2024,-70.32,USD,refunded,7,DE
TX-0007175,C-02375,Mateo Nguyen,mateo.nguyen7175@example.com,12/08/2024,574.82,USD,cancelled,8,US
TX-0007176,C-02376,Ava Patel,ava.patel7176@example.com,01/01/2024,263.18,USD,completed,1,CA
TX-0007177,C-02377,Noah Kim,noah.kim7177@example.com,02/06/2024,42.84,USD,pending,2,GB
TX-0007178,C-02378,Mia Martin,,03/11/2024,1206.59,USD,refunded,3,AU
TX-0007179,C-02379,Liam Smith,liam.smith7179@example.com,04/04/2024,1871.00,USD,cancelled,4,DE
TX-0007180,C-02380,Sofia Brown,sofia.brown7180@example.com,05/09/2024,2276.99,USD,completed,5,US
TX-0007181,C-02381,Ethan Wilson,ethan.wilson7181@example.com,06/02/2024,741.90,USD,pending,6,CA
TX-0007182,C-02382,Zoe Garcia,zoe.garcia7182@example.com,07/07/2024,2236.69,USD,refunded,7,GB
TX-0007183,C-02383,Mateo Nguyen,mateo.nguyen7183@example.com,08/12/2024,303.68,USD,cancelled,8,AU
TX-0007184,C-02384,Ava Patel,ava.patel7184@example.com,09/05/2024,2286.21,USD,completed,1,DE
TX-0007185,C-02385,Noah Kim,noah.kim7185@example.com,10/10/2024,1876.43,USD,pending,2,US
TX-0007186,C-02386,Mia Martin,mia.martin7186@example.com,11/03/2024,2270.51,USD,refunded,3,CA
TX-0007187,C-02387,Liam Smith,liam.smith7187@example.com,12/08/2024,1931.32,USD,cancelled,4,GB
TX-0007188,C-02388,Sofia Brown,sofia.brown7188@example.com,01/01/2024,309.54,USD,completed,5,AU
TX-0007189,C-02389,Ethan Wilson,ethan.wilson7189@example.com,02/06/2024,238.05,USD,pending,6,DE
TX-0007190,C-02390,Zoe Garcia,zoe.garcia7190@example.com,03/11/2024,1357.30,USD,refunded,7,US
TX-0007191,C-02391,Mateo Nguyen,mateo.nguyen7191@example.com,04/04/2024,2387.83,USD,cancelled,8,CA
TX-0007192,C-02392,Ava Patel,ava.patel7192@example.com,05/09/2024,1296.17,USD,completed,1,GB
TX-0007193,C-02393,Noah Kim,noah.kim7193@example.com,06/02/2024,547.58,USD,pending,2,AU
TX-0007194,C-02394,Mia Martin,mia.martin7194@example.com,07/07/2024,1766.76,USD,refunded,3,DE
TX-0007195,C-02395,Liam Smith,liam.smith7195@example.com,08/12/2024,61.96,USD,cancelled,4,US
TX-0007196,C-02396,Sofia Brown,sofia.brown7196@example.com,09/05/2024,873.44,USD,completed,5,CA
TX-0007197,C-02397,Ethan Wilson,ethan.wilson7197@example.com,10/10/2024,184.99,USD,pending,6,GB
TX-0007198,C-02398,Zoe Garcia,zoe.garcia7198@example.com,11/03/2024,2322.57,USD,refunded,7,AU
TX-0007199,C-02399,Mateo Nguyen,mateo.nguyen7199@example.com,12/08/2024,2038.59,USD,cancelled,8,DE
TX-0007200,C-02400,Ava Patel,ava.patel7200@example.com,01/01/2024,137.35,USD,completed,1,US
TX-0007201,C-00001,Noah Kim,noah.kim7201@example.com,02/06/2024,844.74,USD,pending,2,CA
TX-0007202,C-00002,Mia Martin,mia.martin7202@example.com,03/11/2024,21.48,USD,refunded,3,GB
TX-0007203,C-00003,Liam Smith,liam.smith7203@example.com,04/04/2024,1641.45,USD,cancelled,4,AU
TX-0007204,C-00004,Sofia Brown,sofia.brown7204@example.com,05/09/2024,589.86,USD,completed,5,DE
TX-0007205,C-00005,Ethan Wilson,ethan.wilson7205@example.com,06/02/2024,641.09,USD,pending,6,us
TX-0007206,C-00006,Zoe Garcia,zoe.garcia7206@example.com,07/07/2024,387.67,USD,refunded,7,CA
TX-0007207,C-00007,Mateo Nguyen,mateo.nguyen7207@example.com,08/12/2024,1845.31,USD,cancelled,8,GB
TX-0007208,C-00008,Ava Patel,ava.patel7208@example.com,09/05/2024,2158.96,USD,completed,1,AU
TX-0007209,C-00009,Noah Kim,noah.kim.invalid,10/10/2024,537.88,USD,pending,2,DE
TX-0007210,C-00010,Mia Martin,mia.martin7210@example.com,11/03/2024,2209.34,USD,refunded,3,US
TX-0007211,C-00011,Liam Smith,liam.smith7211@example.com,12/08/2024,435.27,USD,cancelled,4,CA
TX-0007212,C-00012,Sofia Brown,sofia.brown7212@example.com,01/01/2024,128.65,USD,completed,5,GB
TX-0007213,C-00013,Ethan Wilson,ethan.wilson7213@example.com,02/06/2024,2235.19,USD,pending,6,AU
TX-0007214,C-00014,Zoe Garcia,zoe.garcia7214@example.com,03/11/2024,2472.76,USD,refunded,7,DE
TX-0007215,C-00015,Mateo Nguyen,mateo.nguyen7215@example.com,04/04/2024,1935.58,USD,cancelled,8,US
TX-0007216,C-00016,Ava Patel,ava.patel7216@example.com,05/09/2024,706.85,USD,completed,1,CA
TX-0007217,C-00017,Noah Kim,noah.kim7217@example.com,06/02/2024,1050.17,USD,pending,2,GB
TX-0007218,C-00018,Mia Martin,mia.martin7218@example.com,07/07/2024,1646.68,USD,refunded,3,AU
TX-0007219,C-00019,Liam Smith,liam.smith7219@example.com,08/12/2024,2084.65,USD,cancelled,4,DE
TX-0007220,C-00020,Sofia Brown,sofia.brown7220@example.com,09/05/2024,620.88,USD,completed,5,US
TX-0007221,C-00021,Ethan Wilson,ethan.wilson7221@example.com,10/10/2024,2188.62,USD,pending,6,CA
TX-0007222,C-00022,Zoe Garcia,zoe.garcia7222@example.com,11/03/2024,1363.23,USD,COMPLETE,7,GB
TX-0007223,C-00023,Mateo Nguyen,mateo.nguyen7223@example.com,12/08/2024,1168.19,USD,cancelled,8,AU
TX-0007224,C-00024,Ava Patel,ava.patel7224@example.com,01/01/2024,1510.87,USD,completed,1,DE
TX-0007225,C-00025,Noah Kim,noah.kim7225@example.com,02/06/2024,894.62,USD,pending,2,US
TX-0007226,C-00026,Mia Martin,mia.martin7226@example.com,03/11/2024,1309.78,USD,refunded,3,CA
TX-0007227,C-00027,Liam Smith,liam.smith7227@example.com,04/04/2024,8.60,USD,cancelled,4,GB
TX-0007228,C-00028,Sofia Brown,sofia.brown7228@example.com,05/09/2024,1934.60,USD,completed,5,AU
TX-0007229,C-00029,Ethan Wilson,ethan.wilson7229@example.com,06/02/2024,682.85,USD,pending,6,DE
TX-0007230,C-00030,Zoe Garcia,zoe.garcia7230@example.com,07/07/2024,502.54,USD,refunded,7,US
TX-0007231,C-00031,Mateo Nguyen,mateo.nguyen7231@example.com,08/12/2024,513.30,USD,cancelled,8,CA
TX-0007232,C-00032,  AVA PATEL  ,ava.patel7232@example.com,09/05/2024,1394.26,USD,completed,1,GB
TX-0007233,C-00033,Noah Kim,noah.kim7233@example.com,10/10/2024,268.42,USD,pending,2,AU
TX-0007234,C-00034,Mia Martin,mia.martin7234@example.com,11/03/2024,2216.99,USD,refunded,3,DE
TX-0007235,C-00035,Liam Smith,liam.smith7235@example.com,12/08/2024,413.42,USD,cancelled,4,US
TX-0007236,C-00036,Sofia Brown,sofia.brown7236@example.com,01/01/2024,29.63,USD,completed,5,CA
TX-0007237,C-00037,Ethan Wilson,ethan.wilson7237@example.com,02/06/2024,1560.32,USD,pending,6,GB
TX-0007238,C-00038,Zoe Garcia,zoe.garcia7238@example.com,03/11/2024,1263.69,USD,refunded,7,AU
TX-0007239,C-00039,mateo nguyen,mateo.nguyen7239@example.com,04/04/2024,1483.46,USD,cancelled,8,DE
TX-0007240,C-00040,Ava Patel,ava.patel7240@example.com,05/09/2024,503.71, USD ,completed,1,US
TX-0007241,C-00041,Noah Kim,noah.kim7241@example.com,06/02/2024,1976.95,USD,pending,2,CA
TX-0007242,C-00042,Mia Martin,mia.martin7242@example.com,07/07/2024,2264.35,USD,refunded,3,GB
TX-0007243,C-00043,Liam Smith,liam.smith7243@example.com,08/12/2024,902.40,USD,cancelled,4,AU
TX-0007244,C-00044,Sofia Brown,sofia.brown7244@example.com,09/05/2024,1041.73,USD,completed,5,DE
TX-0007245,C-00045,Ethan Wilson,ethan.wilson7245@example.com,10/10/2024,2231.38,USD,pending,6,US
TX-0007246,C-00046,Zoe Garcia,zoe.garcia7246@example.com,11/03/2024,1688.22,USD,refunded,7,CA
TX-0007247,C-00047,Mateo Nguyen,mateo.nguyen7247@example.com,12/08/2024,1541.48,USD,cancelled,8,GB
TX-0007248,C-00048,Ava Patel,ava.patel7248@example.com,01/01/2024,263.21,USD,completed,1,AU
TX-0007249,C-00049,Noah Kim,noah.kim7249@example.com,02/06/2024,1710.64,USD,pending,2,DE
TX-0007250,C-00050,Mia Martin,mia.martin7250@example.com,03/11/2024,2189.95,USD,refunded,3,US
TX-0007251,C-00051,Liam Smith,liam.smith7251@example.com,04/04/2024,1427.89,USD,cancelled,4,CA
TX-0007252,C-00052,Sofia Brown,sofia.brown7252@example.com,05/09/2024,2001.07,USD,completed,5,GB
TX-0007253,C-00053,Ethan Wilson,ethan.wilson7253@example.com,06/02/2024,1606.52,USD,pending,6,AU
TX-0007254,C-00054,Zoe Garcia,zoe.garcia7254@example.com,07/07/2024,1228.22,USD,refunded,7,DE
TX-0007255,C-00055,Mateo Nguyen,mateo.nguyen7255@example.com,08/12/2024,1512.82,USD,cancelled,8,US
TX-0007256,C-00056,Ava Patel,ava.patel7256@example.com,09/05/2024,648.15,USD,completed,1,CA
TX-0007257,C-00057,Noah Kim,noah.kim7257@example.com,10/10/2024,789.98,USD,pending,2,GB
TX-0007258,C-00058,Mia Martin,mia.martin7258@example.com,11/03/2024,2015.46,USD,unknown,3,AU
TX-0007259,C-00059,Liam Smith,liam.smith7259@example.com,12/08/2024,2156.46,USD,cancelled,4,DE
TX-0007260,C-00060,Sofia Brown,sofia.brown7260@example.com,01/01/2024,2260.67,USD,completed,5,US
TX-0007261,C-00061,Ethan Wilson,ethan.wilson7261@example.com,02/06/2024,1695.36,USD,pending,6,CA
TX-0007262,C-00062,Zoe Garcia,zoe.garcia7262@example.com,03/11/2024,1946.46,USD,refunded,7,GB
TX-0007263,C-00063,Mateo Nguyen,mateo.nguyen7263@example.com,04/04/2024,2171.09,USD,cancelled,8,AU
TX-0007264,C-00064,Ava Patel,ava.patel7264@example.com,05/09/2024,565.37,USD,completed,1,DE
TX-0007265,C-00065,Noah Kim,noah.kim7265@example.com,06/02/2024,919.35,USD,pending,2,US
TX-0007266,C-00066,Mia Martin,mia.martin7266@example.com,07/07/2024,107.14,USD,refunded,3,USA
TX-0007267,C-00067,Liam Smith,liam.smith7267@example.com,08/12/2024,2264.55,USD,cancelled,4,GB
TX-0007268,C-00068,Sofia Brown,sofia.brown7268@example.com,09/05/2024,42.37,USD,completed,5,AU
TX-0007269,C-00069,Ethan Wilson,ethan.wilson7269@example.com,10/10/2024,2395.97,USD,pending,6,DE
TX-0007270,C-00070,Zoe Garcia,zoe.garcia7270@example.com,11/03/2024,399.46,USD,refunded,7,US
TX-0007271,C-00071,Mateo Nguyen,mateo.nguyen7271@example.com,12/08/2024,12.08,USD,cancelled,8,CA
TX-0007272,C-00072,Ava Patel,ava.patel7272@example.com,01/01/2024,1236.85,USD,completed,1,GB
TX-0007273,C-00073,Noah Kim,noah.kim7273@example.com,02/06/2024,459.17,USD,pending,2,AU
TX-0007274,C-00074,Mia Martin,mia.martin7274@example.com,03/11/2024,144.45,USD,refunded,3,DE
TX-0007275,C-00075,Liam Smith,,04/04/2024,1087.20,USD,cancelled,4,US
TX-0007276,C-00076,Sofia Brown,sofia.brown7276@example.com,05/09/2024,1784.09,USD,completed,5,CA
TX-0007277,C-00077,Ethan Wilson,ethan.wilson7277@example.com,06/02/2024,21.39,USD,pending,6,GB
TX-0007278,C-00078,Zoe Garcia,zoe.garcia7278@example.com,07/07/2024,1806.40,USD,refunded,7,AU
TX-0007279,C-00079,Mateo Nguyen,mateo.nguyen7279@example.com,08/12/2024,1389.18,USD,cancelled,8,DE
TX-0007280,C-00080,Ava Patel,ava.patel7280@example.com,09/05/2024,2328.72,USD,completed,1,US
TX-0007281,C-00081,Noah Kim,noah.kim7281@example.com,10/10/2024,667.89,USD,pending,2,CA
TX-0007282,C-00082,Mia Martin,mia.martin7282@example.com,11/03/2024,111.35,USD,refunded,3,GB
TX-0007283,C-00083,Liam Smith,liam.smith7283@example.com,12/08/2024,226.54,USD,cancelled,4,AU
TX-0007284,C-00084,Sofia Brown,sofia.brown7284@example.com,01/01/2024,1774.00,USD,completed,5,DE
TX-0007285,C-00085,Ethan Wilson,ethan.wilson7285@example.com,02/06/2024,1376.94,USD,pending,6,US
TX-0007286,C-00086,Zoe Garcia,zoe.garcia7286@example.com,03/11/2024,604.41,USD,refunded,7,CA
TX-0007287,C-00087,Mateo Nguyen,mateo.nguyen7287@example.com,04/04/2024,96.04,USD,cancelled,8,GB
TX-0007288,C-00088,Ava Patel,ava.patel7288@example.com,05/09/2024,1508.17,USD,completed,1,AU
TX-0007289,C-00089,Noah Kim,noah.kim7289@example.com,06/02/2024,850.36,USD,pending,2,DE
TX-0007290,C-00090,Mia Martin,mia.martin7290@example.com,07/07/2024,1111.38,USD,refunded,3,US
TX-0007291,C-00091,Liam Smith,liam.smith7291@example.com,08/12/2024,1582.89,USD,cancelled,4,CA
TX-0007292,C-00092,Sofia Brown,sofia.brown7292@example.com,09/05/2024,2178.62,USD,completed,5,GB
TX-0007293,C-00093,Ethan Wilson,ethan.wilson7293@example.com,10/10/2024,2286.61,USD,pending,6,AU
TX-0007294,C-00094,Zoe Garcia,zoe.garcia7294@example.com,11/03/2024,197.79,USD,refunded,7,DE
TX-0007295,C-00095,Mateo Nguyen,mateo.nguyen7295@example.com,12/08/2024,348.99,USD,cancelled,8,US
TX-0007296,C-00096,Ava Patel,ava.patel7296@example.com,01/01/2024,1477.92,USD,completed,1,CA
TX-0007297,C-00097,Noah Kim,noah.kim7297@example.com,02/06/2024,2005.80,USD,pending,2,GB
TX-0007298,C-00098,Mia Martin,mia.martin.invalid,03/11/2024,375.01,USD,refunded,3,AU
TX-0007299,C-00099,Liam Smith,liam.smith7299@example.com,04/04/2024,773.39,USD,cancelled,4,DE
TX-0007300,C-00100,Sofia Brown,sofia.brown7300@example.com,05/09/2024,281.80,USD,completed,5,US
TX-0007301,C-00101,Ethan Wilson,ethan.wilson7301@example.com,06/02/2024,1746.83,usd,pending,6,CA
TX-0007302,C-00102,Zoe Garcia,zoe.garcia7302@example.com,07/07/2024,1259.62,USD,refunded,7,GB
TX-0007303,C-00103,Mateo Nguyen,mateo.nguyen7303@example.com,08/12/2024,1403.86,USD,cancelled,8,AU
TX-0007304,C-00104,Ava Patel,ava.patel7304@example.com,09/05/2024,941.21,USD,completed,1,DE
TX-0007305,C-00105,Noah Kim,noah.kim7305@example.com,10/10/2024,1312.74,USD,pending,2,US
TX-0007306,C-00106,Mia Martin,mia.martin7306@example.com,11/03/2024,2344.97,USD,refunded,3,CA
TX-0007307,C-00107,Liam Smith,liam.smith7307@example.com,12/08/2024,1192.74,USD,cancelled,4,GB
TX-0007308,C-00108,Sofia Brown,sofia.brown7308@example.com,01/01/2024,1348.19,USD,completed,5,AU
TX-0007309,C-00109,Ethan Wilson,ethan.wilson7309@example.com,02/06/2024,1708.68,USD,pending,6,DE
TX-0007310,C-00110,Zoe Garcia,zoe.garcia7310@example.com,03/11/2024,761.34,USD,refunded,7,US
TX-0007311,C-00111,Mateo Nguyen,mateo.nguyen7311@example.com,04/04/2024,2438.12,USD,cancelled,8,CA
TX-0007312,C-00112,Ava Patel,ava.patel7312@example.com,05/09/2024,2101.04,USD,completed,1,GB
TX-0007313,C-00113,Noah Kim,noah.kim7313@example.com,06/02/2024,1581.89,USD,pending,2,AU
TX-0007314,C-00114,Mia Martin,mia.martin7314@example.com,07/07/2024,232.95,USD,refunded,3,DE
TX-0007315,C-00115,Liam Smith,liam.smith7315@example.com,08/12/2024,2122.93,USD,cancelled,4,US
TX-0007316,C-00116,Sofia Brown,sofia.brown7316@example.com,09/05/2024,131.27,USD,completed,5,CA
TX-0007317,C-00117,Ethan Wilson,ethan.wilson7317@example.com,10/10/2024,1833.70,USD,pending,6,GB
TX-0007318,C-00118,Zoe Garcia,zoe.garcia7318@example.com,11/03/2024,1129.29,USD,refunded,7,AU
TX-0007319,C-00119,Mateo Nguyen,mateo.nguyen7319@example.com,12/08/2024,210.39,USD,cancelled,8,DE
TX-0007320,C-00120,Ava Patel,ava.patel7320@example.com,01/01/2024,1574.95,USD,completed,1,US
TX-0007321,C-00121,Noah Kim,noah.kim7321@example.com,02/06/2024,1120.49,USD,pending,2,CA
TX-0007322,C-00122,Mia Martin,mia.martin7322@example.com,03/11/2024,1420.04,USD,refunded,3,GB
TX-0007323,C-00123,Liam Smith,liam.smith7323@example.com,04/04/2024,1970.88,USD,cancelled,4,AU
TX-0007324,C-00124,Sofia Brown,sofia.brown7324@example.com,05/09/2024,988.27,USD,completed,5,DE
TX-0007325,C-00125,Ethan Wilson,ethan.wilson7325@example.com,06/02/2024,2495.10,USD,pending,6,US
TX-0007326,C-00126,Zoe Garcia,zoe.garcia7326@example.com,07/07/2024,1842.55,USD,refunded,7,CA
TX-0007327,C-00127,Mateo Nguyen,mateo.nguyen7327@example.com,08/12/2024,1862.83,USD,cancelled,8,GB
TX-0007328,C-00128,Ava Patel,ava.patel7328@example.com,09/05/2024,1473.31,USD,completed,1,AU
TX-0007329,C-00129,Noah Kim,noah.kim7329@example.com,10/10/2024,1657.63,USD,pending,2,DE
TX-0007330,C-00130,Mia Martin,mia.martin7330@example.com,11/03/2024,1354.18,USD,refunded,3,US
TX-0007331,C-00131,Liam Smith,liam.smith7331@example.com,12/08/2024,1066.70,USD,cancelled,4,CA
TX-0007332,C-00132,Sofia Brown,sofia.brown7332@example.com,01/01/2024,455.34,USD,completed,5,GB
TX-0007333,C-00133,Ethan Wilson,ethan.wilson7333@example.com,02/06/2024,1580.55,USD,pending,6,AU
TX-0007334,C-00134,Zoe Garcia,zoe.garcia7334@example.com,03/11/2024,1094.44,USD,refunded,7,DE
TX-0007335,C-00135,Mateo Nguyen,mateo.nguyen7335@example.com,04/04/2024,2266.75,USD,cancelled,8,US
TX-0007336,C-00136,Ava Patel,ava.patel7336@example.com,05/09/2024,1839.45,USD,completed,1,ca
TX-0007337,C-00137,Noah Kim,noah.kim7337@example.com,06/02/2024,1601.02,USD,pending,2,GB
TX-0007338,C-00138,Mia Martin,mia.martin7338@example.com,07/07/2024,669.81,USD,refunded,3,AU
TX-0007339,C-00139,Liam Smith,liam.smith7339@example.com,08/12/2024,541.82,USD,cancelled,4,DE
TX-0007340,C-00140,Sofia Brown,sofia.brown7340@example.com,09/05/2024,971.63,USD,completed,5,US
TX-0007341,C-00141,Ethan Wilson,ethan.wilson7341@example.com,10/10/2024,985.56,USD,pending,6,CA
TX-0007342,C-00142,Zoe Garcia,zoe.garcia7342@example.com,11/03/2024,1381.89,USD,refunded,7,GB
TX-0007343,C-00143,Mateo Nguyen,mateo.nguyen7343@example.com,12/08/2024,414.45,USD,cancelled,8,AU
TX-0007344,C-00144,Ava Patel,ava.patel7344@example.com,01/01/2024,345.55,USD,completed,1,DE
TX-0007345,C-00145,  NOAH KIM  ,noah.kim7345@example.com,02/06/2024,2161.01,USD,pending,2,US
TX-0007346,C-00146,Mia Martin,mia.martin7346@example.com,03/11/2024,354.01,USD,refunded,3,CA
TX-0007347,C-00147,Liam Smith,liam.smith7347@example.com,04/04/2024,912.72,USD,cancelled,4,GB
TX-0007348,C-00148,Sofia Brown,sofia.brown7348@example.com,05/09/2024,124.33,USD,completed,5,AU
TX-0007349,C-00149,Ethan Wilson,ethan.wilson7349@example.com,06/02/2024,739.49,USD,pending,6,DE
TX-0007350,C-00150,Zoe Garcia,zoe.garcia7350@example.com,07/07/2024,201.70,USD,refunded,7,US
TX-0007351,C-00151,Mateo Nguyen,mateo.nguyen7351@example.com,08/12/2024,2328.06,USD,cancelled,8,CA
TX-0007352,C-00152,Ava Patel,ava.patel7352@example.com,09/05/2024,715.63,USD,completed,1,GB
TX-0007353,C-00153,Noah Kim,noah.kim7353@example.com,10/10/2024,507.20,USD,pending,2,AU
TX-0007354,C-00154,Mia Martin,mia.martin7354@example.com,11/03/2024,118.29,USD,refunded,3,DE
TX-0007355,C-00155,Liam Smith,liam.smith7355@example.com,12/08/2024,78.56,USD,cancelled,4,US
TX-0007356,C-00156,Sofia Brown,sofia.brown7356@example.com,01/01/2024,536.34,USD,completed,5,CA
TX-0007357,C-00157,Ethan Wilson,ethan.wilson7357@example.com,02/06/2024,917.61,USD,pending,6,GB
TX-0007358,C-00158,Zoe Garcia,zoe.garcia7358@example.com,03/11/2024,1707.16,USD,refunded,7,AU
TX-0007359,C-00159,Mateo Nguyen,mateo.nguyen7359@example.com,04/04/2024,,USD,cancelled,8,DE
TX-0007360,C-00160,Ava Patel,ava.patel7360@example.com,05/09/2024,2411.82,USD,completed,1,US
TX-0007361,C-00161,Noah Kim,noah.kim7361@example.com,06/02/2024,1198.87,USD,pending,2,CA
TX-0007362,C-00162,Mia Martin,mia.martin7362@example.com,07/07/2024,1089.42,USD,refunded,3,GB
TX-0007363,C-00163,Liam Smith,liam.smith7363@example.com,08/12/2024,473.53,USD,cancelled,4,AU
TX-0007364,C-00164,Sofia Brown,sofia.brown7364@example.com,09/05/2024,1194.07,USD,completed,5,DE
TX-0007365,C-00165,Ethan Wilson,ethan.wilson7365@example.com,10/10/2024,787.79,USD,pending,6,US
TX-0007366,C-00166,zoe garcia,zoe.garcia7366@example.com,11/03/2024,573.98,USD,refunded,7,CA
TX-0007367,C-00167,Mateo Nguyen,mateo.nguyen7367@example.com,12/08/2024,1436.79,USD,cancelled,8,GB
TX-0007368,C-00168,Ava Patel,ava.patel7368@example.com,01/01/2024,218.76,USD,completed,1,AU
TX-0007369,C-00169,Noah Kim,noah.kim7369@example.com,02/06/2024,1417.73,USD,pending,2,DE
TX-0007370,C-00170,Mia Martin,mia.martin7370@example.com,03/11/2024,2063.70,USD,refunded,3,US
TX-0007371,C-00171,Liam Smith,liam.smith7371@example.com,04/04/2024,2454.26,USD,cancelled,4,CA
TX-0007372,C-00172,Sofia Brown,,05/09/2024,425.80,USD,completed,5,GB
TX-0007373,C-00173,Ethan Wilson,ethan.wilson7373@example.com,06/02/2024,103.41,USD,pending,6,AU
TX-0007374,C-00174,Zoe Garcia,zoe.garcia7374@example.com,07/07/2024,1604.69,USD,refunded,7,DE
TX-0007375,C-00175,Mateo Nguyen,mateo.nguyen7375@example.com,08/12/2024,1174.88,USD,cancelled,8,US
TX-0007376,C-00176,Ava Patel,ava.patel7376@example.com,09/05/2024,2290.66,USD,completed,1,CA
TX-0007377,C-00177,Noah Kim,noah.kim7377@example.com,10/10/2024,2034.09,USD,pending,2,GB
TX-0007378,C-00178,Mia Martin,mia.martin7378@example.com,11/03/2024,1670.42,USD,refunded,3,AU
TX-0007379,C-00179,Liam Smith,liam.smith7379@example.com,12/08/2024,181.22,USD,COMPLETE,4,DE
TX-0007380,C-00180,Sofia Brown,sofia.brown7380@example.com,01/01/2024,1366.26,USD,completed,5,US
TX-0007381,C-00181,Ethan Wilson,ethan.wilson7381@example.com,02/06/2024,27.33,USD,pending,6,CA
TX-0007382,C-00182,Zoe Garcia,zoe.garcia7382@example.com,03/11/2024,2338.18,USD,refunded,7,GB
TX-0007383,C-00183,Mateo Nguyen,mateo.nguyen7383@example.com,04/04/2024,2047.94,USD,cancelled,8,AU
TX-0007384,C-00184,Ava Patel,ava.patel7384@example.com,05/09/2024,326.21,USD,completed,1,DE
TX-0007385,C-00185,Noah Kim,noah.kim7385@example.com,06/02/2024,-48.84,USD,pending,2,US
TX-0007386,C-00186,Mia Martin,mia.martin7386@example.com,07/07/2024,1136.88,USD,refunded,3,CA
TX-0007387,C-00187,Liam Smith,liam.smith.invalid,08/12/2024,547.93,USD,cancelled,4,GB
TX-0007388,C-00188,Sofia Brown,sofia.brown7388@example.com,09/05/2024,1525.44,USD,completed,5,AU
TX-0007389,C-00189,Ethan Wilson,ethan.wilson7389@example.com,10/10/2024,2094.96,USD,pending,6,DE
TX-0007390,C-00190,Zoe Garcia,zoe.garcia7390@example.com,11/03/2024,693.53,USD,refunded,7,US
TX-0007391,C-00191,Mateo Nguyen,mateo.nguyen7391@example.com,12/08/2024,1330.00,USD,cancelled,8,CA
TX-0007392,C-00192,Ava Patel,ava.patel7392@example.com,01/01/2024,863.59,USD,completed,1,GB
TX-0007393,C-00193,Noah Kim,noah.kim7393@example.com,02/06/2024,167.15,USD,pending,2,AU
TX-0007394,C-00194,Mia Martin,mia.martin7394@example.com,03/11/2024,1326.98,USD,refunded,3,DE
TX-0007395,C-00195,Liam Smith,liam.smith7395@example.com,04/04/2024,1434.77,USD,cancelled,4,US
TX-0007396,C-00196,Sofia Brown,sofia.brown7396@example.com,05/09/2024,938.95,USD,completed,5,CA
TX-0007397,C-00197,Ethan Wilson,ethan.wilson7397@example.com,06/02/2024,642.19,USD,pending,6,GB
TX-0007398,C-00198,Zoe Garcia,zoe.garcia7398@example.com,07/07/2024,1456.95,USD,refunded,7,AU
TX-0007399,C-00199,Mateo Nguyen,mateo.nguyen7399@example.com,08/12/2024,970.25,USD,cancelled,8,DE
TX-0007400,C-00200,Ava Patel,ava.patel7400@example.com,09/05/2024,282.15,USD,completed,1,US
TX-0007401,C-00201,Noah Kim,noah.kim7401@example.com,10/10/2024,2187.98,USD,pending,2,CA
TX-0007402,C-00202,Mia Martin,mia.martin7402@example.com,11/03/2024,2328.24,USD,refunded,3,GB
TX-0007403,C-00203,Liam Smith,liam.smith7403@example.com,12/08/2024,568.00,USD,cancelled,4,AU
TX-0007404,C-00204,Sofia Brown,sofia.brown7404@example.com,01/01/2024,176.84,USD,completed,5,DE
TX-0007405,C-00205,Ethan Wilson,ethan.wilson7405@example.com,02/06/2024,1489.86,USD,pending,6,US
TX-0007406,C-00206,Zoe Garcia,zoe.garcia7406@example.com,03/11/2024,818.14,USD,refunded,7,CA
TX-0007407,C-00207,Mateo Nguyen,mateo.nguyen7407@example.com,04/04/2024,2135.42,USD,cancelled,8,GB
TX-0007408,C-00208,Ava Patel,ava.patel7408@example.com,05/09/2024,372.01,USD,completed,1,AU
TX-0007409,C-00209,Noah Kim,noah.kim7409@example.com,06/02/2024,1800.64,USD,pending,2,DE
TX-0007410,C-00210,Mia Martin,mia.martin7410@example.com,07/07/2024,2224.80,USD,refunded,3,US
TX-0007411,C-00211,Liam Smith,liam.smith7411@example.com,08/12/2024,169.12,USD,cancelled,4,CA
TX-0007412,C-00212,Sofia Brown,sofia.brown7412@example.com,09/05/2024,136.82,USD,completed,5,GB
TX-0007413,C-00213,Ethan Wilson,ethan.wilson7413@example.com,10/10/2024,1639.92,USD,pending,6,AU
TX-0007414,C-00214,Zoe Garcia,zoe.garcia7414@example.com,11/03/2024,1912.91,USD,refunded,7,DE
TX-0007415,C-00215,Mateo Nguyen,mateo.nguyen7415@example.com,12/08/2024,1304.35,USD,cancelled,8,US
TX-0007416,C-00216,Ava Patel,ava.patel7416@example.com,01/01/2024,1133.42,USD,completed,1,CA
TX-0007417,C-00217,Noah Kim,noah.kim7417@example.com,02/06/2024,983.33,USD,pending,2,GB
TX-0007418,C-00218,Mia Martin,mia.martin7418@example.com,03/11/2024,1820.00,USD,refunded,3,AU
TX-0007419,C-00219,Liam Smith,liam.smith7419@example.com,04/04/2024,468.74,USD,cancelled,4,DE
TX-0007420,C-00220,Sofia Brown,sofia.brown7420@example.com,05/09/2024,831.93,USD,completed,5,US
TX-0007421,C-00221,Ethan Wilson,ethan.wilson7421@example.com,06/02/2024,2038.83, USD ,pending,6,CA
TX-0007422,C-00222,Zoe Garcia,zoe.garcia7422@example.com,07/07/2024,194.65,USD,refunded,7,GB
TX-0007423,C-00223,Mateo Nguyen,mateo.nguyen7423@example.com,08/12/2024,1369.57,USD,cancelled,8,AU
TX-0007424,C-00224,Ava Patel,ava.patel7424@example.com,09/05/2024,1215.05,USD,completed,1,DE
TX-0007425,C-00225,Noah Kim,noah.kim7425@example.com,10/10/2024,123.09,USD,pending,2,US
TX-0007426,C-00226,Mia Martin,mia.martin7426@example.com,11/03/2024,630.89,USD,refunded,3,CA
TX-0007427,C-00227,Liam Smith,liam.smith7427@example.com,12/08/2024,1960.40,USD,cancelled,4,GB
TX-0007428,C-00228,Sofia Brown,sofia.brown7428@example.com,01/01/2024,1704.74,USD,completed,5,AU
TX-0007429,C-00229,Ethan Wilson,ethan.wilson7429@example.com,02/06/2024,476.46,USD,pending,6,DE
TX-0007430,C-00230,Zoe Garcia,zoe.garcia7430@example.com,03/11/2024,200.03,USD,refunded,7,US
TX-0007431,C-00231,Mateo Nguyen,mateo.nguyen7431@example.com,04/04/2024,990.11,USD,cancelled,8,CA
TX-0007432,C-00232,Ava Patel,ava.patel7432@example.com,05/09/2024,2021.44,USD,completed,1,GB
TX-0007433,C-00233,Noah Kim,noah.kim7433@example.com,06/02/2024,2495.19,USD,pending,2,AU
TX-0007434,C-00234,Mia Martin,mia.martin7434@example.com,07/07/2024,348.36,USD,refunded,3,DE
TX-0007435,C-00235,Liam Smith,liam.smith7435@example.com,08/12/2024,833.80,USD,cancelled,4,US
TX-0007436,C-00236,Sofia Brown,sofia.brown7436@example.com,09/05/2024,115.51,USD,completed,5,CA
TX-0007437,C-00237,Ethan Wilson,ethan.wilson7437@example.com,10/10/2024,2026.26,USD,pending,6,GB
TX-0007438,C-00238,Zoe Garcia,zoe.garcia7438@example.com,11/03/2024,321.34,USD,refunded,7,AU
TX-0007439,C-00239,Mateo Nguyen,mateo.nguyen7439@example.com,12/08/2024,2051.97,USD,cancelled,8,USA
TX-0007440,C-00240,Ava Patel,ava.patel7440@example.com,01/01/2024,411.10,USD,completed,1,US
TX-0007441,C-00241,Noah Kim,noah.kim7441@example.com,02/06/2024,116.73,USD,pending,2,CA
TX-0007442,C-00242,Mia Martin,mia.martin7442@example.com,03/11/2024,2295.74,USD,refunded,3,GB
TX-0007443,C-00243,Liam Smith,liam.smith7443@example.com,04/04/2024,172.56,USD,cancelled,4,AU
TX-0007444,C-00244,Sofia Brown,sofia.brown7444@example.com,05/09/2024,1823.09,USD,completed,5,DE
TX-0007445,C-00245,Ethan Wilson,ethan.wilson7445@example.com,06/02/2024,1858.84,USD,pending,6,US
TX-0007446,C-00246,Zoe Garcia,zoe.garcia7446@example.com,07/07/2024,392.41,USD,refunded,7,CA
TX-0007447,C-00247,Mateo Nguyen,mateo.nguyen7447@example.com,08/12/2024,1939.04,USD,cancelled,8,GB
TX-0007448,C-00248,Ava Patel,ava.patel7448@example.com,09/05/2024,1516.19,USD,completed,1,AU
TX-0007449,C-00249,Noah Kim,noah.kim7449@example.com,10/10/2024,2280.82,USD,unknown,2,DE
TX-0007450,C-00250,Mia Martin,mia.martin7450@example.com,11/03/2024,1010.70,usd,refunded,3,US
TX-0007451,C-00251,Liam Smith,liam.smith7451@example.com,12/08/2024,2410.46,USD,cancelled,4,CA
TX-0007452,C-00252,Sofia Brown,sofia.brown7452@example.com,01/01/2024,1228.32,USD,completed,5,GB
TX-0007453,C-00253,Ethan Wilson,ethan.wilson7453@example.com,02/06/2024,1626.89,USD,pending,6,AU
TX-0007454,C-00254,Zoe Garcia,zoe.garcia7454@example.com,03/11/2024,979.79,USD,refunded,7,DE
TX-0007455,C-00255,Mateo Nguyen,mateo.nguyen7455@example.com,04/04/2024,207.80,USD,cancelled,8,US
TX-0007456,C-00256,Ava Patel,ava.patel7456@example.com,05/09/2024,1683.39,USD,completed,1,CA
TX-0007457,C-00257,Noah Kim,noah.kim7457@example.com,06/02/2024,2248.75,USD,pending,2,GB
TX-0007458,C-00258,  MIA MARTIN  ,mia.martin7458@example.com,07/07/2024,1497.91,USD,refunded,3,AU
TX-0007459,C-00259,Liam Smith,liam.smith7459@example.com,08/12/2024,2136.96,USD,cancelled,4,DE
TX-0007460,C-00260,Sofia Brown,sofia.brown7460@example.com,09/05/2024,1143.24,USD,completed,5,US
TX-0007461,C-00261,Ethan Wilson,ethan.wilson7461@example.com,10/10/2024,40.38,USD,pending,6,CA
TX-0007462,C-00262,Zoe Garcia,zoe.garcia7462@example.com,11/03/2024,822.42,USD,refunded,7,GB
TX-0007463,C-00263,Mateo Nguyen,mateo.nguyen7463@example.com,12/08/2024,578.61,USD,cancelled,8,AU
TX-0007464,C-00264,Ava Patel,ava.patel7464@example.com,01/01/2024,1452.02,USD,completed,1,DE
TX-0007465,C-00265,Noah Kim,noah.kim7465@example.com,02/06/2024,556.29,USD,pending,2,US
TX-0007466,C-00266,Mia Martin,mia.martin7466@example.com,03/11/2024,226.24,USD,refunded,3,CA
TX-0007467,C-00267,Liam Smith,liam.smith7467@example.com,04/04/2024,2292.33,USD,cancelled,4,gb
TX-0007468,C-00268,Sofia Brown,sofia.brown7468@example.com,05/09/2024,874.18,USD,completed,5,AU
TX-0007469,C-00269,Ethan Wilson,,06/02/2024,271.42,USD,pending,6,DE
TX-0007470,C-00270,Zoe Garcia,zoe.garcia7470@example.com,07/07/2024,1686.90,USD,refunded,7,US
TX-0007471,C-00271,Mateo Nguyen,mateo.nguyen7471@example.com,08/12/2024,705.42,USD,cancelled,8,CA
TX-0007472,C-00272,Ava Patel,ava.patel7472@example.com,09/05/2024,543.96,USD,completed,1,GB
TX-0007473,C-00273,Noah Kim,noah.kim7473@example.com,10/10/2024,156.03,USD,pending,2,AU
TX-0007474,C-00274,Mia Martin,mia.martin7474@example.com,11/03/2024,211.66,USD,refunded,3,DE
TX-0007475,C-00275,Liam Smith,liam.smith7475@example.com,12/08/2024,2207.30,USD,cancelled,4,US
TX-0007476,C-00276,Sofia Brown,sofia.brown.invalid,01/01/2024,2447.74,USD,completed,5,CA
TX-0007477,C-00277,Ethan Wilson,ethan.wilson7477@example.com,02/06/2024,1272.11,USD,pending,6,GB
TX-0007478,C-00278,Zoe Garcia,zoe.garcia7478@example.com,03/11/2024,1365.10,USD,refunded,7,AU
TX-0007479,C-00279,Mateo Nguyen,mateo.nguyen7479@example.com,04/04/2024,1298.03,USD,cancelled,8,DE
TX-0007480,C-00280,Ava Patel,ava.patel7480@example.com,05/09/2024,2147.78,USD,completed,1,US
TX-0007481,C-00281,Noah Kim,noah.kim7481@example.com,06/02/2024,2038.34,USD,pending,2,CA
TX-0007482,C-00282,Mia Martin,mia.martin7482@example.com,07/07/2024,2106.21,USD,refunded,3,GB
TX-0007483,C-00283,Liam Smith,liam.smith7483@example.com,08/12/2024,1866.39,USD,cancelled,4,AU
TX-0007484,C-00284,Sofia Brown,sofia.brown7484@example.com,09/05/2024,2019.80,USD,completed,5,DE
TX-0007485,C-00285,Ethan Wilson,ethan.wilson7485@example.com,10/10/2024,2043.03,USD,pending,6,US
TX-0007486,C-00286,Zoe Garcia,zoe.garcia7486@example.com,11/03/2024,820.59,USD,refunded,7,CA
TX-0007487,C-00287,Mateo Nguyen,mateo.nguyen7487@example.com,12/08/2024,1664.83,USD,cancelled,8,GB
TX-0007488,C-00288,Ava Patel,ava.patel7488@example.com,01/01/2024,178.17,USD,completed,1,AU
TX-0007489,C-00289,Noah Kim,noah.kim7489@example.com,02/06/2024,2248.54,USD,pending,2,DE
TX-0007490,C-00290,Mia Martin,mia.martin7490@example.com,03/11/2024,1483.58,USD,refunded,3,US
TX-0007491,C-00291,Liam Smith,liam.smith7491@example.com,04/04/2024,1049.11,USD,cancelled,4,CA
TX-0007492,C-00292,Sofia Brown,sofia.brown7492@example.com,05/09/2024,2078.46,USD,completed,5,GB
TX-0007493,C-00293,ethan wilson,ethan.wilson7493@example.com,06/02/2024,762.32,USD,pending,6,AU
TX-0007494,C-00294,Zoe Garcia,zoe.garcia7494@example.com,07/07/2024,2490.56,USD,refunded,7,DE
TX-0007495,C-00295,Mateo Nguyen,mateo.nguyen7495@example.com,08/12/2024,789.27,USD,cancelled,8,US
TX-0007496,C-00296,Ava Patel,ava.patel7496@example.com,09/05/2024,1877.66,USD,completed,1,CA
TX-0007497,C-00297,Noah Kim,noah.kim7497@example.com,10/10/2024,27.05,USD,pending,2,GB
TX-0007498,C-00298,Mia Martin,mia.martin7498@example.com,11/03/2024,1639.26,USD,refunded,3,AU
TX-0007499,C-00299,Liam Smith,liam.smith7499@example.com,12/08/2024,603.96,USD,cancelled,4,DE
TX-0007500,C-00300,Sofia Brown,sofia.brown7500@example.com,01/01/2024,1565.16,USD,completed,5,US
TX-0007501,C-00301,Ethan Wilson,ethan.wilson7501@example.com,02/06/2024,1655.51,USD,pending,6,CA
TX-0007502,C-00302,Zoe Garcia,zoe.garcia7502@example.com,03/11/2024,160.51,USD,refunded,7,GB
TX-0007503,C-00303,Mateo Nguyen,mateo.nguyen7503@example.com,04/04/2024,67.42,USD,cancelled,8,AU
TX-0007504,C-00304,Ava Patel,ava.patel7504@example.com,05/09/2024,1086.89,USD,completed,1,DE
TX-0007505,C-00305,Noah Kim,noah.kim7505@example.com,06/02/2024,1626.38,USD,pending,2,US
TX-0007506,C-00306,Mia Martin,mia.martin7506@example.com,07/07/2024,2308.65,USD,refunded,3,CA
TX-0007507,C-00307,Liam Smith,liam.smith7507@example.com,08/12/2024,1080.60,USD,cancelled,4,GB
TX-0007508,C-00308,Sofia Brown,sofia.brown7508@example.com,09/05/2024,1455.12,USD,completed,5,AU
TX-0007509,C-00309,Ethan Wilson,ethan.wilson7509@example.com,10/10/2024,1801.03,USD,pending,6,DE
TX-0007510,C-00310,Zoe Garcia,zoe.garcia7510@example.com,11/03/2024,2183.99,USD,refunded,7,US
TX-0007511,C-00311,Mateo Nguyen,mateo.nguyen7511@example.com,12/08/2024,1830.31,USD,cancelled,8,CA
TX-0007512,C-00312,Ava Patel,ava.patel7512@example.com,01/01/2024,934.74,USD,completed,1,GB
TX-0007513,C-00313,Noah Kim,noah.kim7513@example.com,02/06/2024,2033.11,USD,pending,2,AU
TX-0007514,C-00314,Mia Martin,mia.martin7514@example.com,03/11/2024,1248.92,USD,refunded,3,DE
TX-0007515,C-00315,Liam Smith,liam.smith7515@example.com,04/04/2024,1717.54,USD,cancelled,4,US
TX-0007516,C-00316,Sofia Brown,sofia.brown7516@example.com,05/09/2024,923.94,USD,completed,5,CA
TX-0007517,C-00317,Ethan Wilson,ethan.wilson7517@example.com,06/02/2024,903.21,USD,pending,6,GB
TX-0007518,C-00318,Zoe Garcia,zoe.garcia7518@example.com,07/07/2024,2204.07,USD,refunded,7,AU
TX-0007519,C-00319,Mateo Nguyen,mateo.nguyen7519@example.com,08/12/2024,2094.64,USD,cancelled,8,DE
TX-0007520,C-00320,Ava Patel,ava.patel7520@example.com,09/05/2024,1619.37,USD,completed,1,US
TX-0007521,C-00321,Noah Kim,noah.kim7521@example.com,10/10/2024,799.49,USD,pending,2,CA
TX-0007522,C-00322,Mia Martin,mia.martin7522@example.com,11/03/2024,2060.53,USD,refunded,3,GB
TX-0007523,C-00323,Liam Smith,liam.smith7523@example.com,12/08/2024,1355.30,USD,cancelled,4,AU
TX-0007524,C-00324,Sofia Brown,sofia.brown7524@example.com,01/01/2024,1435.77,USD,completed,5,DE
TX-0007525,C-00325,Ethan Wilson,ethan.wilson7525@example.com,02/06/2024,1626.93,USD,pending,6,US
TX-0007526,C-00326,Zoe Garcia,zoe.garcia7526@example.com,03/11/2024,2338.85,USD,refunded,7,CA
TX-0007527,C-00327,Mateo Nguyen,mateo.nguyen7527@example.com,04/04/2024,2104.01,USD,cancelled,8,GB
TX-0007528,C-00328,Ava Patel,ava.patel7528@example.com,05/09/2024,314.92,USD,completed,1,AU
TX-0007529,C-00329,Noah Kim,noah.kim7529@example.com,06/02/2024,312.97,USD,pending,2,DE
TX-0007530,C-00330,Mia Martin,mia.martin7530@example.com,07/07/2024,473.98,USD,refunded,3,US
TX-0007531,C-00331,Liam Smith,liam.smith7531@example.com,08/12/2024,850.28,USD,cancelled,4,CA
TX-0007532,C-00332,Sofia Brown,sofia.brown7532@example.com,09/05/2024,2152.60,USD,completed,5,GB
TX-0007533,C-00333,Ethan Wilson,ethan.wilson7533@example.com,10/10/2024,1017.89,USD,pending,6,AU
TX-0007534,C-00334,Zoe Garcia,zoe.garcia7534@example.com,11/03/2024,324.25,USD,refunded,7,DE
TX-0007535,C-00335,Mateo Nguyen,mateo.nguyen7535@example.com,12/08/2024,1425.18,USD,cancelled,8,US
TX-0007536,C-00336,Ava Patel,ava.patel7536@example.com,01/01/2024,1800.90,USD,COMPLETE,1,CA
TX-0007537,C-00337,Noah Kim,noah.kim7537@example.com,02/06/2024,218.26,USD,pending,2,GB
TX-0007538,C-00338,Mia Martin,mia.martin7538@example.com,03/11/2024,1669.91,USD,refunded,3,AU
TX-0007539,C-00339,Liam Smith,liam.smith7539@example.com,04/04/2024,1291.59,USD,cancelled,4,DE
TX-0007540,C-00340,Sofia Brown,sofia.brown7540@example.com,05/09/2024,1665.40,USD,completed,5,US
TX-0007541,C-00341,Ethan Wilson,ethan.wilson7541@example.com,06/02/2024,1748.91,USD,pending,6,CA
TX-0007542,C-00342,Zoe Garcia,zoe.garcia7542@example.com,07/07/2024,1643.78,USD,refunded,7,GB
TX-0007543,C-00343,Mateo Nguyen,mateo.nguyen7543@example.com,08/12/2024,95.20,USD,cancelled,8,AU
TX-0007544,C-00344,Ava Patel,ava.patel7544@example.com,09/05/2024,2392.72,USD,completed,1,DE
TX-0007545,C-00345,Noah Kim,noah.kim7545@example.com,10/10/2024,1298.01,USD,pending,2,US
TX-0007546,C-00346,Mia Martin,mia.martin7546@example.com,11/03/2024,2223.13,USD,refunded,3,CA
TX-0007547,C-00347,Liam Smith,liam.smith7547@example.com,12/08/2024,2286.65,USD,cancelled,4,GB
TX-0007548,C-00348,Sofia Brown,sofia.brown7548@example.com,01/01/2024,2124.36,USD,completed,5,AU
TX-0007549,C-00349,Ethan Wilson,ethan.wilson7549@example.com,02/06/2024,1895.31,USD,pending,6,DE
TX-0007550,C-00350,Zoe Garcia,zoe.garcia7550@example.com,03/11/2024,1845.33,USD,refunded,7,US
TX-0007551,C-00351,Mateo Nguyen,mateo.nguyen7551@example.com,04/04/2024,2490.53,USD,cancelled,8,CA
TX-0007552,C-00352,Ava Patel,ava.patel7552@example.com,05/09/2024,91.88,USD,completed,1,GB
TX-0007553,C-00353,Noah Kim,noah.kim7553@example.com,06/02/2024,187.95,USD,pending,2,AU
TX-0007554,C-00354,Mia Martin,mia.martin7554@example.com,07/07/2024,1162.16,USD,refunded,3,DE
TX-0007555,C-00355,Liam Smith,liam.smith7555@example.com,08/12/2024,370.72,USD,cancelled,4,US
TX-0007556,C-00356,Sofia Brown,sofia.brown7556@example.com,09/05/2024,1445.08,USD,completed,5,CA
TX-0007557,C-00357,Ethan Wilson,ethan.wilson7557@example.com,10/10/2024,8.05,USD,pending,6,GB
TX-0007558,C-00358,Zoe Garcia,zoe.garcia7558@example.com,11/03/2024,2474.14,USD,refunded,7,AU
TX-0007559,C-00359,Mateo Nguyen,mateo.nguyen7559@example.com,12/08/2024,232.83,USD,cancelled,8,DE
TX-0007560,C-00360,Ava Patel,ava.patel7560@example.com,01/01/2024,1726.61,USD,completed,1,US
TX-0007561,C-00361,Noah Kim,noah.kim7561@example.com,02/06/2024,2394.09,USD,pending,2,CA
TX-0007562,C-00362,Mia Martin,mia.martin7562@example.com,03/11/2024,916.72,USD,refunded,3,GB
TX-0007563,C-00363,Liam Smith,liam.smith7563@example.com,04/04/2024,1815.81,USD,cancelled,4,AU
TX-0007564,C-00364,Sofia Brown,sofia.brown7564@example.com,05/09/2024,2488.57,USD,completed,5,DE
TX-0007565,C-00365,Ethan Wilson,ethan.wilson.invalid,06/02/2024,1238.03,USD,pending,6,US
TX-0007566,C-00366,Zoe Garcia,,07/07/2024,351.26,USD,refunded,7,CA
TX-0007567,C-00367,Mateo Nguyen,mateo.nguyen7567@example.com,08/12/2024,1836.03,USD,cancelled,8,GB
TX-0007568,C-00368,Ava Patel,ava.patel7568@example.com,09/05/2024,91.95,USD,completed,1,AU
TX-0007569,C-00369,Noah Kim,noah.kim7569@example.com,10/10/2024,2331.92,USD,pending,2,DE
TX-0007570,C-00370,Mia Martin,mia.martin7570@example.com,11/03/2024,1580.48,USD,refunded,3,US
TX-0007571,C-00371,  LIAM SMITH  ,liam.smith7571@example.com,12/08/2024,2053.61,USD,cancelled,4,CA
TX-0007572,C-00372,Sofia Brown,sofia.brown7572@example.com,01/01/2024,2428.63,USD,completed,5,GB
TX-0007573,C-00373,Ethan Wilson,ethan.wilson7573@example.com,02/06/2024,210.34,USD,pending,6,AU
TX-0007574,C-00374,Zoe Garcia,zoe.garcia7574@example.com,03/11/2024,2128.84,USD,refunded,7,DE
TX-0007575,C-00375,Mateo Nguyen,mateo.nguyen7575@example.com,04/04/2024,1441.46,USD,cancelled,8,US
TX-0007576,C-00376,Ava Patel,ava.patel7576@example.com,05/09/2024,2036.03,USD,completed,1,CA
TX-0007577,C-00377,Noah Kim,noah.kim7577@example.com,06/02/2024,1589.99,USD,pending,2,GB
TX-0007578,C-00378,Mia Martin,mia.martin7578@example.com,07/07/2024,838.17,USD,refunded,3,AU
TX-0007579,C-00379,Liam Smith,liam.smith7579@example.com,08/12/2024,1619.10,USD,cancelled,4,DE
TX-0007580,C-00380,Sofia Brown,sofia.brown7580@example.com,09/05/2024,1227.39,USD,completed,5,US
TX-0007581,C-00381,Ethan Wilson,ethan.wilson7581@example.com,10/10/2024,1089.72,USD,pending,6,CA
TX-0007582,C-00382,Zoe Garcia,zoe.garcia7582@example.com,11/03/2024,,USD,refunded,7,GB
TX-0007583,C-00383,Mateo Nguyen,mateo.nguyen7583@example.com,12/08/2024,45.76,USD,cancelled,8,AU
TX-0007584,C-00384,Ava Patel,ava.patel7584@example.com,01/01/2024,2122.63,USD,completed,1,DE
TX-0007585,C-00385,Noah Kim,noah.kim7585@example.com,02/06/2024,999.07,USD,pending,2,US
TX-0007586,C-00386,Mia Martin,mia.martin7586@example.com,03/11/2024,2048.76,USD,refunded,3,CA
TX-0007587,C-00387,Liam Smith,liam.smith7587@example.com,04/04/2024,2238.75,USD,cancelled,4,GB
TX-0007588,C-00388,Sofia Brown,sofia.brown7588@example.com,05/09/2024,1549.56,USD,completed,5,AU
TX-0007589,C-00389,Ethan Wilson,ethan.wilson7589@example.com,06/02/2024,1610.43,USD,pending,6,DE
TX-0007590,C-00390,Zoe Garcia,zoe.garcia7590@example.com,07/07/2024,144.93,USD,refunded,7,US
TX-0007591,C-00391,Mateo Nguyen,mateo.nguyen7591@example.com,08/12/2024,880.70,USD,cancelled,8,CA
TX-0007592,C-00392,Ava Patel,ava.patel7592@example.com,09/05/2024,443.64,USD,completed,1,GB
TX-0007593,C-00393,Noah Kim,noah.kim7593@example.com,10/10/2024,2361.21,USD,pending,2,AU
TX-0007594,C-00394,Mia Martin,mia.martin7594@example.com,11/03/2024,1344.04,USD,refunded,3,DE
TX-0007595,C-00395,Liam Smith,liam.smith7595@example.com,12/08/2024,1128.64,USD,cancelled,4,US
TX-0007596,C-00396,Sofia Brown,sofia.brown7596@example.com,01/01/2024,-46.48,USD,completed,5,CA
TX-0007597,C-00397,Ethan Wilson,ethan.wilson7597@example.com,02/06/2024,1794.22,USD,pending,6,GB
TX-0007598,C-00398,Zoe Garcia,zoe.garcia7598@example.com,03/11/2024,1616.02,USD,refunded,7,au
TX-0007599,C-00399,Mateo Nguyen,mateo.nguyen7599@example.com,04/04/2024,367.18,usd,cancelled,8,DE
TX-0007600,C-00400,Ava Patel,ava.patel7600@example.com,05/09/2024,2069.33,USD,completed,1,US
TX-0007601,C-00401,Noah Kim,noah.kim7601@example.com,06/02/2024,2046.93,USD,pending,2,CA
TX-0007602,C-00402,Mia Martin,mia.martin7602@example.com,07/07/2024,1153.02, USD ,refunded,3,GB
TX-0007603,C-00403,Liam Smith,liam.smith7603@example.com,08/12/2024,226.89,USD,cancelled,4,AU
TX-0007604,C-00404,Sofia Brown,sofia.brown7604@example.com,09/05/2024,1232.16,USD,completed,5,DE
TX-0007605,C-00405,Ethan Wilson,ethan.wilson7605@example.com,10/10/2024,1269.89,USD,pending,6,US
TX-0007606,C-00406,Zoe Garcia,zoe.garcia7606@example.com,11/03/2024,1023.64,USD,refunded,7,CA
TX-0007607,C-00407,Mateo Nguyen,mateo.nguyen7607@example.com,12/08/2024,504.66,USD,cancelled,8,GB
TX-0007608,C-00408,Ava Patel,ava.patel7608@example.com,01/01/2024,821.44,USD,completed,1,AU
TX-0007609,C-00409,Noah Kim,noah.kim7609@example.com,02/06/2024,1822.68,USD,pending,2,DE
TX-0007610,C-00410,Mia Martin,mia.martin7610@example.com,03/11/2024,2014.40,USD,refunded,3,US
TX-0007611,C-00411,Liam Smith,liam.smith7611@example.com,04/04/2024,1064.63,USD,cancelled,4,CA
TX-0007612,C-00412,Sofia Brown,sofia.brown7612@example.com,05/09/2024,1353.94,USD,completed,5,USA
TX-0007613,C-00413,Ethan Wilson,ethan.wilson7613@example.com,06/02/2024,1058.44,USD,pending,6,AU
TX-0007614,C-00414,Zoe Garcia,zoe.garcia7614@example.com,07/07/2024,87.71,USD,refunded,7,DE
TX-0007615,C-00415,Mateo Nguyen,mateo.nguyen7615@example.com,08/12/2024,698.01,USD,cancelled,8,US
TX-0007616,C-00416,Ava Patel,ava.patel7616@example.com,09/05/2024,702.94,USD,completed,1,CA
TX-0007617,C-00417,Noah Kim,noah.kim7617@example.com,10/10/2024,497.78,USD,pending,2,GB
TX-0007618,C-00418,Mia Martin,mia.martin7618@example.com,11/03/2024,1087.64,USD,refunded,3,AU
TX-0007619,C-00419,Liam Smith,liam.smith7619@example.com,12/08/2024,2068.88,USD,cancelled,4,DE
TX-0007620,C-00420,sofia brown,sofia.brown7620@example.com,01/01/2024,2277.65,USD,completed,5,US
TX-0007621,C-00421,Ethan Wilson,ethan.wilson7621@example.com,02/06/2024,2425.84,USD,pending,6,CA
TX-0007622,C-00422,Zoe Garcia,zoe.garcia7622@example.com,03/11/2024,478.27,USD,refunded,7,GB
TX-0007623,C-00423,Mateo Nguyen,mateo.nguyen7623@example.com,04/04/2024,2357.70,USD,cancelled,8,AU
TX-0007624,C-00424,Ava Patel,ava.patel7624@example.com,05/09/2024,2142.71,USD,completed,1,DE
TX-0007625,C-00425,Noah Kim,noah.kim7625@example.com,06/02/2024,13.85,USD,pending,2,US
TX-0007626,C-00426,Mia Martin,mia.martin7626@example.com,07/07/2024,2490.27,USD,refunded,3,CA
TX-0007627,C-00427,Liam Smith,liam.smith7627@example.com,08/12/2024,2230.38,USD,cancelled,4,GB
TX-0007628,C-00428,Sofia Brown,sofia.brown7628@example.com,09/05/2024,205.48,USD,completed,5,AU
TX-0007629,C-00429,Ethan Wilson,ethan.wilson7629@example.com,10/10/2024,480.59,USD,pending,6,DE
TX-0007630,C-00430,Zoe Garcia,zoe.garcia7630@example.com,11/03/2024,2442.46,USD,refunded,7,US
TX-0007631,C-00431,Mateo Nguyen,mateo.nguyen7631@example.com,12/08/2024,595.16,USD,cancelled,8,CA
TX-0007632,C-00432,Ava Patel,ava.patel7632@example.com,01/01/2024,905.25,USD,completed,1,GB
TX-0007633,C-00433,Noah Kim,noah.kim7633@example.com,02/06/2024,944.62,USD,pending,2,AU
TX-0007634,C-00434,Mia Martin,mia.martin7634@example.com,03/11/2024,1805.94,USD,refunded,3,DE
TX-0007635,C-00435,Liam Smith,liam.smith7635@example.com,04/04/2024,1972.30,USD,cancelled,4,US
TX-0007636,C-00436,Sofia Brown,sofia.brown7636@example.com,05/09/2024,834.54,USD,completed,5,CA
TX-0007637,C-00437,Ethan Wilson,ethan.wilson7637@example.com,06/02/2024,1758.89,USD,pending,6,GB
TX-0007638,C-00438,Zoe Garcia,zoe.garcia7638@example.com,07/07/2024,1310.74,USD,refunded,7,AU
TX-0007639,C-00439,Mateo Nguyen,mateo.nguyen7639@example.com,08/12/2024,1826.15,USD,cancelled,8,DE
TX-0007640,C-00440,Ava Patel,ava.patel7640@example.com,09/05/2024,872.37,USD,unknown,1,US
TX-0007641,C-00441,Noah Kim,noah.kim7641@example.com,10/10/2024,463.11,USD,pending,2,CA
TX-0007642,C-00442,Mia Martin,mia.martin7642@example.com,11/03/2024,133.53,USD,refunded,3,GB
TX-0007643,C-00443,Liam Smith,liam.smith7643@example.com,12/08/2024,1580.54,USD,cancelled,4,AU
TX-0007644,C-00444,Sofia Brown,sofia.brown7644@example.com,01/01/2024,1340.70,USD,completed,5,DE
TX-0007645,C-00445,Ethan Wilson,ethan.wilson7645@example.com,02/06/2024,1761.87,USD,pending,6,US
TX-0007646,C-00446,Zoe Garcia,zoe.garcia7646@example.com,03/11/2024,2201.01,USD,refunded,7,CA
TX-0007647,C-00447,Mateo Nguyen,mateo.nguyen7647@example.com,04/04/2024,933.22,USD,cancelled,8,GB
TX-0007648,C-00448,Ava Patel,ava.patel7648@example.com,05/09/2024,1242.42,USD,completed,1,AU
TX-0007649,C-00449,Noah Kim,noah.kim7649@example.com,06/02/2024,1024.18,USD,pending,2,DE
TX-0007650,C-00450,Mia Martin,mia.martin7650@example.com,07/07/2024,93.33,USD,refunded,3,US
TX-0007651,C-00451,Liam Smith,liam.smith7651@example.com,08/12/2024,2175.24,USD,cancelled,4,CA
TX-0007652,C-00452,Sofia Brown,sofia.brown7652@example.com,09/05/2024,587.72,USD,completed,5,GB
TX-0007653,C-00453,Ethan Wilson,ethan.wilson7653@example.com,10/10/2024,2325.40,USD,pending,6,AU
TX-0007654,C-00454,Zoe Garcia,zoe.garcia.invalid,11/03/2024,1559.02,USD,refunded,7,DE
TX-0007655,C-00455,Mateo Nguyen,mateo.nguyen7655@example.com,12/08/2024,2127.19,USD,cancelled,8,US
TX-0007656,C-00456,Ava Patel,ava.patel7656@example.com,01/01/2024,2288.16,USD,completed,1,CA
TX-0007657,C-00457,Noah Kim,noah.kim7657@example.com,02/06/2024,496.26,USD,pending,2,GB
TX-0007658,C-00458,Mia Martin,mia.martin7658@example.com,03/11/2024,969.24,USD,refunded,3,AU
TX-0007659,C-00459,Liam Smith,liam.smith7659@example.com,04/04/2024,1156.30,USD,cancelled,4,DE
TX-0007660,C-00460,Sofia Brown,sofia.brown7660@example.com,05/09/2024,1678.19,USD,completed,5,US
TX-0007661,C-00461,Ethan Wilson,ethan.wilson7661@example.com,06/02/2024,450.82,USD,pending,6,CA
TX-0007662,C-00462,Zoe Garcia,zoe.garcia7662@example.com,07/07/2024,1825.58,USD,refunded,7,GB
TX-0007663,C-00463,Mateo Nguyen,,08/12/2024,1572.18,USD,cancelled,8,AU
TX-0007664,C-00464,Ava Patel,ava.patel7664@example.com,09/05/2024,1014.66,USD,completed,1,DE
TX-0007665,C-00465,Noah Kim,noah.kim7665@example.com,10/10/2024,364.34,USD,pending,2,US
TX-0007666,C-00466,Mia Martin,mia.martin7666@example.com,11/03/2024,1848.87,USD,refunded,3,CA
TX-0007667,C-00467,Liam Smith,liam.smith7667@example.com,12/08/2024,2171.78,USD,cancelled,4,GB
TX-0007668,C-00468,Sofia Brown,sofia.brown7668@example.com,01/01/2024,1319.40,USD,completed,5,AU
TX-0007669,C-00469,Ethan Wilson,ethan.wilson7669@example.com,02/06/2024,421.17,USD,pending,6,DE
TX-0007670,C-00470,Zoe Garcia,zoe.garcia7670@example.com,03/11/2024,1922.42,USD,refunded,7,US
TX-0007671,C-00471,Mateo Nguyen,mateo.nguyen7671@example.com,04/04/2024,453.04,USD,cancelled,8,CA
TX-0007672,C-00472,Ava Patel,ava.patel7672@example.com,05/09/2024,1563.87,USD,completed,1,GB
TX-0007673,C-00473,Noah Kim,noah.kim7673@example.com,06/02/2024,1829.77,USD,pending,2,AU
TX-0007674,C-00474,Mia Martin,mia.martin7674@example.com,07/07/2024,1929.43,USD,refunded,3,DE
TX-0007675,C-00475,Liam Smith,liam.smith7675@example.com,08/12/2024,299.88,USD,cancelled,4,US
TX-0007676,C-00476,Sofia Brown,sofia.brown7676@example.com,09/05/2024,993.44,USD,completed,5,CA
TX-0007677,C-00477,Ethan Wilson,ethan.wilson7677@example.com,10/10/2024,795.43,USD,pending,6,GB
TX-0007678,C-00478,Zoe Garcia,zoe.garcia7678@example.com,11/03/2024,1161.18,USD,refunded,7,AU
TX-0007679,C-00479,Mateo Nguyen,mateo.nguyen7679@example.com,12/08/2024,495.63,USD,cancelled,8,DE
TX-0007680,C-00480,Ava Patel,ava.patel7680@example.com,01/01/2024,1539.00,USD,completed,1,US
TX-0007681,C-00481,Noah Kim,noah.kim7681@example.com,02/06/2024,1965.74,USD,pending,2,CA
TX-0007682,C-00482,Mia Martin,mia.martin7682@example.com,03/11/2024,862.91,USD,refunded,3,GB
TX-0007683,C-00483,Liam Smith,liam.smith7683@example.com,04/04/2024,1630.07,USD,cancelled,4,AU
TX-0007684,C-00484,  SOFIA BROWN  ,sofia.brown7684@example.com,05/09/2024,981.71,USD,completed,5,DE
TX-0007685,C-00485,Ethan Wilson,ethan.wilson7685@example.com,06/02/2024,2240.89,USD,pending,6,US
TX-0007686,C-00486,Zoe Garcia,zoe.garcia7686@example.com,07/07/2024,768.30,USD,refunded,7,CA
TX-0007687,C-00487,Mateo Nguyen,mateo.nguyen7687@example.com,08/12/2024,1596.02,USD,cancelled,8,GB
TX-0007688,C-00488,Ava Patel,ava.patel7688@example.com,09/05/2024,965.65,USD,completed,1,AU
TX-0007689,C-00489,Noah Kim,noah.kim7689@example.com,10/10/2024,744.04,USD,pending,2,DE
TX-0007690,C-00490,Mia Martin,mia.martin7690@example.com,11/03/2024,591.29,USD,refunded,3,US
TX-0007691,C-00491,Liam Smith,liam.smith7691@example.com,12/08/2024,2300.62,USD,cancelled,4,CA
TX-0007692,C-00492,Sofia Brown,sofia.brown7692@example.com,01/01/2024,575.15,USD,completed,5,GB
TX-0007693,C-00493,Ethan Wilson,ethan.wilson7693@example.com,02/06/2024,581.25,USD,COMPLETE,6,AU
TX-0007694,C-00494,Zoe Garcia,zoe.garcia7694@example.com,03/11/2024,2191.57,USD,refunded,7,DE
TX-0007695,C-00495,Mateo Nguyen,mateo.nguyen7695@example.com,04/04/2024,1910.46,USD,cancelled,8,US
TX-0007696,C-00496,Ava Patel,ava.patel7696@example.com,05/09/2024,1645.39,USD,completed,1,CA
TX-0007697,C-00497,Noah Kim,noah.kim7697@example.com,06/02/2024,1273.66,USD,pending,2,GB
TX-0007698,C-00498,Mia Martin,mia.martin7698@example.com,07/07/2024,2419.04,USD,refunded,3,AU
TX-0007699,C-00499,Liam Smith,liam.smith7699@example.com,08/12/2024,499.55,USD,cancelled,4,DE
TX-0007700,C-00500,Sofia Brown,sofia.brown7700@example.com,09/05/2024,780.91,USD,completed,5,US
TX-0007701,C-00501,Ethan Wilson,ethan.wilson7701@example.com,10/10/2024,1178.17,USD,pending,6,CA
TX-0007702,C-00502,Zoe Garcia,zoe.garcia7702@example.com,11/03/2024,21.87,USD,refunded,7,GB
TX-0007703,C-00503,Mateo Nguyen,mateo.nguyen7703@example.com,12/08/2024,1148.30,USD,cancelled,8,AU
TX-0007704,C-00504,Ava Patel,ava.patel7704@example.com,01/01/2024,2435.42,USD,completed,1,DE
TX-0007705,C-00505,Noah Kim,noah.kim7705@example.com,02/06/2024,487.18,USD,pending,2,US
TX-0007706,C-00506,Mia Martin,mia.martin7706@example.com,03/11/2024,1374.74,USD,refunded,3,CA
TX-0007707,C-00507,Liam Smith,liam.smith7707@example.com,04/04/2024,960.81,USD,cancelled,4,GB
TX-0007708,C-00508,Sofia Brown,sofia.brown7708@example.com,05/09/2024,149.15,USD,completed,5,AU
TX-0007709,C-00509,Ethan Wilson,ethan.wilson7709@example.com,06/02/2024,1056.96,USD,pending,6,DE
TX-0007710,C-00510,Zoe Garcia,zoe.garcia7710@example.com,07/07/2024,909.77,USD,refunded,7,US
TX-0007711,C-00511,Mateo Nguyen,mateo.nguyen7711@example.com,08/12/2024,256.57,USD,cancelled,8,CA
TX-0007712,C-00512,Ava Patel,ava.patel7712@example.com,09/05/2024,670.90,USD,completed,1,GB
TX-0007713,C-00513,Noah Kim,noah.kim7713@example.com,10/10/2024,1446.02,USD,pending,2,AU
TX-0007714,C-00514,Mia Martin,mia.martin7714@example.com,11/03/2024,288.91,USD,refunded,3,DE
TX-0007715,C-00515,Liam Smith,liam.smith7715@example.com,12/08/2024,970.99,USD,cancelled,4,US
TX-0007716,C-00516,Sofia Brown,sofia.brown7716@example.com,01/01/2024,828.21,USD,completed,5,CA
TX-0007717,C-00517,Ethan Wilson,ethan.wilson7717@example.com,02/06/2024,1800.54,USD,pending,6,GB
TX-0007718,C-00518,Zoe Garcia,zoe.garcia7718@example.com,03/11/2024,788.29,USD,refunded,7,AU
TX-0007719,C-00519,Mateo Nguyen,mateo.nguyen7719@example.com,04/04/2024,666.04,USD,cancelled,8,DE
TX-0007720,C-00520,Ava Patel,ava.patel7720@example.com,05/09/2024,367.04,USD,completed,1,US
TX-0007721,C-00521,Noah Kim,noah.kim7721@example.com,06/02/2024,2084.58,USD,pending,2,CA
TX-0007722,C-00522,Mia Martin,mia.martin7722@example.com,07/07/2024,1868.64,USD,refunded,3,GB
TX-0007723,C-00523,Liam Smith,liam.smith7723@example.com,08/12/2024,935.64,USD,cancelled,4,AU
TX-0007724,C-00524,Sofia Brown,sofia.brown7724@example.com,09/05/2024,2041.93,USD,completed,5,DE
TX-0007725,C-00525,Ethan Wilson,ethan.wilson7725@example.com,10/10/2024,884.66,USD,pending,6,US
TX-0007726,C-00526,Zoe Garcia,zoe.garcia7726@example.com,11/03/2024,223.88,USD,refunded,7,CA
TX-0007727,C-00527,Mateo Nguyen,mateo.nguyen7727@example.com,12/08/2024,10.90,USD,cancelled,8,GB
TX-0007728,C-00528,Ava Patel,ava.patel7728@example.com,01/01/2024,1439.68,USD,completed,1,AU
TX-0007729,C-00529,Noah Kim,noah.kim7729@example.com,02/06/2024,2254.03,USD,pending,2,de
TX-0007730,C-00530,Mia Martin,mia.martin7730@example.com,03/11/2024,2081.08,USD,refunded,3,US
TX-0007731,C-00531,Liam Smith,liam.smith7731@example.com,04/04/2024,2004.44,USD,cancelled,4,CA
TX-0007732,C-00532,Sofia Brown,sofia.brown7732@example.com,05/09/2024,1275.50,USD,completed,5,GB
TX-0007733,C-00533,Ethan Wilson,ethan.wilson7733@example.com,06/02/2024,1994.12,USD,pending,6,AU
TX-0007734,C-00534,Zoe Garcia,zoe.garcia7734@example.com,07/07/2024,592.21,USD,refunded,7,DE
TX-0007735,C-00535,Mateo Nguyen,mateo.nguyen7735@example.com,08/12/2024,39.86,USD,cancelled,8,US
TX-0007736,C-00536,Ava Patel,ava.patel7736@example.com,09/05/2024,1484.06,USD,completed,1,CA
TX-0007737,C-00537,Noah Kim,noah.kim7737@example.com,10/10/2024,1752.78,USD,pending,2,GB
TX-0007738,C-00538,Mia Martin,mia.martin7738@example.com,11/03/2024,2446.69,USD,refunded,3,AU
TX-0007739,C-00539,Liam Smith,liam.smith7739@example.com,12/08/2024,1630.91,USD,cancelled,4,DE
TX-0007740,C-00540,Sofia Brown,sofia.brown7740@example.com,01/01/2024,699.51,USD,completed,5,US
TX-0007741,C-00541,Ethan Wilson,ethan.wilson7741@example.com,02/06/2024,1524.86,USD,pending,6,CA
TX-0007742,C-00542,Zoe Garcia,zoe.garcia7742@example.com,03/11/2024,229.75,USD,refunded,7,GB
TX-0007743,C-00543,Mateo Nguyen,mateo.nguyen.invalid,04/04/2024,259.97,USD,cancelled,8,AU
TX-0007744,C-00544,Ava Patel,ava.patel7744@example.com,05/09/2024,129.31,USD,completed,1,DE
TX-0007745,C-00545,Noah Kim,noah.kim7745@example.com,06/02/2024,1484.23,USD,pending,2,US
TX-0007746,C-00546,Mia Martin,mia.martin7746@example.com,07/07/2024,803.96,USD,refunded,3,CA
TX-0007747,C-00547,liam smith,liam.smith7747@example.com,08/12/2024,547.31,USD,cancelled,4,GB
TX-0007748,C-00548,Sofia Brown,sofia.brown7748@example.com,09/05/2024,2315.55,usd,completed,5,AU
TX-0007749,C-00549,Ethan Wilson,ethan.wilson7749@example.com,10/10/2024,2219.58,USD,pending,6,DE
TX-0007750,C-00550,Zoe Garcia,zoe.garcia7750@example.com,11/03/2024,1467.23,USD,refunded,7,US
TX-0007751,C-00551,Mateo Nguyen,mateo.nguyen7751@example.com,12/08/2024,1714.92,USD,cancelled,8,CA
TX-0007752,C-00552,Ava Patel,ava.patel7752@example.com,01/01/2024,2214.00,USD,completed,1,GB
TX-0007753,C-00553,Noah Kim,noah.kim7753@example.com,02/06/2024,1431.77,USD,pending,2,AU
TX-0007754,C-00554,Mia Martin,mia.martin7754@example.com,03/11/2024,712.12,USD,refunded,3,DE
TX-0007755,C-00555,Liam Smith,liam.smith7755@example.com,04/04/2024,904.16,USD,cancelled,4,US
TX-0007756,C-00556,Sofia Brown,sofia.brown7756@example.com,05/09/2024,632.76,USD,completed,5,CA
TX-0007757,C-00557,Ethan Wilson,ethan.wilson7757@example.com,06/02/2024,2377.92,USD,pending,6,GB
TX-0007758,C-00558,Zoe Garcia,zoe.garcia7758@example.com,07/07/2024,1826.35,USD,refunded,7,AU
TX-0007759,C-00559,Mateo Nguyen,mateo.nguyen7759@example.com,08/12/2024,1063.47,USD,cancelled,8,DE
TX-0007760,C-00560,Ava Patel,,09/05/2024,1675.62,USD,completed,1,US
TX-0007761,C-00561,Noah Kim,noah.kim7761@example.com,10/10/2024,278.48,USD,pending,2,CA
TX-0007762,C-00562,Mia Martin,mia.martin7762@example.com,11/03/2024,843.28,USD,refunded,3,GB
TX-0007763,C-00563,Liam Smith,liam.smith7763@example.com,12/08/2024,2079.38,USD,cancelled,4,AU
TX-0007764,C-00564,Sofia Brown,sofia.brown7764@example.com,01/01/2024,1784.43,USD,completed,5,DE
TX-0007765,C-00565,Ethan Wilson,ethan.wilson7765@example.com,02/06/2024,963.05,USD,pending,6,US
TX-0007766,C-00566,Zoe Garcia,zoe.garcia7766@example.com,03/11/2024,1428.72,USD,refunded,7,CA
TX-0007767,C-00567,Mateo Nguyen,mateo.nguyen7767@example.com,04/04/2024,850.20,USD,cancelled,8,GB
TX-0007768,C-00568,Ava Patel,ava.patel7768@example.com,05/09/2024,60.80,USD,completed,1,AU
TX-0007769,C-00569,Noah Kim,noah.kim7769@example.com,06/02/2024,2042.57,USD,pending,2,DE
TX-0007770,C-00570,Mia Martin,mia.martin7770@example.com,07/07/2024,336.56,USD,refunded,3,US
TX-0007771,C-00571,Liam Smith,liam.smith7771@example.com,08/12/2024,1937.10,USD,cancelled,4,CA
TX-0007772,C-00572,Sofia Brown,sofia.brown7772@example.com,09/05/2024,1961.47,USD,completed,5,GB
TX-0007773,C-00573,Ethan Wilson,ethan.wilson7773@example.com,10/10/2024,945.52,USD,pending,6,AU
TX-0007774,C-00574,Zoe Garcia,zoe.garcia7774@example.com,11/03/2024,967.33,USD,refunded,7,DE
TX-0007775,C-00575,Mateo Nguyen,mateo.nguyen7775@example.com,12/08/2024,484.66,USD,cancelled,8,US
TX-0007776,C-00576,Ava Patel,ava.patel7776@example.com,01/01/2024,350.40,USD,completed,1,CA
TX-0007777,C-00577,Noah Kim,noah.kim7777@example.com,02/06/2024,2392.53,USD,pending,2,GB
TX-0007778,C-00578,Mia Martin,mia.martin7778@example.com,03/11/2024,901.20,USD,refunded,3,AU
TX-0007779,C-00579,Liam Smith,liam.smith7779@example.com,04/04/2024,727.50,USD,cancelled,4,DE
TX-0007780,C-00580,Sofia Brown,sofia.brown7780@example.com,05/09/2024,532.75,USD,completed,5,US
TX-0007781,C-00581,Ethan Wilson,ethan.wilson7781@example.com,06/02/2024,1680.63,USD,pending,6,CA
TX-0007782,C-00582,Zoe Garcia,zoe.garcia7782@example.com,07/07/2024,289.30,USD,refunded,7,GB
TX-0007783,C-00583,Mateo Nguyen,mateo.nguyen7783@example.com,08/12/2024,458.30, USD ,cancelled,8,AU
TX-0007784,C-00584,Ava Patel,ava.patel7784@example.com,09/05/2024,113.70,USD,completed,1,DE
TX-0007785,C-00585,Noah Kim,noah.kim7785@example.com,10/10/2024,2197.41,USD,pending,2,USA
TX-0007786,C-00586,Mia Martin,mia.martin7786@example.com,11/03/2024,1560.47,USD,refunded,3,CA
TX-0007787,C-00587,Liam Smith,liam.smith7787@example.com,12/08/2024,960.34,USD,cancelled,4,GB
TX-0007788,C-00588,Sofia Brown,sofia.brown7788@example.com,01/01/2024,905.18,USD,completed,5,AU
TX-0007789,C-00589,Ethan Wilson,ethan.wilson7789@example.com,02/06/2024,95.08,USD,pending,6,DE
TX-0007790,C-00590,Zoe Garcia,zoe.garcia7790@example.com,03/11/2024,2224.25,USD,refunded,7,US
TX-0007791,C-00591,Mateo Nguyen,mateo.nguyen7791@example.com,04/04/2024,2265.00,USD,cancelled,8,CA
TX-0007792,C-00592,Ava Patel,ava.patel7792@example.com,05/09/2024,1763.45,USD,completed,1,GB
TX-0007793,C-00593,Noah Kim,noah.kim7793@example.com,06/02/2024,137.37,USD,pending,2,AU
TX-0007794,C-00594,Mia Martin,mia.martin7794@example.com,07/07/2024,1043.07,USD,refunded,3,DE
TX-0007795,C-00595,Liam Smith,liam.smith7795@example.com,08/12/2024,1101.66,USD,cancelled,4,US
TX-0007796,C-00596,Sofia Brown,sofia.brown7796@example.com,09/05/2024,2476.47,USD,completed,5,CA
TX-0007797,C-00597,  ETHAN WILSON  ,ethan.wilson7797@example.com,10/10/2024,1666.46,USD,pending,6,GB
TX-0007798,C-00598,Zoe Garcia,zoe.garcia7798@example.com,11/03/2024,283.04,USD,refunded,7,AU
TX-0007799,C-00599,Mateo Nguyen,mateo.nguyen7799@example.com,12/08/2024,791.46,USD,cancelled,8,DE
TX-0007800,C-00600,Ava Patel,ava.patel7800@example.com,01/01/2024,20.50,USD,completed,1,US
TX-0007801,C-00601,Noah Kim,noah.kim7801@example.com,02/06/2024,790.31,USD,pending,2,CA
TX-0007802,C-00602,Mia Martin,mia.martin7802@example.com,03/11/2024,621.04,USD,refunded,3,GB
TX-0007803,C-00603,Liam Smith,liam.smith7803@example.com,04/04/2024,2441.17,USD,cancelled,4,AU
TX-0007804,C-00604,Sofia Brown,sofia.brown7804@example.com,05/09/2024,684.37,USD,completed,5,DE
TX-0007805,C-00605,Ethan Wilson,ethan.wilson7805@example.com,06/02/2024,,USD,pending,6,US
TX-0007806,C-00606,Zoe Garcia,zoe.garcia7806@example.com,07/07/2024,1099.96,USD,refunded,7,CA
TX-0007807,C-00607,Mateo Nguyen,mateo.nguyen7807@example.com,08/12/2024,-71.51,USD,cancelled,8,GB
TX-0007808,C-00608,Ava Patel,ava.patel7808@example.com,09/05/2024,1594.49,USD,completed,1,AU
TX-0007809,C-00609,Noah Kim,noah.kim7809@example.com,10/10/2024,1452.65,USD,pending,2,DE
TX-0007810,C-00610,Mia Martin,mia.martin7810@example.com,11/03/2024,2082.06,USD,refunded,3,US
TX-0007811,C-00611,Liam Smith,liam.smith7811@example.com,12/08/2024,1928.25,USD,cancelled,4,CA
TX-0007812,C-00612,Sofia Brown,sofia.brown7812@example.com,01/01/2024,1184.24,USD,completed,5,GB
TX-0007813,C-00613,Ethan Wilson,ethan.wilson7813@example.com,02/06/2024,2279.69,USD,pending,6,AU
TX-0007814,C-00614,Zoe Garcia,zoe.garcia7814@example.com,03/11/2024,327.29,USD,refunded,7,DE
TX-0007815,C-00615,Mateo Nguyen,mateo.nguyen7815@example.com,04/04/2024,1898.99,USD,cancelled,8,US
TX-0007816,C-00616,Ava Patel,ava.patel7816@example.com,05/09/2024,2055.91,USD,completed,1,CA
TX-0007817,C-00617,Noah Kim,noah.kim7817@example.com,06/02/2024,1444.16,USD,pending,2,GB
TX-0007818,C-00618,Mia Martin,mia.martin7818@example.com,07/07/2024,186.50,USD,refunded,3,AU
TX-0007819,C-00619,Liam Smith,liam.smith7819@example.com,08/12/2024,2114.99,USD,cancelled,4,DE
TX-0007820,C-00620,Sofia Brown,sofia.brown7820@example.com,09/05/2024,1962.05,USD,completed,5,US
TX-0007821,C-00621,Ethan Wilson,ethan.wilson7821@example.com,10/10/2024,1606.45,USD,pending,6,CA
TX-0007822,C-00622,Zoe Garcia,zoe.garcia7822@example.com,11/03/2024,2388.62,USD,refunded,7,GB
TX-0007823,C-00623,Mateo Nguyen,mateo.nguyen7823@example.com,12/08/2024,1883.57,USD,cancelled,8,AU
TX-0007824,C-00624,Ava Patel,ava.patel7824@example.com,01/01/2024,2400.90,USD,completed,1,DE
TX-0007825,C-00625,Noah Kim,noah.kim7825@example.com,02/06/2024,46.57,USD,pending,2,US
TX-0007826,C-00626,Mia Martin,mia.martin7826@example.com,03/11/2024,1959.42,USD,refunded,3,CA
TX-0007827,C-00627,Liam Smith,liam.smith7827@example.com,04/04/2024,502.35,USD,cancelled,4,GB
TX-0007828,C-00628,Sofia Brown,sofia.brown7828@example.com,05/09/2024,496.59,USD,completed,5,AU
TX-0007829,C-00629,Ethan Wilson,ethan.wilson7829@example.com,06/02/2024,1203.78,USD,pending,6,DE
TX-0007830,C-00630,Zoe Garcia,zoe.garcia7830@example.com,07/07/2024,1312.63,USD,refunded,7,US
TX-0007831,C-00631,Mateo Nguyen,mateo.nguyen7831@example.com,08/12/2024,1631.41,USD,unknown,8,CA
TX-0007832,C-00632,Ava Patel,ava.patel.invalid,09/05/2024,1638.94,USD,completed,1,GB
TX-0007833,C-00633,Noah Kim,noah.kim7833@example.com,10/10/2024,886.24,USD,pending,2,AU
TX-0007834,C-00634,Mia Martin,mia.martin7834@example.com,11/03/2024,1751.83,USD,refunded,3,DE
TX-0007835,C-00635,Liam Smith,liam.smith7835@example.com,12/08/2024,2448.31,USD,cancelled,4,US
TX-0007836,C-00636,Sofia Brown,sofia.brown7836@example.com,01/01/2024,7.52,USD,completed,5,CA
TX-0007837,C-00637,Ethan Wilson,ethan.wilson7837@example.com,02/06/2024,2011.26,USD,pending,6,GB
TX-0007838,C-00638,Zoe Garcia,zoe.garcia7838@example.com,03/11/2024,2257.33,USD,refunded,7,AU
TX-0007839,C-00639,Mateo Nguyen,mateo.nguyen7839@example.com,04/04/2024,2095.18,USD,cancelled,8,DE
TX-0007840,C-00640,Ava Patel,ava.patel7840@example.com,05/09/2024,782.16,USD,completed,1,US
TX-0007841,C-00641,Noah Kim,noah.kim7841@example.com,06/02/2024,1463.34,USD,pending,2,CA
TX-0007842,C-00642,Mia Martin,mia.martin7842@example.com,07/07/2024,1522.62,USD,refunded,3,GB
TX-0007843,C-00643,Liam Smith,liam.smith7843@example.com,08/12/2024,1845.42,USD,cancelled,4,AU
TX-0007844,C-00644,Sofia Brown,sofia.brown7844@example.com,09/05/2024,858.75,USD,completed,5,DE
TX-0007845,C-00645,Ethan Wilson,ethan.wilson7845@example.com,10/10/2024,978.57,USD,pending,6,US
TX-0007846,C-00646,Zoe Garcia,zoe.garcia7846@example.com,11/03/2024,2133.87,USD,refunded,7,CA
TX-0007847,C-00647,Mateo Nguyen,mateo.nguyen7847@example.com,12/08/2024,1830.99,USD,cancelled,8,GB
TX-0007848,C-00648,Ava Patel,ava.patel7848@example.com,01/01/2024,120.67,USD,completed,1,AU
TX-0007849,C-00649,Noah Kim,noah.kim7849@example.com,02/06/2024,1469.70,USD,pending,2,DE
TX-0007850,C-00650,Mia Martin,mia.martin7850@example.com,03/11/2024,1095.47,USD,COMPLETE,3,US
TX-0007851,C-00651,Liam Smith,liam.smith7851@example.com,04/04/2024,1646.55,USD,cancelled,4,CA
TX-0007852,C-00652,Sofia Brown,sofia.brown7852@example.com,05/09/2024,598.85,USD,completed,5,GB
TX-0007853,C-00653,Ethan Wilson,ethan.wilson7853@example.com,06/02/2024,116.10,USD,pending,6,AU
TX-0007854,C-00654,Zoe Garcia,zoe.garcia7854@example.com,07/07/2024,1051.44,USD,refunded,7,DE
TX-0007855,C-00655,Mateo Nguyen,mateo.nguyen7855@example.com,08/12/2024,1235.75,USD,cancelled,8,US
TX-0007856,C-00656,Ava Patel,ava.patel7856@example.com,09/05/2024,2102.62,USD,completed,1,CA
TX-0007857,C-00657,Noah Kim,,10/10/2024,1520.73,USD,pending,2,GB
TX-0007858,C-00658,Mia Martin,mia.martin7858@example.com,11/03/2024,2275.65,USD,refunded,3,AU
TX-0007859,C-00659,Liam Smith,liam.smith7859@example.com,12/08/2024,1982.98,USD,cancelled,4,DE
TX-0007860,C-00660,Sofia Brown,sofia.brown7860@example.com,01/01/2024,2156.33,USD,completed,5,us
TX-0007861,C-00661,Ethan Wilson,ethan.wilson7861@example.com,02/06/2024,586.97,USD,pending,6,CA
TX-0007862,C-00662,Zoe Garcia,zoe.garcia7862@example.com,03/11/2024,1908.13,USD,refunded,7,GB
TX-0007863,C-00663,Mateo Nguyen,mateo.nguyen7863@example.com,04/04/2024,452.30,USD,cancelled,8,AU
TX-0007864,C-00664,Ava Patel,ava.patel7864@example.com,05/09/2024,782.40,USD,completed,1,DE
TX-0007865,C-00665,Noah Kim,noah.kim7865@example.com,06/02/2024,376.12,USD,pending,2,US
TX-0007866,C-00666,Mia Martin,mia.martin7866@example.com,07/07/2024,2201.62,USD,refunded,3,CA
TX-0007867,C-00667,Liam Smith,liam.smith7867@example.com,08/12/2024,2373.76,USD,cancelled,4,GB
TX-0007868,C-00668,Sofia Brown,sofia.brown7868@example.com,09/05/2024,1890.23,USD,completed,5,AU
TX-0007869,C-00669,Ethan Wilson,ethan.wilson7869@example.com,10/10/2024,934.20,USD,pending,6,DE
TX-0007870,C-00670,Zoe Garcia,zoe.garcia7870@example.com,11/03/2024,1966.84,USD,refunded,7,US
TX-0007871,C-00671,Mateo Nguyen,mateo.nguyen7871@example.com,12/08/2024,58.04,USD,cancelled,8,CA
TX-0007872,C-00672,Ava Patel,ava.patel7872@example.com,01/01/2024,423.31,USD,completed,1,GB
TX-0007873,C-00673,Noah Kim,noah.kim7873@example.com,02/06/2024,1425.95,USD,pending,2,AU
TX-0007874,C-00674,mia martin,mia.martin7874@example.com,03/11/2024,1057.91,USD,refunded,3,DE
TX-0007875,C-00675,Liam Smith,liam.smith7875@example.com,04/04/2024,538.32,USD,cancelled,4,US
TX-0007876,C-00676,Sofia Brown,sofia.brown7876@example.com,05/09/2024,2025.87,USD,completed,5,CA
TX-0007877,C-00677,Ethan Wilson,ethan.wilson7877@example.com,06/02/2024,1847.20,USD,pending,6,GB
TX-0007878,C-00678,Zoe Garcia,zoe.garcia7878@example.com,07/07/2024,237.83,USD,refunded,7,AU
TX-0007879,C-00679,Mateo Nguyen,mateo.nguyen7879@example.com,08/12/2024,60.17,USD,cancelled,8,DE
TX-0007880,C-00680,Ava Patel,ava.patel7880@example.com,09/05/2024,1745.18,USD,completed,1,US
TX-0007881,C-00681,Noah Kim,noah.kim7881@example.com,10/10/2024,2459.41,USD,pending,2,CA
TX-0007882,C-00682,Mia Martin,mia.martin7882@example.com,11/03/2024,1963.69,USD,refunded,3,GB
TX-0007883,C-00683,Liam Smith,liam.smith7883@example.com,12/08/2024,448.14,USD,cancelled,4,AU
TX-0007884,C-00684,Sofia Brown,sofia.brown7884@example.com,01/01/2024,655.52,USD,completed,5,DE
TX-0007885,C-00685,Ethan Wilson,ethan.wilson7885@example.com,02/06/2024,2120.22,USD,pending,6,US
TX-0007886,C-00686,Zoe Garcia,zoe.garcia7886@example.com,03/11/2024,1672.24,USD,refunded,7,CA
TX-0007887,C-00687,Mateo Nguyen,mateo.nguyen7887@example.com,04/04/2024,1280.39,USD,cancelled,8,GB
TX-0007888,C-00688,Ava Patel,ava.patel7888@example.com,05/09/2024,1901.53,USD,completed,1,AU
TX-0007889,C-00689,Noah Kim,noah.kim7889@example.com,06/02/2024,1992.81,USD,pending,2,DE
TX-0007890,C-00690,Mia Martin,mia.martin7890@example.com,07/07/2024,847.79,USD,refunded,3,US
TX-0007891,C-00691,Liam Smith,liam.smith7891@example.com,08/12/2024,1042.97,USD,cancelled,4,CA
TX-0007892,C-00692,Sofia Brown,sofia.brown7892@example.com,09/05/2024,263.24,USD,completed,5,GB
TX-0007893,C-00693,Ethan Wilson,ethan.wilson7893@example.com,10/10/2024,337.85,USD,pending,6,AU
TX-0007894,C-00694,Zoe Garcia,zoe.garcia7894@example.com,11/03/2024,2486.83,USD,refunded,7,DE
TX-0007895,C-00695,Mateo Nguyen,mateo.nguyen7895@example.com,12/08/2024,1072.91,USD,cancelled,8,US
TX-0007896,C-00696,Ava Patel,ava.patel7896@example.com,01/01/2024,1996.48,USD,completed,1,CA
TX-0007897,C-00697,Noah Kim,noah.kim7897@example.com,02/06/2024,416.13,usd,pending,2,GB
TX-0007898,C-00698,Mia Martin,mia.martin7898@example.com,03/11/2024,50.75,USD,refunded,3,AU
TX-0007899,C-00699,Liam Smith,liam.smith7899@example.com,04/04/2024,1767.99,USD,cancelled,4,DE
TX-0007900,C-00700,Sofia Brown,sofia.brown7900@example.com,05/09/2024,871.26,USD,completed,5,US
TX-0007901,C-00701,Ethan Wilson,ethan.wilson7901@example.com,06/02/2024,2398.90,USD,pending,6,CA
TX-0007902,C-00702,Zoe Garcia,zoe.garcia7902@example.com,07/07/2024,2028.15,USD,refunded,7,GB
TX-0007903,C-00703,Mateo Nguyen,mateo.nguyen7903@example.com,08/12/2024,2482.57,USD,cancelled,8,AU
TX-0007904,C-00704,Ava Patel,ava.patel7904@example.com,09/05/2024,648.75,USD,completed,1,DE
TX-0007905,C-00705,Noah Kim,noah.kim7905@example.com,10/10/2024,646.46,USD,pending,2,US
TX-0007906,C-00706,Mia Martin,mia.martin7906@example.com,11/03/2024,1390.38,USD,refunded,3,CA
TX-0007907,C-00707,Liam Smith,liam.smith7907@example.com,12/08/2024,2439.97,USD,cancelled,4,GB
TX-0007908,C-00708,Sofia Brown,sofia.brown7908@example.com,01/01/2024,306.93,USD,completed,5,AU
TX-0007909,C-00709,Ethan Wilson,ethan.wilson7909@example.com,02/06/2024,2184.49,USD,pending,6,DE
TX-0007910,C-00710,  ZOE GARCIA  ,zoe.garcia7910@example.com,03/11/2024,667.24,USD,refunded,7,US
TX-0007911,C-00711,Mateo Nguyen,mateo.nguyen7911@example.com,04/04/2024,2037.98,USD,cancelled,8,CA
TX-0007912,C-00712,Ava Patel,ava.patel7912@example.com,05/09/2024,1306.29,USD,completed,1,GB
TX-0007913,C-00713,Noah Kim,noah.kim7913@example.com,06/02/2024,690.48,USD,pending,2,AU
TX-0007914,C-00714,Mia Martin,mia.martin7914@example.com,07/07/2024,1204.14,USD,refunded,3,DE
TX-0007915,C-00715,Liam Smith,liam.smith7915@example.com,08/12/2024,1667.02,USD,cancelled,4,US
TX-0007916,C-00716,Sofia Brown,sofia.brown7916@example.com,09/05/2024,1098.15,USD,completed,5,CA
TX-0007917,C-00717,Ethan Wilson,ethan.wilson7917@example.com,10/10/2024,2423.80,USD,pending,6,GB
TX-0007918,C-00718,Zoe Garcia,zoe.garcia7918@example.com,11/03/2024,859.70,USD,refunded,7,AU
TX-0007919,C-00719,Mateo Nguyen,mateo.nguyen7919@example.com,12/08/2024,1122.51,USD,cancelled,8,DE
TX-0007920,C-00720,Ava Patel,ava.patel7920@example.com,01/01/2024,2482.45,USD,completed,1,US
TX-0007921,C-00721,Noah Kim,noah.kim.invalid,02/06/2024,2434.14,USD,pending,2,CA
TX-0007922,C-00722,Mia Martin,mia.martin7922@example.com,03/11/2024,1046.50,USD,refunded,3,GB
TX-0007923,C-00723,Liam Smith,liam.smith7923@example.com,04/04/2024,2177.76,USD,cancelled,4,AU
TX-0007924,C-00724,Sofia Brown,sofia.brown7924@example.com,05/09/2024,1088.96,USD,completed,5,DE
TX-0007925,C-00725,Ethan Wilson,ethan.wilson7925@example.com,06/02/2024,1039.38,USD,pending,6,US
TX-0007926,C-00726,Zoe Garcia,zoe.garcia7926@example.com,07/07/2024,350.25,USD,refunded,7,CA
TX-0007927,C-00727,Mateo Nguyen,mateo.nguyen7927@example.com,08/12/2024,185.44,USD,cancelled,8,GB
TX-0007928,C-00728,Ava Patel,ava.patel7928@example.com,09/05/2024,965.64,USD,completed,1,AU
TX-0007929,C-00729,Noah Kim,noah.kim7929@example.com,10/10/2024,535.92,USD,pending,2,DE
TX-0007930,C-00730,Mia Martin,mia.martin7930@example.com,11/03/2024,1668.39,USD,refunded,3,US
TX-0007931,C-00731,Liam Smith,liam.smith7931@example.com,12/08/2024,1636.27,USD,cancelled,4,CA
TX-0007932,C-00732,Sofia Brown,sofia.brown7932@example.com,01/01/2024,2431.92,USD,completed,5,GB
TX-0007933,C-00733,Ethan Wilson,ethan.wilson7933@example.com,02/06/2024,1487.56,USD,pending,6,AU
TX-0007934,C-00734,Zoe Garcia,zoe.garcia7934@example.com,03/11/2024,570.81,USD,refunded,7,DE
TX-0007935,C-00735,Mateo Nguyen,mateo.nguyen7935@example.com,04/04/2024,98.75,USD,cancelled,8,US
TX-0007936,C-00736,Ava Patel,ava.patel7936@example.com,05/09/2024,2266.71,USD,completed,1,CA
TX-0007937,C-00737,Noah Kim,noah.kim7937@example.com,06/02/2024,574.25,USD,pending,2,GB
TX-0007938,C-00738,Mia Martin,mia.martin7938@example.com,07/07/2024,294.52,USD,refunded,3,AU
TX-0007939,C-00739,Liam Smith,liam.smith7939@example.com,08/12/2024,1951.86,USD,cancelled,4,DE
TX-0007940,C-00740,Sofia Brown,sofia.brown7940@example.com,09/05/2024,307.64,USD,completed,5,US
TX-0007941,C-00741,Ethan Wilson,ethan.wilson7941@example.com,10/10/2024,2161.05,USD,pending,6,CA
TX-0007942,C-00742,Zoe Garcia,zoe.garcia7942@example.com,11/03/2024,993.32,USD,refunded,7,GB
TX-0007943,C-00743,Mateo Nguyen,mateo.nguyen7943@example.com,12/08/2024,1404.95,USD,cancelled,8,AU
TX-0007944,C-00744,Ava Patel,ava.patel7944@example.com,01/01/2024,569.66,USD,completed,1,DE
TX-0007945,C-00745,Noah Kim,noah.kim7945@example.com,02/06/2024,1053.86,USD,pending,2,US
TX-0007946,C-00746,Mia Martin,mia.martin7946@example.com,03/11/2024,1958.08,USD,refunded,3,CA
TX-0007947,C-00747,Liam Smith,liam.smith7947@example.com,04/04/2024,1206.51,USD,cancelled,4,GB
TX-0007948,C-00748,Sofia Brown,sofia.brown7948@example.com,05/09/2024,62.94,USD,completed,5,AU
TX-0007949,C-00749,Ethan Wilson,ethan.wilson7949@example.com,06/02/2024,2162.05,USD,pending,6,DE
TX-0007950,C-00750,Zoe Garcia,zoe.garcia7950@example.com,07/07/2024,1239.87,USD,refunded,7,US
TX-0007951,C-00751,Mateo Nguyen,mateo.nguyen7951@example.com,08/12/2024,227.08,USD,cancelled,8,CA
TX-0007952,C-00752,Ava Patel,ava.patel7952@example.com,09/05/2024,536.95,USD,completed,1,GB
TX-0007953,C-00753,Noah Kim,noah.kim7953@example.com,10/10/2024,727.67,USD,pending,2,AU
TX-0007954,C-00754,Mia Martin,,11/03/2024,1091.32,USD,refunded,3,DE
TX-0007955,C-00755,Liam Smith,liam.smith7955@example.com,12/08/2024,463.69,USD,cancelled,4,US
TX-0007956,C-00756,Sofia Brown,sofia.brown7956@example.com,01/01/2024,1499.00,USD,completed,5,CA
TX-0007957,C-00757,Ethan Wilson,ethan.wilson7957@example.com,02/06/2024,1526.19,USD,pending,6,GB
TX-0007958,C-00758,Zoe Garcia,zoe.garcia7958@example.com,03/11/2024,584.53,USD,refunded,7,USA
TX-0007959,C-00759,Mateo Nguyen,mateo.nguyen7959@example.com,04/04/2024,40.33,USD,cancelled,8,DE
TX-0007960,C-00760,Ava Patel,ava.patel7960@example.com,05/09/2024,58.48,USD,completed,1,US
TX-0007961,C-00761,Noah Kim,noah.kim7961@example.com,06/02/2024,1675.15,USD,pending,2,CA
TX-0007962,C-00762,Mia Martin,mia.martin7962@example.com,07/07/2024,927.45,USD,refunded,3,GB
TX-0007963,C-00763,Liam Smith,liam.smith7963@example.com,08/12/2024,2166.14,USD,cancelled,4,AU
TX-0007964,C-00764,Sofia Brown,sofia.brown7964@example.com,09/05/2024,1562.13, USD ,completed,5,DE
TX-0007965,C-00765,Ethan Wilson,ethan.wilson7965@example.com,10/10/2024,283.79,USD,pending,6,US
TX-0007966,C-00766,Zoe Garcia,zoe.garcia7966@example.com,11/03/2024,2056.56,USD,refunded,7,CA
TX-0007967,C-00767,Mateo Nguyen,mateo.nguyen7967@example.com,12/08/2024,2278.57,USD,cancelled,8,GB
TX-0007968,C-00768,Ava Patel,ava.patel7968@example.com,01/01/2024,522.40,USD,completed,1,AU
TX-0007969,C-00769,Noah Kim,noah.kim7969@example.com,02/06/2024,182.38,USD,pending,2,DE
TX-0007970,C-00770,Mia Martin,mia.martin7970@example.com,03/11/2024,1823.95,USD,refunded,3,US
TX-0007971,C-00771,Liam Smith,liam.smith7971@example.com,04/04/2024,1803.72,USD,cancelled,4,CA
TX-0007972,C-00772,Sofia Brown,sofia.brown7972@example.com,05/09/2024,571.84,USD,completed,5,GB
TX-0007973,C-00773,Ethan Wilson,ethan.wilson7973@example.com,06/02/2024,1682.49,USD,pending,6,AU
TX-0007974,C-00774,Zoe Garcia,zoe.garcia7974@example.com,07/07/2024,694.37,USD,refunded,7,DE
TX-0007975,C-00775,Mateo Nguyen,mateo.nguyen7975@example.com,08/12/2024,1125.86,USD,cancelled,8,US
TX-0007976,C-00776,Ava Patel,ava.patel7976@example.com,09/05/2024,2036.36,USD,completed,1,CA
TX-0007977,C-00777,Noah Kim,noah.kim7977@example.com,10/10/2024,1272.83,USD,pending,2,GB
TX-0007978,C-00778,Mia Martin,mia.martin7978@example.com,11/03/2024,1211.38,USD,refunded,3,AU
TX-0007979,C-00779,Liam Smith,liam.smith7979@example.com,12/08/2024,242.25,USD,cancelled,4,DE
TX-0007980,C-00780,Sofia Brown,sofia.brown7980@example.com,01/01/2024,1212.54,USD,completed,5,US
TX-0007981,C-00781,Ethan Wilson,ethan.wilson7981@example.com,02/06/2024,1224.09,USD,pending,6,CA
TX-0007982,C-00782,Zoe Garcia,zoe.garcia7982@example.com,03/11/2024,1411.29,USD,refunded,7,GB
TX-0007983,C-00783,Mateo Nguyen,mateo.nguyen7983@example.com,04/04/2024,2153.25,USD,cancelled,8,AU
TX-0007984,C-00784,Ava Patel,ava.patel7984@example.com,05/09/2024,639.97,USD,completed,1,DE
TX-0007985,C-00785,Noah Kim,noah.kim7985@example.com,06/02/2024,1846.45,USD,pending,2,US
TX-0007986,C-00786,Mia Martin,mia.martin7986@example.com,07/07/2024,80.35,USD,refunded,3,CA
TX-0007987,C-00787,Liam Smith,liam.smith7987@example.com,08/12/2024,1476.49,USD,cancelled,4,GB
TX-0007988,C-00788,Sofia Brown,sofia.brown7988@example.com,09/05/2024,2204.92,USD,completed,5,AU
TX-0007989,C-00789,Ethan Wilson,ethan.wilson7989@example.com,10/10/2024,1209.48,USD,pending,6,DE
TX-0007990,C-00790,Zoe Garcia,zoe.garcia7990@example.com,11/03/2024,1758.71,USD,refunded,7,US
TX-0007991,C-00791,Mateo Nguyen,mateo.nguyen7991@example.com,12/08/2024,836.00,USD,cancelled,8,ca
TX-0007992,C-00792,Ava Patel,ava.patel7992@example.com,01/01/2024,885.40,USD,completed,1,GB
TX-0007993,C-00793,Noah Kim,noah.kim7993@example.com,02/06/2024,1596.91,USD,pending,2,AU
TX-0007994,C-00794,Mia Martin,mia.martin7994@example.com,03/11/2024,1123.76,USD,refunded,3,DE
TX-0007995,C-00795,Liam Smith,liam.smith7995@example.com,04/04/2024,760.91,USD,cancelled,4,US
TX-0007996,C-00796,Sofia Brown,sofia.brown7996@example.com,05/09/2024,415.77,USD,completed,5,CA
TX-0007997,C-00797,Ethan Wilson,ethan.wilson7997@example.com,06/02/2024,1699.95,USD,pending,6,GB
TX-0007998,C-00798,Zoe Garcia,zoe.garcia7998@example.com,07/07/2024,218.95,USD,refunded,7,AU
TX-0007999,C-00799,Mateo Nguyen,mateo.nguyen7999@example.com,08/12/2024,801.82,USD,cancelled,8,DE
TX-0008000,C-00800,Ava Patel,ava.patel8000@example.com,09/05/2024,2481.60,USD,completed,1,US
TX-0008001,C-00801,noah kim,noah.kim8001@example.com,10/10/2024,1462.51,USD,pending,2,CA
TX-0008002,C-00802,Mia Martin,mia.martin8002@example.com,11/03/2024,992.45,USD,refunded,3,GB
TX-0008003,C-00803,Liam Smith,liam.smith8003@example.com,12/08/2024,174.29,USD,cancelled,4,AU
TX-0008004,C-00804,Sofia Brown,sofia.brown8004@example.com,01/01/2024,1269.36,USD,completed,5,DE
TX-0008005,C-00805,Ethan Wilson,ethan.wilson8005@example.com,02/06/2024,1478.65,USD,pending,6,US
TX-0008006,C-00806,Zoe Garcia,zoe.garcia8006@example.com,03/11/2024,1847.40,USD,refunded,7,CA
TX-0008007,C-00807,Mateo Nguyen,mateo.nguyen8007@example.com,04/04/2024,1855.99,USD,COMPLETE,8,GB
TX-0008008,C-00808,Ava Patel,ava.patel8008@example.com,05/09/2024,22.11,USD,completed,1,AU
TX-0008009,C-00809,Noah Kim,noah.kim8009@example.com,06/02/2024,1434.26,USD,pending,2,DE
TX-0008010,C-00810,Mia Martin,mia.martin.invalid,07/07/2024,2283.18,USD,refunded,3,US
TX-0008011,C-00811,Liam Smith,liam.smith8011@example.com,08/12/2024,694.92,USD,cancelled,4,CA
TX-0008012,C-00812,Sofia Brown,sofia.brown8012@example.com,09/05/2024,1872.81,USD,completed,5,GB
TX-0008013,C-00813,Ethan Wilson,ethan.wilson8013@example.com,10/10/2024,1456.22,USD,pending,6,AU
TX-0008014,C-00814,Zoe Garcia,zoe.garcia8014@example.com,11/03/2024,2376.78,USD,refunded,7,DE
TX-0008015,C-00815,Mateo Nguyen,mateo.nguyen8015@example.com,12/08/2024,981.00,USD,cancelled,8,US
TX-0008016,C-00816,Ava Patel,ava.patel8016@example.com,01/01/2024,2247.31,USD,completed,1,CA
TX-0008017,C-00817,Noah Kim,noah.kim8017@example.com,02/06/2024,611.74,USD,pending,2,GB
TX-0008018,C-00818,Mia Martin,mia.martin8018@example.com,03/11/2024,-24.52,USD,refunded,3,AU
TX-0008019,C-00819,Liam Smith,liam.smith8019@example.com,04/04/2024,2366.19,USD,cancelled,4,DE
TX-0008020,C-00820,Sofia Brown,sofia.brown8020@example.com,05/09/2024,1112.34,USD,completed,5,US
TX-0008021,C-00821,Ethan Wilson,ethan.wilson8021@example.com,06/02/2024,953.54,USD,pending,6,CA
TX-0008022,C-00822,Zoe Garcia,zoe.garcia8022@example.com,07/07/2024,2407.38,USD,unknown,7,GB
TX-0008023,C-00823,  MATEO NGUYEN  ,mateo.nguyen8023@example.com,08/12/2024,1162.45,USD,cancelled,8,AU
TX-0008024,C-00824,Ava Patel,ava.patel8024@example.com,09/05/2024,1363.47,USD,completed,1,DE
TX-0008025,C-00825,Noah Kim,noah.kim8025@example.com,10/10/2024,2337.84,USD,pending,2,US
TX-0008026,C-00826,Mia Martin,mia.martin8026@example.com,11/03/2024,937.54,USD,refunded,3,CA
TX-0008027,C-00827,Liam Smith,liam.smith8027@example.com,12/08/2024,296.73,USD,cancelled,4,GB
TX-0008028,C-00828,Sofia Brown,sofia.brown8028@example.com,01/01/2024,,USD,completed,5,AU
TX-0008029,C-00829,Ethan Wilson,ethan.wilson8029@example.com,02/06/2024,1449.86,USD,pending,6,DE
TX-0008030,C-00830,Zoe Garcia,zoe.garcia8030@example.com,03/11/2024,1576.46,USD,refunded,7,US
TX-0008031,C-00831,Mateo Nguyen,mateo.nguyen8031@example.com,04/04/2024,485.10,USD,cancelled,8,CA
TX-0008032,C-00832,Ava Patel,ava.patel8032@example.com,05/09/2024,2364.10,USD,completed,1,GB
TX-0008033,C-00833,Noah Kim,noah.kim8033@example.com,06/02/2024,202.58,USD,pending,2,AU
TX-0008034,C-00834,Mia Martin,mia.martin8034@example.com,07/07/2024,2384.54,USD,refunded,3,DE
TX-0008035,C-00835,Liam Smith,liam.smith8035@example.com,08/12/2024,1845.83,USD,cancelled,4,US
TX-0008036,C-00836,Sofia Brown,sofia.brown8036@example.com,09/05/2024,231.33,USD,completed,5,CA
TX-0008037,C-00837,Ethan Wilson,ethan.wilson8037@example.com,10/10/2024,1944.81,USD,pending,6,GB
TX-0008038,C-00838,Zoe Garcia,zoe.garcia8038@example.com,11/03/2024,1991.23,USD,refunded,7,AU
TX-0008039,C-00839,Mateo Nguyen,mateo.nguyen8039@example.com,12/08/2024,567.99,USD,cancelled,8,DE
TX-0008040,C-00840,Ava Patel,ava.patel8040@example.com,01/01/2024,2133.80,USD,completed,1,US
TX-0008041,C-00841,Noah Kim,noah.kim8041@example.com,02/06/2024,1169.89,USD,pending,2,CA
TX-0008042,C-00842,Mia Martin,mia.martin8042@example.com,03/11/2024,1625.59,USD,refunded,3,GB
TX-0008043,C-00843,Liam Smith,liam.smith8043@example.com,04/04/2024,1956.10,USD,cancelled,4,AU
TX-0008044,C-00844,Sofia Brown,sofia.brown8044@example.com,05/09/2024,162.65,USD,completed,5,DE
TX-0008045,C-00845,Ethan Wilson,ethan.wilson8045@example.com,06/02/2024,723.46,USD,pending,6,US
TX-0008046,C-00846,Zoe Garcia,zoe.garcia8046@example.com,07/07/2024,1883.08,usd,refunded,7,CA
TX-0008047,C-00847,Mateo Nguyen,mateo.nguyen8047@example.com,08/12/2024,2101.75,USD,cancelled,8,GB
TX-0008048,C-00848,Ava Patel,ava.patel8048@example.com,09/05/2024,1733.55,USD,completed,1,AU
TX-0008049,C-00849,Noah Kim,noah.kim8049@example.com,10/10/2024,2458.43,USD,pending,2,DE
TX-0008050,C-00850,Mia Martin,mia.martin8050@example.com,11/03/2024,750.45,USD,refunded,3,US
TX-0008051,C-00851,Liam Smith,,12/08/2024,843.74,USD,cancelled,4,CA
TX-0008052,C-00852,Sofia Brown,sofia.brown8052@example.com,01/01/2024,69.78,USD,completed,5,GB
TX-0008053,C-00853,Ethan Wilson,ethan.wilson8053@example.com,02/06/2024,1506.01,USD,pending,6,AU
TX-0008054,C-00854,Zoe Garcia,zoe.garcia8054@example.com,03/11/2024,1166.87,USD,refunded,7,DE
TX-0008055,C-00855,Mateo Nguyen,mateo.nguyen8055@example.com,04/04/2024,642.38,USD,cancelled,8,US
TX-0008056,C-00856,Ava Patel,ava.patel8056@example.com,05/09/2024,1651.97,USD,completed,1,CA
TX-0008057,C-00857,Noah Kim,noah.kim8057@example.com,06/02/2024,583.30,USD,pending,2,GB
TX-0008058,C-00858,Mia Martin,mia.martin8058@example.com,07/07/2024,1438.00,USD,refunded,3,AU
TX-0008059,C-00859,Liam Smith,liam.smith8059@example.com,08/12/2024,62.47,USD,cancelled,4,DE
TX-0008060,C-00860,Sofia Brown,sofia.brown8060@example.com,09/05/2024,1808.80,USD,completed,5,US
TX-0008061,C-00861,Ethan Wilson,ethan.wilson8061@example.com,10/10/2024,950.63,USD,pending,6,CA
TX-0008062,C-00862,Zoe Garcia,zoe.garcia8062@example.com,11/03/2024,2415.74,USD,refunded,7,GB
TX-0008063,C-00863,Mateo Nguyen,mateo.nguyen8063@example.com,12/08/2024,661.85,USD,cancelled,8,AU
TX-0008064,C-00864,Ava Patel,ava.patel8064@example.com,01/01/2024,2459.09,USD,completed,1,DE
TX-0008065,C-00865,Noah Kim,noah.kim8065@example.com,02/06/2024,828.83,USD,pending,2,US
TX-0008066,C-00866,Mia Martin,mia.martin8066@example.com,03/11/2024,1434.50,USD,refunded,3,CA
TX-0008067,C-00867,Liam Smith,liam.smith8067@example.com,04/04/2024,1907.16,USD,cancelled,4,GB
TX-0008068,C-00868,Sofia Brown,sofia.brown8068@example.com,05/09/2024,1878.62,USD,completed,5,AU
TX-0008069,C-00869,Ethan Wilson,ethan.wilson8069@example.com,06/02/2024,658.77,USD,pending,6,DE
TX-0008070,C-00870,Zoe Garcia,zoe.garcia8070@example.com,07/07/2024,816.67,USD,refunded,7,US
TX-0008071,C-00871,Mateo Nguyen,mateo.nguyen8071@example.com,08/12/2024,2184.53,USD,cancelled,8,CA
TX-0008072,C-00872,Ava Patel,ava.patel8072@example.com,09/05/2024,789.80,USD,completed,1,GB
TX-0008073,C-00873,Noah Kim,noah.kim8073@example.com,10/10/2024,1084.86,USD,pending,2,AU
TX-0008074,C-00874,Mia Martin,mia.martin8074@example.com,11/03/2024,1565.30,USD,refunded,3,DE
TX-0008075,C-00875,Liam Smith,liam.smith8075@example.com,12/08/2024,434.06,USD,cancelled,4,US
TX-0008076,C-00876,Sofia Brown,sofia.brown8076@example.com,01/01/2024,1636.49,USD,completed,5,CA
TX-0008077,C-00877,Ethan Wilson,ethan.wilson8077@example.com,02/06/2024,776.72,USD,pending,6,GB
TX-0008078,C-00878,Zoe Garcia,zoe.garcia8078@example.com,03/11/2024,2048.74,USD,refunded,7,AU
TX-0008079,C-00879,Mateo Nguyen,mateo.nguyen8079@example.com,04/04/2024,1199.08,USD,cancelled,8,DE
TX-0008080,C-00880,Ava Patel,ava.patel8080@example.com,05/09/2024,1202.07,USD,completed,1,US
TX-0008081,C-00881,Noah Kim,noah.kim8081@example.com,06/02/2024,1987.82,USD,pending,2,CA
TX-0008082,C-00882,Mia Martin,mia.martin8082@example.com,07/07/2024,1358.31,USD,refunded,3,GB
TX-0008083,C-00883,Liam Smith,liam.smith8083@example.com,08/12/2024,232.96,USD,cancelled,4,AU
TX-0008084,C-00884,Sofia Brown,sofia.brown8084@example.com,09/05/2024,597.87,USD,completed,5,DE
TX-0008085,C-00885,Ethan Wilson,ethan.wilson8085@example.com,10/10/2024,545.46,USD,pending,6,US
TX-0008086,C-00886,Zoe Garcia,zoe.garcia8086@example.com,11/03/2024,568.47,USD,refunded,7,CA
TX-0008087,C-00887,Mateo Nguyen,mateo.nguyen8087@example.com,12/08/2024,640.49,USD,cancelled,8,GB
TX-0008088,C-00888,Ava Patel,ava.patel8088@example.com,01/01/2024,1384.23,USD,completed,1,AU
TX-0008089,C-00889,Noah Kim,noah.kim8089@example.com,02/06/2024,250.84,USD,pending,2,DE
TX-0008090,C-00890,Mia Martin,mia.martin8090@example.com,03/11/2024,1881.22,USD,refunded,3,US
TX-0008091,C-00891,Liam Smith,liam.smith8091@example.com,04/04/2024,64.75,USD,cancelled,4,CA
TX-0008092,C-00892,Sofia Brown,sofia.brown8092@example.com,05/09/2024,1391.66,USD,completed,5,GB
TX-0008093,C-00893,Ethan Wilson,ethan.wilson8093@example.com,06/02/2024,126.83,USD,pending,6,AU
TX-0008094,C-00894,Zoe Garcia,zoe.garcia8094@example.com,07/07/2024,1849.26,USD,refunded,7,DE
TX-0008095,C-00895,Mateo Nguyen,mateo.nguyen8095@example.com,08/12/2024,1730.95,USD,cancelled,8,US
TX-0008096,C-00896,Ava Patel,ava.patel8096@example.com,09/05/2024,1264.34,USD,completed,1,CA
TX-0008097,C-00897,Noah Kim,noah.kim8097@example.com,10/10/2024,1869.87,USD,pending,2,GB
TX-0008098,C-00898,Mia Martin,mia.martin8098@example.com,11/03/2024,2400.65,USD,refunded,3,AU
TX-0008099,C-00899,Liam Smith,liam.smith.invalid,12/08/2024,1756.21,USD,cancelled,4,DE
TX-0008100,C-00900,Sofia Brown,sofia.brown8100@example.com,01/01/2024,2270.10,USD,completed,5,US
TX-0008101,C-00901,Ethan Wilson,ethan.wilson8101@example.com,02/06/2024,1655.93,USD,pending,6,CA
TX-0008102,C-00902,Zoe Garcia,zoe.garcia8102@example.com,03/11/2024,455.43,USD,refunded,7,GB
TX-0008103,C-00903,Mateo Nguyen,mateo.nguyen8103@example.com,04/04/2024,1793.84,USD,cancelled,8,AU
TX-0008104,C-00904,Ava Patel,ava.patel8104@example.com,05/09/2024,2444.88,USD,completed,1,DE
TX-0008105,C-00905,Noah Kim,noah.kim8105@example.com,06/02/2024,1617.33,USD,pending,2,US
TX-0008106,C-00906,Mia Martin,mia.martin8106@example.com,07/07/2024,2315.51,USD,refunded,3,CA
TX-0008107,C-00907,Liam Smith,liam.smith8107@example.com,08/12/2024,1705.00,USD,cancelled,4,GB
TX-0008108,C-00908,Sofia Brown,sofia.brown8108@example.com,09/05/2024,638.72,USD,completed,5,AU
TX-0008109,C-00909,Ethan Wilson,ethan.wilson8109@example.com,10/10/2024,1514.47,USD,pending,6,DE
TX-0008110,C-00910,Zoe Garcia,zoe.garcia8110@example.com,11/03/2024,717.89,USD,refunded,7,US
TX-0008111,C-00911,Mateo Nguyen,mateo.nguyen8111@example.com,12/08/2024,332.59,USD,cancelled,8,CA
TX-0008112,C-00912,Ava Patel,ava.patel8112@example.com,01/01/2024,1465.40,USD,completed,1,GB
TX-0008113,C-00913,Noah Kim,noah.kim8113@example.com,02/06/2024,2161.03,USD,pending,2,AU
TX-0008114,C-00914,Mia Martin,mia.martin8114@example.com,03/11/2024,197.13,USD,refunded,3,DE
TX-0008115,C-00915,Liam Smith,liam.smith8115@example.com,04/04/2024,1196.84,USD,cancelled,4,US
TX-0008116,C-00916,Sofia Brown,sofia.brown8116@example.com,05/09/2024,2390.44,USD,completed,5,CA
TX-0008117,C-00917,Ethan Wilson,ethan.wilson8117@example.com,06/02/2024,2317.37,USD,pending,6,GB
TX-0008118,C-00918,Zoe Garcia,zoe.garcia8118@example.com,07/07/2024,266.06,USD,refunded,7,AU
TX-0008119,C-00919,Mateo Nguyen,mateo.nguyen8119@example.com,08/12/2024,646.62,USD,cancelled,8,DE
TX-0008120,C-00920,Ava Patel,ava.patel8120@example.com,09/05/2024,2068.41,USD,completed,1,US
TX-0008121,C-00921,Noah Kim,noah.kim8121@example.com,10/10/2024,1565.56,USD,pending,2,CA
TX-0008122,C-00922,Mia Martin,mia.martin8122@example.com,11/03/2024,1400.23,USD,refunded,3,gb
TX-0008123,C-00923,Liam Smith,liam.smith8123@example.com,12/08/2024,1978.37,USD,cancelled,4,AU
TX-0008124,C-00924,Sofia Brown,sofia.brown8124@example.com,01/01/2024,241.50,USD,completed,5,DE
TX-0008125,C-00925,Ethan Wilson,ethan.wilson8125@example.com,02/06/2024,1084.93,USD,pending,6,US
TX-0008126,C-00926,Zoe Garcia,zoe.garcia8126@example.com,03/11/2024,403.37,USD,refunded,7,CA
TX-0008127,C-00927,Mateo Nguyen,mateo.nguyen8127@example.com,04/04/2024,1669.79,USD,cancelled,8,GB
TX-0008128,C-00928,ava patel,ava.patel8128@example.com,05/09/2024,236.64,USD,completed,1,AU
TX-0008129,C-00929,Noah Kim,noah.kim8129@example.com,06/02/2024,364.28,USD,pending,2,DE
TX-0008130,C-00930,Mia Martin,mia.martin8130@example.com,07/07/2024,915.10,USD,refunded,3,US
TX-0008131,C-00931,Liam Smith,liam.smith8131@example.com,08/12/2024,1476.48,USD,cancelled,4,USA
TX-0008132,C-00932,Sofia Brown,sofia.brown8132@example.com,09/05/2024,186.11,USD,completed,5,GB
TX-0008133,C-00933,Ethan Wilson,ethan.wilson8133@example.com,10/10/2024,1150.51,USD,pending,6,AU
TX-0008134,C-00934,Zoe Garcia,zoe.garcia8134@example.com,11/03/2024,180.21,USD,refunded,7,DE
TX-0008135,C-00935,Mateo Nguyen,mateo.nguyen8135@example.com,12/08/2024,23.34,USD,cancelled,8,US
TX-0008136,C-00936,  AVA PATEL  ,ava.patel8136@example.com,01/01/2024,8.72,USD,completed,1,CA
TX-0008137,C-00937,Noah Kim,noah.kim8137@example.com,02/06/2024,1375.34,USD,pending,2,GB
TX-0008138,C-00938,Mia Martin,mia.martin8138@example.com,03/11/2024,1151.20,USD,refunded,3,AU
TX-0008139,C-00939,Liam Smith,liam.smith8139@example.com,04/04/2024,1905.02,USD,cancelled,4,DE
TX-0008140,C-00940,Sofia Brown,sofia.brown8140@example.com,05/09/2024,174.46,USD,completed,5,US
TX-0008141,C-00941,Ethan Wilson,ethan.wilson8141@example.com,06/02/2024,1234.87,USD,pending,6,CA
TX-0008142,C-00942,Zoe Garcia,zoe.garcia8142@example.com,07/07/2024,2337.24,USD,refunded,7,GB
TX-0008143,C-00943,Mateo Nguyen,mateo.nguyen8143@example.com,08/12/2024,8.93,USD,cancelled,8,AU
TX-0008144,C-00944,Ava Patel,ava.patel8144@example.com,09/05/2024,1675.82,USD,completed,1,DE
TX-0008145,C-00945,Noah Kim,noah.kim8145@example.com,10/10/2024,1691.79, USD ,pending,2,US
TX-0008146,C-00946,Mia Martin,mia.martin8146@example.com,11/03/2024,1251.99,USD,refunded,3,CA
TX-0008147,C-00947,Liam Smith,liam.smith8147@example.com,12/08/2024,765.39,USD,cancelled,4,GB
TX-0008148,C-00948,Sofia Brown,,01/01/2024,927.85,USD,completed,5,AU
TX-0008149,C-00949,Ethan Wilson,ethan.wilson8149@example.com,02/06/2024,1264.67,USD,pending,6,DE
TX-0008150,C-00950,Zoe Garcia,zoe.garcia8150@example.com,03/11/2024,2194.65,USD,refunded,7,US
TX-0008151,C-00951,Mateo Nguyen,mateo.nguyen8151@example.com,04/04/2024,377.80,USD,cancelled,8,CA
TX-0008152,C-00952,Ava Patel,ava.patel8152@example.com,05/09/2024,1392.49,USD,completed,1,GB
TX-0008153,C-00953,Noah Kim,noah.kim8153@example.com,06/02/2024,703.62,USD,pending,2,AU
TX-0008154,C-00954,Mia Martin,mia.martin8154@example.com,07/07/2024,2066.43,USD,refunded,3,DE
TX-0008155,C-00955,Liam Smith,liam.smith8155@example.com,08/12/2024,2321.95,USD,cancelled,4,US
TX-0008156,C-00956,Sofia Brown,sofia.brown8156@example.com,09/05/2024,2418.31,USD,completed,5,CA
TX-0008157,C-00957,Ethan Wilson,ethan.wilson8157@example.com,10/10/2024,1848.02,USD,pending,6,GB
TX-0008158,C-00958,Zoe Garcia,zoe.garcia8158@example.com,11/03/2024,1203.45,USD,refunded,7,AU
TX-0008159,C-00959,Mateo Nguyen,mateo.nguyen8159@example.com,12/08/2024,550.76,USD,cancelled,8,DE
TX-0008160,C-00960,Ava Patel,ava.patel8160@example.com,01/01/2024,1686.32,USD,completed,1,US
TX-0008161,C-00961,Noah Kim,noah.kim8161@example.com,02/06/2024,2396.27,USD,pending,2,CA
TX-0008162,C-00962,Mia Martin,mia.martin8162@example.com,03/11/2024,1845.59,USD,refunded,3,GB
TX-0008163,C-00963,Liam Smith,liam.smith8163@example.com,04/04/2024,1486.13,USD,cancelled,4,AU
TX-0008164,C-00964,Sofia Brown,sofia.brown8164@example.com,05/09/2024,1935.81,USD,COMPLETE,5,DE
TX-0008165,C-00965,Ethan Wilson,ethan.wilson8165@example.com,06/02/2024,1165.61,USD,pending,6,US
TX-0008166,C-00966,Zoe Garcia,zoe.garcia8166@example.com,07/07/2024,220.89,USD,refunded,7,CA
TX-0008167,C-00967,Mateo Nguyen,mateo.nguyen8167@example.com,08/12/2024,1378.75,USD,cancelled,8,GB
TX-0008168,C-00968,Ava Patel,ava.patel8168@example.com,09/05/2024,47.71,USD,completed,1,AU
TX-0008169,C-00969,Noah Kim,noah.kim8169@example.com,10/10/2024,294.44,USD,pending,2,DE
TX-0008170,C-00970,Mia Martin,mia.martin8170@example.com,11/03/2024,1925.85,USD,refunded,3,US
TX-0008171,C-00971,Liam Smith,liam.smith8171@example.com,12/08/2024,602.13,USD,cancelled,4,CA
TX-0008172,C-00972,Sofia Brown,sofia.brown8172@example.com,01/01/2024,1234.09,USD,completed,5,GB
TX-0008173,C-00973,Ethan Wilson,ethan.wilson8173@example.com,02/06/2024,1380.66,USD,pending,6,AU
TX-0008174,C-00974,Zoe Garcia,zoe.garcia8174@example.com,03/11/2024,1064.23,USD,refunded,7,DE
TX-0008175,C-00975,Mateo Nguyen,mateo.nguyen8175@example.com,04/04/2024,1020.78,USD,cancelled,8,US
TX-0008176,C-00976,Ava Patel,ava.patel8176@example.com,05/09/2024,1773.65,USD,completed,1,CA
TX-0008177,C-00977,Noah Kim,noah.kim8177@example.com,06/02/2024,1021.51,USD,pending,2,GB
TX-0008178,C-00978,Mia Martin,mia.martin8178@example.com,07/07/2024,296.98,USD,refunded,3,AU
TX-0008179,C-00979,Liam Smith,liam.smith8179@example.com,08/12/2024,1187.64,USD,cancelled,4,DE
TX-0008180,C-00980,Sofia Brown,sofia.brown8180@example.com,09/05/2024,1966.43,USD,completed,5,US
TX-0008181,C-00981,Ethan Wilson,ethan.wilson8181@example.com,10/10/2024,1529.01,USD,pending,6,CA
TX-0008182,C-00982,Zoe Garcia,zoe.garcia8182@example.com,11/03/2024,2392.68,USD,refunded,7,GB
TX-0008183,C-00983,Mateo Nguyen,mateo.nguyen8183@example.com,12/08/2024,2491.06,USD,cancelled,8,AU
TX-0008184,C-00984,Ava Patel,ava.patel8184@example.com,01/01/2024,2110.84,USD,completed,1,DE
TX-0008185,C-00985,Noah Kim,noah.kim8185@example.com,02/06/2024,1241.53,USD,pending,2,US
TX-0008186,C-00986,Mia Martin,mia.martin8186@example.com,03/11/2024,251.01,USD,refunded,3,CA
TX-0008187,C-00987,Liam Smith,liam.smith8187@example.com,04/04/2024,1635.00,USD,cancelled,4,GB
TX-0008188,C-00988,Sofia Brown,sofia.brown.invalid,05/09/2024,804.91,USD,completed,5,AU
TX-0008189,C-00989,Ethan Wilson,ethan.wilson8189@example.com,06/02/2024,792.92,USD,pending,6,DE
TX-0008190,C-00990,Zoe Garcia,zoe.garcia8190@example.com,07/07/2024,692.29,USD,refunded,7,US
TX-0008191,C-00991,Mateo Nguyen,mateo.nguyen8191@example.com,08/12/2024,2437.47,USD,cancelled,8,CA
TX-0008192,C-00992,Ava Patel,ava.patel8192@example.com,09/05/2024,2152.98,USD,completed,1,GB
TX-0008193,C-00993,Noah Kim,noah.kim8193@example.com,10/10/2024,2304.06,USD,pending,2,AU
TX-0008194,C-00994,Mia Martin,mia.martin8194@example.com,11/03/2024,899.80,USD,refunded,3,DE
TX-0008195,C-00995,Liam Smith,liam.smith8195@example.com,12/08/2024,2312.72,usd,cancelled,4,US
TX-0008196,C-00996,Sofia Brown,sofia.brown8196@example.com,01/01/2024,1175.14,USD,completed,5,CA
TX-0008197,C-00997,Ethan Wilson,ethan.wilson8197@example.com,02/06/2024,1706.06,USD,pending,6,GB
TX-0008198,C-00998,Zoe Garcia,zoe.garcia8198@example.com,03/11/2024,988.12,USD,refunded,7,AU
TX-0008199,C-00999,Mateo Nguyen,mateo.nguyen8199@example.com,04/04/2024,511.00,USD,cancelled,8,DE
TX-0008200,C-01000,Ava Patel,ava.patel8200@example.com,05/09/2024,2117.37,USD,completed,1,US
TX-0008201,C-01001,Noah Kim,noah.kim8201@example.com,06/02/2024,1519.92,USD,pending,2,CA
TX-0008202,C-01002,Mia Martin,mia.martin8202@example.com,07/07/2024,966.30,USD,refunded,3,GB
TX-0008203,C-01003,Liam Smith,liam.smith8203@example.com,08/12/2024,1464.60,USD,cancelled,4,AU
TX-0008204,C-01004,Sofia Brown,sofia.brown8204@example.com,09/05/2024,1905.98,USD,completed,5,DE
TX-0008205,C-01005,Ethan Wilson,ethan.wilson8205@example.com,10/10/2024,1433.81,USD,pending,6,US
TX-0008206,C-01006,Zoe Garcia,zoe.garcia8206@example.com,11/03/2024,1695.52,USD,refunded,7,CA
TX-0008207,C-01007,Mateo Nguyen,mateo.nguyen8207@example.com,12/08/2024,1748.35,USD,cancelled,8,GB
TX-0008208,C-01008,Ava Patel,ava.patel8208@example.com,01/01/2024,1359.21,USD,completed,1,AU
TX-0008209,C-01009,Noah Kim,noah.kim8209@example.com,02/06/2024,296.68,USD,pending,2,DE
TX-0008210,C-01010,Mia Martin,mia.martin8210@example.com,03/11/2024,1576.83,USD,refunded,3,US
TX-0008211,C-01011,Liam Smith,liam.smith8211@example.com,04/04/2024,108.96,USD,cancelled,4,CA
TX-0008212,C-01012,Sofia Brown,sofia.brown8212@example.com,05/09/2024,1146.87,USD,completed,5,GB
TX-0008213,C-01013,Ethan Wilson,ethan.wilson8213@example.com,06/02/2024,1684.05,USD,unknown,6,AU
TX-0008214,C-01014,Zoe Garcia,zoe.garcia8214@example.com,07/07/2024,1728.44,USD,refunded,7,DE
TX-0008215,C-01015,Mateo Nguyen,mateo.nguyen8215@example.com,08/12/2024,2133.27,USD,cancelled,8,US
TX-0008216,C-01016,Ava Patel,ava.patel8216@example.com,09/05/2024,850.67,USD,completed,1,CA
TX-0008217,C-01017,Noah Kim,noah.kim8217@example.com,10/10/2024,188.73,USD,pending,2,GB
TX-0008218,C-01018,Mia Martin,mia.martin8218@example.com,11/03/2024,2212.96,USD,refunded,3,AU
TX-0008219,C-01019,Liam Smith,liam.smith8219@example.com,12/08/2024,483.82,USD,cancelled,4,DE
TX-0008220,C-01020,Sofia Brown,sofia.brown8220@example.com,01/01/2024,1586.27,USD,completed,5,US
TX-0008221,C-01021,Ethan Wilson,ethan.wilson8221@example.com,02/06/2024,2045.19,USD,pending,6,CA
TX-0008222,C-01022,Zoe Garcia,zoe.garcia8222@example.com,03/11/2024,38.46,USD,refunded,7,GB
TX-0008223,C-01023,Mateo Nguyen,mateo.nguyen8223@example.com,04/04/2024,2149.26,USD,cancelled,8,AU
TX-0008224,C-01024,Ava Patel,ava.patel8224@example.com,05/09/2024,242.47,USD,completed,1,DE
TX-0008225,C-01025,Noah Kim,noah.kim8225@example.com,06/02/2024,9.24,USD,pending,2,US
TX-0008226,C-01026,Mia Martin,mia.martin8226@example.com,07/07/2024,17.44,USD,refunded,3,CA
TX-0008227,C-01027,Liam Smith,liam.smith8227@example.com,08/12/2024,1333.29,USD,cancelled,4,GB
TX-0008228,C-01028,Sofia Brown,sofia.brown8228@example.com,09/05/2024,425.15,USD,completed,5,AU
TX-0008229,C-01029,Ethan Wilson,ethan.wilson8229@example.com,10/10/2024,-30.43,USD,pending,6,DE
TX-0008230,C-01030,Zoe Garcia,zoe.garcia8230@example.com,11/03/2024,1400.65,USD,refunded,7,US
TX-0008231,C-01031,Mateo Nguyen,mateo.nguyen8231@example.com,12/08/2024,1053.04,USD,cancelled,8,CA
TX-0008232,C-01032,Ava Patel,ava.patel8232@example.com,01/01/2024,2441.25,USD,completed,1,GB
TX-0008233,C-01033,Noah Kim,noah.kim8233@example.com,02/06/2024,657.03,USD,pending,2,AU
TX-0008234,C-01034,Mia Martin,mia.martin8234@example.com,03/11/2024,619.13,USD,refunded,3,DE
TX-0008235,C-01035,Liam Smith,liam.smith8235@example.com,04/04/2024,304.15,USD,cancelled,4,US
TX-0008236,C-01036,Sofia Brown,sofia.brown8236@example.com,05/09/2024,713.87,USD,completed,5,CA
TX-0008237,C-01037,Ethan Wilson,ethan.wilson8237@example.com,06/02/2024,1286.14,USD,pending,6,GB
TX-0008238,C-01038,Zoe Garcia,zoe.garcia8238@example.com,07/07/2024,2027.00,USD,refunded,7,AU
TX-0008239,C-01039,Mateo Nguyen,mateo.nguyen8239@example.com,08/12/2024,1535.71,USD,cancelled,8,DE
TX-0008240,C-01040,Ava Patel,ava.patel8240@example.com,09/05/2024,1172.62,USD,completed,1,US
TX-0008241,C-01041,Noah Kim,noah.kim8241@example.com,10/10/2024,2074.96,USD,pending,2,CA
TX-0008242,C-01042,Mia Martin,mia.martin8242@example.com,11/03/2024,2450.33,USD,refunded,3,GB
TX-0008243,C-01043,Liam Smith,liam.smith8243@example.com,12/08/2024,1510.13,USD,cancelled,4,AU
TX-0008244,C-01044,Sofia Brown,sofia.brown8244@example.com,01/01/2024,1047.11,USD,completed,5,DE
TX-0008245,C-01045,Ethan Wilson,,02/06/2024,520.87,USD,pending,6,US
TX-0008246,C-01046,Zoe Garcia,zoe.garcia8246@example.com,03/11/2024,536.59,USD,refunded,7,CA
TX-0008247,C-01047,Mateo Nguyen,mateo.nguyen8247@example.com,04/04/2024,464.32,USD,cancelled,8,GB
TX-0008248,C-01048,Ava Patel,ava.patel8248@example.com,05/09/2024,496.91,USD,completed,1,AU
TX-0008249,C-01049,  NOAH KIM  ,noah.kim8249@example.com,06/02/2024,175.07,USD,pending,2,DE
TX-0008250,C-01050,Mia Martin,mia.martin8250@example.com,07/07/2024,643.00,USD,refunded,3,US
TX-0008251,C-01051,Liam Smith,liam.smith8251@example.com,08/12/2024,,USD,cancelled,4,CA
TX-0008252,C-01052,Sofia Brown,sofia.brown8252@example.com,09/05/2024,1650.64,USD,completed,5,GB
TX-0008253,C-01053,Ethan Wilson,ethan.wilson8253@example.com,10/10/2024,2448.60,USD,pending,6,au
TX-0008254,C-01054,Zoe Garcia,zoe.garcia8254@example.com,11/03/2024,442.44,USD,refunded,7,DE
TX-0008255,C-01055,mateo nguyen,mateo.nguyen8255@example.com,12/08/2024,520.52,USD,cancelled,8,US
TX-0008256,C-01056,Ava Patel,ava.patel8256@example.com,01/01/2024,2369.03,USD,completed,1,CA
TX-0008257,C-01057,Noah Kim,noah.kim8257@example.com,02/06/2024,939.26,USD,pending,2,GB
TX-0008258,C-01058,Mia Martin,mia.martin8258@example.com,03/11/2024,842.54,USD,refunded,3,AU
TX-0008259,C-01059,Liam Smith,liam.smith8259@example.com,04/04/2024,86.82,USD,cancelled,4,DE
TX-0008260,C-01060,Sofia Brown,sofia.brown8260@example.com,05/09/2024,28.37,USD,completed,5,US
TX-0008261,C-01061,Ethan Wilson,ethan.wilson8261@example.com,06/02/2024,344.67,USD,pending,6,CA
TX-0008262,C-01062,Zoe Garcia,zoe.garcia8262@example.com,07/07/2024,2361.97,USD,refunded,7,GB
TX-0008263,C-01063,Mateo Nguyen,mateo.nguyen8263@example.com,08/12/2024,2216.12,USD,cancelled,8,AU
TX-0008264,C-01064,Ava Patel,ava.patel8264@example.com,09/05/2024,960.30,USD,completed,1,DE
TX-0008265,C-01065,Noah Kim,noah.kim8265@example.com,10/10/2024,958.24,USD,pending,2,US
TX-0008266,C-01066,Mia Martin,mia.martin8266@example.com,11/03/2024,2014.83,USD,refunded,3,CA
TX-0008267,C-01067,Liam Smith,liam.smith8267@example.com,12/08/2024,1857.18,USD,cancelled,4,GB
TX-0008268,C-01068,Sofia Brown,sofia.brown8268@example.com,01/01/2024,347.66,USD,completed,5,AU
TX-0008269,C-01069,Ethan Wilson,ethan.wilson8269@example.com,02/06/2024,1342.88,USD,pending,6,DE
TX-0008270,C-01070,Zoe Garcia,zoe.garcia8270@example.com,03/11/2024,402.19,USD,refunded,7,US
TX-0008271,C-01071,Mateo Nguyen,mateo.nguyen8271@example.com,04/04/2024,1752.31,USD,cancelled,8,CA
TX-0008272,C-01072,Ava Patel,ava.patel8272@example.com,05/09/2024,499.59,USD,completed,1,GB
TX-0008273,C-01073,Noah Kim,noah.kim8273@example.com,06/02/2024,301.45,USD,pending,2,AU
TX-0008274,C-01074,Mia Martin,mia.martin8274@example.com,07/07/2024,1298.12,USD,refunded,3,DE
TX-0008275,C-01075,Liam Smith,liam.smith8275@example.com,08/12/2024,1306.46,USD,cancelled,4,US
TX-0008276,C-01076,Sofia Brown,sofia.brown8276@example.com,09/05/2024,2352.82,USD,completed,5,CA
TX-0008277,C-01077,Ethan Wilson,ethan.wilson.invalid,10/10/2024,2362.24,USD,pending,6,GB
TX-0008278,C-01078,Zoe Garcia,zoe.garcia8278@example.com,11/03/2024,1982.94,USD,refunded,7,AU
TX-0008279,C-01079,Mateo Nguyen,mateo.nguyen8279@example.com,12/08/2024,447.68,USD,cancelled,8,DE
TX-0008280,C-01080,Ava Patel,ava.patel8280@example.com,01/01/2024,2314.08,USD,completed,1,US
TX-0008281,C-01081,Noah Kim,noah.kim8281@example.com,02/06/2024,193.03,USD,pending,2,CA
TX-0008282,C-01082,Mia Martin,mia.martin8282@example.com,03/11/2024,1939.87,USD,refunded,3,GB
TX-0008283,C-01083,Liam Smith,liam.smith8283@example.com,04/04/2024,99.49,USD,cancelled,4,AU
TX-0008284,C-01084,Sofia Brown,sofia.brown8284@example.com,05/09/2024,1933.83,USD,completed,5,DE
TX-0008285,C-01085,Ethan Wilson,ethan.wilson8285@example.com,06/02/2024,60.54,USD,pending,6,US
TX-0008286,C-01086,Zoe Garcia,zoe.garcia8286@example.com,07/07/2024,1465.09,USD,refunded,7,CA
TX-0008287,C-01087,Mateo Nguyen,mateo.nguyen8287@example.com,08/12/2024,386.90,USD,cancelled,8,GB
TX-0008288,C-01088,Ava Patel,ava.patel8288@example.com,09/05/2024,2225.47,USD,completed,1,AU
TX-0008289,C-01089,Noah Kim,noah.kim8289@example.com,10/10/2024,1577.25,USD,pending,2,DE
TX-0008290,C-01090,Mia Martin,mia.martin8290@example.com,11/03/2024,525.34,USD,refunded,3,US
TX-0008291,C-01091,Liam Smith,liam.smith8291@example.com,12/08/2024,610.93,USD,cancelled,4,CA
TX-0008292,C-01092,Sofia Brown,sofia.brown8292@example.com,01/01/2024,2431.85,USD,completed,5,GB
TX-0008293,C-01093,Ethan Wilson,ethan.wilson8293@example.com,02/06/2024,2115.54,USD,pending,6,AU
TX-0008294,C-01094,Zoe Garcia,zoe.garcia8294@example.com,03/11/2024,2318.94,USD,refunded,7,DE
TX-0008295,C-01095,Mateo Nguyen,mateo.nguyen8295@example.com,04/04/2024,71.38,USD,cancelled,8,US
TX-0008296,C-01096,Ava Patel,ava.patel8296@example.com,05/09/2024,2433.81,USD,completed,1,CA
TX-0008297,C-01097,Noah Kim,noah.kim8297@example.com,06/02/2024,2150.39,USD,pending,2,GB
TX-0008298,C-01098,Mia Martin,mia.martin8298@example.com,07/07/2024,1761.13,USD,refunded,3,AU
TX-0008299,C-01099,Liam Smith,liam.smith8299@example.com,08/12/2024,837.41,USD,cancelled,4,DE
TX-0008300,C-01100,Sofia Brown,sofia.brown8300@example.com,09/05/2024,1362.50,USD,completed,5,US
TX-0008301,C-01101,Ethan Wilson,ethan.wilson8301@example.com,10/10/2024,1230.52,USD,pending,6,CA
TX-0008302,C-01102,Zoe Garcia,zoe.garcia8302@example.com,11/03/2024,1847.68,USD,refunded,7,GB
TX-0008303,C-01103,Mateo Nguyen,mateo.nguyen8303@example.com,12/08/2024,1187.07,USD,cancelled,8,AU
TX-0008304,C-01104,Ava Patel,ava.patel8304@example.com,01/01/2024,1479.73,USD,completed,1,USA
TX-0008305,C-01105,Noah Kim,noah.kim8305@example.com,02/06/2024,2482.63,USD,pending,2,US
TX-0008306,C-01106,Mia Martin,mia.martin8306@example.com,03/11/2024,1334.79,USD,refunded,3,CA
TX-0008307,C-01107,Liam Smith,liam.smith8307@example.com,04/04/2024,1982.70,USD,cancelled,4,GB
TX-0008308,C-01108,Sofia Brown,sofia.brown8308@example.com,05/09/2024,1276.40,USD,completed,5,AU
TX-0008309,C-01109,Ethan Wilson,ethan.wilson8309@example.com,06/02/2024,1487.89,USD,pending,6,DE
TX-0008310,C-01110,Zoe Garcia,zoe.garcia8310@example.com,07/07/2024,1169.82,USD,refunded,7,US
TX-0008311,C-01111,Mateo Nguyen,mateo.nguyen8311@example.com,08/12/2024,1871.35,USD,cancelled,8,CA
TX-0008312,C-01112,Ava Patel,ava.patel8312@example.com,09/05/2024,2273.11,USD,completed,1,GB
TX-0008313,C-01113,Noah Kim,noah.kim8313@example.com,10/10/2024,1517.52,USD,pending,2,AU
TX-0008314,C-01114,Mia Martin,mia.martin8314@example.com,11/03/2024,2459.27,USD,refunded,3,DE
TX-0008315,C-01115,Liam Smith,liam.smith8315@example.com,12/08/2024,111.90,USD,cancelled,4,US
TX-0008316,C-01116,Sofia Brown,sofia.brown8316@example.com,01/01/2024,1040.90,USD,completed,5,CA
TX-0008317,C-01117,Ethan Wilson,ethan.wilson8317@example.com,02/06/2024,2461.96,USD,pending,6,GB
TX-0008318,C-01118,Zoe Garcia,zoe.garcia8318@example.com,03/11/2024,1694.76,USD,refunded,7,AU
TX-0008319,C-01119,Mateo Nguyen,mateo.nguyen8319@example.com,04/04/2024,427.17,USD,cancelled,8,DE
TX-0008320,C-01120,Ava Patel,ava.patel8320@example.com,05/09/2024,2259.76,USD,completed,1,US
TX-0008321,C-01121,Noah Kim,noah.kim8321@example.com,06/02/2024,1404.96,USD,COMPLETE,2,CA
TX-0008322,C-01122,Mia Martin,mia.martin8322@example.com,07/07/2024,142.76,USD,refunded,3,GB
TX-0008323,C-01123,Liam Smith,liam.smith8323@example.com,08/12/2024,1662.10,USD,cancelled,4,AU
TX-0008324,C-01124,Sofia Brown,sofia.brown8324@example.com,09/05/2024,40.87,USD,completed,5,DE
TX-0008325,C-01125,Ethan Wilson,ethan.wilson8325@example.com,10/10/2024,797.29,USD,pending,6,US
TX-0008326,C-01126,Zoe Garcia,zoe.garcia8326@example.com,11/03/2024,1463.33, USD ,refunded,7,CA
TX-0008327,C-01127,Mateo Nguyen,mateo.nguyen8327@example.com,12/08/2024,1330.59,USD,cancelled,8,GB
TX-0008328,C-01128,Ava Patel,ava.patel8328@example.com,01/01/2024,333.69,USD,completed,1,AU
TX-0008329,C-01129,Noah Kim,noah.kim8329@example.com,02/06/2024,217.50,USD,pending,2,DE
TX-0008330,C-01130,Mia Martin,mia.martin8330@example.com,03/11/2024,328.12,USD,refunded,3,US
TX-0008331,C-01131,Liam Smith,liam.smith8331@example.com,04/04/2024,532.17,USD,cancelled,4,CA
TX-0008332,C-01132,Sofia Brown,sofia.brown8332@example.com,05/09/2024,674.90,USD,completed,5,GB
TX-0008333,C-01133,Ethan Wilson,ethan.wilson8333@example.com,06/02/2024,724.46,USD,pending,6,AU
TX-0008334,C-01134,Zoe Garcia,zoe.garcia8334@example.com,07/07/2024,2163.85,USD,refunded,7,DE
TX-0008335,C-01135,Mateo Nguyen,mateo.nguyen8335@example.com,08/12/2024,2028.23,USD,cancelled,8,US
TX-0008336,C-01136,Ava Patel,ava.patel8336@example.com,09/05/2024,358.97,USD,completed,1,CA
TX-0008337,C-01137,Noah Kim,noah.kim8337@example.com,10/10/2024,25.97,USD,pending,2,GB
TX-0008338,C-01138,Mia Martin,mia.martin8338@example.com,11/03/2024,1873.51,USD,refunded,3,AU
TX-0008339,C-01139,Liam Smith,liam.smith8339@example.com,12/08/2024,981.19,USD,cancelled,4,DE
TX-0008340,C-01140,Sofia Brown,sofia.brown8340@example.com,01/01/2024,1082.41,USD,completed,5,US
TX-0008341,C-01141,Ethan Wilson,ethan.wilson8341@example.com,02/06/2024,846.15,USD,pending,6,CA
TX-0008342,C-01142,Zoe Garcia,,03/11/2024,1893.44,USD,refunded,7,GB
TX-0008343,C-01143,Mateo Nguyen,mateo.nguyen8343@example.com,04/04/2024,1649.02,USD,cancelled,8,AU
TX-0008344,C-01144,Ava Patel,ava.patel8344@example.com,05/09/2024,140.76,usd,completed,1,DE
TX-0008345,C-01145,Noah Kim,noah.kim8345@example.com,06/02/2024,1927.13,USD,pending,2,US
TX-0008346,C-01146,Mia Martin,mia.martin8346@example.com,07/07/2024,2015.50,USD,refunded,3,CA
TX-0008347,C-01147,Liam Smith,liam.smith8347@example.com,08/12/2024,1955.13,USD,cancelled,4,GB
TX-0008348,C-01148,Sofia Brown,sofia.brown8348@example.com,09/05/2024,751.30,USD,completed,5,AU
TX-0008349,C-01149,Ethan Wilson,ethan.wilson8349@example.com,10/10/2024,517.24,USD,pending,6,DE
TX-0008350,C-01150,Zoe Garcia,zoe.garcia8350@example.com,11/03/2024,491.80,USD,refunded,7,US
TX-0008351,C-01151,Mateo Nguyen,mateo.nguyen8351@example.com,12/08/2024,242.56,USD,cancelled,8,CA
TX-0008352,C-01152,Ava Patel,ava.patel8352@example.com,01/01/2024,951.31,USD,completed,1,GB
TX-0008353,C-01153,Noah Kim,noah.kim8353@example.com,02/06/2024,2457.35,USD,pending,2,AU
TX-0008354,C-01154,Mia Martin,mia.martin8354@example.com,03/11/2024,124.20,USD,refunded,3,DE
TX-0008355,C-01155,Liam Smith,liam.smith8355@example.com,04/04/2024,71.92,USD,cancelled,4,US
TX-0008356,C-01156,Sofia Brown,sofia.brown8356@example.com,05/09/2024,867.51,USD,completed,5,CA
TX-0008357,C-01157,Ethan Wilson,ethan.wilson8357@example.com,06/02/2024,2471.44,USD,pending,6,GB
TX-0008358,C-01158,Zoe Garcia,zoe.garcia8358@example.com,07/07/2024,1667.96,USD,refunded,7,AU
TX-0008359,C-01159,Mateo Nguyen,mateo.nguyen8359@example.com,08/12/2024,2426.92,USD,cancelled,8,DE
TX-0008360,C-01160,Ava Patel,ava.patel8360@example.com,09/05/2024,107.45,USD,completed,1,US
TX-0008361,C-01161,Noah Kim,noah.kim8361@example.com,10/10/2024,2326.34,USD,pending,2,CA
TX-0008362,C-01162,  MIA MARTIN  ,mia.martin8362@example.com,11/03/2024,2447.42,USD,refunded,3,GB
TX-0008363,C-01163,Liam Smith,liam.smith8363@example.com,12/08/2024,1703.63,USD,cancelled,4,AU
TX-0008364,C-01164,Sofia Brown,sofia.brown8364@example.com,01/01/2024,60.62,USD,completed,5,DE
TX-0008365,C-01165,Ethan Wilson,ethan.wilson8365@example.com,02/06/2024,2233.52,USD,pending,6,US
TX-0008366,C-01166,Zoe Garcia,zoe.garcia.invalid,03/11/2024,2362.65,USD,refunded,7,CA
TX-0008367,C-01167,Mateo Nguyen,mateo.nguyen8367@example.com,04/04/2024,1614.51,USD,cancelled,8,GB
TX-0008368,C-01168,Ava Patel,ava.patel8368@example.com,05/09/2024,1651.45,USD,completed,1,AU
TX-0008369,C-01169,Noah Kim,noah.kim8369@example.com,06/02/2024,577.07,USD,pending,2,DE
TX-0008370,C-01170,Mia Martin,mia.martin8370@example.com,07/07/2024,2347.02,USD,refunded,3,US
TX-0008371,C-01171,Liam Smith,liam.smith8371@example.com,08/12/2024,149.91,USD,cancelled,4,CA
TX-0008372,C-01172,Sofia Brown,sofia.brown8372@example.com,09/05/2024,1886.81,USD,completed,5,GB
TX-0008373,C-01173,Ethan Wilson,ethan.wilson8373@example.com,10/10/2024,1690.07,USD,pending,6,AU
TX-0008374,C-01174,Zoe Garcia,zoe.garcia8374@example.com,11/03/2024,692.09,USD,refunded,7,DE
TX-0008375,C-01175,Mateo Nguyen,mateo.nguyen8375@example.com,12/08/2024,2239.39,USD,cancelled,8,US
TX-0008376,C-01176,Ava Patel,ava.patel8376@example.com,01/01/2024,368.31,USD,completed,1,CA
TX-0008377,C-01177,Noah Kim,noah.kim8377@example.com,02/06/2024,2444.87,USD,pending,2,GB
TX-0008378,C-01178,Mia Martin,mia.martin8378@example.com,03/11/2024,430.66,USD,refunded,3,AU
TX-0008379,C-01179,Liam Smith,liam.smith8379@example.com,04/04/2024,1068.00,USD,cancelled,4,DE
TX-0008380,C-01180,Sofia Brown,sofia.brown8380@example.com,05/09/2024,1132.52,USD,completed,5,US
TX-0008381,C-01181,Ethan Wilson,ethan.wilson8381@example.com,06/02/2024,513.77,USD,pending,6,CA
TX-0008382,C-01182,zoe garcia,zoe.garcia8382@example.com,07/07/2024,2206.68,USD,refunded,7,GB
TX-0008383,C-01183,Mateo Nguyen,mateo.nguyen8383@example.com,08/12/2024,123.66,USD,cancelled,8,AU
TX-0008384,C-01184,Ava Patel,ava.patel8384@example.com,09/05/2024,29.21,USD,completed,1,de
TX-0008385,C-01185,Noah Kim,noah.kim8385@example.com,10/10/2024,2462.62,USD,pending,2,US
TX-0008386,C-01186,Mia Martin,mia.martin8386@example.com,11/03/2024,689.35,USD,refunded,3,CA
TX-0008387,C-01187,Liam Smith,liam.smith8387@example.com,12/08/2024,746.63,USD,cancelled,4,GB
TX-0008388,C-01188,Sofia Brown,sofia.brown8388@example.com,01/01/2024,1329.69,USD,completed,5,AU
TX-0008389,C-01189,Ethan Wilson,ethan.wilson8389@example.com,02/06/2024,926.47,USD,pending,6,DE
TX-0008390,C-01190,Zoe Garcia,zoe.garcia8390@example.com,03/11/2024,1907.28,USD,refunded,7,US
TX-0008391,C-01191,Mateo Nguyen,mateo.nguyen8391@example.com,04/04/2024,457.43,USD,cancelled,8,CA
TX-0008392,C-01192,Ava Patel,ava.patel8392@example.com,05/09/2024,2401.66,USD,completed,1,GB
TX-0008393,C-01193,Noah Kim,noah.kim8393@example.com,06/02/2024,1545.20,USD,pending,2,AU
TX-0008394,C-01194,Mia Martin,mia.martin8394@example.com,07/07/2024,1631.65,USD,refunded,3,DE
TX-0008395,C-01195,Liam Smith,liam.smith8395@example.com,08/12/2024,1360.89,USD,cancelled,4,US
TX-0008396,C-01196,Sofia Brown,sofia.brown8396@example.com,09/05/2024,1610.68,USD,completed,5,CA
TX-0008397,C-01197,Ethan Wilson,ethan.wilson8397@example.com,10/10/2024,169.45,USD,pending,6,GB
TX-0008398,C-01198,Zoe Garcia,zoe.garcia8398@example.com,11/03/2024,179.42,USD,refunded,7,AU
TX-0008399,C-01199,Mateo Nguyen,mateo.nguyen8399@example.com,12/08/2024,2305.13,USD,cancelled,8,DE
TX-0008400,C-01200,Ava Patel,ava.patel8400@example.com,01/01/2024,775.90,USD,completed,1,US
TX-0008401,C-01201,Noah Kim,noah.kim8401@example.com,02/06/2024,298.54,USD,pending,2,CA
TX-0008402,C-01202,Mia Martin,mia.martin8402@example.com,03/11/2024,1689.04,USD,refunded,3,GB
TX-0008403,C-01203,Liam Smith,liam.smith8403@example.com,04/04/2024,1469.39,USD,cancelled,4,AU
TX-0008404,C-01204,Sofia Brown,sofia.brown8404@example.com,05/09/2024,1911.99,USD,unknown,5,DE
TX-0008405,C-01205,Ethan Wilson,ethan.wilson8405@example.com,06/02/2024,2361.94,USD,pending,6,US
TX-0008406,C-01206,Zoe Garcia,zoe.garcia8406@example.com,07/07/2024,456.31,USD,refunded,7,CA
TX-0008407,C-01207,Mateo Nguyen,mateo.nguyen8407@example.com,08/12/2024,21.65,USD,cancelled,8,GB
TX-0008408,C-01208,Ava Patel,ava.patel8408@example.com,09/05/2024,586.81,USD,completed,1,AU
TX-0008409,C-01209,Noah Kim,noah.kim8409@example.com,10/10/2024,529.77,USD,pending,2,DE
TX-0008410,C-01210,Mia Martin,mia.martin8410@example.com,11/03/2024,2023.75,USD,refunded,3,US
TX-0008411,C-01211,Liam Smith,liam.smith8411@example.com,12/08/2024,871.72,USD,cancelled,4,CA
TX-0008412,C-01212,Sofia Brown,sofia.brown8412@example.com,01/01/2024,1277.93,USD,completed,5,GB
TX-0008413,C-01213,Ethan Wilson,ethan.wilson8413@example.com,02/06/2024,104.18,USD,pending,6,AU
TX-0008414,C-01214,Zoe Garcia,zoe.garcia8414@example.com,03/11/2024,6.16,USD,refunded,7,DE
TX-0008415,C-01215,Mateo Nguyen,mateo.nguyen8415@example.com,04/04/2024,501.25,USD,cancelled,8,US
TX-0008416,C-01216,Ava Patel,ava.patel8416@example.com,05/09/2024,1574.95,USD,completed,1,CA
TX-0008417,C-01217,Noah Kim,noah.kim8417@example.com,06/02/2024,1351.50,USD,pending,2,GB
TX-0008418,C-01218,Mia Martin,mia.martin8418@example.com,07/07/2024,1400.19,USD,refunded,3,AU
TX-0008419,C-01219,Liam Smith,liam.smith8419@example.com,08/12/2024,461.29,USD,cancelled,4,DE
TX-0008420,C-01220,Sofia Brown,sofia.brown8420@example.com,09/05/2024,470.31,USD,completed,5,US
TX-0008421,C-01221,Ethan Wilson,ethan.wilson8421@example.com,10/10/2024,395.20,USD,pending,6,CA
TX-0008422,C-01222,Zoe Garcia,zoe.garcia8422@example.com,11/03/2024,1421.68,USD,refunded,7,GB
TX-0008423,C-01223,Mateo Nguyen,mateo.nguyen8423@example.com,12/08/2024,2203.49,USD,cancelled,8,AU
TX-0008424,C-01224,Ava Patel,ava.patel8424@example.com,01/01/2024,1790.75,USD,completed,1,DE
TX-0008425,C-01225,Noah Kim,noah.kim8425@example.com,02/06/2024,2268.57,USD,pending,2,US
TX-0008426,C-01226,Mia Martin,mia.martin8426@example.com,03/11/2024,1468.42,USD,refunded,3,CA
TX-0008427,C-01227,Liam Smith,liam.smith8427@example.com,04/04/2024,1201.80,USD,cancelled,4,GB
TX-0008428,C-01228,Sofia Brown,sofia.brown8428@example.com,05/09/2024,610.38,USD,completed,5,AU
TX-0008429,C-01229,Ethan Wilson,ethan.wilson8429@example.com,06/02/2024,1640.27,USD,pending,6,DE
TX-0008430,C-01230,Zoe Garcia,zoe.garcia8430@example.com,07/07/2024,1071.13,USD,refunded,7,US
TX-0008431,C-01231,Mateo Nguyen,mateo.nguyen8431@example.com,08/12/2024,483.86,USD,cancelled,8,CA
TX-0008432,C-01232,Ava Patel,ava.patel8432@example.com,09/05/2024,1817.33,USD,completed,1,GB
TX-0008433,C-01233,Noah Kim,noah.kim8433@example.com,10/10/2024,143.78,USD,pending,2,AU
TX-0008434,C-01234,Mia Martin,mia.martin8434@example.com,11/03/2024,405.49,USD,refunded,3,DE
TX-0008435,C-01235,Liam Smith,liam.smith8435@example.com,12/08/2024,1950.17,USD,cancelled,4,US
TX-0008436,C-01236,Sofia Brown,sofia.brown8436@example.com,01/01/2024,465.12,USD,completed,5,CA
TX-0008437,C-01237,Ethan Wilson,ethan.wilson8437@example.com,02/06/2024,422.08,USD,pending,6,GB
TX-0008438,C-01238,Zoe Garcia,zoe.garcia8438@example.com,03/11/2024,344.34,USD,refunded,7,AU
TX-0008439,C-01239,Mateo Nguyen,,04/04/2024,1800.01,USD,cancelled,8,DE
TX-0008440,C-01240,Ava Patel,ava.patel8440@example.com,05/09/2024,-41.22,USD,completed,1,US
TX-0008441,C-01241,Noah Kim,noah.kim8441@example.com,06/02/2024,2186.50,USD,pending,2,CA
TX-0008442,C-01242,Mia Martin,mia.martin8442@example.com,07/07/2024,780.13,USD,refunded,3,GB
TX-0008443,C-01243,Liam Smith,liam.smith8443@example.com,08/12/2024,326.76,USD,cancelled,4,AU
TX-0008444,C-01244,Sofia Brown,sofia.brown8444@example.com,09/05/2024,1430.85,USD,completed,5,DE
TX-0008445,C-01245,Ethan Wilson,ethan.wilson8445@example.com,10/10/2024,1300.81,USD,pending,6,US
TX-0008446,C-01246,Zoe Garcia,zoe.garcia8446@example.com,11/03/2024,2441.08,USD,refunded,7,CA
TX-0008447,C-01247,Mateo Nguyen,mateo.nguyen8447@example.com,12/08/2024,194.60,USD,cancelled,8,GB
TX-0008448,C-01248,Ava Patel,ava.patel8448@example.com,01/01/2024,680.61,USD,completed,1,AU
TX-0008449,C-01249,Noah Kim,noah.kim8449@example.com,02/06/2024,272.51,USD,pending,2,DE
TX-0008450,C-01250,Mia Martin,mia.martin8450@example.com,03/11/2024,743.29,USD,refunded,3,US
TX-0008451,C-01251,Liam Smith,liam.smith8451@example.com,04/04/2024,244.12,USD,cancelled,4,CA
TX-0008452,C-01252,Sofia Brown,sofia.brown8452@example.com,05/09/2024,1040.97,USD,completed,5,GB
TX-0008453,C-01253,Ethan Wilson,ethan.wilson8453@example.com,06/02/2024,1846.32,USD,pending,6,AU
TX-0008454,C-01254,Zoe Garcia,zoe.garcia8454@example.com,07/07/2024,221.30,USD,refunded,7,DE
TX-0008455,C-01255,Mateo Nguyen,mateo.nguyen.invalid,08/12/2024,1633.64,USD,cancelled,8,US
TX-0008456,C-01256,Ava Patel,ava.patel8456@example.com,09/05/2024,328.58,USD,completed,1,CA
TX-0008457,C-01257,Noah Kim,noah.kim8457@example.com,10/10/2024,560.05,USD,pending,2,GB
TX-0008458,C-01258,Mia Martin,mia.martin8458@example.com,11/03/2024,1614.44,USD,refunded,3,AU
TX-0008459,C-01259,Liam Smith,liam.smith8459@example.com,12/08/2024,246.69,USD,cancelled,4,DE
TX-0008460,C-01260,Sofia Brown,sofia.brown8460@example.com,01/01/2024,1746.65,USD,completed,5,US
TX-0008461,C-01261,Ethan Wilson,ethan.wilson8461@example.com,02/06/2024,2182.08,USD,pending,6,CA
TX-0008462,C-01262,Zoe Garcia,zoe.garcia8462@example.com,03/11/2024,357.34,USD,refunded,7,GB
TX-0008463,C-01263,Mateo Nguyen,mateo.nguyen8463@example.com,04/04/2024,1022.75,USD,cancelled,8,AU
TX-0008464,C-01264,Ava Patel,ava.patel8464@example.com,05/09/2024,1905.91,USD,completed,1,DE
TX-0008465,C-01265,Noah Kim,noah.kim8465@example.com,06/02/2024,1783.16,USD,pending,2,US
TX-0008466,C-01266,Mia Martin,mia.martin8466@example.com,07/07/2024,2243.71,USD,refunded,3,CA
TX-0008467,C-01267,Liam Smith,liam.smith8467@example.com,08/12/2024,1335.63,USD,cancelled,4,GB
TX-0008468,C-01268,Sofia Brown,sofia.brown8468@example.com,09/05/2024,1278.05,USD,completed,5,AU
TX-0008469,C-01269,Ethan Wilson,ethan.wilson8469@example.com,10/10/2024,419.97,USD,pending,6,DE
TX-0008470,C-01270,Zoe Garcia,zoe.garcia8470@example.com,11/03/2024,785.20,USD,refunded,7,US
TX-0008471,C-01271,Mateo Nguyen,mateo.nguyen8471@example.com,12/08/2024,376.83,USD,cancelled,8,CA
TX-0008472,C-01272,Ava Patel,ava.patel8472@example.com,01/01/2024,766.63,USD,completed,1,GB
TX-0008473,C-01273,Noah Kim,noah.kim8473@example.com,02/06/2024,695.69,USD,pending,2,AU
TX-0008474,C-01274,Mia Martin,mia.martin8474@example.com,03/11/2024,,USD,refunded,3,DE
TX-0008475,C-01275,  LIAM SMITH  ,liam.smith8475@example.com,04/04/2024,1577.36,USD,cancelled,4,US
TX-0008476,C-01276,Sofia Brown,sofia.brown8476@example.com,05/09/2024,347.71,USD,completed,5,CA
TX-0008477,C-01277,Ethan Wilson,ethan.wilson8477@example.com,06/02/2024,1818.99,USD,pending,6,USA
TX-0008478,C-01278,Zoe Garcia,zoe.garcia8478@example.com,07/07/2024,704.38,USD,COMPLETE,7,AU
TX-0008479,C-01279,Mateo Nguyen,mateo.nguyen8479@example.com,08/12/2024,2233.12,USD,cancelled,8,DE
TX-0008480,C-01280,Ava Patel,ava.patel8480@example.com,09/05/2024,1145.49,USD,completed,1,US
TX-0008481,C-01281,Noah Kim,noah.kim8481@example.com,10/10/2024,471.03,USD,pending,2,CA
TX-0008482,C-01282,Mia Martin,mia.martin8482@example.com,11/03/2024,115.15,USD,refunded,3,GB
TX-0008483,C-01283,Liam Smith,liam.smith8483@example.com,12/08/2024,61.67,USD,cancelled,4,AU
TX-0008484,C-01284,Sofia Brown,sofia.brown8484@example.com,01/01/2024,2288.05,USD,completed,5,DE
TX-0008485,C-01285,Ethan Wilson,ethan.wilson8485@example.com,02/06/2024,1392.40,USD,pending,6,US
TX-0008486,C-01286,Zoe Garcia,zoe.garcia8486@example.com,03/11/2024,1685.79,USD,refunded,7,CA
TX-0008487,C-01287,Mateo Nguyen,mateo.nguyen8487@example.com,04/04/2024,409.46,USD,cancelled,8,GB
TX-0008488,C-01288,Ava Patel,ava.patel8488@example.com,05/09/2024,1776.66,USD,completed,1,AU
TX-0008489,C-01289,Noah Kim,noah.kim8489@example.com,06/02/2024,2237.88,USD,pending,2,DE
TX-0008490,C-01290,Mia Martin,mia.martin8490@example.com,07/07/2024,237.37,USD,refunded,3,US
TX-0008491,C-01291,Liam Smith,liam.smith8491@example.com,08/12/2024,836.40,USD,cancelled,4,CA
TX-0008492,C-01292,Sofia Brown,sofia.brown8492@example.com,09/05/2024,1079.11,USD,completed,5,GB
TX-0008493,C-01293,Ethan Wilson,ethan.wilson8493@example.com,10/10/2024,971.12,usd,pending,6,AU
TX-0008494,C-01294,Zoe Garcia,zoe.garcia8494@example.com,11/03/2024,825.10,USD,refunded,7,DE
TX-0008495,C-01295,Mateo Nguyen,mateo.nguyen8495@example.com,12/08/2024,817.40,USD,cancelled,8,US
TX-0008496,C-01296,Ava Patel,ava.patel8496@example.com,01/01/2024,231.88,USD,completed,1,CA
TX-0008497,C-01297,Noah Kim,noah.kim8497@example.com,02/06/2024,274.12,USD,pending,2,GB
TX-0008498,C-01298,Mia Martin,mia.martin8498@example.com,03/11/2024,112.43,USD,refunded,3,AU
TX-0008499,C-01299,Liam Smith,liam.smith8499@example.com,04/04/2024,850.72,USD,cancelled,4,DE
TX-0008500,C-01300,Sofia Brown,sofia.brown8500@example.com,05/09/2024,1673.70,USD,completed,5,US
TX-0008501,C-01301,Ethan Wilson,ethan.wilson8501@example.com,06/02/2024,435.86,USD,pending,6,CA
TX-0008502,C-01302,Zoe Garcia,zoe.garcia8502@example.com,07/07/2024,2080.50,USD,refunded,7,GB
TX-0008503,C-01303,Mateo Nguyen,mateo.nguyen8503@example.com,08/12/2024,1479.21,USD,cancelled,8,AU
TX-0008504,C-01304,Ava Patel,ava.patel8504@example.com,09/05/2024,801.23,USD,completed,1,DE
TX-0008505,C-01305,Noah Kim,noah.kim8505@example.com,10/10/2024,1286.22,USD,pending,2,US
TX-0008506,C-01306,Mia Martin,mia.martin8506@example.com,11/03/2024,707.90,USD,refunded,3,CA
TX-0008507,C-01307,Liam Smith,liam.smith8507@example.com,12/08/2024,2158.49, USD ,cancelled,4,GB
TX-0008508,C-01308,Sofia Brown,sofia.brown8508@example.com,01/01/2024,148.93,USD,completed,5,AU
TX-0008509,C-01309,ethan wilson,ethan.wilson8509@example.com,02/06/2024,491.83,USD,pending,6,DE
TX-0008510,C-01310,Zoe Garcia,zoe.garcia8510@example.com,03/11/2024,1655.06,USD,refunded,7,US
TX-0008511,C-01311,Mateo Nguyen,mateo.nguyen8511@example.com,04/04/2024,272.89,USD,cancelled,8,CA
TX-0008512,C-01312,Ava Patel,ava.patel8512@example.com,05/09/2024,563.01,USD,completed,1,GB
TX-0008513,C-01313,Noah Kim,noah.kim8513@example.com,06/02/2024,307.72,USD,pending,2,AU
TX-0008514,C-01314,Mia Martin,mia.martin8514@example.com,07/07/2024,2112.12,USD,refunded,3,DE
TX-0008515,C-01315,Liam Smith,liam.smith8515@example.com,08/12/2024,519.43,USD,cancelled,4,us
TX-0008516,C-01316,Sofia Brown,sofia.brown8516@example.com,09/05/2024,1025.79,USD,completed,5,CA
TX-0008517,C-01317,Ethan Wilson,ethan.wilson8517@example.com,10/10/2024,2331.80,USD,pending,6,GB
TX-0008518,C-01318,Zoe Garcia,zoe.garcia8518@example.com,11/03/2024,2278.38,USD,refunded,7,AU
TX-0008519,C-01319,Mateo Nguyen,mateo.nguyen8519@example.com,12/08/2024,2008.58,USD,cancelled,8,DE
TX-0008520,C-01320,Ava Patel,ava.patel8520@example.com,01/01/2024,247.09,USD,completed,1,US
TX-0008521,C-01321,Noah Kim,noah.kim8521@example.com,02/06/2024,2402.05,USD,pending,2,CA
TX-0008522,C-01322,Mia Martin,mia.martin8522@example.com,03/11/2024,1206.10,USD,refunded,3,GB
TX-0008523,C-01323,Liam Smith,liam.smith8523@example.com,04/04/2024,362.46,USD,cancelled,4,AU
TX-0008524,C-01324,Sofia Brown,sofia.brown8524@example.com,05/09/2024,1164.00,USD,completed,5,DE
TX-0008525,C-01325,Ethan Wilson,ethan.wilson8525@example.com,06/02/2024,2238.68,USD,pending,6,US
TX-0008526,C-01326,Zoe Garcia,zoe.garcia8526@example.com,07/07/2024,1665.14,USD,refunded,7,CA
TX-0008527,C-01327,Mateo Nguyen,mateo.nguyen8527@example.com,08/12/2024,1116.51,USD,cancelled,8,GB
TX-0008528,C-01328,Ava Patel,ava.patel8528@example.com,09/05/2024,1246.60,USD,completed,1,AU
TX-0008529,C-01329,Noah Kim,noah.kim8529@example.com,10/10/2024,442.98,USD,pending,2,DE
TX-0008530,C-01330,Mia Martin,mia.martin8530@example.com,11/03/2024,465.33,USD,refunded,3,US
TX-0008531,C-01331,Liam Smith,liam.smith8531@example.com,12/08/2024,523.72,USD,cancelled,4,CA
TX-0008532,C-01332,Sofia Brown,sofia.brown8532@example.com,01/01/2024,1694.96,USD,completed,5,GB
TX-0008533,C-01333,Ethan Wilson,ethan.wilson8533@example.com,02/06/2024,2406.55,USD,pending,6,AU
TX-0008534,C-01334,Zoe Garcia,zoe.garcia8534@example.com,03/11/2024,219.64,USD,refunded,7,DE
TX-0008535,C-01335,Mateo Nguyen,mateo.nguyen8535@example.com,04/04/2024,987.14,USD,cancelled,8,US
TX-0008536,C-01336,Ava Patel,,05/09/2024,2137.12,USD,completed,1,CA
TX-0008537,C-01337,Noah Kim,noah.kim8537@example.com,06/02/2024,1247.36,USD,pending,2,GB
TX-0008538,C-01338,Mia Martin,mia.martin8538@example.com,07/07/2024,691.69,USD,refunded,3,AU
TX-0008539,C-01339,Liam Smith,liam.smith8539@example.com,08/12/2024,1056.78,USD,cancelled,4,DE
TX-0008540,C-01340,Sofia Brown,sofia.brown8540@example.com,09/05/2024,1404.20,USD,completed,5,US
TX-0008541,C-01341,Ethan Wilson,ethan.wilson8541@example.com,10/10/2024,2082.35,USD,pending,6,CA
TX-0008542,C-01342,Zoe Garcia,zoe.garcia8542@example.com,11/03/2024,1440.13,USD,refunded,7,GB
TX-0008543,C-01343,Mateo Nguyen,mateo.nguyen8543@example.com,12/08/2024,316.27,USD,cancelled,8,AU
TX-0008544,C-01344,Ava Patel,ava.patel.invalid,01/01/2024,208.08,USD,completed,1,DE
TX-0008545,C-01345,Noah Kim,noah.kim8545@example.com,02/06/2024,185.63,USD,pending,2,US
TX-0008546,C-01346,Mia Martin,mia.martin8546@example.com,03/11/2024,2202.88,USD,refunded,3,CA
TX-0008547,C-01347,Liam Smith,liam.smith8547@example.com,04/04/2024,1022.45,USD,cancelled,4,GB
TX-0008548,C-01348,Sofia Brown,sofia.brown8548@example.com,05/09/2024,2189.52,USD,completed,5,AU
TX-0008549,C-01349,Ethan Wilson,ethan.wilson8549@example.com,06/02/2024,359.77,USD,pending,6,DE
TX-0008550,C-01350,Zoe Garcia,zoe.garcia8550@example.com,07/07/2024,2375.26,USD,refunded,7,US
TX-0008551,C-01351,Mateo Nguyen,mateo.nguyen8551@example.com,08/12/2024,1217.77,USD,cancelled,8,CA
TX-0008552,C-01352,Ava Patel,ava.patel8552@example.com,09/05/2024,530.61,USD,completed,1,GB
TX-0008553,C-01353,Noah Kim,noah.kim8553@example.com,10/10/2024,1977.13,USD,pending,2,AU
TX-0008554,C-01354,Mia Martin,mia.martin8554@example.com,11/03/2024,184.79,USD,refunded,3,DE
TX-0008555,C-01355,Liam Smith,liam.smith8555@example.com,12/08/2024,2256.53,USD,cancelled,4,US
TX-0008556,C-01356,Sofia Brown,sofia.brown8556@example.com,01/01/2024,1416.49,USD,completed,5,CA
TX-0008557,C-01357,Ethan Wilson,ethan.wilson8557@example.com,02/06/2024,2388.52,USD,pending,6,GB
TX-0008558,C-01358,Zoe Garcia,zoe.garcia8558@example.com,03/11/2024,907.97,USD,refunded,7,AU
TX-0008559,C-01359,Mateo Nguyen,mateo.nguyen8559@example.com,04/04/2024,820.48,USD,cancelled,8,DE
TX-0008560,C-01360,Ava Patel,ava.patel8560@example.com,05/09/2024,652.01,USD,completed,1,US
TX-0008561,C-01361,Noah Kim,noah.kim8561@example.com,06/02/2024,1269.40,USD,pending,2,CA
TX-0008562,C-01362,Mia Martin,mia.martin8562@example.com,07/07/2024,984.16,USD,refunded,3,GB
TX-0008563,C-01363,Liam Smith,liam.smith8563@example.com,08/12/2024,1053.18,USD,cancelled,4,AU
TX-0008564,C-01364,Sofia Brown,sofia.brown8564@example.com,09/05/2024,1874.29,USD,completed,5,DE
TX-0008565,C-01365,Ethan Wilson,ethan.wilson8565@example.com,10/10/2024,1824.16,USD,pending,6,US
TX-0008566,C-01366,Zoe Garcia,zoe.garcia8566@example.com,11/03/2024,1865.80,USD,refunded,7,CA
TX-0008567,C-01367,Mateo Nguyen,mateo.nguyen8567@example.com,12/08/2024,2331.45,USD,cancelled,8,GB
TX-0008568,C-01368,Ava Patel,ava.patel8568@example.com,01/01/2024,968.03,USD,completed,1,AU
TX-0008569,C-01369,Noah Kim,noah.kim8569@example.com,02/06/2024,1812.40,USD,pending,2,DE
TX-0008570,C-01370,Mia Martin,mia.martin8570@example.com,03/11/2024,846.50,USD,refunded,3,US
TX-0008571,C-01371,Liam Smith,liam.smith8571@example.com,04/04/2024,1491.29,USD,cancelled,4,CA
TX-0008572,C-01372,Sofia Brown,sofia.brown8572@example.com,05/09/2024,2084.07,USD,completed,5,GB
TX-0008573,C-01373,Ethan Wilson,ethan.wilson8573@example.com,06/02/2024,483.83,USD,pending,6,AU
TX-0008574,C-01374,Zoe Garcia,zoe.garcia8574@example.com,07/07/2024,1875.76,USD,refunded,7,DE
TX-0008575,C-01375,Mateo Nguyen,mateo.nguyen8575@example.com,08/12/2024,1401.62,USD,cancelled,8,US
TX-0008576,C-01376,Ava Patel,ava.patel8576@example.com,09/05/2024,234.33,USD,completed,1,CA
TX-0008577,C-01377,Noah Kim,noah.kim8577@example.com,10/10/2024,2103.77,USD,pending,2,GB
TX-0008578,C-01378,Mia Martin,mia.martin8578@example.com,11/03/2024,359.57,USD,refunded,3,AU
TX-0008579,C-01379,Liam Smith,liam.smith8579@example.com,12/08/2024,642.52,USD,cancelled,4,DE
TX-0008580,C-01380,Sofia Brown,sofia.brown8580@example.com,01/01/2024,1513.25,USD,completed,5,US
TX-0008581,C-01381,Ethan Wilson,ethan.wilson8581@example.com,02/06/2024,2139.66,USD,pending,6,CA
TX-0008582,C-01382,Zoe Garcia,zoe.garcia8582@example.com,03/11/2024,681.24,USD,refunded,7,GB
TX-0008583,C-01383,Mateo Nguyen,mateo.nguyen8583@example.com,04/04/2024,1767.38,USD,cancelled,8,AU
TX-0008584,C-01384,Ava Patel,ava.patel8584@example.com,05/09/2024,1288.02,USD,completed,1,DE
TX-0008585,C-01385,Noah Kim,noah.kim8585@example.com,06/02/2024,1128.89,USD,pending,2,US
TX-0008586,C-01386,Mia Martin,mia.martin8586@example.com,07/07/2024,120.94,USD,refunded,3,CA
TX-0008587,C-01387,Liam Smith,liam.smith8587@example.com,08/12/2024,2416.79,USD,cancelled,4,GB
TX-0008588,C-01388,  SOFIA BROWN  ,sofia.brown8588@example.com,09/05/2024,1518.37,USD,completed,5,AU
TX-0008589,C-01389,Ethan Wilson,ethan.wilson8589@example.com,10/10/2024,1704.68,USD,pending,6,DE
TX-0008590,C-01390,Zoe Garcia,zoe.garcia8590@example.com,11/03/2024,2322.72,USD,refunded,7,US
TX-0008591,C-01391,Mateo Nguyen,mateo.nguyen8591@example.com,12/08/2024,911.61,USD,cancelled,8,CA
TX-0008592,C-01392,Ava Patel,ava.patel8592@example.com,01/01/2024,855.78,USD,completed,1,GB
TX-0008593,C-01393,Noah Kim,noah.kim8593@example.com,02/06/2024,17.22,USD,pending,2,AU
TX-0008594,C-01394,Mia Martin,mia.martin8594@example.com,03/11/2024,2226.49,USD,refunded,3,DE
TX-0008595,C-01395,Liam Smith,liam.smith8595@example.com,04/04/2024,1685.32,USD,unknown,4,US
TX-0008596,C-01396,Sofia Brown,sofia.brown8596@example.com,05/09/2024,966.88,USD,completed,5,CA
TX-0008597,C-01397,Ethan Wilson,ethan.wilson8597@example.com,06/02/2024,1671.84,USD,pending,6,GB
TX-0008598,C-01398,Zoe Garcia,zoe.garcia8598@example.com,07/07/2024,816.85,USD,refunded,7,AU
TX-0008599,C-01399,Mateo Nguyen,mateo.nguyen8599@example.com,08/12/2024,1269.91,USD,cancelled,8,DE
TX-0008600,C-01400,Ava Patel,ava.patel8600@example.com,09/05/2024,1796.98,USD,completed,1,US
TX-0008601,C-01401,Noah Kim,noah.kim8601@example.com,10/10/2024,353.63,USD,pending,2,CA
TX-0008602,C-01402,Mia Martin,mia.martin8602@example.com,11/03/2024,226.81,USD,refunded,3,GB
TX-0008603,C-01403,Liam Smith,liam.smith8603@example.com,12/08/2024,2485.00,USD,cancelled,4,AU
TX-0008604,C-01404,Sofia Brown,sofia.brown8604@example.com,01/01/2024,693.65,USD,completed,5,DE
TX-0008605,C-01405,Ethan Wilson,ethan.wilson8605@example.com,02/06/2024,2472.22,USD,pending,6,US
TX-0008606,C-01406,Zoe Garcia,zoe.garcia8606@example.com,03/11/2024,424.71,USD,refunded,7,CA
TX-0008607,C-01407,Mateo Nguyen,mateo.nguyen8607@example.com,04/04/2024,1479.71,USD,cancelled,8,GB
TX-0008608,C-01408,Ava Patel,ava.patel8608@example.com,05/09/2024,751.55,USD,completed,1,AU
TX-0008609,C-01409,Noah Kim,noah.kim8609@example.com,06/02/2024,1512.10,USD,pending,2,DE
TX-0008610,C-01410,Mia Martin,mia.martin8610@example.com,07/07/2024,1512.92,USD,refunded,3,US
TX-0008611,C-01411,Liam Smith,liam.smith8611@example.com,08/12/2024,2267.57,USD,cancelled,4,CA
TX-0008612,C-01412,Sofia Brown,sofia.brown8612@example.com,09/05/2024,220.88,USD,completed,5,GB
TX-0008613,C-01413,Ethan Wilson,ethan.wilson8613@example.com,10/10/2024,1150.58,USD,pending,6,AU
TX-0008614,C-01414,Zoe Garcia,zoe.garcia8614@example.com,11/03/2024,851.48,USD,refunded,7,DE
TX-0008615,C-01415,Mateo Nguyen,mateo.nguyen8615@example.com,12/08/2024,1246.37,USD,cancelled,8,US
TX-0008616,C-01416,Ava Patel,ava.patel8616@example.com,01/01/2024,2415.94,USD,completed,1,CA
TX-0008617,C-01417,Noah Kim,noah.kim8617@example.com,02/06/2024,748.79,USD,pending,2,GB
TX-0008618,C-01418,Mia Martin,mia.martin8618@example.com,03/11/2024,917.94,USD,refunded,3,AU
TX-0008619,C-01419,Liam Smith,liam.smith8619@example.com,04/04/2024,304.15,USD,cancelled,4,DE
TX-0008620,C-01420,Sofia Brown,sofia.brown8620@example.com,05/09/2024,1598.82,USD,completed,5,US
TX-0008621,C-01421,Ethan Wilson,ethan.wilson8621@example.com,06/02/2024,2048.11,USD,pending,6,CA
TX-0008622,C-01422,Zoe Garcia,zoe.garcia8622@example.com,07/07/2024,2309.44,USD,refunded,7,GB
TX-0008623,C-01423,Mateo Nguyen,mateo.nguyen8623@example.com,08/12/2024,175.55,USD,cancelled,8,AU
TX-0008624,C-01424,Ava Patel,ava.patel8624@example.com,09/05/2024,2280.33,USD,completed,1,DE
TX-0008625,C-01425,Noah Kim,noah.kim8625@example.com,10/10/2024,1686.79,USD,pending,2,US
TX-0008626,C-01426,Mia Martin,mia.martin8626@example.com,11/03/2024,380.66,USD,refunded,3,CA
TX-0008627,C-01427,Liam Smith,liam.smith8627@example.com,12/08/2024,1819.90,USD,cancelled,4,GB
TX-0008628,C-01428,Sofia Brown,sofia.brown8628@example.com,01/01/2024,402.32,USD,completed,5,AU
TX-0008629,C-01429,Ethan Wilson,ethan.wilson8629@example.com,02/06/2024,1742.68,USD,pending,6,DE
TX-0008630,C-01430,Zoe Garcia,zoe.garcia8630@example.com,03/11/2024,2041.76,USD,refunded,7,US
TX-0008631,C-01431,Mateo Nguyen,mateo.nguyen8631@example.com,04/04/2024,820.20,USD,cancelled,8,CA
TX-0008632,C-01432,Ava Patel,ava.patel8632@example.com,05/09/2024,1478.66,USD,completed,1,GB
TX-0008633,C-01433,Noah Kim,,06/02/2024,176.70,USD,pending,2,AU
TX-0008634,C-01434,Mia Martin,mia.martin8634@example.com,07/07/2024,2251.32,USD,refunded,3,DE
TX-0008635,C-01435,Liam Smith,liam.smith8635@example.com,08/12/2024,1540.47,USD,COMPLETE,4,US
TX-0008636,C-01436,sofia brown,sofia.brown8636@example.com,09/05/2024,2297.20,USD,completed,5,CA
TX-0008637,C-01437,Ethan Wilson,ethan.wilson8637@example.com,10/10/2024,2238.61,USD,pending,6,GB
TX-0008638,C-01438,Zoe Garcia,zoe.garcia8638@example.com,11/03/2024,2497.35,USD,refunded,7,AU
TX-0008639,C-01439,Mateo Nguyen,mateo.nguyen8639@example.com,12/08/2024,545.31,USD,cancelled,8,DE
TX-0008640,C-01440,Ava Patel,ava.patel8640@example.com,01/01/2024,418.43,USD,completed,1,US
TX-0008641,C-01441,Noah Kim,noah.kim8641@example.com,02/06/2024,2059.80,USD,pending,2,CA
TX-0008642,C-01442,Mia Martin,mia.martin8642@example.com,03/11/2024,48.43,usd,refunded,3,GB
TX-0008643,C-01443,Liam Smith,liam.smith8643@example.com,04/04/2024,1146.50,USD,cancelled,4,AU
TX-0008644,C-01444,Sofia Brown,sofia.brown8644@example.com,05/09/2024,1758.86,USD,completed,5,DE
TX-0008645,C-01445,Ethan Wilson,ethan.wilson8645@example.com,06/02/2024,2185.47,USD,pending,6,US
TX-0008646,C-01446,Zoe Garcia,zoe.garcia8646@example.com,07/07/2024,123.43,USD,refunded,7,ca
TX-0008647,C-01447,Mateo Nguyen,mateo.nguyen8647@example.com,08/12/2024,877.32,USD,cancelled,8,GB
TX-0008648,C-01448,Ava Patel,ava.patel8648@example.com,09/05/2024,1460.72,USD,completed,1,AU
TX-0008649,C-01449,Noah Kim,noah.kim8649@example.com,10/10/2024,316.79,USD,pending,2,DE
TX-0008650,C-01450,Mia Martin,mia.martin8650@example.com,11/03/2024,821.35,USD,refunded,3,USA
TX-0008651,C-01451,Liam Smith,liam.smith8651@example.com,12/08/2024,-58.90,USD,cancelled,4,CA
TX-0008652,C-01452,Sofia Brown,sofia.brown8652@example.com,01/01/2024,1497.41,USD,completed,5,GB
TX-0008653,C-01453,Ethan Wilson,ethan.wilson8653@example.com,02/06/2024,628.87,USD,pending,6,AU
TX-0008654,C-01454,Zoe Garcia,zoe.garcia8654@example.com,03/11/2024,1920.18,USD,refunded,7,DE
TX-0008655,C-01455,Mateo Nguyen,mateo.nguyen8655@example.com,04/04/2024,292.45,USD,cancelled,8,US
TX-0008656,C-01456,Ava Patel,ava.patel8656@example.com,05/09/2024,212.14,USD,completed,1,CA
TX-0008657,C-01457,Noah Kim,noah.kim8657@example.com,06/02/2024,1154.69,USD,pending,2,GB
TX-0008658,C-01458,Mia Martin,mia.martin8658@example.com,07/07/2024,2034.16,USD,refunded,3,AU
TX-0008659,C-01459,Liam Smith,liam.smith8659@example.com,08/12/2024,188.24,USD,cancelled,4,DE
TX-0008660,C-01460,Sofia Brown,sofia.brown8660@example.com,09/05/2024,1767.25,USD,completed,5,US
TX-0008661,C-01461,Ethan Wilson,ethan.wilson8661@example.com,10/10/2024,74.82,USD,pending,6,CA
TX-0008662,C-01462,Zoe Garcia,zoe.garcia8662@example.com,11/03/2024,2148.79,USD,refunded,7,GB
TX-0008663,C-01463,Mateo Nguyen,mateo.nguyen8663@example.com,12/08/2024,1870.55,USD,cancelled,8,AU
TX-0008664,C-01464,Ava Patel,ava.patel8664@example.com,01/01/2024,1870.43,USD,completed,1,DE
TX-0008665,C-01465,Noah Kim,noah.kim8665@example.com,02/06/2024,327.19,USD,pending,2,US
TX-0008666,C-01466,Mia Martin,mia.martin8666@example.com,03/11/2024,2352.03,USD,refunded,3,CA
TX-0008667,C-01467,Liam Smith,liam.smith8667@example.com,04/04/2024,1778.55,USD,cancelled,4,GB
TX-0008668,C-01468,Sofia Brown,sofia.brown8668@example.com,05/09/2024,1986.99,USD,completed,5,AU
TX-0008669,C-01469,Ethan Wilson,ethan.wilson8669@example.com,06/02/2024,397.29,USD,pending,6,DE
TX-0008670,C-01470,Zoe Garcia,zoe.garcia8670@example.com,07/07/2024,1435.85,USD,refunded,7,US
TX-0008671,C-01471,Mateo Nguyen,mateo.nguyen8671@example.com,08/12/2024,425.84,USD,cancelled,8,CA
TX-0008672,C-01472,Ava Patel,ava.patel8672@example.com,09/05/2024,399.95,USD,completed,1,GB
TX-0008673,C-01473,Noah Kim,noah.kim8673@example.com,10/10/2024,294.06,USD,pending,2,AU
TX-0008674,C-01474,Mia Martin,mia.martin8674@example.com,11/03/2024,806.95,USD,refunded,3,DE
TX-0008675,C-01475,Liam Smith,liam.smith8675@example.com,12/08/2024,1693.26,USD,cancelled,4,US
TX-0008676,C-01476,Sofia Brown,sofia.brown8676@example.com,01/01/2024,2084.68,USD,completed,5,CA
TX-0008677,C-01477,Ethan Wilson,ethan.wilson8677@example.com,02/06/2024,1794.15,USD,pending,6,GB
TX-0008678,C-01478,Zoe Garcia,zoe.garcia8678@example.com,03/11/2024,748.71,USD,refunded,7,AU
TX-0008679,C-01479,Mateo Nguyen,mateo.nguyen8679@example.com,04/04/2024,1652.41,USD,cancelled,8,DE
TX-0008680,C-01480,Ava Patel,ava.patel8680@example.com,05/09/2024,281.96,USD,completed,1,US
TX-0008681,C-01481,Noah Kim,noah.kim8681@example.com,06/02/2024,419.24,USD,pending,2,CA
TX-0008682,C-01482,Mia Martin,mia.martin8682@example.com,07/07/2024,1737.66,USD,refunded,3,GB
TX-0008683,C-01483,Liam Smith,liam.smith8683@example.com,08/12/2024,1071.31,USD,cancelled,4,AU
TX-0008684,C-01484,Sofia Brown,sofia.brown8684@example.com,09/05/2024,1963.14,USD,completed,5,DE
TX-0008685,C-01485,Ethan Wilson,ethan.wilson8685@example.com,10/10/2024,1479.91,USD,pending,6,US
TX-0008686,C-01486,Zoe Garcia,zoe.garcia8686@example.com,11/03/2024,2437.67,USD,refunded,7,CA
TX-0008687,C-01487,Mateo Nguyen,mateo.nguyen8687@example.com,12/08/2024,735.99,USD,cancelled,8,GB
TX-0008688,C-01488,Ava Patel,ava.patel8688@example.com,01/01/2024,529.03, USD ,completed,1,AU
TX-0008689,C-01489,Noah Kim,noah.kim8689@example.com,02/06/2024,141.23,USD,pending,2,DE
TX-0008690,C-01490,Mia Martin,mia.martin8690@example.com,03/11/2024,1637.67,USD,refunded,3,US
TX-0008691,C-01491,Liam Smith,liam.smith8691@example.com,04/04/2024,1995.77,USD,cancelled,4,CA
TX-0008692,C-01492,Sofia Brown,sofia.brown8692@example.com,05/09/2024,776.04,USD,completed,5,GB
TX-0008693,C-01493,Ethan Wilson,ethan.wilson8693@example.com,06/02/2024,1263.67,USD,pending,6,AU
TX-0008694,C-01494,Zoe Garcia,zoe.garcia8694@example.com,07/07/2024,1518.93,USD,refunded,7,DE
TX-0008695,C-01495,Mateo Nguyen,mateo.nguyen8695@example.com,08/12/2024,802.60,USD,cancelled,8,US
TX-0008696,C-01496,Ava Patel,ava.patel8696@example.com,09/05/2024,1205.70,USD,completed,1,CA
TX-0008697,C-01497,Noah Kim,noah.kim8697@example.com,10/10/2024,,USD,pending,2,GB
TX-0008698,C-01498,Mia Martin,mia.martin8698@example.com,11/03/2024,2338.85,USD,refunded,3,AU
TX-0008699,C-01499,Liam Smith,liam.smith8699@example.com,12/08/2024,1291.26,USD,cancelled,4,DE
TX-0008700,C-01500,Sofia Brown,sofia.brown8700@example.com,01/01/2024,348.19,USD,completed,5,US
TX-0008701,C-01501,  ETHAN WILSON  ,ethan.wilson8701@example.com,02/06/2024,1403.58,USD,pending,6,CA
TX-0008702,C-01502,Zoe Garcia,zoe.garcia8702@example.com,03/11/2024,1669.38,USD,refunded,7,GB
TX-0008703,C-01503,Mateo Nguyen,mateo.nguyen8703@example.com,04/04/2024,694.22,USD,cancelled,8,AU
TX-0008704,C-01504,Ava Patel,ava.patel8704@example.com,05/09/2024,2058.73,USD,completed,1,DE
TX-0008705,C-01505,Noah Kim,noah.kim8705@example.com,06/02/2024,1600.95,USD,pending,2,US
TX-0008706,C-01506,Mia Martin,mia.martin8706@example.com,07/07/2024,5.80,USD,refunded,3,CA
TX-0008707,C-01507,Liam Smith,liam.smith8707@example.com,08/12/2024,980.69,USD,cancelled,4,GB
TX-0008708,C-01508,Sofia Brown,sofia.brown8708@example.com,09/05/2024,2080.36,USD,completed,5,AU
TX-0008709,C-01509,Ethan Wilson,ethan.wilson8709@example.com,10/10/2024,554.12,USD,pending,6,DE
TX-0008710,C-01510,Zoe Garcia,zoe.garcia8710@example.com,11/03/2024,682.70,USD,refunded,7,US
TX-0008711,C-01511,Mateo Nguyen,mateo.nguyen8711@example.com,12/08/2024,2195.49,USD,cancelled,8,CA
TX-0008712,C-01512,Ava Patel,ava.patel8712@example.com,01/01/2024,77.65,USD,completed,1,GB
TX-0008713,C-01513,Noah Kim,noah.kim8713@example.com,02/06/2024,1290.83,USD,pending,2,AU
TX-0008714,C-01514,Mia Martin,mia.martin8714@example.com,03/11/2024,482.05,USD,refunded,3,DE
TX-0008715,C-01515,Liam Smith,liam.smith8715@example.com,04/04/2024,605.15,USD,cancelled,4,US
TX-0008716,C-01516,Sofia Brown,sofia.brown8716@example.com,05/09/2024,314.97,USD,completed,5,CA
TX-0008717,C-01517,Ethan Wilson,ethan.wilson8717@example.com,06/02/2024,2260.21,USD,pending,6,GB
TX-0008718,C-01518,Zoe Garcia,zoe.garcia8718@example.com,07/07/2024,366.83,USD,refunded,7,AU
TX-0008719,C-01519,Mateo Nguyen,mateo.nguyen8719@example.com,08/12/2024,66.64,USD,cancelled,8,DE
TX-0008720,C-01520,Ava Patel,ava.patel8720@example.com,09/05/2024,61.44,USD,completed,1,US
TX-0008721,C-01521,Noah Kim,noah.kim8721@example.com,10/10/2024,1355.32,USD,pending,2,CA
TX-0008722,C-01522,Mia Martin,mia.martin.invalid,11/03/2024,904.26,USD,refunded,3,GB
TX-0008723,C-01523,Liam Smith,liam.smith8723@example.com,12/08/2024,1035.65,USD,cancelled,4,AU
TX-0008724,C-01524,Sofia Brown,sofia.brown8724@example.com,01/01/2024,582.63,USD,completed,5,DE
TX-0008725,C-01525,Ethan Wilson,ethan.wilson8725@example.com,02/06/2024,1196.08,USD,pending,6,US
TX-0008726,C-01526,Zoe Garcia,zoe.garcia8726@example.com,03/11/2024,480.80,USD,refunded,7,CA
TX-0008727,C-01527,Mateo Nguyen,mateo.nguyen8727@example.com,04/04/2024,1035.37,USD,cancelled,8,GB
TX-0008728,C-01528,Ava Patel,ava.patel8728@example.com,05/09/2024,2410.19,USD,completed,1,AU
TX-0008729,C-01529,Noah Kim,noah.kim8729@example.com,06/02/2024,677.93,USD,pending,2,DE
TX-0008730,C-01530,Mia Martin,,07/07/2024,1583.89,USD,refunded,3,US
TX-0008731,C-01531,Liam Smith,liam.smith8731@example.com,08/12/2024,447.32,USD,cancelled,4,CA
TX-0008732,C-01532,Sofia Brown,sofia.brown8732@example.com,09/05/2024,556.69,USD,completed,5,GB
TX-0008733,C-01533,Ethan Wilson,ethan.wilson8733@example.com,10/10/2024,340.50,USD,pending,6,AU
TX-0008734,C-01534,Zoe Garcia,zoe.garcia8734@example.com,11/03/2024,869.76,USD,refunded,7,DE
TX-0008735,C-01535,Mateo Nguyen,mateo.nguyen8735@example.com,12/08/2024,1894.63,USD,cancelled,8,US
TX-0008736,C-01536,Ava Patel,ava.patel8736@example.com,01/01/2024,692.83,USD,completed,1,CA
TX-0008737,C-01537,Noah Kim,noah.kim8737@example.com,02/06/2024,964.58,USD,pending,2,GB
TX-0008738,C-01538,Mia Martin,mia.martin8738@example.com,03/11/2024,2190.71,USD,refunded,3,AU
TX-0008739,C-01539,Liam Smith,liam.smith8739@example.com,04/04/2024,442.05,USD,cancelled,4,DE
TX-0008740,C-01540,Sofia Brown,sofia.brown8740@example.com,05/09/2024,118.17,USD,completed,5,US
TX-0008741,C-01541,Ethan Wilson,ethan.wilson8741@example.com,06/02/2024,1331.31,USD,pending,6,CA
TX-0008742,C-01542,Zoe Garcia,zoe.garcia8742@example.com,07/07/2024,2064.40,USD,refunded,7,GB
TX-0008743,C-01543,Mateo Nguyen,mateo.nguyen8743@example.com,08/12/2024,332.83,USD,cancelled,8,AU
TX-0008744,C-01544,Ava Patel,ava.patel8744@example.com,09/05/2024,293.33,USD,completed,1,DE
TX-0008745,C-01545,Noah Kim,noah.kim8745@example.com,10/10/2024,265.51,USD,pending,2,US
TX-0008746,C-01546,Mia Martin,mia.martin8746@example.com,11/03/2024,648.57,USD,refunded,3,CA
TX-0008747,C-01547,Liam Smith,liam.smith8747@example.com,12/08/2024,1621.17,USD,cancelled,4,GB
TX-0008748,C-01548,Sofia Brown,sofia.brown8748@example.com,01/01/2024,2479.27,USD,completed,5,AU
TX-0008749,C-01549,Ethan Wilson,ethan.wilson8749@example.com,02/06/2024,1033.26,USD,pending,6,DE
TX-0008750,C-01550,Zoe Garcia,zoe.garcia8750@example.com,03/11/2024,51.84,USD,refunded,7,US
TX-0008751,C-01551,Mateo Nguyen,mateo.nguyen8751@example.com,04/04/2024,2355.52,USD,cancelled,8,CA
TX-0008752,C-01552,Ava Patel,ava.patel8752@example.com,05/09/2024,1535.55,USD,completed,1,GB
TX-0008753,C-01553,Noah Kim,noah.kim8753@example.com,06/02/2024,984.72,USD,pending,2,AU
TX-0008754,C-01554,Mia Martin,mia.martin8754@example.com,07/07/2024,1224.51,USD,refunded,3,DE
TX-0008755,C-01555,Liam Smith,liam.smith8755@example.com,08/12/2024,1139.01,USD,cancelled,4,US
TX-0008756,C-01556,Sofia Brown,sofia.brown8756@example.com,09/05/2024,1401.19,USD,completed,5,CA
TX-0008757,C-01557,Ethan Wilson,ethan.wilson8757@example.com,10/10/2024,259.73,USD,pending,6,GB
TX-0008758,C-01558,Zoe Garcia,zoe.garcia8758@example.com,11/03/2024,568.50,USD,refunded,7,AU
TX-0008759,C-01559,Mateo Nguyen,mateo.nguyen8759@example.com,12/08/2024,1392.41,USD,cancelled,8,DE
TX-0008760,C-01560,Ava Patel,ava.patel8760@example.com,01/01/2024,813.71,USD,completed,1,US
TX-0008761,C-01561,Noah Kim,noah.kim8761@example.com,02/06/2024,2292.92,USD,pending,2,CA
TX-0008762,C-01562,Mia Martin,mia.martin8762@example.com,03/11/2024,995.68,USD,refunded,3,GB
TX-0008763,C-01563,liam smith,liam.smith8763@example.com,04/04/2024,2425.22,USD,cancelled,4,AU
TX-0008764,C-01564,Sofia Brown,sofia.brown8764@example.com,05/09/2024,1179.80,USD,completed,5,DE
TX-0008765,C-01565,Ethan Wilson,ethan.wilson8765@example.com,06/02/2024,338.56,USD,pending,6,US
TX-0008766,C-01566,Zoe Garcia,zoe.garcia8766@example.com,07/07/2024,47.50,USD,refunded,7,CA
TX-0008767,C-01567,Mateo Nguyen,mateo.nguyen8767@example.com,08/12/2024,2467.63,USD,cancelled,8,GB
TX-0008768,C-01568,Ava Patel,ava.patel8768@example.com,09/05/2024,2065.39,USD,completed,1,AU
TX-0008769,C-01569,Noah Kim,noah.kim8769@example.com,10/10/2024,206.26,USD,pending,2,DE
TX-0008770,C-01570,Mia Martin,mia.martin8770@example.com,11/03/2024,2462.09,USD,refunded,3,US
TX-0008771,C-01571,Liam Smith,liam.smith8771@example.com,12/08/2024,1708.81,USD,cancelled,4,CA
TX-0008772,C-01572,Sofia Brown,sofia.brown8772@example.com,01/01/2024,2013.27,USD,completed,5,GB
TX-0008773,C-01573,Ethan Wilson,ethan.wilson8773@example.com,02/06/2024,2290.40,USD,pending,6,AU
TX-0008774,C-01574,Zoe Garcia,zoe.garcia8774@example.com,03/11/2024,1030.44,USD,refunded,7,DE
TX-0008775,C-01575,Mateo Nguyen,mateo.nguyen8775@example.com,04/04/2024,1426.97,USD,cancelled,8,US
TX-0008776,C-01576,Ava Patel,ava.patel8776@example.com,05/09/2024,835.56,USD,completed,1,CA
TX-0008777,C-01577,Noah Kim,noah.kim8777@example.com,06/02/2024,1583.90,USD,pending,2,gb
TX-0008778,C-01578,Mia Martin,mia.martin8778@example.com,07/07/2024,1718.53,USD,refunded,3,AU
TX-0008779,C-01579,Liam Smith,liam.smith8779@example.com,08/12/2024,470.35,USD,cancelled,4,DE
TX-0008780,C-01580,Sofia Brown,sofia.brown8780@example.com,09/05/2024,706.71,USD,completed,5,US
TX-0008781,C-01581,Ethan Wilson,ethan.wilson8781@example.com,10/10/2024,508.53,USD,pending,6,CA
TX-0008782,C-01582,Zoe Garcia,zoe.garcia8782@example.com,11/03/2024,1191.33,USD,refunded,7,GB
TX-0008783,C-01583,Mateo Nguyen,mateo.nguyen8783@example.com,12/08/2024,1485.73,USD,cancelled,8,AU
TX-0008784,C-01584,Ava Patel,ava.patel8784@example.com,01/01/2024,2124.14,USD,completed,1,DE
TX-0008785,C-01585,Noah Kim,noah.kim8785@example.com,02/06/2024,247.47,USD,pending,2,US
TX-0008786,C-01586,Mia Martin,mia.martin8786@example.com,03/11/2024,2490.81,USD,unknown,3,CA
TX-0008787,C-01587,Liam Smith,liam.smith8787@example.com,04/04/2024,1321.60,USD,cancelled,4,GB
TX-0008788,C-01588,Sofia Brown,sofia.brown8788@example.com,05/09/2024,1720.57,USD,completed,5,AU
TX-0008789,C-01589,Ethan Wilson,ethan.wilson8789@example.com,06/02/2024,2096.90,USD,pending,6,DE
TX-0008790,C-01590,Zoe Garcia,zoe.garcia8790@example.com,07/07/2024,1077.81,USD,refunded,7,US
TX-0008791,C-01591,Mateo Nguyen,mateo.nguyen8791@example.com,08/12/2024,1146.32,usd,cancelled,8,CA
TX-0008792,C-01592,Ava Patel,ava.patel8792@example.com,09/05/2024,433.03,USD,COMPLETE,1,GB
TX-0008793,C-01593,Noah Kim,noah.kim8793@example.com,10/10/2024,2472.63,USD,pending,2,AU
TX-0008794,C-01594,Mia Martin,mia.martin8794@example.com,11/03/2024,1912.74,USD,refunded,3,DE
TX-0008795,C-01595,Liam Smith,liam.smith8795@example.com,12/08/2024,729.99,USD,cancelled,4,US
TX-0008796,C-01596,Sofia Brown,sofia.brown8796@example.com,01/01/2024,1066.17,USD,completed,5,CA
TX-0008797,C-01597,Ethan Wilson,ethan.wilson8797@example.com,02/06/2024,201.20,USD,pending,6,GB
TX-0008798,C-01598,Zoe Garcia,zoe.garcia8798@example.com,03/11/2024,944.57,USD,refunded,7,AU
TX-0008799,C-01599,Mateo Nguyen,mateo.nguyen8799@example.com,04/04/2024,431.76,USD,cancelled,8,DE
TX-0008800,C-01600,Ava Patel,ava.patel8800@example.com,05/09/2024,1537.38,USD,completed,1,US
TX-0008801,C-01601,Noah Kim,noah.kim8801@example.com,06/02/2024,908.74,USD,pending,2,CA
TX-0008802,C-01602,Mia Martin,mia.martin8802@example.com,07/07/2024,27.84,USD,refunded,3,GB
TX-0008803,C-01603,Liam Smith,liam.smith8803@example.com,08/12/2024,306.48,USD,cancelled,4,AU
TX-0008804,C-01604,Sofia Brown,sofia.brown8804@example.com,09/05/2024,1148.76,USD,completed,5,DE
TX-0008805,C-01605,Ethan Wilson,ethan.wilson8805@example.com,10/10/2024,754.64,USD,pending,6,US
TX-0008806,C-01606,Zoe Garcia,zoe.garcia8806@example.com,11/03/2024,285.07,USD,refunded,7,CA
TX-0008807,C-01607,Mateo Nguyen,mateo.nguyen8807@example.com,12/08/2024,414.98,USD,cancelled,8,GB
TX-0008808,C-01608,Ava Patel,ava.patel8808@example.com,01/01/2024,859.28,USD,completed,1,AU
TX-0008809,C-01609,Noah Kim,noah.kim8809@example.com,02/06/2024,537.87,USD,pending,2,DE
TX-0008810,C-01610,Mia Martin,mia.martin8810@example.com,03/11/2024,654.13,USD,refunded,3,US
TX-0008811,C-01611,Liam Smith,liam.smith.invalid,04/04/2024,382.01,USD,cancelled,4,CA
TX-0008812,C-01612,Sofia Brown,sofia.brown8812@example.com,05/09/2024,1264.62,USD,completed,5,GB
TX-0008813,C-01613,Ethan Wilson,ethan.wilson8813@example.com,06/02/2024,2465.60,USD,pending,6,AU
TX-0008814,C-01614,  ZOE GARCIA  ,zoe.garcia8814@example.com,07/07/2024,2442.88,USD,refunded,7,DE
TX-0008815,C-01615,Mateo Nguyen,mateo.nguyen8815@example.com,08/12/2024,360.45,USD,cancelled,8,US
TX-0008816,C-01616,Ava Patel,ava.patel8816@example.com,09/05/2024,1272.86,USD,completed,1,CA
TX-0008817,C-01617,Noah Kim,noah.kim8817@example.com,10/10/2024,1049.76,USD,pending,2,GB
TX-0008818,C-01618,Mia Martin,mia.martin8818@example.com,11/03/2024,1261.19,USD,refunded,3,AU
TX-0008819,C-01619,Liam Smith,liam.smith8819@example.com,12/08/2024,1604.66,USD,cancelled,4,DE
TX-0008820,C-01620,Sofia Brown,sofia.brown8820@example.com,01/01/2024,1205.34,USD,completed,5,US
TX-0008821,C-01621,Ethan Wilson,ethan.wilson8821@example.com,02/06/2024,1208.24,USD,pending,6,CA
TX-0008822,C-01622,Zoe Garcia,zoe.garcia8822@example.com,03/11/2024,1070.32,USD,refunded,7,GB
TX-0008823,C-01623,Mateo Nguyen,mateo.nguyen8823@example.com,04/04/2024,39.24,USD,cancelled,8,USA
TX-0008824,C-01624,Ava Patel,ava.patel8824@example.com,05/09/2024,1815.02,USD,completed,1,DE
TX-0008825,C-01625,Noah Kim,noah.kim8825@example.com,06/02/2024,208.73,USD,pending,2,US
TX-0008826,C-01626,Mia Martin,mia.martin8826@example.com,07/07/2024,1840.18,USD,refunded,3,CA
TX-0008827,C-01627,Liam Smith,,08/12/2024,300.89,USD,cancelled,4,GB
TX-0008828,C-01628,Sofia Brown,sofia.brown8828@example.com,09/05/2024,515.55,USD,completed,5,AU
TX-0008829,C-01629,Ethan Wilson,ethan.wilson8829@example.com,10/10/2024,1611.01,USD,pending,6,DE
TX-0008830,C-01630,Zoe Garcia,zoe.garcia8830@example.com,11/03/2024,2286.02,USD,refunded,7,US
TX-0008831,C-01631,Mateo Nguyen,mateo.nguyen8831@example.com,12/08/2024,505.59,USD,cancelled,8,CA
TX-0008832,C-01632,Ava Patel,ava.patel8832@example.com,01/01/2024,1501.21,USD,completed,1,GB
TX-0008833,C-01633,Noah Kim,noah.kim8833@example.com,02/06/2024,753.72,USD,pending,2,AU
TX-0008834,C-01634,Mia Martin,mia.martin8834@example.com,03/11/2024,1493.53,USD,refunded,3,DE
TX-0008835,C-01635,Liam Smith,liam.smith8835@example.com,04/04/2024,2462.11,USD,cancelled,4,US
TX-0008836,C-01636,Sofia Brown,sofia.brown8836@example.com,05/09/2024,2476.82,USD,completed,5,CA
TX-0008837,C-01637,Ethan Wilson,ethan.wilson8837@example.com,06/02/2024,1864.78,USD,pending,6,GB
TX-0008838,C-01638,Zoe Garcia,zoe.garcia8838@example.com,07/07/2024,1728.83,USD,refunded,7,AU
TX-0008839,C-01639,Mateo Nguyen,mateo.nguyen8839@example.com,08/12/2024,2410.68,USD,cancelled,8,DE
TX-0008840,C-01640,Ava Patel,ava.patel8840@example.com,09/05/2024,2482.25,USD,completed,1,US
TX-0008841,C-01641,Noah Kim,noah.kim8841@example.com,10/10/2024,117.00,USD,pending,2,CA
TX-0008842,C-01642,Mia Martin,mia.martin8842@example.com,11/03/2024,1739.05,USD,refunded,3,GB
TX-0008843,C-01643,Liam Smith,liam.smith8843@example.com,12/08/2024,1326.21,USD,cancelled,4,AU
TX-0008844,C-01644,Sofia Brown,sofia.brown8844@example.com,01/01/2024,1656.02,USD,completed,5,DE
TX-0008845,C-01645,Ethan Wilson,ethan.wilson8845@example.com,02/06/2024,455.38,USD,pending,6,US
TX-0008846,C-01646,Zoe Garcia,zoe.garcia8846@example.com,03/11/2024,532.06,USD,refunded,7,CA
TX-0008847,C-01647,Mateo Nguyen,mateo.nguyen8847@example.com,04/04/2024,1443.28,USD,cancelled,8,GB
TX-0008848,C-01648,Ava Patel,ava.patel8848@example.com,05/09/2024,1185.91,USD,completed,1,AU
TX-0008849,C-01649,Noah Kim,noah.kim8849@example.com,06/02/2024,910.98,USD,pending,2,DE
TX-0008850,C-01650,Mia Martin,mia.martin8850@example.com,07/07/2024,984.34,USD,refunded,3,US
TX-0008851,C-01651,Liam Smith,liam.smith8851@example.com,08/12/2024,720.89,USD,cancelled,4,CA
TX-0008852,C-01652,Sofia Brown,sofia.brown8852@example.com,09/05/2024,157.92,USD,completed,5,GB
TX-0008853,C-01653,Ethan Wilson,ethan.wilson8853@example.com,10/10/2024,1800.93,USD,pending,6,AU
TX-0008854,C-01654,Zoe Garcia,zoe.garcia8854@example.com,11/03/2024,448.46,USD,refunded,7,DE
TX-0008855,C-01655,Mateo Nguyen,mateo.nguyen8855@example.com,12/08/2024,2075.91,USD,cancelled,8,US
TX-0008856,C-01656,Ava Patel,ava.patel8856@example.com,01/01/2024,700.38,USD,completed,1,CA
TX-0008857,C-01657,Noah Kim,noah.kim8857@example.com,02/06/2024,554.12,USD,pending,2,GB
TX-0008858,C-01658,Mia Martin,mia.martin8858@example.com,03/11/2024,395.85,USD,refunded,3,AU
TX-0008859,C-01659,Liam Smith,liam.smith8859@example.com,04/04/2024,429.42,USD,cancelled,4,DE
TX-0008860,C-01660,Sofia Brown,sofia.brown8860@example.com,05/09/2024,1877.02,USD,completed,5,US
TX-0008861,C-01661,Ethan Wilson,ethan.wilson8861@example.com,06/02/2024,804.22,USD,pending,6,CA
TX-0008862,C-01662,Zoe Garcia,zoe.garcia8862@example.com,07/07/2024,-37.10,USD,refunded,7,GB
TX-0008863,C-01663,Mateo Nguyen,mateo.nguyen8863@example.com,08/12/2024,232.11,USD,cancelled,8,AU
TX-0008864,C-01664,Ava Patel,ava.patel8864@example.com,09/05/2024,151.38,USD,completed,1,DE
TX-0008865,C-01665,Noah Kim,noah.kim8865@example.com,10/10/2024,1575.92,USD,pending,2,US
TX-0008866,C-01666,Mia Martin,mia.martin8866@example.com,11/03/2024,1511.10,USD,refunded,3,CA
TX-0008867,C-01667,Liam Smith,liam.smith8867@example.com,12/08/2024,1244.80,USD,cancelled,4,GB
TX-0008868,C-01668,Sofia Brown,sofia.brown8868@example.com,01/01/2024,89.16,USD,completed,5,AU
TX-0008869,C-01669,Ethan Wilson,ethan.wilson8869@example.com,02/06/2024,1466.24, USD ,pending,6,DE
TX-0008870,C-01670,Zoe Garcia,zoe.garcia8870@example.com,03/11/2024,1169.38,USD,refunded,7,US
TX-0008871,C-01671,Mateo Nguyen,mateo.nguyen8871@example.com,04/04/2024,1984.19,USD,cancelled,8,CA
TX-0008872,C-01672,Ava Patel,ava.patel8872@example.com,05/09/2024,2091.86,USD,completed,1,GB
TX-0008873,C-01673,Noah Kim,noah.kim8873@example.com,06/02/2024,737.31,USD,pending,2,AU
TX-0008874,C-01674,Mia Martin,mia.martin8874@example.com,07/07/2024,328.12,USD,refunded,3,DE
TX-0008875,C-01675,Liam Smith,liam.smith8875@example.com,08/12/2024,1062.54,USD,cancelled,4,US
TX-0008876,C-01676,Sofia Brown,sofia.brown8876@example.com,09/05/2024,732.98,USD,completed,5,CA
TX-0008877,C-01677,Ethan Wilson,ethan.wilson8877@example.com,10/10/2024,1567.33,USD,pending,6,GB
TX-0008878,C-01678,Zoe Garcia,zoe.garcia8878@example.com,11/03/2024,1248.25,USD,refunded,7,AU
TX-0008879,C-01679,Mateo Nguyen,mateo.nguyen8879@example.com,12/08/2024,2335.81,USD,cancelled,8,DE
TX-0008880,C-01680,Ava Patel,ava.patel8880@example.com,01/01/2024,332.70,USD,completed,1,US
TX-0008881,C-01681,Noah Kim,noah.kim8881@example.com,02/06/2024,343.69,USD,pending,2,CA
TX-0008882,C-01682,Mia Martin,mia.martin8882@example.com,03/11/2024,1476.22,USD,refunded,3,GB
TX-0008883,C-01683,Liam Smith,liam.smith8883@example.com,04/04/2024,299.59,USD,cancelled,4,AU
TX-0008884,C-01684,Sofia Brown,sofia.brown8884@example.com,05/09/2024,1403.78,USD,completed,5,DE
TX-0008885,C-01685,Ethan Wilson,ethan.wilson8885@example.com,06/02/2024,1215.24,USD,pending,6,US
TX-0008886,C-01686,Zoe Garcia,zoe.garcia8886@example.com,07/07/2024,2161.73,USD,refunded,7,CA
TX-0008887,C-01687,Mateo Nguyen,mateo.nguyen8887@example.com,08/12/2024,2065.39,USD,cancelled,8,GB
TX-0008888,C-01688,Ava Patel,ava.patel8888@example.com,09/05/2024,1680.63,USD,completed,1,AU
TX-0008889,C-01689,Noah Kim,noah.kim8889@example.com,10/10/2024,116.91,USD,pending,2,DE
TX-0008890,C-01690,mia martin,mia.martin8890@example.com,11/03/2024,2119.75,USD,refunded,3,US
TX-0008891,C-01691,Liam Smith,liam.smith8891@example.com,12/08/2024,1816.27,USD,cancelled,4,CA
TX-0008892,C-01692,Sofia Brown,sofia.brown8892@example.com,01/01/2024,1610.11,USD,completed,5,GB
TX-0008893,C-01693,Ethan Wilson,ethan.wilson8893@example.com,02/06/2024,1358.14,USD,pending,6,AU
TX-0008894,C-01694,Zoe Garcia,zoe.garcia8894@example.com,03/11/2024,1967.19,USD,refunded,7,DE
TX-0008895,C-01695,Mateo Nguyen,mateo.nguyen8895@example.com,04/04/2024,2420.83,USD,cancelled,8,US
TX-0008896,C-01696,Ava Patel,ava.patel8896@example.com,05/09/2024,1490.55,USD,completed,1,CA
TX-0008897,C-01697,Noah Kim,noah.kim8897@example.com,06/02/2024,176.01,USD,pending,2,GB
TX-0008898,C-01698,Mia Martin,mia.martin8898@example.com,07/07/2024,956.59,USD,refunded,3,AU
TX-0008899,C-01699,Liam Smith,liam.smith8899@example.com,08/12/2024,1838.66,USD,cancelled,4,DE
TX-0008900,C-01700,Sofia Brown,sofia.brown.invalid,09/05/2024,1537.79,USD,completed,5,US
TX-0008901,C-01701,Ethan Wilson,ethan.wilson8901@example.com,10/10/2024,761.59,USD,pending,6,CA
TX-0008902,C-01702,Zoe Garcia,zoe.garcia8902@example.com,11/03/2024,2476.75,USD,refunded,7,GB
TX-0008903,C-01703,Mateo Nguyen,mateo.nguyen8903@example.com,12/08/2024,479.39,USD,cancelled,8,AU
TX-0008904,C-01704,Ava Patel,ava.patel8904@example.com,01/01/2024,1739.54,USD,completed,1,DE
TX-0008905,C-01705,Noah Kim,noah.kim8905@example.com,02/06/2024,1635.53,USD,pending,2,US
TX-0008906,C-01706,Mia Martin,mia.martin8906@example.com,03/11/2024,2139.24,USD,refunded,3,CA
TX-0008907,C-01707,Liam Smith,liam.smith8907@example.com,04/04/2024,126.03,USD,cancelled,4,GB
TX-0008908,C-01708,Sofia Brown,sofia.brown8908@example.com,05/09/2024,429.19,USD,completed,5,au
TX-0008909,C-01709,Ethan Wilson,ethan.wilson8909@example.com,06/02/2024,2440.86,USD,pending,6,DE
TX-0008910,C-01710,Zoe Garcia,zoe.garcia8910@example.com,07/07/2024,238.18,USD,refunded,7,US
TX-0008911,C-01711,Mateo Nguyen,mateo.nguyen8911@example.com,08/12/2024,647.67,USD,cancelled,8,CA
TX-0008912,C-01712,Ava Patel,ava.patel8912@example.com,09/05/2024,668.07,USD,completed,1,GB
TX-0008913,C-01713,Noah Kim,noah.kim8913@example.com,10/10/2024,2091.17,USD,pending,2,AU
TX-0008914,C-01714,Mia Martin,mia.martin8914@example.com,11/03/2024,169.65,USD,refunded,3,DE
TX-0008915,C-01715,Liam Smith,liam.smith8915@example.com,12/08/2024,1346.23,USD,cancelled,4,US
TX-0008916,C-01716,Sofia Brown,sofia.brown8916@example.com,01/01/2024,1921.08,USD,completed,5,CA
TX-0008917,C-01717,Ethan Wilson,ethan.wilson8917@example.com,02/06/2024,482.01,USD,pending,6,GB
TX-0008918,C-01718,Zoe Garcia,zoe.garcia8918@example.com,03/11/2024,2313.11,USD,refunded,7,AU
TX-0008919,C-01719,Mateo Nguyen,mateo.nguyen8919@example.com,04/04/2024,348.98,USD,cancelled,8,DE
TX-0008920,C-01720,Ava Patel,ava.patel8920@example.com,05/09/2024,,USD,completed,1,US
TX-0008921,C-01721,Noah Kim,noah.kim8921@example.com,06/02/2024,206.98,USD,pending,2,CA
TX-0008922,C-01722,Mia Martin,mia.martin8922@example.com,07/07/2024,273.41,USD,refunded,3,GB
TX-0008923,C-01723,Liam Smith,liam.smith8923@example.com,08/12/2024,748.54,USD,cancelled,4,AU
TX-0008924,C-01724,Sofia Brown,,09/05/2024,2443.37,USD,completed,5,DE
TX-0008925,C-01725,Ethan Wilson,ethan.wilson8925@example.com,10/10/2024,2420.01,USD,pending,6,US
TX-0008926,C-01726,Zoe Garcia,zoe.garcia8926@example.com,11/03/2024,728.75,USD,refunded,7,CA
TX-0008927,C-01727,  MATEO NGUYEN  ,mateo.nguyen8927@example.com,12/08/2024,1398.36,USD,cancelled,8,GB
TX-0008928,C-01728,Ava Patel,ava.patel8928@example.com,01/01/2024,1187.45,USD,completed,1,AU
TX-0008929,C-01729,Noah Kim,noah.kim8929@example.com,02/06/2024,2019.15,USD,pending,2,DE
TX-0008930,C-01730,Mia Martin,mia.martin8930@example.com,03/11/2024,2109.39,USD,refunded,3,US
TX-0008931,C-01731,Liam Smith,liam.smith8931@example.com,04/04/2024,465.83,USD,cancelled,4,CA
TX-0008932,C-01732,Sofia Brown,sofia.brown8932@example.com,05/09/2024,1621.20,USD,completed,5,GB
TX-0008933,C-01733,Ethan Wilson,ethan.wilson8933@example.com,06/02/2024,279.22,USD,pending,6,AU
TX-0008934,C-01734,Zoe Garcia,zoe.garcia8934@example.com,07/07/2024,1214.44,USD,refunded,7,DE
TX-0008935,C-01735,Mateo Nguyen,mateo.nguyen8935@example.com,08/12/2024,2154.89,USD,cancelled,8,US
TX-0008936,C-01736,Ava Patel,ava.patel8936@example.com,09/05/2024,593.86,USD,completed,1,CA
TX-0008937,C-01737,Noah Kim,noah.kim8937@example.com,10/10/2024,855.60,USD,pending,2,GB
TX-0008938,C-01738,Mia Martin,mia.martin8938@example.com,11/03/2024,111.88,USD,refunded,3,AU
TX-0008939,C-01739,Liam Smith,liam.smith8939@example.com,12/08/2024,255.22,USD,cancelled,4,DE
TX-0008940,C-01740,Sofia Brown,sofia.brown8940@example.com,01/01/2024,1969.87,usd,completed,5,US
TX-0008941,C-01741,Ethan Wilson,ethan.wilson8941@example.com,02/06/2024,1207.80,USD,pending,6,CA
TX-0008942,C-01742,Zoe Garcia,zoe.garcia8942@example.com,03/11/2024,802.64,USD,refunded,7,GB
TX-0008943,C-01743,Mateo Nguyen,mateo.nguyen8943@example.com,04/04/2024,403.82,USD,cancelled,8,AU
TX-0008944,C-01744,Ava Patel,ava.patel8944@example.com,05/09/2024,251.40,USD,completed,1,DE
TX-0008945,C-01745,Noah Kim,noah.kim8945@example.com,06/02/2024,316.77,USD,pending,2,US
TX-0008946,C-01746,Mia Martin,mia.martin8946@example.com,07/07/2024,1719.24,USD,refunded,3,CA
TX-0008947,C-01747,Liam Smith,liam.smith8947@example.com,08/12/2024,83.53,USD,cancelled,4,GB
TX-0008948,C-01748,Sofia Brown,sofia.brown8948@example.com,09/05/2024,1849.90,USD,completed,5,AU
TX-0008949,C-01749,Ethan Wilson,ethan.wilson8949@example.com,10/10/2024,348.25,USD,COMPLETE,6,DE
TX-0008950,C-01750,Zoe Garcia,zoe.garcia8950@example.com,11/03/2024,1296.03,USD,refunded,7,US
TX-0008951,C-01751,Mateo Nguyen,mateo.nguyen8951@example.com,12/08/2024,2135.52,USD,cancelled,8,CA
TX-0008952,C-01752,Ava Patel,ava.patel8952@example.com,01/01/2024,1099.25,USD,completed,1,GB
TX-0008953,C-01753,Noah Kim,noah.kim8953@example.com,02/06/2024,2276.81,USD,pending,2,AU
TX-0008954,C-01754,Mia Martin,mia.martin8954@example.com,03/11/2024,1036.31,USD,refunded,3,DE
TX-0008955,C-01755,Liam Smith,liam.smith8955@example.com,04/04/2024,557.42,USD,cancelled,4,US
TX-0008956,C-01756,Sofia Brown,sofia.brown8956@example.com,05/09/2024,1361.89,USD,completed,5,CA
TX-0008957,C-01757,Ethan Wilson,ethan.wilson8957@example.com,06/02/2024,1206.03,USD,pending,6,GB
TX-0008958,C-01758,Zoe Garcia,zoe.garcia8958@example.com,07/07/2024,939.02,USD,refunded,7,AU
TX-0008959,C-01759,Mateo Nguyen,mateo.nguyen8959@example.com,08/12/2024,501.10,USD,cancelled,8,DE
TX-0008960,C-01760,Ava Patel,ava.patel8960@example.com,09/05/2024,1158.94,USD,completed,1,US
TX-0008961,C-01761,Noah Kim,noah.kim8961@example.com,10/10/2024,1510.21,USD,pending,2,CA
TX-0008962,C-01762,Mia Martin,mia.martin8962@example.com,11/03/2024,2195.60,USD,refunded,3,GB
TX-0008963,C-01763,Liam Smith,liam.smith8963@example.com,12/08/2024,227.21,USD,cancelled,4,AU
TX-0008964,C-01764,Sofia Brown,sofia.brown8964@example.com,01/01/2024,1186.60,USD,completed,5,DE
TX-0008965,C-01765,Ethan Wilson,ethan.wilson8965@example.com,02/06/2024,103.74,USD,pending,6,US
TX-0008966,C-01766,Zoe Garcia,zoe.garcia8966@example.com,03/11/2024,817.69,USD,refunded,7,CA
TX-0008967,C-01767,Mateo Nguyen,mateo.nguyen8967@example.com,04/04/2024,2227.35,USD,cancelled,8,GB
TX-0008968,C-01768,Ava Patel,ava.patel8968@example.com,05/09/2024,1520.79,USD,completed,1,AU
TX-0008969,C-01769,Noah Kim,noah.kim8969@example.com,06/02/2024,140.24,USD,pending,2,DE
TX-0008970,C-01770,Mia Martin,mia.martin8970@example.com,07/07/2024,242.60,USD,refunded,3,US
TX-0008971,C-01771,Liam Smith,liam.smith8971@example.com,08/12/2024,2104.24,USD,cancelled,4,CA
TX-0008972,C-01772,Sofia Brown,sofia.brown8972@example.com,09/05/2024,1841.20,USD,completed,5,GB
TX-0008973,C-01773,Ethan Wilson,ethan.wilson8973@example.com,10/10/2024,319.01,USD,pending,6,AU
TX-0008974,C-01774,Zoe Garcia,zoe.garcia8974@example.com,11/03/2024,1164.84,USD,refunded,7,DE
TX-0008975,C-01775,Mateo Nguyen,mateo.nguyen8975@example.com,12/08/2024,2278.38,USD,cancelled,8,US
TX-0008976,C-01776,Ava Patel,ava.patel8976@example.com,01/01/2024,867.92,USD,completed,1,CA
TX-0008977,C-01777,Noah Kim,noah.kim8977@example.com,02/06/2024,2212.31,USD,unknown,2,GB
TX-0008978,C-01778,Mia Martin,mia.martin8978@example.com,03/11/2024,1612.52,USD,refunded,3,AU
TX-0008979,C-01779,Liam Smith,liam.smith8979@example.com,04/04/2024,1743.73,USD,cancelled,4,DE
TX-0008980,C-01780,Sofia Brown,sofia.brown8980@example.com,05/09/2024,395.23,USD,completed,5,US
TX-0008981,C-01781,Ethan Wilson,ethan.wilson8981@example.com,06/02/2024,3.74,USD,pending,6,CA
TX-0008982,C-01782,Zoe Garcia,zoe.garcia8982@example.com,07/07/2024,1973.68,USD,refunded,7,GB
TX-0008983,C-01783,Mateo Nguyen,mateo.nguyen8983@example.com,08/12/2024,547.36,USD,cancelled,8,AU
TX-0008984,C-01784,Ava Patel,ava.patel8984@example.com,09/05/2024,2363.00,USD,completed,1,DE
TX-0008985,C-01785,Noah Kim,noah.kim8985@example.com,10/10/2024,1681.88,USD,pending,2,US
TX-0008986,C-01786,Mia Martin,mia.martin8986@example.com,11/03/2024,113.59,USD,refunded,3,CA
TX-0008987,C-01787,Liam Smith,liam.smith8987@example.com,12/08/2024,1942.06,USD,cancelled,4,GB
TX-0008988,C-01788,Sofia Brown,sofia.brown8988@example.com,01/01/2024,2370.73,USD,completed,5,AU
TX-0008989,C-01789,Ethan Wilson,ethan.wilson.invalid,02/06/2024,2348.30,USD,pending,6,DE
TX-0008990,C-01790,Zoe Garcia,zoe.garcia8990@example.com,03/11/2024,2114.45,USD,refunded,7,US
TX-0008991,C-01791,Mateo Nguyen,mateo.nguyen8991@example.com,04/04/2024,2268.73,USD,cancelled,8,CA
TX-0008992,C-01792,Ava Patel,ava.patel8992@example.com,05/09/2024,1688.00,USD,completed,1,GB
TX-0008993,C-01793,Noah Kim,noah.kim8993@example.com,06/02/2024,2370.81,USD,pending,2,AU
TX-0008994,C-01794,Mia Martin,mia.martin8994@example.com,07/07/2024,1729.06,USD,refunded,3,DE
TX-0008995,C-01795,Liam Smith,liam.smith8995@example.com,08/12/2024,1916.93,USD,cancelled,4,US
TX-0008996,C-01796,Sofia Brown,sofia.brown8996@example.com,09/05/2024,1528.11,USD,completed,5,USA
TX-0008997,C-01797,Ethan Wilson,ethan.wilson8997@example.com,10/10/2024,2213.42,USD,pending,6,GB
TX-0008998,C-01798,Zoe Garcia,zoe.garcia8998@example.com,11/03/2024,1924.05,USD,refunded,7,AU
TX-0008999,C-01799,Mateo Nguyen,mateo.nguyen8999@example.com,12/08/2024,217.64,USD,cancelled,8,DE
TX-0009000,C-01800,Ava Patel,ava.patel9000@example.com,01/01/2024,1828.17,USD,completed,1,US
TX-0009001,C-01801,Noah Kim,noah.kim9001@example.com,02/06/2024,1677.38,USD,pending,2,CA
TX-0009002,C-01802,Mia Martin,mia.martin9002@example.com,03/11/2024,2337.02,USD,refunded,3,GB
TX-0009003,C-01803,Liam Smith,liam.smith9003@example.com,04/04/2024,2387.25,USD,cancelled,4,AU
TX-0009004,C-01804,Sofia Brown,sofia.brown9004@example.com,05/09/2024,1593.69,USD,completed,5,DE
TX-0009005,C-01805,Ethan Wilson,ethan.wilson9005@example.com,06/02/2024,2154.17,USD,pending,6,US
TX-0009006,C-01806,Zoe Garcia,zoe.garcia9006@example.com,07/07/2024,742.91,USD,refunded,7,CA
TX-0009007,C-01807,Mateo Nguyen,mateo.nguyen9007@example.com,08/12/2024,138.39,USD,cancelled,8,GB
TX-0009008,C-01808,Ava Patel,ava.patel9008@example.com,09/05/2024,1664.26,USD,completed,1,AU
TX-0009009,C-01809,Noah Kim,noah.kim9009@example.com,10/10/2024,890.36,USD,pending,2,DE
TX-0009010,C-01810,Mia Martin,mia.martin9010@example.com,11/03/2024,1632.19,USD,refunded,3,US
TX-0009011,C-01811,Liam Smith,liam.smith9011@example.com,12/08/2024,961.69,USD,cancelled,4,CA
TX-0009012,C-01812,Sofia Brown,sofia.brown9012@example.com,01/01/2024,840.79,USD,completed,5,GB
TX-0009013,C-01813,Ethan Wilson,ethan.wilson9013@example.com,02/06/2024,344.81,USD,pending,6,AU
TX-0009014,C-01814,Zoe Garcia,zoe.garcia9014@example.com,03/11/2024,1375.44,USD,refunded,7,DE
TX-0009015,C-01815,Mateo Nguyen,mateo.nguyen9015@example.com,04/04/2024,532.14,USD,cancelled,8,US
TX-0009016,C-01816,Ava Patel,ava.patel9016@example.com,05/09/2024,1235.73,USD,completed,1,CA
TX-0009017,C-01817,noah kim,noah.kim9017@example.com,06/02/2024,1278.81,USD,pending,2,GB
TX-0009018,C-01818,Mia Martin,mia.martin9018@example.com,07/07/2024,1082.35,USD,refunded,3,AU
TX-0009019,C-01819,Liam Smith,liam.smith9019@example.com,08/12/2024,1795.91,USD,cancelled,4,DE
TX-0009020,C-01820,Sofia Brown,sofia.brown9020@example.com,09/05/2024,1621.31,USD,completed,5,US
TX-0009021,C-01821,Ethan Wilson,,10/10/2024,812.54,USD,pending,6,CA
TX-0009022,C-01822,Zoe Garcia,zoe.garcia9022@example.com,11/03/2024,1959.39,USD,refunded,7,GB
TX-0009023,C-01823,Mateo Nguyen,mateo.nguyen9023@example.com,12/08/2024,2334.60,USD,cancelled,8,AU
TX-0009024,C-01824,Ava Patel,ava.patel9024@example.com,01/01/2024,266.33,USD,completed,1,DE
TX-0009025,C-01825,Noah Kim,noah.kim9025@example.com,02/06/2024,2044.95,USD,pending,2,US
TX-0009026,C-01826,Mia Martin,mia.martin9026@example.com,03/11/2024,2117.37,USD,refunded,3,CA
TX-0009027,C-01827,Liam Smith,liam.smith9027@example.com,04/04/2024,202.00,USD,cancelled,4,GB
TX-0009028,C-01828,Sofia Brown,sofia.brown9028@example.com,05/09/2024,1916.05,USD,completed,5,AU
TX-0009029,C-01829,Ethan Wilson,ethan.wilson9029@example.com,06/02/2024,2063.75,USD,pending,6,DE
TX-0009030,C-01830,Zoe Garcia,zoe.garcia9030@example.com,07/07/2024,1679.58,USD,refunded,7,US
TX-0009031,C-01831,Mateo Nguyen,mateo.nguyen9031@example.com,08/12/2024,1536.58,USD,cancelled,8,CA
TX-0009032,C-01832,Ava Patel,ava.patel9032@example.com,09/05/2024,328.30,USD,completed,1,GB
TX-0009033,C-01833,Noah Kim,noah.kim9033@example.com,10/10/2024,137.24,USD,pending,2,AU
TX-0009034,C-01834,Mia Martin,mia.martin9034@example.com,11/03/2024,2437.17,USD,refunded,3,DE
TX-0009035,C-01835,Liam Smith,liam.smith9035@example.com,12/08/2024,793.83,USD,cancelled,4,US
TX-0009036,C-01836,Sofia Brown,sofia.brown9036@example.com,01/01/2024,594.22,USD,completed,5,CA
TX-0009037,C-01837,Ethan Wilson,ethan.wilson9037@example.com,02/06/2024,1629.87,USD,pending,6,GB
TX-0009038,C-01838,Zoe Garcia,zoe.garcia9038@example.com,03/11/2024,1945.84,USD,refunded,7,AU
TX-0009039,C-01839,Mateo Nguyen,mateo.nguyen9039@example.com,04/04/2024,727.16,USD,cancelled,8,de
TX-0009040,C-01840,  AVA PATEL  ,ava.patel9040@example.com,05/09/2024,2028.82,USD,completed,1,US
TX-0009041,C-01841,Noah Kim,noah.kim9041@example.com,06/02/2024,255.62,USD,pending,2,CA
TX-0009042,C-01842,Mia Martin,mia.martin9042@example.com,07/07/2024,1891.43,USD,refunded,3,GB
TX-0009043,C-01843,Liam Smith,liam.smith9043@example.com,08/12/2024,461.60,USD,cancelled,4,AU
TX-0009044,C-01844,Sofia Brown,sofia.brown9044@example.com,09/05/2024,338.85,USD,completed,5,DE
TX-0009045,C-01845,Ethan Wilson,ethan.wilson9045@example.com,10/10/2024,1654.69,USD,pending,6,US
TX-0009046,C-01846,Zoe Garcia,zoe.garcia9046@example.com,11/03/2024,2095.02,USD,refunded,7,CA
TX-0009047,C-01847,Mateo Nguyen,mateo.nguyen9047@example.com,12/08/2024,1898.76,USD,cancelled,8,GB
TX-0009048,C-01848,Ava Patel,ava.patel9048@example.com,01/01/2024,1126.78,USD,completed,1,AU
TX-0009049,C-01849,Noah Kim,noah.kim9049@example.com,02/06/2024,1718.35,USD,pending,2,DE
TX-0009050,C-01850,Mia Martin,mia.martin9050@example.com,03/11/2024,479.88, USD ,refunded,3,US
TX-0009051,C-01851,Liam Smith,liam.smith9051@example.com,04/04/2024,212.04,USD,cancelled,4,CA
TX-0009052,C-01852,Sofia Brown,sofia.brown9052@example.com,05/09/2024,1411.73,USD,completed,5,GB
TX-0009053,C-01853,Ethan Wilson,ethan.wilson9053@example.com,06/02/2024,1118.80,USD,pending,6,AU
TX-0009054,C-01854,Zoe Garcia,zoe.garcia9054@example.com,07/07/2024,305.89,USD,refunded,7,DE
TX-0009055,C-01855,Mateo Nguyen,mateo.nguyen9055@example.com,08/12/2024,910.64,USD,cancelled,8,US
TX-0009056,C-01856,Ava Patel,ava.patel9056@example.com,09/05/2024,1988.34,USD,completed,1,CA
TX-0009057,C-01857,Noah Kim,noah.kim9057@example.com,10/10/2024,555.87,USD,pending,2,GB
TX-0009058,C-01858,Mia Martin,mia.martin9058@example.com,11/03/2024,792.12,USD,refunded,3,AU
TX-0009059,C-01859,Liam Smith,liam.smith9059@example.com,12/08/2024,1716.81,USD,cancelled,4,DE
TX-0009060,C-01860,Sofia Brown,sofia.brown9060@example.com,01/01/2024,345.44,USD,completed,5,US
TX-0009061,C-01861,Ethan Wilson,ethan.wilson9061@example.com,02/06/2024,1774.21,USD,pending,6,CA
TX-0009062,C-01862,Zoe Garcia,zoe.garcia9062@example.com,03/11/2024,1853.50,USD,refunded,7,GB
TX-0009063,C-01863,Mateo Nguyen,mateo.nguyen9063@example.com,04/04/2024,1725.21,USD,cancelled,8,AU
TX-0009064,C-01864,Ava Patel,ava.patel9064@example.com,05/09/2024,2376.02,USD,completed,1,DE
TX-0009065,C-01865,Noah Kim,noah.kim9065@example.com,06/02/2024,2372.65,USD,pending,2,US
TX-0009066,C-01866,Mia Martin,mia.martin9066@example.com,07/07/2024,1041.88,USD,refunded,3,CA
TX-0009067,C-01867,Liam Smith,liam.smith9067@example.com,08/12/2024,2007.77,USD,cancelled,4,GB
TX-0009068,C-01868,Sofia Brown,sofia.brown9068@example.com,09/05/2024,219.71,USD,completed,5,AU
TX-0009069,C-01869,Ethan Wilson,ethan.wilson9069@example.com,10/10/2024,771.65,USD,pending,6,DE
TX-0009070,C-01870,Zoe Garcia,zoe.garcia9070@example.com,11/03/2024,501.37,USD,refunded,7,US
TX-0009071,C-01871,Mateo Nguyen,mateo.nguyen9071@example.com,12/08/2024,869.61,USD,cancelled,8,CA
TX-0009072,C-01872,Ava Patel,ava.patel9072@example.com,01/01/2024,1581.98,USD,completed,1,GB
TX-0009073,C-01873,Noah Kim,noah.kim9073@example.com,02/06/2024,-20.49,USD,pending,2,AU
TX-0009074,C-01874,Mia Martin,mia.martin9074@example.com,03/11/2024,2418.62,USD,refunded,3,DE
TX-0009075,C-01875,Liam Smith,liam.smith9075@example.com,04/04/2024,832.86,USD,cancelled,4,US
TX-0009076,C-01876,Sofia Brown,sofia.brown9076@example.com,05/09/2024,1889.51,USD,completed,5,CA
TX-0009077,C-01877,Ethan Wilson,ethan.wilson9077@example.com,06/02/2024,1143.01,USD,pending,6,GB
TX-0009078,C-01878,Zoe Garcia,zoe.garcia.invalid,07/07/2024,2253.09,USD,refunded,7,AU
TX-0009079,C-01879,Mateo Nguyen,mateo.nguyen9079@example.com,08/12/2024,219.76,USD,cancelled,8,DE
TX-0009080,C-01880,Ava Patel,ava.patel9080@example.com,09/05/2024,322.65,USD,completed,1,US
TX-0009081,C-01881,Noah Kim,noah.kim9081@example.com,10/10/2024,1594.41,USD,pending,2,CA
TX-0009082,C-01882,Mia Martin,mia.martin9082@example.com,11/03/2024,511.23,USD,refunded,3,GB
TX-0009083,C-01883,Liam Smith,liam.smith9083@example.com,12/08/2024,766.06,USD,cancelled,4,AU
TX-0009084,C-01884,Sofia Brown,sofia.brown9084@example.com,01/01/2024,2282.28,USD,completed,5,DE
TX-0009085,C-01885,Ethan Wilson,ethan.wilson9085@example.com,02/06/2024,559.11,USD,pending,6,US
TX-0009086,C-01886,Zoe Garcia,zoe.garcia9086@example.com,03/11/2024,1790.96,USD,refunded,7,CA
TX-0009087,C-01887,Mateo Nguyen,mateo.nguyen9087@example.com,04/04/2024,777.72,USD,cancelled,8,GB
TX-0009088,C-01888,Ava Patel,ava.patel9088@example.com,05/09/2024,1150.13,USD,completed,1,AU
TX-0009089,C-01889,Noah Kim,noah.kim9089@example.com,06/02/2024,1447.45,usd,pending,2,DE
TX-0009090,C-01890,Mia Martin,mia.martin9090@example.com,07/07/2024,603.74,USD,refunded,3,US
TX-0009091,C-01891,Liam Smith,liam.smith9091@example.com,08/12/2024,1646.55,USD,cancelled,4,CA
TX-0009092,C-01892,Sofia Brown,sofia.brown9092@example.com,09/05/2024,2022.45,USD,completed,5,GB
TX-0009093,C-01893,Ethan Wilson,ethan.wilson9093@example.com,10/10/2024,1780.62,USD,pending,6,AU
TX-0009094,C-01894,Zoe Garcia,zoe.garcia9094@example.com,11/03/2024,884.04,USD,refunded,7,DE
TX-0009095,C-01895,Mateo Nguyen,mateo.nguyen9095@example.com,12/08/2024,1304.88,USD,cancelled,8,US
TX-0009096,C-01896,Ava Patel,ava.patel9096@example.com,01/01/2024,1456.72,USD,completed,1,CA
TX-0009097,C-01897,Noah Kim,noah.kim9097@example.com,02/06/2024,22.30,USD,pending,2,GB
TX-0009098,C-01898,Mia Martin,mia.martin9098@example.com,03/11/2024,2450.98,USD,refunded,3,AU
TX-0009099,C-01899,Liam Smith,liam.smith9099@example.com,04/04/2024,1014.16,USD,cancelled,4,DE
TX-0009100,C-01900,Sofia Brown,sofia.brown9100@example.com,05/09/2024,2242.23,USD,completed,5,US
TX-0009101,C-01901,Ethan Wilson,ethan.wilson9101@example.com,06/02/2024,303.14,USD,pending,6,CA
TX-0009102,C-01902,Zoe Garcia,zoe.garcia9102@example.com,07/07/2024,931.98,USD,refunded,7,GB
TX-0009103,C-01903,Mateo Nguyen,mateo.nguyen9103@example.com,08/12/2024,813.63,USD,cancelled,8,AU
TX-0009104,C-01904,Ava Patel,ava.patel9104@example.com,09/05/2024,1804.95,USD,completed,1,DE
TX-0009105,C-01905,Noah Kim,noah.kim9105@example.com,10/10/2024,280.85,USD,pending,2,US
TX-0009106,C-01906,Mia Martin,mia.martin9106@example.com,11/03/2024,796.74,USD,COMPLETE,3,CA
TX-0009107,C-01907,Liam Smith,liam.smith9107@example.com,12/08/2024,588.91,USD,cancelled,4,GB
TX-0009108,C-01908,Sofia Brown,sofia.brown9108@example.com,01/01/2024,2191.07,USD,completed,5,AU
TX-0009109,C-01909,Ethan Wilson,ethan.wilson9109@example.com,02/06/2024,861.37,USD,pending,6,DE
TX-0009110,C-01910,Zoe Garcia,zoe.garcia9110@example.com,03/11/2024,648.72,USD,refunded,7,US
TX-0009111,C-01911,Mateo Nguyen,mateo.nguyen9111@example.com,04/04/2024,1990.75,USD,cancelled,8,CA
TX-0009112,C-01912,Ava Patel,ava.patel9112@example.com,05/09/2024,220.27,USD,completed,1,GB
TX-0009113,C-01913,Noah Kim,noah.kim9113@example.com,06/02/2024,1883.24,USD,pending,2,AU
TX-0009114,C-01914,Mia Martin,mia.martin9114@example.com,07/07/2024,922.21,USD,refunded,3,DE
TX-0009115,C-01915,Liam Smith,liam.smith9115@example.com,08/12/2024,1820.65,USD,cancelled,4,US
TX-0009116,C-01916,Sofia Brown,sofia.brown9116@example.com,09/05/2024,2000.13,USD,completed,5,CA
TX-0009117,C-01917,Ethan Wilson,ethan.wilson9117@example.com,10/10/2024,1826.20,USD,pending,6,GB
TX-0009118,C-01918,Zoe Garcia,,11/03/2024,372.56,USD,refunded,7,AU
TX-0009119,C-01919,Mateo Nguyen,mateo.nguyen9119@example.com,12/08/2024,782.82,USD,cancelled,8,DE
TX-0009120,C-01920,Ava Patel,ava.patel9120@example.com,01/01/2024,725.35,USD,completed,1,US
TX-0009121,C-01921,Noah Kim,noah.kim9121@example.com,02/06/2024,2497.61,USD,pending,2,CA
TX-0009122,C-01922,Mia Martin,mia.martin9122@example.com,03/11/2024,359.73,USD,refunded,3,GB
TX-0009123,C-01923,Liam Smith,liam.smith9123@example.com,04/04/2024,2058.91,USD,cancelled,4,AU
TX-0009124,C-01924,Sofia Brown,sofia.brown9124@example.com,05/09/2024,1840.89,USD,completed,5,DE
TX-0009125,C-01925,Ethan Wilson,ethan.wilson9125@example.com,06/02/2024,1615.26,USD,pending,6,US
TX-0009126,C-01926,Zoe Garcia,zoe.garcia9126@example.com,07/07/2024,365.05,USD,refunded,7,CA
TX-0009127,C-01927,Mateo Nguyen,mateo.nguyen9127@example.com,08/12/2024,1266.62,USD,cancelled,8,GB
TX-0009128,C-01928,Ava Patel,ava.patel9128@example.com,09/05/2024,2011.64,USD,completed,1,AU
TX-0009129,C-01929,Noah Kim,noah.kim9129@example.com,10/10/2024,510.42,USD,pending,2,DE
TX-0009130,C-01930,Mia Martin,mia.martin9130@example.com,11/03/2024,123.24,USD,refunded,3,US
TX-0009131,C-01931,Liam Smith,liam.smith9131@example.com,12/08/2024,1698.75,USD,cancelled,4,CA
TX-0009132,C-01932,Sofia Brown,sofia.brown9132@example.com,01/01/2024,1595.27,USD,completed,5,GB
TX-0009133,C-01933,Ethan Wilson,ethan.wilson9133@example.com,02/06/2024,1552.84,USD,pending,6,AU
TX-0009134,C-01934,Zoe Garcia,zoe.garcia9134@example.com,03/11/2024,763.21,USD,refunded,7,DE
TX-0009135,C-01935,Mateo Nguyen,mateo.nguyen9135@example.com,04/04/2024,2034.95,USD,cancelled,8,US
TX-0009136,C-01936,Ava Patel,ava.patel9136@example.com,05/09/2024,2105.47,USD,completed,1,CA
TX-0009137,C-01937,Noah Kim,noah.kim9137@example.com,06/02/2024,1329.30,USD,pending,2,GB
TX-0009138,C-01938,Mia Martin,mia.martin9138@example.com,07/07/2024,1814.09,USD,refunded,3,AU
TX-0009139,C-01939,Liam Smith,liam.smith9139@example.com,08/12/2024,1210.27,USD,cancelled,4,DE
TX-0009140,C-01940,Sofia Brown,sofia.brown9140@example.com,09/05/2024,626.68,USD,completed,5,US
TX-0009141,C-01941,Ethan Wilson,ethan.wilson9141@example.com,10/10/2024,1791.04,USD,pending,6,CA
TX-0009142,C-01942,Zoe Garcia,zoe.garcia9142@example.com,11/03/2024,2364.39,USD,refunded,7,GB
TX-0009143,C-01943,Mateo Nguyen,mateo.nguyen9143@example.com,12/08/2024,,USD,cancelled,8,AU
TX-0009144,C-01944,ava patel,ava.patel9144@example.com,01/01/2024,59.44,USD,completed,1,DE
TX-0009145,C-01945,Noah Kim,noah.kim9145@example.com,02/06/2024,1466.82,USD,pending,2,US
TX-0009146,C-01946,Mia Martin,mia.martin9146@example.com,03/11/2024,1876.25,USD,refunded,3,CA
TX-0009147,C-01947,Liam Smith,liam.smith9147@example.com,04/04/2024,305.66,USD,cancelled,4,GB
TX-0009148,C-01948,Sofia Brown,sofia.brown9148@example.com,05/09/2024,1364.37,USD,completed,5,AU
TX-0009149,C-01949,Ethan Wilson,ethan.wilson9149@example.com,06/02/2024,972.96,USD,pending,6,DE
TX-0009150,C-01950,Zoe Garcia,zoe.garcia9150@example.com,07/07/2024,1986.99,USD,refunded,7,US
TX-0009151,C-01951,Mateo Nguyen,mateo.nguyen9151@example.com,08/12/2024,1771.77,USD,cancelled,8,CA
TX-0009152,C-01952,Ava Patel,ava.patel9152@example.com,09/05/2024,1915.48,USD,completed,1,GB
TX-0009153,C-01953,  NOAH KIM  ,noah.kim9153@example.com,10/10/2024,1978.35,USD,pending,2,AU
TX-0009154,C-01954,Mia Martin,mia.martin9154@example.com,11/03/2024,940.61,USD,refunded,3,DE
TX-0009155,C-01955,Liam Smith,liam.smith9155@example.com,12/08/2024,1988.21,USD,cancelled,4,US
TX-0009156,C-01956,Sofia Brown,sofia.brown9156@example.com,01/01/2024,2259.72,USD,completed,5,CA
TX-0009157,C-01957,Ethan Wilson,ethan.wilson9157@example.com,02/06/2024,729.31,USD,pending,6,GB
TX-0009158,C-01958,Zoe Garcia,zoe.garcia9158@example.com,03/11/2024,1946.60,USD,refunded,7,AU
TX-0009159,C-01959,Mateo Nguyen,mateo.nguyen9159@example.com,04/04/2024,1564.30,USD,cancelled,8,DE
TX-0009160,C-01960,Ava Patel,ava.patel9160@example.com,05/09/2024,372.23,USD,completed,1,US
TX-0009161,C-01961,Noah Kim,noah.kim9161@example.com,06/02/2024,1915.73,USD,pending,2,CA
TX-0009162,C-01962,Mia Martin,mia.martin9162@example.com,07/07/2024,87.82,USD,refunded,3,GB
TX-0009163,C-01963,Liam Smith,liam.smith9163@example.com,08/12/2024,1130.65,USD,cancelled,4,AU
TX-0009164,C-01964,Sofia Brown,sofia.brown9164@example.com,09/05/2024,304.65,USD,completed,5,DE
TX-0009165,C-01965,Ethan Wilson,ethan.wilson9165@example.com,10/10/2024,1279.21,USD,pending,6,US
TX-0009166,C-01966,Zoe Garcia,zoe.garcia9166@example.com,11/03/2024,1400.96,USD,refunded,7,CA
TX-0009167,C-01967,Mateo Nguyen,mateo.nguyen.invalid,12/08/2024,1390.91,USD,cancelled,8,GB
TX-0009168,C-01968,Ava Patel,ava.patel9168@example.com,01/01/2024,963.10,USD,unknown,1,AU
TX-0009169,C-01969,Noah Kim,noah.kim9169@example.com,02/06/2024,1655.54,USD,pending,2,USA
TX-0009170,C-01970,Mia Martin,mia.martin9170@example.com,03/11/2024,2311.64,USD,refunded,3,us
TX-0009171,C-01971,Liam Smith,liam.smith9171@example.com,04/04/2024,827.21,USD,cancelled,4,CA
TX-0009172,C-01972,Sofia Brown,sofia.brown9172@example.com,05/09/2024,451.80,USD,completed,5,GB
TX-0009173,C-01973,Ethan Wilson,ethan.wilson9173@example.com,06/02/2024,1453.13,USD,pending,6,AU
TX-0009174,C-01974,Zoe Garcia,zoe.garcia9174@example.com,07/07/2024,314.66,USD,refunded,7,DE
TX-0009175,C-01975,Mateo Nguyen,mateo.nguyen9175@example.com,08/12/2024,1324.57,USD,cancelled,8,US
TX-0009176,C-01976,Ava Patel,ava.patel9176@example.com,09/05/2024,1983.18,USD,completed,1,CA
TX-0009177,C-01977,Noah Kim,noah.kim9177@example.com,10/10/2024,503.06,USD,pending,2,GB
TX-0009178,C-01978,Mia Martin,mia.martin9178@example.com,11/03/2024,1912.32,USD,refunded,3,AU
TX-0009179,C-01979,Liam Smith,liam.smith9179@example.com,12/08/2024,1734.17,USD,cancelled,4,DE
TX-0009180,C-01980,Sofia Brown,sofia.brown9180@example.com,01/01/2024,936.37,USD,completed,5,US
TX-0009181,C-01981,Ethan Wilson,ethan.wilson9181@example.com,02/06/2024,1709.82,USD,pending,6,CA
TX-0009182,C-01982,Zoe Garcia,zoe.garcia9182@example.com,03/11/2024,2161.45,USD,refunded,7,GB
TX-0009183,C-01983,Mateo Nguyen,mateo.nguyen9183@example.com,04/04/2024,1056.58,USD,cancelled,8,AU
TX-0009184,C-01984,Ava Patel,ava.patel9184@example.com,05/09/2024,1726.55,USD,completed,1,DE
TX-0009185,C-01985,Noah Kim,noah.kim9185@example.com,06/02/2024,2420.79,USD,pending,2,US
TX-0009186,C-01986,Mia Martin,mia.martin9186@example.com,07/07/2024,1741.40,USD,refunded,3,CA
TX-0009187,C-01987,Liam Smith,liam.smith9187@example.com,08/12/2024,1875.42,USD,cancelled,4,GB
TX-0009188,C-01988,Sofia Brown,sofia.brown9188@example.com,09/05/2024,1268.25,USD,completed,5,AU
TX-0009189,C-01989,Ethan Wilson,ethan.wilson9189@example.com,10/10/2024,656.82,USD,pending,6,DE
TX-0009190,C-01990,Zoe Garcia,zoe.garcia9190@example.com,11/03/2024,458.24,USD,refunded,7,US
TX-0009191,C-01991,Mateo Nguyen,mateo.nguyen9191@example.com,12/08/2024,2483.48,USD,cancelled,8,CA
TX-0009192,C-01992,Ava Patel,ava.patel9192@example.com,01/01/2024,1279.88,USD,completed,1,GB
TX-0009193,C-01993,Noah Kim,noah.kim9193@example.com,02/06/2024,1598.63,USD,pending,2,AU
TX-0009194,C-01994,Mia Martin,mia.martin9194@example.com,03/11/2024,211.88,USD,refunded,3,DE
TX-0009195,C-01995,Liam Smith,liam.smith9195@example.com,04/04/2024,2476.48,USD,cancelled,4,US
TX-0009196,C-01996,Sofia Brown,sofia.brown9196@example.com,05/09/2024,1763.49,USD,completed,5,CA
TX-0009197,C-01997,Ethan Wilson,ethan.wilson9197@example.com,06/02/2024,983.32,USD,pending,6,GB
TX-0009198,C-01998,Zoe Garcia,zoe.garcia9198@example.com,07/07/2024,859.48,USD,refunded,7,AU
TX-0009199,C-01999,Mateo Nguyen,mateo.nguyen9199@example.com,08/12/2024,1720.48,USD,cancelled,8,DE
TX-0009200,C-02000,Ava Patel,ava.patel9200@example.com,09/05/2024,929.12,USD,completed,1,US
TX-0009201,C-02001,Noah Kim,noah.kim9201@example.com,10/10/2024,1610.98,USD,pending,2,CA
TX-0009202,C-02002,Mia Martin,mia.martin9202@example.com,11/03/2024,16.05,USD,refunded,3,GB
TX-0009203,C-02003,Liam Smith,liam.smith9203@example.com,12/08/2024,393.16,USD,cancelled,4,AU
TX-0009204,C-02004,Sofia Brown,sofia.brown9204@example.com,01/01/2024,1383.70,USD,completed,5,DE
TX-0009205,C-02005,Ethan Wilson,ethan.wilson9205@example.com,02/06/2024,240.00,USD,pending,6,US
TX-0009206,C-02006,Zoe Garcia,zoe.garcia9206@example.com,03/11/2024,897.78,USD,refunded,7,CA
TX-0009207,C-02007,Mateo Nguyen,mateo.nguyen9207@example.com,04/04/2024,43.81,USD,cancelled,8,GB
TX-0009208,C-02008,Ava Patel,ava.patel9208@example.com,05/09/2024,550.09,USD,completed,1,AU
TX-0009209,C-02009,Noah Kim,noah.kim9209@example.com,06/02/2024,1316.42,USD,pending,2,DE
TX-0009210,C-02010,Mia Martin,mia.martin9210@example.com,07/07/2024,581.64,USD,refunded,3,US
TX-0009211,C-02011,Liam Smith,liam.smith9211@example.com,08/12/2024,998.53,USD,cancelled,4,CA
TX-0009212,C-02012,Sofia Brown,sofia.brown9212@example.com,09/05/2024,636.41,USD,completed,5,GB
TX-0009213,C-02013,Ethan Wilson,ethan.wilson9213@example.com,10/10/2024,1473.80,USD,pending,6,AU
TX-0009214,C-02014,Zoe Garcia,zoe.garcia9214@example.com,11/03/2024,47.63,USD,refunded,7,DE
TX-0009215,C-02015,Mateo Nguyen,,12/08/2024,179.34,USD,cancelled,8,US
TX-0009216,C-02016,Ava Patel,ava.patel9216@example.com,01/01/2024,1059.98,USD,completed,1,CA
TX-0009217,C-02017,Noah Kim,noah.kim9217@example.com,02/06/2024,1989.72,USD,pending,2,GB
TX-0009218,C-02018,Mia Martin,mia.martin9218@example.com,03/11/2024,2145.19,USD,refunded,3,AU
TX-0009219,C-02019,Liam Smith,liam.smith9219@example.com,04/04/2024,1333.59,USD,cancelled,4,DE
TX-0009220,C-02020,Sofia Brown,sofia.brown9220@example.com,05/09/2024,31.94,USD,completed,5,US
TX-0009221,C-02021,Ethan Wilson,ethan.wilson9221@example.com,06/02/2024,2019.23,USD,pending,6,CA
TX-0009222,C-02022,Zoe Garcia,zoe.garcia9222@example.com,07/07/2024,582.12,USD,refunded,7,GB
TX-0009223,C-02023,Mateo Nguyen,mateo.nguyen9223@example.com,08/12/2024,1651.84,USD,cancelled,8,AU
TX-0009224,C-02024,Ava Patel,ava.patel9224@example.com,09/05/2024,1962.76,USD,completed,1,DE
TX-0009225,C-02025,Noah Kim,noah.kim9225@example.com,10/10/2024,1057.46,USD,pending,2,US
TX-0009226,C-02026,Mia Martin,mia.martin9226@example.com,11/03/2024,2007.99,USD,refunded,3,CA
TX-0009227,C-02027,Liam Smith,liam.smith9227@example.com,12/08/2024,2051.93,USD,cancelled,4,GB
TX-0009228,C-02028,Sofia Brown,sofia.brown9228@example.com,01/01/2024,2307.75,USD,completed,5,AU
TX-0009229,C-02029,Ethan Wilson,ethan.wilson9229@example.com,02/06/2024,742.92,USD,pending,6,DE
TX-0009230,C-02030,Zoe Garcia,zoe.garcia9230@example.com,03/11/2024,1683.40,USD,refunded,7,US
TX-0009231,C-02031,Mateo Nguyen,mateo.nguyen9231@example.com,04/04/2024,2076.10, USD ,cancelled,8,CA
TX-0009232,C-02032,Ava Patel,ava.patel9232@example.com,05/09/2024,1943.71,USD,completed,1,GB
TX-0009233,C-02033,Noah Kim,noah.kim9233@example.com,06/02/2024,2121.95,USD,pending,2,AU
TX-0009234,C-02034,Mia Martin,mia.martin9234@example.com,07/07/2024,2498.17,USD,refunded,3,DE
TX-0009235,C-02035,Liam Smith,liam.smith9235@example.com,08/12/2024,1332.68,USD,cancelled,4,US
TX-0009236,C-02036,Sofia Brown,sofia.brown9236@example.com,09/05/2024,1605.92,USD,completed,5,CA
TX-0009237,C-02037,Ethan Wilson,ethan.wilson9237@example.com,10/10/2024,1822.54,USD,pending,6,GB
TX-0009238,C-02038,Zoe Garcia,zoe.garcia9238@example.com,11/03/2024,1826.40,usd,refunded,7,AU
TX-0009239,C-02039,Mateo Nguyen,mateo.nguyen9239@example.com,12/08/2024,967.85,USD,cancelled,8,DE
TX-0009240,C-02040,Ava Patel,ava.patel9240@example.com,01/01/2024,1367.41,USD,completed,1,US
TX-0009241,C-02041,Noah Kim,noah.kim9241@example.com,02/06/2024,1341.48,USD,pending,2,CA
TX-0009242,C-02042,Mia Martin,mia.martin9242@example.com,03/11/2024,1035.14,USD,refunded,3,GB
TX-0009243,C-02043,Liam Smith,liam.smith9243@example.com,04/04/2024,2181.80,USD,cancelled,4,AU
TX-0009244,C-02044,Sofia Brown,sofia.brown9244@example.com,05/09/2024,2475.59,USD,completed,5,DE
TX-0009245,C-02045,Ethan Wilson,ethan.wilson9245@example.com,06/02/2024,925.09,USD,pending,6,US
TX-0009246,C-02046,Zoe Garcia,zoe.garcia9246@example.com,07/07/2024,1051.47,USD,refunded,7,CA
TX-0009247,C-02047,Mateo Nguyen,mateo.nguyen9247@example.com,08/12/2024,1593.48,USD,cancelled,8,GB
TX-0009248,C-02048,Ava Patel,ava.patel9248@example.com,09/05/2024,252.61,USD,completed,1,AU
TX-0009249,C-02049,Noah Kim,noah.kim9249@example.com,10/10/2024,537.99,USD,pending,2,DE
TX-0009250,C-02050,Mia Martin,mia.martin9250@example.com,11/03/2024,1166.50,USD,refunded,3,US
TX-0009251,C-02051,Liam Smith,liam.smith9251@example.com,12/08/2024,2467.37,USD,cancelled,4,CA
TX-0009252,C-02052,Sofia Brown,sofia.brown9252@example.com,01/01/2024,2377.62,USD,completed,5,GB
TX-0009253,C-02053,Ethan Wilson,ethan.wilson9253@example.com,02/06/2024,2258.48,USD,pending,6,AU
TX-0009254,C-02054,Zoe Garcia,zoe.garcia9254@example.com,03/11/2024,395.22,USD,refunded,7,DE
TX-0009255,C-02055,Mateo Nguyen,mateo.nguyen9255@example.com,04/04/2024,1692.48,USD,cancelled,8,US
TX-0009256,C-02056,Ava Patel,ava.patel.invalid,05/09/2024,208.61,USD,completed,1,CA
TX-0009257,C-02057,Noah Kim,noah.kim9257@example.com,06/02/2024,51.04,USD,pending,2,GB
TX-0009258,C-02058,Mia Martin,mia.martin9258@example.com,07/07/2024,2069.08,USD,refunded,3,AU
TX-0009259,C-02059,Liam Smith,liam.smith9259@example.com,08/12/2024,2334.15,USD,cancelled,4,DE
TX-0009260,C-02060,Sofia Brown,sofia.brown9260@example.com,09/05/2024,625.14,USD,completed,5,US
TX-0009261,C-02061,Ethan Wilson,ethan.wilson9261@example.com,10/10/2024,1726.58,USD,pending,6,CA
TX-0009262,C-02062,Zoe Garcia,zoe.garcia9262@example.com,11/03/2024,1669.81,USD,refunded,7,GB
TX-0009263,C-02063,Mateo Nguyen,mateo.nguyen9263@example.com,12/08/2024,2020.08,USD,COMPLETE,8,AU
TX-0009264,C-02064,Ava Patel,ava.patel9264@example.com,01/01/2024,1913.75,USD,completed,1,DE
TX-0009265,C-02065,Noah Kim,noah.kim9265@example.com,02/06/2024,2499.00,USD,pending,2,US
TX-0009266,C-02066,  MIA MARTIN  ,mia.martin9266@example.com,03/11/2024,256.12,USD,refunded,3,CA
TX-0009267,C-02067,Liam Smith,liam.smith9267@example.com,04/04/2024,673.44,USD,cancelled,4,GB
TX-0009268,C-02068,Sofia Brown,sofia.brown9268@example.com,05/09/2024,1466.77,USD,completed,5,AU
TX-0009269,C-02069,Ethan Wilson,ethan.wilson9269@example.com,06/02/2024,2089.25,USD,pending,6,DE
TX-0009270,C-02070,Zoe Garcia,zoe.garcia9270@example.com,07/07/2024,191.43,USD,refunded,7,US
TX-0009271,C-02071,mateo nguyen,mateo.nguyen9271@example.com,08/12/2024,1908.05,USD,cancelled,8,CA
TX-0009272,C-02072,Ava Patel,ava.patel9272@example.com,09/05/2024,1584.88,USD,completed,1,GB
TX-0009273,C-02073,Noah Kim,noah.kim9273@example.com,10/10/2024,607.68,USD,pending,2,AU
TX-0009274,C-02074,Mia Martin,mia.martin9274@example.com,11/03/2024,2434.47,USD,refunded,3,DE
TX-0009275,C-02075,Liam Smith,liam.smith9275@example.com,12/08/2024,2155.01,USD,cancelled,4,US
TX-0009276,C-02076,Sofia Brown,sofia.brown9276@example.com,01/01/2024,314.87,USD,completed,5,CA
TX-0009277,C-02077,Ethan Wilson,ethan.wilson9277@example.com,02/06/2024,1684.28,USD,pending,6,GB
TX-0009278,C-02078,Zoe Garcia,zoe.garcia9278@example.com,03/11/2024,1928.28,USD,refunded,7,AU
TX-0009279,C-02079,Mateo Nguyen,mateo.nguyen9279@example.com,04/04/2024,1601.51,USD,cancelled,8,DE
TX-0009280,C-02080,Ava Patel,ava.patel9280@example.com,05/09/2024,2277.57,USD,completed,1,US
TX-0009281,C-02081,Noah Kim,noah.kim9281@example.com,06/02/2024,756.21,USD,pending,2,CA
TX-0009282,C-02082,Mia Martin,mia.martin9282@example.com,07/07/2024,1794.66,USD,refunded,3,GB
TX-0009283,C-02083,Liam Smith,liam.smith9283@example.com,08/12/2024,68.90,USD,cancelled,4,AU
TX-0009284,C-02084,Sofia Brown,sofia.brown9284@example.com,09/05/2024,-99.78,USD,completed,5,DE
TX-0009285,C-02085,Ethan Wilson,ethan.wilson9285@example.com,10/10/2024,1121.51,USD,pending,6,US
TX-0009286,C-02086,Zoe Garcia,zoe.garcia9286@example.com,11/03/2024,269.15,USD,refunded,7,CA
TX-0009287,C-02087,Mateo Nguyen,mateo.nguyen9287@example.com,12/08/2024,458.89,USD,cancelled,8,GB
TX-0009288,C-02088,Ava Patel,ava.patel9288@example.com,01/01/2024,405.07,USD,completed,1,AU
TX-0009289,C-02089,Noah Kim,noah.kim9289@example.com,02/06/2024,116.11,USD,pending,2,DE
TX-0009290,C-02090,Mia Martin,mia.martin9290@example.com,03/11/2024,2102.13,USD,refunded,3,US
TX-0009291,C-02091,Liam Smith,liam.smith9291@example.com,04/04/2024,2052.50,USD,cancelled,4,CA
TX-0009292,C-02092,Sofia Brown,sofia.brown9292@example.com,05/09/2024,1289.65,USD,completed,5,GB
TX-0009293,C-02093,Ethan Wilson,ethan.wilson9293@example.com,06/02/2024,843.18,USD,pending,6,AU
TX-0009294,C-02094,Zoe Garcia,zoe.garcia9294@example.com,07/07/2024,1968.19,USD,refunded,7,DE
TX-0009295,C-02095,Mateo Nguyen,mateo.nguyen9295@example.com,08/12/2024,1805.14,USD,cancelled,8,US
TX-0009296,C-02096,Ava Patel,ava.patel9296@example.com,09/05/2024,199.64,USD,completed,1,CA
TX-0009297,C-02097,Noah Kim,noah.kim9297@example.com,10/10/2024,1217.24,USD,pending,2,GB
TX-0009298,C-02098,Mia Martin,mia.martin9298@example.com,11/03/2024,1521.33,USD,refunded,3,AU
TX-0009299,C-02099,Liam Smith,liam.smith9299@example.com,12/08/2024,2103.11,USD,cancelled,4,DE
TX-0009300,C-02100,Sofia Brown,sofia.brown9300@example.com,01/01/2024,1885.41,USD,completed,5,US
TX-0009301,C-02101,Ethan Wilson,ethan.wilson9301@example.com,02/06/2024,1606.35,USD,pending,6,ca
TX-0009302,C-02102,Zoe Garcia,zoe.garcia9302@example.com,03/11/2024,1892.31,USD,refunded,7,GB
TX-0009303,C-02103,Mateo Nguyen,mateo.nguyen9303@example.com,04/04/2024,2279.31,USD,cancelled,8,AU
TX-0009304,C-02104,Ava Patel,ava.patel9304@example.com,05/09/2024,748.21,USD,completed,1,DE
TX-0009305,C-02105,Noah Kim,noah.kim9305@example.com,06/02/2024,897.32,USD,pending,2,US
TX-0009306,C-02106,Mia Martin,mia.martin9306@example.com,07/07/2024,1972.72,USD,refunded,3,CA
TX-0009307,C-02107,Liam Smith,liam.smith9307@example.com,08/12/2024,1285.45,USD,cancelled,4,GB
TX-0009308,C-02108,Sofia Brown,sofia.brown9308@example.com,09/05/2024,334.87,USD,completed,5,AU
TX-0009309,C-02109,Ethan Wilson,ethan.wilson9309@example.com,10/10/2024,1317.84,USD,pending,6,DE
TX-0009310,C-02110,Zoe Garcia,zoe.garcia9310@example.com,11/03/2024,2161.64,USD,refunded,7,US
TX-0009311,C-02111,Mateo Nguyen,mateo.nguyen9311@example.com,12/08/2024,1337.95,USD,cancelled,8,CA
TX-0009312,C-02112,Ava Patel,,01/01/2024,1202.70,USD,completed,1,GB
TX-0009313,C-02113,Noah Kim,noah.kim9313@example.com,02/06/2024,2142.48,USD,pending,2,AU
TX-0009314,C-02114,Mia Martin,mia.martin9314@example.com,03/11/2024,1402.40,USD,refunded,3,DE
TX-0009315,C-02115,Liam Smith,liam.smith9315@example.com,04/04/2024,831.58,USD,cancelled,4,US
TX-0009316,C-02116,Sofia Brown,sofia.brown9316@example.com,05/09/2024,1270.77,USD,completed,5,CA
TX-0009317,C-02117,Ethan Wilson,ethan.wilson9317@example.com,06/02/2024,152.82,USD,pending,6,GB
TX-0009318,C-02118,Zoe Garcia,zoe.garcia9318@example.com,07/07/2024,1252.91,USD,refunded,7,AU
TX-0009319,C-02119,Mateo Nguyen,mateo.nguyen9319@example.com,08/12/2024,1285.60,USD,cancelled,8,DE
TX-0009320,C-02120,Ava Patel,ava.patel9320@example.com,09/05/2024,1738.75,USD,completed,1,US
TX-0009321,C-02121,Noah Kim,noah.kim9321@example.com,10/10/2024,11.84,USD,pending,2,CA
TX-0009322,C-02122,Mia Martin,mia.martin9322@example.com,11/03/2024,388.74,USD,refunded,3,GB
TX-0009323,C-02123,Liam Smith,liam.smith9323@example.com,12/08/2024,116.93,USD,cancelled,4,AU
TX-0009324,C-02124,Sofia Brown,sofia.brown9324@example.com,01/01/2024,1664.30,USD,completed,5,DE
TX-0009325,C-02125,Ethan Wilson,ethan.wilson9325@example.com,02/06/2024,2406.57,USD,pending,6,US
TX-0009326,C-02126,Zoe Garcia,zoe.garcia9326@example.com,03/11/2024,630.01,USD,refunded,7,CA
TX-0009327,C-02127,Mateo Nguyen,mateo.nguyen9327@example.com,04/04/2024,83.40,USD,cancelled,8,GB
TX-0009328,C-02128,Ava Patel,ava.patel9328@example.com,05/09/2024,2425.96,USD,completed,1,AU
TX-0009329,C-02129,Noah Kim,noah.kim9329@example.com,06/02/2024,1292.47,USD,pending,2,DE
TX-0009330,C-02130,Mia Martin,mia.martin9330@example.com,07/07/2024,164.25,USD,refunded,3,US
TX-0009331,C-02131,Liam Smith,liam.smith9331@example.com,08/12/2024,39.35,USD,cancelled,4,CA
TX-0009332,C-02132,Sofia Brown,sofia.brown9332@example.com,09/05/2024,528.64,USD,completed,5,GB
TX-0009333,C-02133,Ethan Wilson,ethan.wilson9333@example.com,10/10/2024,780.34,USD,pending,6,AU
TX-0009334,C-02134,Zoe Garcia,zoe.garcia9334@example.com,11/03/2024,619.43,USD,refunded,7,DE
TX-0009335,C-02135,Mateo Nguyen,mateo.nguyen9335@example.com,12/08/2024,2477.87,USD,cancelled,8,US
TX-0009336,C-02136,Ava Patel,ava.patel9336@example.com,01/01/2024,260.86,USD,completed,1,CA
TX-0009337,C-02137,Noah Kim,noah.kim9337@example.com,02/06/2024,1111.59,USD,pending,2,GB
TX-0009338,C-02138,Mia Martin,mia.martin9338@example.com,03/11/2024,554.33,USD,refunded,3,AU
TX-0009339,C-02139,Liam Smith,liam.smith9339@example.com,04/04/2024,242.61,USD,cancelled,4,DE
TX-0009340,C-02140,Sofia Brown,sofia.brown9340@example.com,05/09/2024,409.07,USD,completed,5,US
TX-0009341,C-02141,Ethan Wilson,ethan.wilson9341@example.com,06/02/2024,987.02,USD,pending,6,CA
TX-0009342,C-02142,Zoe Garcia,zoe.garcia9342@example.com,07/07/2024,676.79,USD,refunded,7,USA
TX-0009343,C-02143,Mateo Nguyen,mateo.nguyen9343@example.com,08/12/2024,2485.26,USD,cancelled,8,AU
TX-0009344,C-02144,Ava Patel,ava.patel9344@example.com,09/05/2024,1713.66,USD,completed,1,DE
TX-0009345,C-02145,Noah Kim,noah.kim.invalid,10/10/2024,83.32,USD,pending,2,US
TX-0009346,C-02146,Mia Martin,mia.martin9346@example.com,11/03/2024,848.75,USD,refunded,3,CA
TX-0009347,C-02147,Liam Smith,liam.smith9347@example.com,12/08/2024,2047.90,USD,cancelled,4,GB
TX-0009348,C-02148,Sofia Brown,sofia.brown9348@example.com,01/01/2024,2215.96,USD,completed,5,AU
TX-0009349,C-02149,Ethan Wilson,ethan.wilson9349@example.com,02/06/2024,1520.22,USD,pending,6,DE
TX-0009350,C-02150,Zoe Garcia,zoe.garcia9350@example.com,03/11/2024,49.81,USD,refunded,7,US
TX-0009351,C-02151,Mateo Nguyen,mateo.nguyen9351@example.com,04/04/2024,105.21,USD,cancelled,8,CA
TX-0009352,C-02152,Ava Patel,ava.patel9352@example.com,05/09/2024,708.72,USD,completed,1,GB
TX-0009353,C-02153,Noah Kim,noah.kim9353@example.com,06/02/2024,1671.61,USD,pending,2,AU
TX-0009354,C-02154,Mia Martin,mia.martin9354@example.com,07/07/2024,2496.02,USD,refunded,3,DE
TX-0009355,C-02155,Liam Smith,liam.smith9355@example.com,08/12/2024,1653.78,USD,cancelled,4,US
TX-0009356,C-02156,Sofia Brown,sofia.brown9356@example.com,09/05/2024,1089.32,USD,completed,5,CA
TX-0009357,C-02157,Ethan Wilson,ethan.wilson9357@example.com,10/10/2024,1379.75,USD,pending,6,GB
TX-0009358,C-02158,Zoe Garcia,zoe.garcia9358@example.com,11/03/2024,1412.93,USD,refunded,7,AU
TX-0009359,C-02159,Mateo Nguyen,mateo.nguyen9359@example.com,12/08/2024,1041.08,USD,unknown,8,DE
TX-0009360,C-02160,Ava Patel,ava.patel9360@example.com,01/01/2024,603.24,USD,completed,1,US
TX-0009361,C-02161,Noah Kim,noah.kim9361@example.com,02/06/2024,183.77,USD,pending,2,CA
TX-0009362,C-02162,Mia Martin,mia.martin9362@example.com,03/11/2024,2085.40,USD,refunded,3,GB
TX-0009363,C-02163,Liam Smith,liam.smith9363@example.com,04/04/2024,102.04,USD,cancelled,4,AU
TX-0009364,C-02164,Sofia Brown,sofia.brown9364@example.com,05/09/2024,917.82,USD,completed,5,DE
TX-0009365,C-02165,Ethan Wilson,ethan.wilson9365@example.com,06/02/2024,2231.42,USD,pending,6,US
TX-0009366,C-02166,Zoe Garcia,zoe.garcia9366@example.com,07/07/2024,,USD,refunded,7,CA
TX-0009367,C-02167,Mateo Nguyen,mateo.nguyen9367@example.com,08/12/2024,667.67,USD,cancelled,8,GB
TX-0009368,C-02168,Ava Patel,ava.patel9368@example.com,09/05/2024,2131.24,USD,completed,1,AU
TX-0009369,C-02169,Noah Kim,noah.kim9369@example.com,10/10/2024,2000.90,USD,pending,2,DE
TX-0009370,C-02170,Mia Martin,mia.martin9370@example.com,11/03/2024,1776.81,USD,refunded,3,US
TX-0009371,C-02171,Liam Smith,liam.smith9371@example.com,12/08/2024,228.21,USD,cancelled,4,CA
TX-0009372,C-02172,Sofia Brown,sofia.brown9372@example.com,01/01/2024,250.37,USD,completed,5,GB
TX-0009373,C-02173,Ethan Wilson,ethan.wilson9373@example.com,02/06/2024,581.77,USD,pending,6,AU
TX-0009374,C-02174,Zoe Garcia,zoe.garcia9374@example.com,03/11/2024,885.53,USD,refunded,7,DE
TX-0009375,C-02175,Mateo Nguyen,mateo.nguyen9375@example.com,04/04/2024,1479.40,USD,cancelled,8,US
TX-0009376,C-02176,Ava Patel,ava.patel9376@example.com,05/09/2024,1733.76,USD,completed,1,CA
TX-0009377,C-02177,Noah Kim,noah.kim9377@example.com,06/02/2024,2496.60,USD,pending,2,GB
TX-0009378,C-02178,Mia Martin,mia.martin9378@example.com,07/07/2024,2244.01,USD,refunded,3,AU
TX-0009379,C-02179,  LIAM SMITH  ,liam.smith9379@example.com,08/12/2024,1024.74,USD,cancelled,4,DE
TX-0009380,C-02180,Sofia Brown,sofia.brown9380@example.com,09/05/2024,758.21,USD,completed,5,US
TX-0009381,C-02181,Ethan Wilson,ethan.wilson9381@example.com,10/10/2024,1593.30,USD,pending,6,CA
TX-0009382,C-02182,Zoe Garcia,zoe.garcia9382@example.com,11/03/2024,1632.97,USD,refunded,7,GB
TX-0009383,C-02183,Mateo Nguyen,mateo.nguyen9383@example.com,12/08/2024,1460.16,USD,cancelled,8,AU
TX-0009384,C-02184,Ava Patel,ava.patel9384@example.com,01/01/2024,486.37,USD,completed,1,DE
TX-0009385,C-02185,Noah Kim,noah.kim9385@example.com,02/06/2024,42.95,USD,pending,2,US
TX-0009386,C-02186,Mia Martin,mia.martin9386@example.com,03/11/2024,624.22,USD,refunded,3,CA
TX-0009387,C-02187,Liam Smith,liam.smith9387@example.com,04/04/2024,86.10,usd,cancelled,4,GB
TX-0009388,C-02188,Sofia Brown,sofia.brown9388@example.com,05/09/2024,1046.10,USD,completed,5,AU
TX-0009389,C-02189,Ethan Wilson,ethan.wilson9389@example.com,06/02/2024,1708.50,USD,pending,6,DE
TX-0009390,C-02190,Zoe Garcia,zoe.garcia9390@example.com,07/07/2024,1666.07,USD,refunded,7,US
TX-0009391,C-02191,Mateo Nguyen,mateo.nguyen9391@example.com,08/12/2024,2179.07,USD,cancelled,8,CA
TX-0009392,C-02192,Ava Patel,ava.patel9392@example.com,09/05/2024,100.92,USD,completed,1,GB
TX-0009393,C-02193,Noah Kim,noah.kim9393@example.com,10/10/2024,2372.85,USD,pending,2,AU
TX-0009394,C-02194,Mia Martin,mia.martin9394@example.com,11/03/2024,126.33,USD,refunded,3,DE
TX-0009395,C-02195,Liam Smith,liam.smith9395@example.com,12/08/2024,193.99,USD,cancelled,4,US
TX-0009396,C-02196,Sofia Brown,sofia.brown9396@example.com,01/01/2024,1640.82,USD,completed,5,CA
TX-0009397,C-02197,Ethan Wilson,ethan.wilson9397@example.com,02/06/2024,978.93,USD,pending,6,GB
TX-0009398,C-02198,zoe garcia,zoe.garcia9398@example.com,03/11/2024,1839.01,USD,refunded,7,AU
TX-0009399,C-02199,Mateo Nguyen,mateo.nguyen9399@example.com,04/04/2024,484.74,USD,cancelled,8,DE
TX-0009400,C-02200,Ava Patel,ava.patel9400@example.com,05/09/2024,1126.92,USD,completed,1,US
TX-0009401,C-02201,Noah Kim,noah.kim9401@example.com,06/02/2024,179.01,USD,pending,2,CA
TX-0009402,C-02202,Mia Martin,mia.martin9402@example.com,07/07/2024,411.71,USD,refunded,3,GB
TX-0009403,C-02203,Liam Smith,liam.smith9403@example.com,08/12/2024,2415.02,USD,cancelled,4,AU
TX-0009404,C-02204,Sofia Brown,sofia.brown9404@example.com,09/05/2024,2443.89,USD,completed,5,DE
TX-0009405,C-02205,Ethan Wilson,ethan.wilson9405@example.com,10/10/2024,729.00,USD,pending,6,US
TX-0009406,C-02206,Zoe Garcia,zoe.garcia9406@example.com,11/03/2024,2391.33,USD,refunded,7,CA
TX-0009407,C-02207,Mateo Nguyen,mateo.nguyen9407@example.com,12/08/2024,513.31,USD,cancelled,8,GB
TX-0009408,C-02208,Ava Patel,ava.patel9408@example.com,01/01/2024,1563.06,USD,completed,1,AU
TX-0009409,C-02209,Noah Kim,,02/06/2024,98.96,USD,pending,2,DE
TX-0009410,C-02210,Mia Martin,mia.martin9410@example.com,03/11/2024,1207.28,USD,refunded,3,US
TX-0009411,C-02211,Liam Smith,liam.smith9411@example.com,04/04/2024,2004.17,USD,cancelled,4,CA
TX-0009412,C-02212,Sofia Brown,sofia.brown9412@example.com,05/09/2024,124.43, USD ,completed,5,GB
TX-0009413,C-02213,Ethan Wilson,ethan.wilson9413@example.com,06/02/2024,2144.31,USD,pending,6,AU
TX-0009414,C-02214,Zoe Garcia,zoe.garcia9414@example.com,07/07/2024,453.85,USD,refunded,7,DE
TX-0009415,C-02215,Mateo Nguyen,mateo.nguyen9415@example.com,08/12/2024,503.22,USD,cancelled,8,US
TX-0009416,C-02216,Ava Patel,ava.patel9416@example.com,09/05/2024,889.30,USD,completed,1,CA
TX-0009417,C-02217,Noah Kim,noah.kim9417@example.com,10/10/2024,935.77,USD,pending,2,GB
TX-0009418,C-02218,Mia Martin,mia.martin9418@example.com,11/03/2024,223.20,USD,refunded,3,AU
TX-0009419,C-02219,Liam Smith,liam.smith9419@example.com,12/08/2024,1026.42,USD,cancelled,4,DE
TX-0009420,C-02220,Sofia Brown,sofia.brown9420@example.com,01/01/2024,777.45,USD,COMPLETE,5,US
TX-0009421,C-02221,Ethan Wilson,ethan.wilson9421@example.com,02/06/2024,921.97,USD,pending,6,CA
TX-0009422,C-02222,Zoe Garcia,zoe.garcia9422@example.com,03/11/2024,453.24,USD,refunded,7,GB
TX-0009423,C-02223,Mateo Nguyen,mateo.nguyen9423@example.com,04/04/2024,1674.11,USD,cancelled,8,AU
TX-0009424,C-02224,Ava Patel,ava.patel9424@example.com,05/09/2024,216.22,USD,completed,1,DE
TX-0009425,C-02225,Noah Kim,noah.kim9425@example.com,06/02/2024,32.98,USD,pending,2,US
TX-0009426,C-02226,Mia Martin,mia.martin9426@example.com,07/07/2024,681.80,USD,refunded,3,CA
TX-0009427,C-02227,Liam Smith,liam.smith9427@example.com,08/12/2024,757.14,USD,cancelled,4,GB
TX-0009428,C-02228,Sofia Brown,sofia.brown9428@example.com,09/05/2024,1518.14,USD,completed,5,AU
TX-0009429,C-02229,Ethan Wilson,ethan.wilson9429@example.com,10/10/2024,1194.65,USD,pending,6,DE
TX-0009430,C-02230,Zoe Garcia,zoe.garcia9430@example.com,11/03/2024,480.56,USD,refunded,7,US
TX-0009431,C-02231,Mateo Nguyen,mateo.nguyen9431@example.com,12/08/2024,338.91,USD,cancelled,8,CA
TX-0009432,C-02232,Ava Patel,ava.patel9432@example.com,01/01/2024,1490.88,USD,completed,1,gb
TX-0009433,C-02233,Noah Kim,noah.kim9433@example.com,02/06/2024,363.75,USD,pending,2,AU
TX-0009434,C-02234,Mia Martin,mia.martin.invalid,03/11/2024,1678.82,USD,refunded,3,DE
TX-0009435,C-02235,Liam Smith,liam.smith9435@example.com,04/04/2024,602.57,USD,cancelled,4,US
TX-0009436,C-02236,Sofia Brown,sofia.brown9436@example.com,05/09/2024,1099.23,USD,completed,5,CA
TX-0009437,C-02237,Ethan Wilson,ethan.wilson9437@example.com,06/02/2024,1698.58,USD,pending,6,GB
TX-0009438,C-02238,Zoe Garcia,zoe.garcia9438@example.com,07/07/2024,1913.26,USD,refunded,7,AU
TX-0009439,C-02239,Mateo Nguyen,mateo.nguyen9439@example.com,08/12/2024,387.82,USD,cancelled,8,DE
TX-0009440,C-02240,Ava Patel,ava.patel9440@example.com,09/05/2024,2452.47,USD,completed,1,US
TX-0009441,C-02241,Noah Kim,noah.kim9441@example.com,10/10/2024,37.59,USD,pending,2,CA
TX-0009442,C-02242,Mia Martin,mia.martin9442@example.com,11/03/2024,1423.27,USD,refunded,3,GB
TX-0009443,C-02243,Liam Smith,liam.smith9443@example.com,12/08/2024,334.47,USD,cancelled,4,AU
TX-0009444,C-02244,Sofia Brown,sofia.brown9444@example.com,01/01/2024,1171.22,USD,completed,5,DE
TX-0009445,C-02245,Ethan Wilson,ethan.wilson9445@example.com,02/06/2024,1272.22,USD,pending,6,US
TX-0009446,C-02246,Zoe Garcia,zoe.garcia9446@example.com,03/11/2024,1385.46,USD,refunded,7,CA
TX-0009447,C-02247,Mateo Nguyen,mateo.nguyen9447@example.com,04/04/2024,846.78,USD,cancelled,8,GB
TX-0009448,C-02248,Ava Patel,ava.patel9448@example.com,05/09/2024,1399.83,USD,completed,1,AU
TX-0009449,C-02249,Noah Kim,noah.kim9449@example.com,06/02/2024,2098.10,USD,pending,2,DE
TX-0009450,C-02250,Mia Martin,mia.martin9450@example.com,07/07/2024,596.02,USD,refunded,3,US
TX-0009451,C-02251,Liam Smith,liam.smith9451@example.com,08/12/2024,879.12,USD,cancelled,4,CA
TX-0009452,C-02252,Sofia Brown,sofia.brown9452@example.com,09/05/2024,1159.98,USD,completed,5,GB
TX-0009453,C-02253,Ethan Wilson,ethan.wilson9453@example.com,10/10/2024,2092.13,USD,pending,6,AU
TX-0009454,C-02254,Zoe Garcia,zoe.garcia9454@example.com,11/03/2024,896.70,USD,refunded,7,DE
TX-0009455,C-02255,Mateo Nguyen,mateo.nguyen9455@example.com,12/08/2024,400.04,USD,cancelled,8,US
TX-0009456,C-02256,Ava Patel,ava.patel9456@example.com,01/01/2024,65.06,USD,completed,1,CA
TX-0009457,C-02257,Noah Kim,noah.kim9457@example.com,02/06/2024,1915.84,USD,pending,2,GB
TX-0009458,C-02258,Mia Martin,mia.martin9458@example.com,03/11/2024,2322.68,USD,refunded,3,AU
TX-0009459,C-02259,Liam Smith,liam.smith9459@example.com,04/04/2024,364.40,USD,cancelled,4,DE
TX-0009460,C-02260,Sofia Brown,sofia.brown9460@example.com,05/09/2024,1920.42,USD,completed,5,US
TX-0009461,C-02261,Ethan Wilson,ethan.wilson9461@example.com,06/02/2024,2243.92,USD,pending,6,CA
TX-0009462,C-02262,Zoe Garcia,zoe.garcia9462@example.com,07/07/2024,808.83,USD,refunded,7,GB
TX-0009463,C-02263,Mateo Nguyen,mateo.nguyen9463@example.com,08/12/2024,1260.93,USD,cancelled,8,AU
TX-0009464,C-02264,Ava Patel,ava.patel9464@example.com,09/05/2024,2489.63,USD,completed,1,DE
TX-0009465,C-02265,Noah Kim,noah.kim9465@example.com,10/10/2024,754.39,USD,pending,2,US
TX-0009466,C-02266,Mia Martin,mia.martin9466@example.com,11/03/2024,2272.58,USD,refunded,3,CA
TX-0009467,C-02267,Liam Smith,liam.smith9467@example.com,12/08/2024,448.77,USD,cancelled,4,GB
TX-0009468,C-02268,Sofia Brown,sofia.brown9468@example.com,01/01/2024,1055.16,USD,completed,5,AU
TX-0009469,C-02269,Ethan Wilson,ethan.wilson9469@example.com,02/06/2024,1532.12,USD,pending,6,DE
TX-0009470,C-02270,Zoe Garcia,zoe.garcia9470@example.com,03/11/2024,2382.65,USD,refunded,7,US
TX-0009471,C-02271,Mateo Nguyen,mateo.nguyen9471@example.com,04/04/2024,2332.50,USD,cancelled,8,CA
TX-0009472,C-02272,Ava Patel,ava.patel9472@example.com,05/09/2024,2045.06,USD,completed,1,GB
TX-0009473,C-02273,Noah Kim,noah.kim9473@example.com,06/02/2024,896.15,USD,pending,2,AU
TX-0009474,C-02274,Mia Martin,mia.martin9474@example.com,07/07/2024,920.40,USD,refunded,3,DE
TX-0009475,C-02275,Liam Smith,liam.smith9475@example.com,08/12/2024,1779.78,USD,cancelled,4,US
TX-0009476,C-02276,Sofia Brown,sofia.brown9476@example.com,09/05/2024,185.39,USD,completed,5,CA
TX-0009477,C-02277,Ethan Wilson,ethan.wilson9477@example.com,10/10/2024,686.74,USD,pending,6,GB
TX-0009478,C-02278,Zoe Garcia,zoe.garcia9478@example.com,11/03/2024,63.80,USD,refunded,7,AU
TX-0009479,C-02279,Mateo Nguyen,mateo.nguyen9479@example.com,12/08/2024,2342.26,USD,cancelled,8,DE
TX-0009480,C-02280,Ava Patel,ava.patel9480@example.com,01/01/2024,1993.18,USD,completed,1,US
TX-0009481,C-02281,Noah Kim,noah.kim9481@example.com,02/06/2024,1201.18,USD,pending,2,CA
TX-0009482,C-02282,Mia Martin,mia.martin9482@example.com,03/11/2024,668.41,USD,refunded,3,GB
TX-0009483,C-02283,Liam Smith,liam.smith9483@example.com,04/04/2024,1806.20,USD,cancelled,4,AU
TX-0009484,C-02284,Sofia Brown,sofia.brown9484@example.com,05/09/2024,1952.44,USD,completed,5,DE
TX-0009485,C-02285,Ethan Wilson,ethan.wilson9485@example.com,06/02/2024,421.61,USD,pending,6,US
TX-0009486,C-02286,Zoe Garcia,zoe.garcia9486@example.com,07/07/2024,1029.83,USD,refunded,7,CA
TX-0009487,C-02287,Mateo Nguyen,mateo.nguyen9487@example.com,08/12/2024,1615.32,USD,cancelled,8,GB
TX-0009488,C-02288,Ava Patel,ava.patel9488@example.com,09/05/2024,305.70,USD,completed,1,AU
TX-0009489,C-02289,Noah Kim,noah.kim9489@example.com,10/10/2024,1955.24,USD,pending,2,DE
TX-0009490,C-02290,Mia Martin,mia.martin9490@example.com,11/03/2024,1804.38,USD,refunded,3,US
TX-0009491,C-02291,Liam Smith,liam.smith9491@example.com,12/08/2024,513.51,USD,cancelled,4,CA
TX-0009492,C-02292,  SOFIA BROWN  ,sofia.brown9492@example.com,01/01/2024,852.86,USD,completed,5,GB
TX-0009493,C-02293,Ethan Wilson,ethan.wilson9493@example.com,02/06/2024,2143.57,USD,pending,6,AU
TX-0009494,C-02294,Zoe Garcia,zoe.garcia9494@example.com,03/11/2024,1771.85,USD,refunded,7,DE
TX-0009495,C-02295,Mateo Nguyen,mateo.nguyen9495@example.com,04/04/2024,-17.18,USD,cancelled,8,US
TX-0009496,C-02296,Ava Patel,ava.patel9496@example.com,05/09/2024,1508.91,USD,completed,1,CA
TX-0009497,C-02297,Noah Kim,noah.kim9497@example.com,06/02/2024,494.08,USD,pending,2,GB
TX-0009498,C-02298,Mia Martin,mia.martin9498@example.com,07/07/2024,201.81,USD,refunded,3,AU
TX-0009499,C-02299,Liam Smith,liam.smith9499@example.com,08/12/2024,1877.45,USD,cancelled,4,DE
TX-0009500,C-02300,Sofia Brown,sofia.brown9500@example.com,09/05/2024,526.90,USD,completed,5,US
TX-0009501,C-02301,Ethan Wilson,ethan.wilson9501@example.com,10/10/2024,1438.88,USD,pending,6,CA
TX-0009502,C-02302,Zoe Garcia,zoe.garcia9502@example.com,11/03/2024,1099.60,USD,refunded,7,GB
TX-0009503,C-02303,Mateo Nguyen,mateo.nguyen9503@example.com,12/08/2024,1874.22,USD,cancelled,8,AU
TX-0009504,C-02304,Ava Patel,ava.patel9504@example.com,01/01/2024,1648.58,USD,completed,1,DE
TX-0009505,C-02305,Noah Kim,noah.kim9505@example.com,02/06/2024,2306.63,USD,pending,2,US
TX-0009506,C-02306,Mia Martin,,03/11/2024,133.00,USD,refunded,3,CA
TX-0009507,C-02307,Liam Smith,liam.smith9507@example.com,04/04/2024,869.59,USD,cancelled,4,GB
TX-0009508,C-02308,Sofia Brown,sofia.brown9508@example.com,05/09/2024,2123.24,USD,completed,5,AU
TX-0009509,C-02309,Ethan Wilson,ethan.wilson9509@example.com,06/02/2024,860.17,USD,pending,6,DE
TX-0009510,C-02310,Zoe Garcia,zoe.garcia9510@example.com,07/07/2024,891.56,USD,refunded,7,US
TX-0009511,C-02311,Mateo Nguyen,mateo.nguyen9511@example.com,08/12/2024,1853.62,USD,cancelled,8,CA
TX-0009512,C-02312,Ava Patel,ava.patel9512@example.com,09/05/2024,1619.17,USD,completed,1,GB
TX-0009513,C-02313,Noah Kim,noah.kim9513@example.com,10/10/2024,609.19,USD,pending,2,AU
TX-0009514,C-02314,Mia Martin,mia.martin9514@example.com,11/03/2024,186.30,USD,refunded,3,DE
TX-0009515,C-02315,Liam Smith,liam.smith9515@example.com,12/08/2024,1800.73,USD,cancelled,4,USA
TX-0009516,C-02316,Sofia Brown,sofia.brown9516@example.com,01/01/2024,2405.57,USD,completed,5,CA
TX-0009517,C-02317,Ethan Wilson,ethan.wilson9517@example.com,02/06/2024,1242.43,USD,pending,6,GB
TX-0009518,C-02318,Zoe Garcia,zoe.garcia9518@example.com,03/11/2024,1279.91,USD,refunded,7,AU
TX-0009519,C-02319,Mateo Nguyen,mateo.nguyen9519@example.com,04/04/2024,138.33,USD,cancelled,8,DE
TX-0009520,C-02320,Ava Patel,ava.patel9520@example.com,05/09/2024,2160.78,USD,completed,1,US
TX-0009521,C-02321,Noah Kim,noah.kim9521@example.com,06/02/2024,1622.88,USD,pending,2,CA
TX-0009522,C-02322,Mia Martin,mia.martin9522@example.com,07/07/2024,323.27,USD,refunded,3,GB
TX-0009523,C-02323,Liam Smith,liam.smith.invalid,08/12/2024,2465.48,USD,cancelled,4,AU
TX-0009524,C-02324,Sofia Brown,sofia.brown9524@example.com,09/05/2024,294.99,USD,completed,5,DE
TX-0009525,C-02325,ethan wilson,ethan.wilson9525@example.com,10/10/2024,889.73,USD,pending,6,US
TX-0009526,C-02326,Zoe Garcia,zoe.garcia9526@example.com,11/03/2024,131.68,USD,refunded,7,CA
TX-0009527,C-02327,Mateo Nguyen,mateo.nguyen9527@example.com,12/08/2024,2208.89,USD,cancelled,8,GB
TX-0009528,C-02328,Ava Patel,ava.patel9528@example.com,01/01/2024,104.84,USD,completed,1,AU
TX-0009529,C-02329,Noah Kim,noah.kim9529@example.com,02/06/2024,951.49,USD,pending,2,DE
TX-0009530,C-02330,Mia Martin,mia.martin9530@example.com,03/11/2024,341.07,USD,refunded,3,US
TX-0009531,C-02331,Liam Smith,liam.smith9531@example.com,04/04/2024,72.51,USD,cancelled,4,CA
TX-0009532,C-02332,Sofia Brown,sofia.brown9532@example.com,05/09/2024,1068.20,USD,completed,5,GB
TX-0009533,C-02333,Ethan Wilson,ethan.wilson9533@example.com,06/02/2024,1277.24,USD,pending,6,AU
TX-0009534,C-02334,Zoe Garcia,zoe.garcia9534@example.com,07/07/2024,2289.13,USD,refunded,7,DE
TX-0009535,C-02335,Mateo Nguyen,mateo.nguyen9535@example.com,08/12/2024,609.97,USD,cancelled,8,US
TX-0009536,C-02336,Ava Patel,ava.patel9536@example.com,09/05/2024,2380.51,usd,completed,1,CA
TX-0009537,C-02337,Noah Kim,noah.kim9537@example.com,10/10/2024,346.70,USD,pending,2,GB
TX-0009538,C-02338,Mia Martin,mia.martin9538@example.com,11/03/2024,2012.93,USD,refunded,3,AU
TX-0009539,C-02339,Liam Smith,liam.smith9539@example.com,12/08/2024,610.31,USD,cancelled,4,DE
TX-0009540,C-02340,Sofia Brown,sofia.brown9540@example.com,01/01/2024,386.31,USD,completed,5,US
TX-0009541,C-02341,Ethan Wilson,ethan.wilson9541@example.com,02/06/2024,1119.05,USD,pending,6,CA
TX-0009542,C-02342,Zoe Garcia,zoe.garcia9542@example.com,03/11/2024,2068.41,USD,refunded,7,GB
TX-0009543,C-02343,Mateo Nguyen,mateo.nguyen9543@example.com,04/04/2024,1466.86,USD,cancelled,8,AU
TX-0009544,C-02344,Ava Patel,ava.patel9544@example.com,05/09/2024,321.47,USD,completed,1,DE
TX-0009545,C-02345,Noah Kim,noah.kim9545@example.com,06/02/2024,321.63,USD,pending,2,US
TX-0009546,C-02346,Mia Martin,mia.martin9546@example.com,07/07/2024,941.08,USD,refunded,3,CA
TX-0009547,C-02347,Liam Smith,liam.smith9547@example.com,08/12/2024,1927.54,USD,cancelled,4,GB
TX-0009548,C-02348,Sofia Brown,sofia.brown9548@example.com,09/05/2024,1042.55,USD,completed,5,AU
TX-0009549,C-02349,Ethan Wilson,ethan.wilson9549@example.com,10/10/2024,970.03,USD,pending,6,DE
TX-0009550,C-02350,Zoe Garcia,zoe.garcia9550@example.com,11/03/2024,1696.36,USD,unknown,7,US
TX-0009551,C-02351,Mateo Nguyen,mateo.nguyen9551@example.com,12/08/2024,1215.94,USD,cancelled,8,CA
TX-0009552,C-02352,Ava Patel,ava.patel9552@example.com,01/01/2024,412.21,USD,completed,1,GB
TX-0009553,C-02353,Noah Kim,noah.kim9553@example.com,02/06/2024,1017.08,USD,pending,2,AU
TX-0009554,C-02354,Mia Martin,mia.martin9554@example.com,03/11/2024,149.84,USD,refunded,3,DE
TX-0009555,C-02355,Liam Smith,liam.smith9555@example.com,04/04/2024,1630.43,USD,cancelled,4,US
TX-0009556,C-02356,Sofia Brown,sofia.brown9556@example.com,05/09/2024,291.06,USD,completed,5,CA
TX-0009557,C-02357,Ethan Wilson,ethan.wilson9557@example.com,06/02/2024,28.11,USD,pending,6,GB
TX-0009558,C-02358,Zoe Garcia,zoe.garcia9558@example.com,07/07/2024,1490.14,USD,refunded,7,AU
TX-0009559,C-02359,Mateo Nguyen,mateo.nguyen9559@example.com,08/12/2024,1531.35,USD,cancelled,8,DE
TX-0009560,C-02360,Ava Patel,ava.patel9560@example.com,09/05/2024,1849.71,USD,completed,1,US
TX-0009561,C-02361,Noah Kim,noah.kim9561@example.com,10/10/2024,1638.81,USD,pending,2,CA
TX-0009562,C-02362,Mia Martin,mia.martin9562@example.com,11/03/2024,1589.17,USD,refunded,3,GB
TX-0009563,C-02363,Liam Smith,liam.smith9563@example.com,12/08/2024,1772.65,USD,cancelled,4,au
TX-0009564,C-02364,Sofia Brown,sofia.brown9564@example.com,01/01/2024,1630.75,USD,completed,5,DE
TX-0009565,C-02365,Ethan Wilson,ethan.wilson9565@example.com,02/06/2024,1566.71,USD,pending,6,US
TX-0009566,C-02366,Zoe Garcia,zoe.garcia9566@example.com,03/11/2024,1532.59,USD,refunded,7,CA
TX-0009567,C-02367,Mateo Nguyen,mateo.nguyen9567@example.com,04/04/2024,1057.10,USD,cancelled,8,GB
TX-0009568,C-02368,Ava Patel,ava.patel9568@example.com,05/09/2024,641.55,USD,completed,1,AU
TX-0009569,C-02369,Noah Kim,noah.kim9569@example.com,06/02/2024,573.24,USD,pending,2,DE
TX-0009570,C-02370,Mia Martin,mia.martin9570@example.com,07/07/2024,506.82,USD,refunded,3,US
TX-0009571,C-02371,Liam Smith,liam.smith9571@example.com,08/12/2024,51.21,USD,cancelled,4,CA
TX-0009572,C-02372,Sofia Brown,sofia.brown9572@example.com,09/05/2024,2013.05,USD,completed,5,GB
TX-0009573,C-02373,Ethan Wilson,ethan.wilson9573@example.com,10/10/2024,1268.29,USD,pending,6,AU
TX-0009574,C-02374,Zoe Garcia,zoe.garcia9574@example.com,11/03/2024,1347.77,USD,refunded,7,DE
TX-0009575,C-02375,Mateo Nguyen,mateo.nguyen9575@example.com,12/08/2024,865.11,USD,cancelled,8,US
TX-0009576,C-02376,Ava Patel,ava.patel9576@example.com,01/01/2024,69.54,USD,completed,1,CA
TX-0009577,C-02377,Noah Kim,noah.kim9577@example.com,02/06/2024,2307.18,USD,COMPLETE,2,GB
TX-0009578,C-02378,Mia Martin,mia.martin9578@example.com,03/11/2024,2273.26,USD,refunded,3,AU
TX-0009579,C-02379,Liam Smith,liam.smith9579@example.com,04/04/2024,2480.82,USD,cancelled,4,DE
TX-0009580,C-02380,Sofia Brown,sofia.brown9580@example.com,05/09/2024,1061.55,USD,completed,5,US
TX-0009581,C-02381,Ethan Wilson,ethan.wilson9581@example.com,06/02/2024,956.84,USD,pending,6,CA
TX-0009582,C-02382,Zoe Garcia,zoe.garcia9582@example.com,07/07/2024,930.38,USD,refunded,7,GB
TX-0009583,C-02383,Mateo Nguyen,mateo.nguyen9583@example.com,08/12/2024,1421.85,USD,cancelled,8,AU
TX-0009584,C-02384,Ava Patel,ava.patel9584@example.com,09/05/2024,1409.91,USD,completed,1,DE
TX-0009585,C-02385,Noah Kim,noah.kim9585@example.com,10/10/2024,179.50,USD,pending,2,US
TX-0009586,C-02386,Mia Martin,mia.martin9586@example.com,11/03/2024,1945.66,USD,refunded,3,CA
TX-0009587,C-02387,Liam Smith,liam.smith9587@example.com,12/08/2024,224.84,USD,cancelled,4,GB
TX-0009588,C-02388,Sofia Brown,sofia.brown9588@example.com,01/01/2024,90.21,USD,completed,5,AU
TX-0009589,C-02389,Ethan Wilson,ethan.wilson9589@example.com,02/06/2024,,USD,pending,6,DE
TX-0009590,C-02390,Zoe Garcia,zoe.garcia9590@example.com,03/11/2024,2215.19,USD,refunded,7,US
TX-0009591,C-02391,Mateo Nguyen,mateo.nguyen9591@example.com,04/04/2024,1800.23,USD,cancelled,8,CA
TX-0009592,C-02392,Ava Patel,ava.patel9592@example.com,05/09/2024,310.25,USD,completed,1,GB
TX-0009593,C-02393,Noah Kim,noah.kim9593@example.com,06/02/2024,1588.88, USD ,pending,2,AU
TX-0009594,C-02394,Mia Martin,mia.martin9594@example.com,07/07/2024,58.26,USD,refunded,3,DE
TX-0009595,C-02395,Liam Smith,liam.smith9595@example.com,08/12/2024,1099.59,USD,cancelled,4,US
TX-0009596,C-02396,Sofia Brown,sofia.brown9596@example.com,09/05/2024,216.66,USD,completed,5,CA
TX-0009597,C-02397,Ethan Wilson,ethan.wilson9597@example.com,10/10/2024,378.88,USD,pending,6,GB
TX-0009598,C-02398,Zoe Garcia,zoe.garcia9598@example.com,11/03/2024,1482.02,USD,refunded,7,AU
TX-0009599,C-02399,Mateo Nguyen,mateo.nguyen9599@example.com,12/08/2024,1643.44,USD,cancelled,8,DE
TX-0009600,C-02400,Ava Patel,ava.patel9600@example.com,01/01/2024,1816.75,USD,completed,1,US
TX-0009601,C-00001,Noah Kim,noah.kim9601@example.com,02/06/2024,118.19,USD,pending,2,CA
TX-0009602,C-00002,Mia Martin,mia.martin9602@example.com,03/11/2024,1284.98,USD,refunded,3,GB
TX-0009603,C-00003,Liam Smith,,04/04/2024,983.27,USD,cancelled,4,AU
TX-0009604,C-00004,Sofia Brown,sofia.brown9604@example.com,05/09/2024,1774.35,USD,completed,5,DE
TX-0009605,C-00005,  ETHAN WILSON  ,ethan.wilson9605@example.com,06/02/2024,1178.73,USD,pending,6,US
TX-0009606,C-00006,Zoe Garcia,zoe.garcia9606@example.com,07/07/2024,352.91,USD,refunded,7,CA
TX-0009607,C-00007,Mateo Nguyen,mateo.nguyen9607@example.com,08/12/2024,539.55,USD,cancelled,8,GB
TX-0009608,C-00008,Ava Patel,ava.patel9608@example.com,09/05/2024,248.02,USD,completed,1,AU
TX-0009609,C-00009,Noah Kim,noah.kim9609@example.com,10/10/2024,1810.25,USD,pending,2,DE
TX-0009610,C-00010,Mia Martin,mia.martin9610@example.com,11/03/2024,2412.93,USD,refunded,3,US
TX-0009611,C-00011,Liam Smith,liam.smith9611@example.com,12/08/2024,2358.35,USD,cancelled,4,CA
TX-0009612,C-00012,Sofia Brown,sofia.brown.invalid,01/01/2024,920.12,USD,completed,5,GB
TX-0009613,C-00013,Ethan Wilson,ethan.wilson9613@example.com,02/06/2024,1765.29,USD,pending,6,AU
TX-0009614,C-00014,Zoe Garcia,zoe.garcia9614@example.com,03/11/2024,597.77,USD,refunded,7,DE
TX-0009615,C-00015,Mateo Nguyen,mateo.nguyen9615@example.com,04/04/2024,1555.74,USD,cancelled,8,US
TX-0009616,C-00016,Ava Patel,ava.patel9616@example.com,05/09/2024,2422.05,USD,completed,1,CA
TX-0009617,C-00017,Noah Kim,noah.kim9617@example.com,06/02/2024,2172.39,USD,pending,2,GB
TX-0009618,C-00018,Mia Martin,mia.martin9618@example.com,07/07/2024,490.53,USD,refunded,3,AU
TX-0009619,C-00019,Liam Smith,liam.smith9619@example.com,08/12/2024,1068.93,USD,cancelled,4,DE
TX-0009620,C-00020,Sofia Brown,sofia.brown9620@example.com,09/05/2024,869.92,USD,completed,5,US
TX-0009621,C-00021,Ethan Wilson,ethan.wilson9621@example.com,10/10/2024,971.85,USD,pending,6,CA
TX-0009622,C-00022,Zoe Garcia,zoe.garcia9622@example.com,11/03/2024,248.85,USD,refunded,7,GB
TX-0009623,C-00023,Mateo Nguyen,mateo.nguyen9623@example.com,12/08/2024,2358.84,USD,cancelled,8,AU
TX-0009624,C-00024,Ava Patel,ava.patel9624@example.com,01/01/2024,1182.15,USD,completed,1,DE
TX-0009625,C-00025,Noah Kim,noah.kim9625@example.com,02/06/2024,2344.14,USD,pending,2,US
TX-0009626,C-00026,Mia Martin,mia.martin9626@example.com,03/11/2024,2438.74,USD,refunded,3,CA
TX-0009627,C-00027,Liam Smith,liam.smith9627@example.com,04/04/2024,428.50,USD,cancelled,4,GB
TX-0009628,C-00028,Sofia Brown,sofia.brown9628@example.com,05/09/2024,2365.59,USD,completed,5,AU
TX-0009629,C-00029,Ethan Wilson,ethan.wilson9629@example.com,06/02/2024,772.92,USD,pending,6,DE
TX-0009630,C-00030,Zoe Garcia,zoe.garcia9630@example.com,07/07/2024,1355.38,USD,refunded,7,US
TX-0009631,C-00031,Mateo Nguyen,mateo.nguyen9631@example.com,08/12/2024,1010.72,USD,cancelled,8,CA
TX-0009632,C-00032,Ava Patel,ava.patel9632@example.com,09/05/2024,1509.00,USD,completed,1,GB
TX-0009633,C-00033,Noah Kim,noah.kim9633@example.com,10/10/2024,1596.39,USD,pending,2,AU
TX-0009634,C-00034,Mia Martin,mia.martin9634@example.com,11/03/2024,68.77,USD,refunded,3,DE
TX-0009635,C-00035,Liam Smith,liam.smith9635@example.com,12/08/2024,2261.30,USD,cancelled,4,US
TX-0009636,C-00036,Sofia Brown,sofia.brown9636@example.com,01/01/2024,1689.48,USD,completed,5,CA
TX-0009637,C-00037,Ethan Wilson,ethan.wilson9637@example.com,02/06/2024,8.58,USD,pending,6,GB
TX-0009638,C-00038,Zoe Garcia,zoe.garcia9638@example.com,03/11/2024,2417.05,USD,refunded,7,AU
TX-0009639,C-00039,Mateo Nguyen,mateo.nguyen9639@example.com,04/04/2024,201.34,USD,cancelled,8,DE
TX-0009640,C-00040,Ava Patel,ava.patel9640@example.com,05/09/2024,217.62,USD,completed,1,US
TX-0009641,C-00041,Noah Kim,noah.kim9641@example.com,06/02/2024,1285.11,USD,pending,2,CA
TX-0009642,C-00042,Mia Martin,mia.martin9642@example.com,07/07/2024,280.98,USD,refunded,3,GB
TX-0009643,C-00043,Liam Smith,liam.smith9643@example.com,08/12/2024,2272.70,USD,cancelled,4,AU
TX-0009644,C-00044,Sofia Brown,sofia.brown9644@example.com,09/05/2024,1208.57,USD,completed,5,DE
TX-0009645,C-00045,Ethan Wilson,ethan.wilson9645@example.com,10/10/2024,488.32,USD,pending,6,US
TX-0009646,C-00046,Zoe Garcia,zoe.garcia9646@example.com,11/03/2024,1117.00,USD,refunded,7,CA
TX-0009647,C-00047,Mateo Nguyen,mateo.nguyen9647@example.com,12/08/2024,1826.62,USD,cancelled,8,GB
TX-0009648,C-00048,Ava Patel,ava.patel9648@example.com,01/01/2024,435.21,USD,completed,1,AU
TX-0009649,C-00049,Noah Kim,noah.kim9649@example.com,02/06/2024,740.98,USD,pending,2,DE
TX-0009650,C-00050,Mia Martin,mia.martin9650@example.com,03/11/2024,139.13,USD,refunded,3,US
TX-0009651,C-00051,Liam Smith,liam.smith9651@example.com,04/04/2024,1657.49,USD,cancelled,4,CA
TX-0009652,C-00052,sofia brown,sofia.brown9652@example.com,05/09/2024,2208.37,USD,completed,5,GB
TX-0009653,C-00053,Ethan Wilson,ethan.wilson9653@example.com,06/02/2024,1188.51,USD,pending,6,AU
TX-0009654,C-00054,Zoe Garcia,zoe.garcia9654@example.com,07/07/2024,1943.44,USD,refunded,7,DE
TX-0009655,C-00055,Mateo Nguyen,mateo.nguyen9655@example.com,08/12/2024,1057.09,USD,cancelled,8,US
TX-0009656,C-00056,Ava Patel,ava.patel9656@example.com,09/05/2024,1997.96,USD,completed,1,CA
TX-0009657,C-00057,Noah Kim,noah.kim9657@example.com,10/10/2024,1469.91,USD,pending,2,GB
TX-0009658,C-00058,Mia Martin,mia.martin9658@example.com,11/03/2024,2174.44,USD,refunded,3,AU
TX-0009659,C-00059,Liam Smith,liam.smith9659@example.com,12/08/2024,1262.68,USD,cancelled,4,DE
TX-0009660,C-00060,Sofia Brown,sofia.brown9660@example.com,01/01/2024,1793.18,USD,completed,5,US
TX-0009661,C-00061,Ethan Wilson,ethan.wilson9661@example.com,02/06/2024,1981.03,USD,pending,6,CA
TX-0009662,C-00062,Zoe Garcia,zoe.garcia9662@example.com,03/11/2024,157.14,USD,refunded,7,GB
TX-0009663,C-00063,Mateo Nguyen,mateo.nguyen9663@example.com,04/04/2024,358.52,USD,cancelled,8,AU
TX-0009664,C-00064,Ava Patel,ava.patel9664@example.com,05/09/2024,2407.48,USD,completed,1,DE
TX-0009665,C-00065,Noah Kim,noah.kim9665@example.com,06/02/2024,1681.29,USD,pending,2,US
TX-0009666,C-00066,Mia Martin,mia.martin9666@example.com,07/07/2024,1332.28,USD,refunded,3,CA
TX-0009667,C-00067,Liam Smith,liam.smith9667@example.com,08/12/2024,890.75,USD,cancelled,4,GB
TX-0009668,C-00068,Sofia Brown,sofia.brown9668@example.com,09/05/2024,2142.80,USD,completed,5,AU
TX-0009669,C-00069,Ethan Wilson,ethan.wilson9669@example.com,10/10/2024,896.66,USD,pending,6,DE
TX-0009670,C-00070,Zoe Garcia,zoe.garcia9670@example.com,11/03/2024,1641.38,USD,refunded,7,US
TX-0009671,C-00071,Mateo Nguyen,mateo.nguyen9671@example.com,12/08/2024,747.04,USD,cancelled,8,CA
TX-0009672,C-00072,Ava Patel,ava.patel9672@example.com,01/01/2024,106.17,USD,completed,1,GB
TX-0009673,C-00073,Noah Kim,noah.kim9673@example.com,02/06/2024,1164.15,USD,pending,2,AU
TX-0009674,C-00074,Mia Martin,mia.martin9674@example.com,03/11/2024,599.96,USD,refunded,3,DE
TX-0009675,C-00075,Liam Smith,liam.smith9675@example.com,04/04/2024,2459.20,USD,cancelled,4,US
TX-0009676,C-00076,Sofia Brown,sofia.brown9676@example.com,05/09/2024,114.69,USD,completed,5,CA
TX-0009677,C-00077,Ethan Wilson,ethan.wilson9677@example.com,06/02/2024,1387.08,USD,pending,6,GB
TX-0009678,C-00078,Zoe Garcia,zoe.garcia9678@example.com,07/07/2024,1577.31,USD,refunded,7,AU
TX-0009679,C-00079,Mateo Nguyen,mateo.nguyen9679@example.com,08/12/2024,847.85,USD,cancelled,8,DE
TX-0009680,C-00080,Ava Patel,ava.patel9680@example.com,09/05/2024,2146.33,USD,completed,1,US
TX-0009681,C-00081,Noah Kim,noah.kim9681@example.com,10/10/2024,1492.08,USD,pending,2,CA
TX-0009682,C-00082,Mia Martin,mia.martin9682@example.com,11/03/2024,1410.62,USD,refunded,3,GB
TX-0009683,C-00083,Liam Smith,liam.smith9683@example.com,12/08/2024,2425.39,USD,cancelled,4,AU
TX-0009684,C-00084,Sofia Brown,sofia.brown9684@example.com,01/01/2024,1687.16,USD,completed,5,DE
TX-0009685,C-00085,Ethan Wilson,ethan.wilson9685@example.com,02/06/2024,2382.99,usd,pending,6,US
TX-0009686,C-00086,Zoe Garcia,zoe.garcia9686@example.com,03/11/2024,1818.29,USD,refunded,7,CA
TX-0009687,C-00087,Mateo Nguyen,mateo.nguyen9687@example.com,04/04/2024,1318.57,USD,cancelled,8,GB
TX-0009688,C-00088,Ava Patel,ava.patel9688@example.com,05/09/2024,1000.59,USD,completed,1,USA
TX-0009689,C-00089,Noah Kim,noah.kim9689@example.com,06/02/2024,1361.27,USD,pending,2,DE
TX-0009690,C-00090,Mia Martin,mia.martin9690@example.com,07/07/2024,1299.25,USD,refunded,3,US
TX-0009691,C-00091,Liam Smith,liam.smith9691@example.com,08/12/2024,2356.48,USD,cancelled,4,CA
TX-0009692,C-00092,Sofia Brown,sofia.brown9692@example.com,09/05/2024,808.40,USD,completed,5,GB
TX-0009693,C-00093,Ethan Wilson,ethan.wilson9693@example.com,10/10/2024,2243.51,USD,pending,6,AU
TX-0009694,C-00094,Zoe Garcia,zoe.garcia9694@example.com,11/03/2024,2337.61,USD,refunded,7,de
TX-0009695,C-00095,Mateo Nguyen,mateo.nguyen9695@example.com,12/08/2024,29.37,USD,cancelled,8,US
TX-0009696,C-00096,Ava Patel,ava.patel9696@example.com,01/01/2024,488.77,USD,completed,1,CA
TX-0009697,C-00097,Noah Kim,noah.kim9697@example.com,02/06/2024,2313.19,USD,pending,2,GB
TX-0009698,C-00098,Mia Martin,mia.martin9698@example.com,03/11/2024,985.44,USD,refunded,3,AU
TX-0009699,C-00099,Liam Smith,liam.smith9699@example.com,04/04/2024,1663.75,USD,cancelled,4,DE
TX-0009700,C-00100,Sofia Brown,,05/09/2024,939.06,USD,completed,5,US
TX-0009701,C-00101,Ethan Wilson,ethan.wilson.invalid,06/02/2024,446.78,USD,pending,6,CA
TX-0009702,C-00102,Zoe Garcia,zoe.garcia9702@example.com,07/07/2024,2211.52,USD,refunded,7,GB
TX-0009703,C-00103,Mateo Nguyen,mateo.nguyen9703@example.com,08/12/2024,905.07,USD,cancelled,8,AU
TX-0009704,C-00104,Ava Patel,ava.patel9704@example.com,09/05/2024,1548.35,USD,completed,1,DE
TX-0009705,C-00105,Noah Kim,noah.kim9705@example.com,10/10/2024,1153.13,USD,pending,2,US
TX-0009706,C-00106,Mia Martin,mia.martin9706@example.com,11/03/2024,-39.12,USD,refunded,3,CA
TX-0009707,C-00107,Liam Smith,liam.smith9707@example.com,12/08/2024,791.75,USD,cancelled,4,GB
TX-0009708,C-00108,Sofia Brown,sofia.brown9708@example.com,01/01/2024,769.54,USD,completed,5,AU
TX-0009709,C-00109,Ethan Wilson,ethan.wilson9709@example.com,02/06/2024,579.42,USD,pending,6,DE
TX-0009710,C-00110,Zoe Garcia,zoe.garcia9710@example.com,03/11/2024,478.88,USD,refunded,7,US
TX-0009711,C-00111,Mateo Nguyen,mateo.nguyen9711@example.com,04/04/2024,2081.07,USD,cancelled,8,CA
TX-0009712,C-00112,Ava Patel,ava.patel9712@example.com,05/09/2024,1003.68,USD,completed,1,GB
TX-0009713,C-00113,Noah Kim,noah.kim9713@example.com,06/02/2024,1182.98,USD,pending,2,AU
TX-0009714,C-00114,Mia Martin,mia.martin9714@example.com,07/07/2024,1393.08,USD,refunded,3,DE
TX-0009715,C-00115,Liam Smith,liam.smith9715@example.com,08/12/2024,309.78,USD,cancelled,4,US
TX-0009716,C-00116,Sofia Brown,sofia.brown9716@example.com,09/05/2024,533.14,USD,completed,5,CA
TX-0009717,C-00117,Ethan Wilson,ethan.wilson9717@example.com,10/10/2024,735.35,USD,pending,6,GB
TX-0009718,C-00118,  ZOE GARCIA  ,zoe.garcia9718@example.com,11/03/2024,1538.28,USD,refunded,7,AU
TX-0009719,C-00119,Mateo Nguyen,mateo.nguyen9719@example.com,12/08/2024,1813.40,USD,cancelled,8,DE
TX-0009720,C-00120,Ava Patel,ava.patel9720@example.com,01/01/2024,380.65,USD,completed,1,US
TX-0009721,C-00121,Noah Kim,noah.kim9721@example.com,02/06/2024,605.75,USD,pending,2,CA
TX-0009722,C-00122,Mia Martin,mia.martin9722@example.com,03/11/2024,2419.35,USD,refunded,3,GB
TX-0009723,C-00123,Liam Smith,liam.smith9723@example.com,04/04/2024,1151.41,USD,cancelled,4,AU
TX-0009724,C-00124,Sofia Brown,sofia.brown9724@example.com,05/09/2024,1127.58,USD,completed,5,DE
TX-0009725,C-00125,Ethan Wilson,ethan.wilson9725@example.com,06/02/2024,75.82,USD,pending,6,US
TX-0009726,C-00126,Zoe Garcia,zoe.garcia9726@example.com,07/07/2024,644.26,USD,refunded,7,CA
TX-0009727,C-00127,Mateo Nguyen,mateo.nguyen9727@example.com,08/12/2024,82.38,USD,cancelled,8,GB
TX-0009728,C-00128,Ava Patel,ava.patel9728@example.com,09/05/2024,477.29,USD,completed,1,AU
TX-0009729,C-00129,Noah Kim,noah.kim9729@example.com,10/10/2024,143.50,USD,pending,2,DE
TX-0009730,C-00130,Mia Martin,mia.martin9730@example.com,11/03/2024,393.87,USD,refunded,3,US
TX-0009731,C-00131,Liam Smith,liam.smith9731@example.com,12/08/2024,1482.80,USD,cancelled,4,CA
TX-0009732,C-00132,Sofia Brown,sofia.brown9732@example.com,01/01/2024,1535.48,USD,completed,5,GB
TX-0009733,C-00133,Ethan Wilson,ethan.wilson9733@example.com,02/06/2024,479.30,USD,pending,6,AU
TX-0009734,C-00134,Zoe Garcia,zoe.garcia9734@example.com,03/11/2024,415.20,USD,COMPLETE,7,DE
TX-0009735,C-00135,Mateo Nguyen,mateo.nguyen9735@example.com,04/04/2024,958.20,USD,cancelled,8,US
TX-0009736,C-00136,Ava Patel,ava.patel9736@example.com,05/09/2024,756.63,USD,completed,1,CA
TX-0009737,C-00137,Noah Kim,noah.kim9737@example.com,06/02/2024,2198.30,USD,pending,2,GB
TX-0009738,C-00138,Mia Martin,mia.martin9738@example.com,07/07/2024,2342.67,USD,refunded,3,AU
TX-0009739,C-00139,Liam Smith,liam.smith9739@example.com,08/12/2024,2435.52,USD,cancelled,4,DE
TX-0009740,C-00140,Sofia Brown,sofia.brown9740@example.com,09/05/2024,49.79,USD,completed,5,US
TX-0009741,C-00141,Ethan Wilson,ethan.wilson9741@example.com,10/10/2024,814.55,USD,unknown,6,CA
TX-0009742,C-00142,Zoe Garcia,zoe.garcia9742@example.com,11/03/2024,2151.94,USD,refunded,7,GB
TX-0009743,C-00143,Mateo Nguyen,mateo.nguyen9743@example.com,12/08/2024,849.06,USD,cancelled,8,AU
TX-0009744,C-00144,Ava Patel,ava.patel9744@example.com,01/01/2024,2033.15,USD,completed,1,DE
TX-0009745,C-00145,Noah Kim,noah.kim9745@example.com,02/06/2024,1226.63,USD,pending,2,US
TX-0009746,C-00146,Mia Martin,mia.martin9746@example.com,03/11/2024,1288.73,USD,refunded,3,CA
TX-0009747,C-00147,Liam Smith,liam.smith9747@example.com,04/04/2024,2341.48,USD,cancelled,4,GB
TX-0009748,C-00148,Sofia Brown,sofia.brown9748@example.com,05/09/2024,1660.45,USD,completed,5,AU
TX-0009749,C-00149,Ethan Wilson,ethan.wilson9749@example.com,06/02/2024,1839.08,USD,pending,6,DE
TX-0009750,C-00150,Zoe Garcia,zoe.garcia9750@example.com,07/07/2024,2021.89,USD,refunded,7,US
TX-0009751,C-00151,Mateo Nguyen,mateo.nguyen9751@example.com,08/12/2024,1129.98,USD,cancelled,8,CA
TX-0009752,C-00152,Ava Patel,ava.patel9752@example.com,09/05/2024,1104.45,USD,completed,1,GB
TX-0009753,C-00153,Noah Kim,noah.kim9753@example.com,10/10/2024,2125.25,USD,pending,2,AU
TX-0009754,C-00154,Mia Martin,mia.martin9754@example.com,11/03/2024,179.33,USD,refunded,3,DE
TX-0009755,C-00155,Liam Smith,liam.smith9755@example.com,12/08/2024,506.41,USD,cancelled,4,US
TX-0009756,C-00156,Sofia Brown,sofia.brown9756@example.com,01/01/2024,479.28,USD,completed,5,CA
TX-0009757,C-00157,Ethan Wilson,ethan.wilson9757@example.com,02/06/2024,1331.63,USD,pending,6,GB
TX-0009758,C-00158,Zoe Garcia,zoe.garcia9758@example.com,03/11/2024,997.09,USD,refunded,7,AU
TX-0009759,C-00159,Mateo Nguyen,mateo.nguyen9759@example.com,04/04/2024,54.83,USD,cancelled,8,DE
TX-0009760,C-00160,Ava Patel,ava.patel9760@example.com,05/09/2024,1423.74,USD,completed,1,US
TX-0009761,C-00161,Noah Kim,noah.kim9761@example.com,06/02/2024,350.63,USD,pending,2,CA
TX-0009762,C-00162,Mia Martin,mia.martin9762@example.com,07/07/2024,266.25,USD,refunded,3,GB
TX-0009763,C-00163,Liam Smith,liam.smith9763@example.com,08/12/2024,687.97,USD,cancelled,4,AU
TX-0009764,C-00164,Sofia Brown,sofia.brown9764@example.com,09/05/2024,2268.98,USD,completed,5,DE
TX-0009765,C-00165,Ethan Wilson,ethan.wilson9765@example.com,10/10/2024,609.06,USD,pending,6,US
TX-0009766,C-00166,Zoe Garcia,zoe.garcia9766@example.com,11/03/2024,835.23,USD,refunded,7,CA
TX-0009767,C-00167,Mateo Nguyen,mateo.nguyen9767@example.com,12/08/2024,1021.03,USD,cancelled,8,GB
TX-0009768,C-00168,Ava Patel,ava.patel9768@example.com,01/01/2024,1656.82,USD,completed,1,AU
TX-0009769,C-00169,Noah Kim,noah.kim9769@example.com,02/06/2024,2404.94,USD,pending,2,DE
TX-0009770,C-00170,Mia Martin,mia.martin9770@example.com,03/11/2024,1657.82,USD,refunded,3,US
TX-0009771,C-00171,Liam Smith,liam.smith9771@example.com,04/04/2024,1041.40,USD,cancelled,4,CA
TX-0009772,C-00172,Sofia Brown,sofia.brown9772@example.com,05/09/2024,1441.16,USD,completed,5,GB
TX-0009773,C-00173,Ethan Wilson,ethan.wilson9773@example.com,06/02/2024,2000.49,USD,pending,6,AU
TX-0009774,C-00174,Zoe Garcia,zoe.garcia9774@example.com,07/07/2024,1894.59, USD ,refunded,7,DE
TX-0009775,C-00175,Mateo Nguyen,mateo.nguyen9775@example.com,08/12/2024,2196.69,USD,cancelled,8,US
TX-0009776,C-00176,Ava Patel,ava.patel9776@example.com,09/05/2024,520.54,USD,completed,1,CA
TX-0009777,C-00177,Noah Kim,noah.kim9777@example.com,10/10/2024,77.64,USD,pending,2,GB
TX-0009778,C-00178,Mia Martin,mia.martin9778@example.com,11/03/2024,1178.71,USD,refunded,3,AU
TX-0009779,C-00179,liam smith,liam.smith9779@example.com,12/08/2024,1214.12,USD,cancelled,4,DE
TX-0009780,C-00180,Sofia Brown,sofia.brown9780@example.com,01/01/2024,1158.39,USD,completed,5,US
TX-0009781,C-00181,Ethan Wilson,ethan.wilson9781@example.com,02/06/2024,1481.58,USD,pending,6,CA
TX-0009782,C-00182,Zoe Garcia,zoe.garcia9782@example.com,03/11/2024,1380.34,USD,refunded,7,GB
TX-0009783,C-00183,Mateo Nguyen,mateo.nguyen9783@example.com,04/04/2024,262.51,USD,cancelled,8,AU
TX-0009784,C-00184,Ava Patel,ava.patel9784@example.com,05/09/2024,1577.08,USD,completed,1,DE
TX-0009785,C-00185,Noah Kim,noah.kim9785@example.com,06/02/2024,737.47,USD,pending,2,US
TX-0009786,C-00186,Mia Martin,mia.martin9786@example.com,07/07/2024,1623.69,USD,refunded,3,CA
TX-0009787,C-00187,Liam Smith,liam.smith9787@example.com,08/12/2024,636.09,USD,cancelled,4,GB
TX-0009788,C-00188,Sofia Brown,sofia.brown9788@example.com,09/05/2024,1882.46,USD,completed,5,AU
TX-0009789,C-00189,Ethan Wilson,ethan.wilson9789@example.com,10/10/2024,2106.58,USD,pending,6,DE
TX-0009790,C-00190,Zoe Garcia,zoe.garcia.invalid,11/03/2024,161.66,USD,refunded,7,US
TX-0009791,C-00191,Mateo Nguyen,mateo.nguyen9791@example.com,12/08/2024,2312.75,USD,cancelled,8,CA
TX-0009792,C-00192,Ava Patel,ava.patel9792@example.com,01/01/2024,2366.84,USD,completed,1,GB
TX-0009793,C-00193,Noah Kim,noah.kim9793@example.com,02/06/2024,2020.51,USD,pending,2,AU
TX-0009794,C-00194,Mia Martin,mia.martin9794@example.com,03/11/2024,1222.69,USD,refunded,3,DE
TX-0009795,C-00195,Liam Smith,liam.smith9795@example.com,04/04/2024,1184.71,USD,cancelled,4,US
TX-0009796,C-00196,Sofia Brown,sofia.brown9796@example.com,05/09/2024,638.74,USD,completed,5,CA
TX-0009797,C-00197,Ethan Wilson,,06/02/2024,2067.60,USD,pending,6,GB
TX-0009798,C-00198,Zoe Garcia,zoe.garcia9798@example.com,07/07/2024,1168.89,USD,refunded,7,AU
TX-0009799,C-00199,Mateo Nguyen,mateo.nguyen9799@example.com,08/12/2024,1529.07,USD,cancelled,8,DE
TX-0009800,C-00200,Ava Patel,ava.patel9800@example.com,09/05/2024,837.26,USD,completed,1,US
TX-0009801,C-00201,Noah Kim,noah.kim9801@example.com,10/10/2024,1008.97,USD,pending,2,CA
TX-0009802,C-00202,Mia Martin,mia.martin9802@example.com,11/03/2024,277.28,USD,refunded,3,GB
TX-0009803,C-00203,Liam Smith,liam.smith9803@example.com,12/08/2024,953.48,USD,cancelled,4,AU
TX-0009804,C-00204,Sofia Brown,sofia.brown9804@example.com,01/01/2024,219.80,USD,completed,5,DE
TX-0009805,C-00205,Ethan Wilson,ethan.wilson9805@example.com,02/06/2024,334.21,USD,pending,6,US
TX-0009806,C-00206,Zoe Garcia,zoe.garcia9806@example.com,03/11/2024,1693.90,USD,refunded,7,CA
TX-0009807,C-00207,Mateo Nguyen,mateo.nguyen9807@example.com,04/04/2024,597.41,USD,cancelled,8,GB
TX-0009808,C-00208,Ava Patel,ava.patel9808@example.com,05/09/2024,1256.31,USD,completed,1,AU
TX-0009809,C-00209,Noah Kim,noah.kim9809@example.com,06/02/2024,949.97,USD,pending,2,DE
TX-0009810,C-00210,Mia Martin,mia.martin9810@example.com,07/07/2024,1569.11,USD,refunded,3,US
TX-0009811,C-00211,Liam Smith,liam.smith9811@example.com,08/12/2024,1210.21,USD,cancelled,4,CA
TX-0009812,C-00212,Sofia Brown,sofia.brown9812@example.com,09/05/2024,,USD,completed,5,GB
TX-0009813,C-00213,Ethan Wilson,ethan.wilson9813@example.com,10/10/2024,697.41,USD,pending,6,AU
TX-0009814,C-00214,Zoe Garcia,zoe.garcia9814@example.com,11/03/2024,2349.04,USD,refunded,7,DE
TX-0009815,C-00215,Mateo Nguyen,mateo.nguyen9815@example.com,12/08/2024,20.71,USD,cancelled,8,US
TX-0009816,C-00216,Ava Patel,ava.patel9816@example.com,01/01/2024,674.13,USD,completed,1,CA
TX-0009817,C-00217,Noah Kim,noah.kim9817@example.com,02/06/2024,1761.03,USD,pending,2,GB
TX-0009818,C-00218,Mia Martin,mia.martin9818@example.com,03/11/2024,968.27,USD,refunded,3,AU
TX-0009819,C-00219,Liam Smith,liam.smith9819@example.com,04/04/2024,219.95,USD,cancelled,4,DE
TX-0009820,C-00220,Sofia Brown,sofia.brown9820@example.com,05/09/2024,2287.12,USD,completed,5,US
TX-0009821,C-00221,Ethan Wilson,ethan.wilson9821@example.com,06/02/2024,819.82,USD,pending,6,CA
TX-0009822,C-00222,Zoe Garcia,zoe.garcia9822@example.com,07/07/2024,2416.54,USD,refunded,7,GB
TX-0009823,C-00223,Mateo Nguyen,mateo.nguyen9823@example.com,08/12/2024,1153.85,USD,cancelled,8,AU
TX-0009824,C-00224,Ava Patel,ava.patel9824@example.com,09/05/2024,1118.80,USD,completed,1,DE
TX-0009825,C-00225,Noah Kim,noah.kim9825@example.com,10/10/2024,1965.56,USD,pending,2,us
TX-0009826,C-00226,Mia Martin,mia.martin9826@example.com,11/03/2024,1035.39,USD,refunded,3,CA
TX-0009827,C-00227,Liam Smith,liam.smith9827@example.com,12/08/2024,2223.66,USD,cancelled,4,GB
TX-0009828,C-00228,Sofia Brown,sofia.brown9828@example.com,01/01/2024,174.47,USD,completed,5,AU
TX-0009829,C-00229,Ethan Wilson,ethan.wilson9829@example.com,02/06/2024,2100.54,USD,pending,6,DE
TX-0009830,C-00230,Zoe Garcia,zoe.garcia9830@example.com,03/11/2024,868.29,USD,refunded,7,US
TX-0009831,C-00231,  MATEO NGUYEN  ,mateo.nguyen9831@example.com,04/04/2024,885.69,USD,cancelled,8,CA
TX-0009832,C-00232,Ava Patel,ava.patel9832@example.com,05/09/2024,580.07,USD,completed,1,GB
TX-0009833,C-00233,Noah Kim,noah.kim9833@example.com,06/02/2024,2052.47,USD,pending,2,AU
TX-0009834,C-00234,Mia Martin,mia.martin9834@example.com,07/07/2024,1094.39,usd,refunded,3,DE
TX-0009835,C-00235,Liam Smith,liam.smith9835@example.com,08/12/2024,1181.04,USD,cancelled,4,US
TX-0009836,C-00236,Sofia Brown,sofia.brown9836@example.com,09/05/2024,1276.09,USD,completed,5,CA
TX-0009837,C-00237,Ethan Wilson,ethan.wilson9837@example.com,10/10/2024,895.56,USD,pending,6,GB
TX-0009838,C-00238,Zoe Garcia,zoe.garcia9838@example.com,11/03/2024,2103.60,USD,refunded,7,AU
TX-0009839,C-00239,Mateo Nguyen,mateo.nguyen9839@example.com,12/08/2024,934.76,USD,cancelled,8,DE
TX-0009840,C-00240,Ava Patel,ava.patel9840@example.com,01/01/2024,1400.36,USD,completed,1,US
TX-0009841,C-00241,Noah Kim,noah.kim9841@example.com,02/06/2024,868.27,USD,pending,2,CA
TX-0009842,C-00242,Mia Martin,mia.martin9842@example.com,03/11/2024,126.37,USD,refunded,3,GB
TX-0009843,C-00243,Liam Smith,liam.smith9843@example.com,04/04/2024,767.01,USD,cancelled,4,AU
TX-0009844,C-00244,Sofia Brown,sofia.brown9844@example.com,05/09/2024,733.59,USD,completed,5,DE
TX-0009845,C-00245,Ethan Wilson,ethan.wilson9845@example.com,06/02/2024,275.55,USD,pending,6,US
TX-0009846,C-00246,Zoe Garcia,zoe.garcia9846@example.com,07/07/2024,1793.85,USD,refunded,7,CA
TX-0009847,C-00247,Mateo Nguyen,mateo.nguyen9847@example.com,08/12/2024,1754.34,USD,cancelled,8,GB
TX-0009848,C-00248,Ava Patel,ava.patel9848@example.com,09/05/2024,2331.36,USD,completed,1,AU
TX-0009849,C-00249,Noah Kim,noah.kim9849@example.com,10/10/2024,2302.07,USD,pending,2,DE
TX-0009850,C-00250,Mia Martin,mia.martin9850@example.com,11/03/2024,2380.94,USD,refunded,3,US
TX-0009851,C-00251,Liam Smith,liam.smith9851@example.com,12/08/2024,2455.54,USD,cancelled,4,CA
TX-0009852,C-00252,Sofia Brown,sofia.brown9852@example.com,01/01/2024,1029.00,USD,completed,5,GB
TX-0009853,C-00253,Ethan Wilson,ethan.wilson9853@example.com,02/06/2024,150.45,USD,pending,6,AU
TX-0009854,C-00254,Zoe Garcia,zoe.garcia9854@example.com,03/11/2024,1031.17,USD,refunded,7,DE
TX-0009855,C-00255,Mateo Nguyen,mateo.nguyen9855@example.com,04/04/2024,856.44,USD,cancelled,8,US
TX-0009856,C-00256,Ava Patel,ava.patel9856@example.com,05/09/2024,1528.94,USD,completed,1,CA
TX-0009857,C-00257,Noah Kim,noah.kim9857@example.com,06/02/2024,1358.44,USD,pending,2,GB
TX-0009858,C-00258,Mia Martin,mia.martin9858@example.com,07/07/2024,923.07,USD,refunded,3,AU
TX-0009859,C-00259,Liam Smith,liam.smith9859@example.com,08/12/2024,2312.30,USD,cancelled,4,DE
TX-0009860,C-00260,Sofia Brown,sofia.brown9860@example.com,09/05/2024,1588.31,USD,completed,5,US
TX-0009861,C-00261,Ethan Wilson,ethan.wilson9861@example.com,10/10/2024,720.44,USD,pending,6,USA
TX-0009862,C-00262,Zoe Garcia,zoe.garcia9862@example.com,11/03/2024,310.64,USD,refunded,7,GB
TX-0009863,C-00263,Mateo Nguyen,mateo.nguyen9863@example.com,12/08/2024,2387.32,USD,cancelled,8,AU
TX-0009864,C-00264,Ava Patel,ava.patel9864@example.com,01/01/2024,684.43,USD,completed,1,DE
TX-0009865,C-00265,Noah Kim,noah.kim9865@example.com,02/06/2024,965.12,USD,pending,2,US
TX-0009866,C-00266,Mia Martin,mia.martin9866@example.com,03/11/2024,412.81,USD,refunded,3,CA
TX-0009867,C-00267,Liam Smith,liam.smith9867@example.com,04/04/2024,1278.49,USD,cancelled,4,GB
TX-0009868,C-00268,Sofia Brown,sofia.brown9868@example.com,05/09/2024,1346.85,USD,completed,5,AU
TX-0009869,C-00269,Ethan Wilson,ethan.wilson9869@example.com,06/02/2024,738.20,USD,pending,6,DE
TX-0009870,C-00270,Zoe Garcia,zoe.garcia9870@example.com,07/07/2024,910.73,USD,refunded,7,US
TX-0009871,C-00271,Mateo Nguyen,mateo.nguyen9871@example.com,08/12/2024,1461.89,USD,cancelled,8,CA
TX-0009872,C-00272,Ava Patel,ava.patel9872@example.com,09/05/2024,183.44,USD,completed,1,GB
TX-0009873,C-00273,Noah Kim,noah.kim9873@example.com,10/10/2024,1132.75,USD,pending,2,AU
TX-0009874,C-00274,Mia Martin,mia.martin9874@example.com,11/03/2024,1759.77,USD,refunded,3,DE
TX-0009875,C-00275,Liam Smith,liam.smith9875@example.com,12/08/2024,797.13,USD,cancelled,4,US
TX-0009876,C-00276,Sofia Brown,sofia.brown9876@example.com,01/01/2024,1576.54,USD,completed,5,CA
TX-0009877,C-00277,Ethan Wilson,ethan.wilson9877@example.com,02/06/2024,1094.29,USD,pending,6,GB
TX-0009878,C-00278,Zoe Garcia,zoe.garcia9878@example.com,03/11/2024,1045.34,USD,refunded,7,AU
TX-0009879,C-00279,Mateo Nguyen,mateo.nguyen.invalid,04/04/2024,2231.18,USD,cancelled,8,DE
TX-0009880,C-00280,Ava Patel,ava.patel9880@example.com,05/09/2024,2239.26,USD,completed,1,US
TX-0009881,C-00281,Noah Kim,noah.kim9881@example.com,06/02/2024,1911.88,USD,pending,2,CA
TX-0009882,C-00282,Mia Martin,mia.martin9882@example.com,07/07/2024,860.20,USD,refunded,3,GB
TX-0009883,C-00283,Liam Smith,liam.smith9883@example.com,08/12/2024,1208.03,USD,cancelled,4,AU
TX-0009884,C-00284,Sofia Brown,sofia.brown9884@example.com,09/05/2024,2064.45,USD,completed,5,DE
TX-0009885,C-00285,Ethan Wilson,ethan.wilson9885@example.com,10/10/2024,463.53,USD,pending,6,US
TX-0009886,C-00286,Zoe Garcia,zoe.garcia9886@example.com,11/03/2024,1257.45,USD,refunded,7,CA
TX-0009887,C-00287,Mateo Nguyen,mateo.nguyen9887@example.com,12/08/2024,664.53,USD,cancelled,8,GB
TX-0009888,C-00288,Ava Patel,ava.patel9888@example.com,01/01/2024,1174.29,USD,completed,1,AU
TX-0009889,C-00289,Noah Kim,noah.kim9889@example.com,02/06/2024,1637.55,USD,pending,2,DE
TX-0009890,C-00290,Mia Martin,mia.martin9890@example.com,03/11/2024,428.04,USD,refunded,3,US
TX-0009891,C-00291,Liam Smith,liam.smith9891@example.com,04/04/2024,1829.14,USD,COMPLETE,4,CA
TX-0009892,C-00292,Sofia Brown,sofia.brown9892@example.com,05/09/2024,1361.71,USD,completed,5,GB
TX-0009893,C-00293,Ethan Wilson,ethan.wilson9893@example.com,06/02/2024,2276.73,USD,pending,6,AU
TX-0009894,C-00294,Zoe Garcia,,07/07/2024,837.95,USD,refunded,7,DE
TX-0009895,C-00295,Mateo Nguyen,mateo.nguyen9895@example.com,08/12/2024,2201.98,USD,cancelled,8,US
TX-0009896,C-00296,Ava Patel,ava.patel9896@example.com,09/05/2024,143.67,USD,completed,1,CA
TX-0009897,C-00297,Noah Kim,noah.kim9897@example.com,10/10/2024,2445.56,USD,pending,2,GB
TX-0009898,C-00298,Mia Martin,mia.martin9898@example.com,11/03/2024,1322.94,USD,refunded,3,AU
TX-0009899,C-00299,Liam Smith,liam.smith9899@example.com,12/08/2024,1719.73,USD,cancelled,4,DE
TX-0009900,C-00300,Sofia Brown,sofia.brown9900@example.com,01/01/2024,1070.90,USD,completed,5,US
TX-0009901,C-00301,Ethan Wilson,ethan.wilson9901@example.com,02/06/2024,1782.27,USD,pending,6,CA
TX-0009902,C-00302,Zoe Garcia,zoe.garcia9902@example.com,03/11/2024,2095.91,USD,refunded,7,GB
TX-0009903,C-00303,Mateo Nguyen,mateo.nguyen9903@example.com,04/04/2024,976.79,USD,cancelled,8,AU
TX-0009904,C-00304,Ava Patel,ava.patel9904@example.com,05/09/2024,1877.60,USD,completed,1,DE
TX-0009905,C-00305,Noah Kim,noah.kim9905@example.com,06/02/2024,2477.06,USD,pending,2,US
TX-0009906,C-00306,mia martin,mia.martin9906@example.com,07/07/2024,1452.41,USD,refunded,3,CA
TX-0009907,C-00307,Liam Smith,liam.smith9907@example.com,08/12/2024,1966.00,USD,cancelled,4,GB
TX-0009908,C-00308,Sofia Brown,sofia.brown9908@example.com,09/05/2024,1353.19,USD,completed,5,AU
TX-0009909,C-00309,Ethan Wilson,ethan.wilson9909@example.com,10/10/2024,2150.08,USD,pending,6,DE
TX-0009910,C-00310,Zoe Garcia,zoe.garcia9910@example.com,11/03/2024,2378.86,USD,refunded,7,US
TX-0009911,C-00311,Mateo Nguyen,mateo.nguyen9911@example.com,12/08/2024,701.54,USD,cancelled,8,CA
TX-0009912,C-00312,Ava Patel,ava.patel9912@example.com,01/01/2024,2436.34,USD,completed,1,GB
TX-0009913,C-00313,Noah Kim,noah.kim9913@example.com,02/06/2024,661.13,USD,pending,2,AU
TX-0009914,C-00314,Mia Martin,mia.martin9914@example.com,03/11/2024,1775.73,USD,refunded,3,DE
TX-0009915,C-00315,Liam Smith,liam.smith9915@example.com,04/04/2024,392.35,USD,cancelled,4,US
TX-0009916,C-00316,Sofia Brown,sofia.brown9916@example.com,05/09/2024,868.80,USD,completed,5,CA
TX-0009917,C-00317,Ethan Wilson,ethan.wilson9917@example.com,06/02/2024,-33.83,USD,pending,6,GB
TX-0009918,C-00318,Zoe Garcia,zoe.garcia9918@example.com,07/07/2024,2217.81,USD,refunded,7,AU
TX-0009919,C-00319,Mateo Nguyen,mateo.nguyen9919@example.com,08/12/2024,339.54,USD,cancelled,8,DE
TX-0009920,C-00320,Ava Patel,ava.patel9920@example.com,09/05/2024,1858.15,USD,completed,1,US
TX-0009921,C-00321,Noah Kim,noah.kim9921@example.com,10/10/2024,1858.07,USD,pending,2,CA
TX-0009922,C-00322,Mia Martin,mia.martin9922@example.com,11/03/2024,1455.39,USD,refunded,3,GB
TX-0009923,C-00323,Liam Smith,liam.smith9923@example.com,12/08/2024,1702.82,USD,cancelled,4,AU
TX-0009924,C-00324,Sofia Brown,sofia.brown9924@example.com,01/01/2024,205.77,USD,completed,5,DE
TX-0009925,C-00325,Ethan Wilson,ethan.wilson9925@example.com,02/06/2024,323.59,USD,pending,6,US
TX-0009926,C-00326,Zoe Garcia,zoe.garcia9926@example.com,03/11/2024,1781.68,USD,refunded,7,CA
TX-0009927,C-00327,Mateo Nguyen,mateo.nguyen9927@example.com,04/04/2024,961.12,USD,cancelled,8,GB
TX-0009928,C-00328,Ava Patel,ava.patel9928@example.com,05/09/2024,1517.77,USD,completed,1,AU
TX-0009929,C-00329,Noah Kim,noah.kim9929@example.com,06/02/2024,1071.60,USD,pending,2,DE
TX-0009930,C-00330,Mia Martin,mia.martin9930@example.com,07/07/2024,1221.37,USD,refunded,3,US
TX-0009931,C-00331,Liam Smith,liam.smith9931@example.com,08/12/2024,185.62,USD,cancelled,4,CA
TX-0009932,C-00332,Sofia Brown,sofia.brown9932@example.com,09/05/2024,500.54,USD,unknown,5,GB
TX-0009933,C-00333,Ethan Wilson,ethan.wilson9933@example.com,10/10/2024,1338.58,USD,pending,6,AU
TX-0009934,C-00334,Zoe Garcia,zoe.garcia9934@example.com,11/03/2024,967.37,USD,refunded,7,DE
TX-0009935,C-00335,Mateo Nguyen,mateo.nguyen9935@example.com,12/08/2024,2129.63,USD,cancelled,8,US
TX-0009936,C-00336,Ava Patel,ava.patel9936@example.com,01/01/2024,542.64,USD,completed,1,CA
TX-0009937,C-00337,Noah Kim,noah.kim9937@example.com,02/06/2024,2279.05,USD,pending,2,GB
TX-0009938,C-00338,Mia Martin,mia.martin9938@example.com,03/11/2024,622.53,USD,refunded,3,AU
TX-0009939,C-00339,Liam Smith,liam.smith9939@example.com,04/04/2024,1014.09,USD,cancelled,4,DE
TX-0009940,C-00340,Sofia Brown,sofia.brown9940@example.com,05/09/2024,827.00,USD,completed,5,US
TX-0009941,C-00341,Ethan Wilson,ethan.wilson9941@example.com,06/02/2024,918.15,USD,pending,6,CA
TX-0009942,C-00342,Zoe Garcia,zoe.garcia9942@example.com,07/07/2024,2471.06,USD,refunded,7,GB
TX-0009943,C-00343,Mateo Nguyen,mateo.nguyen9943@example.com,08/12/2024,871.61,USD,cancelled,8,AU
TX-0009944,C-00344,  AVA PATEL  ,ava.patel9944@example.com,09/05/2024,1841.35,USD,completed,1,DE
TX-0009945,C-00345,Noah Kim,noah.kim9945@example.com,10/10/2024,4.53,USD,pending,2,US
TX-0009946,C-00346,Mia Martin,mia.martin9946@example.com,11/03/2024,477.26,USD,refunded,3,CA
TX-0009947,C-00347,Liam Smith,liam.smith9947@example.com,12/08/2024,527.43,USD,cancelled,4,GB
TX-0009948,C-00348,Sofia Brown,sofia.brown9948@example.com,01/01/2024,1349.47,USD,completed,5,AU
TX-0009949,C-00349,Ethan Wilson,ethan.wilson9949@example.com,02/06/2024,189.48,USD,pending,6,DE
TX-0009950,C-00350,Zoe Garcia,zoe.garcia9950@example.com,03/11/2024,642.66,USD,refunded,7,US
TX-0009951,C-00351,Mateo Nguyen,mateo.nguyen9951@example.com,04/04/2024,1525.13,USD,cancelled,8,CA
TX-0009952,C-00352,Ava Patel,ava.patel9952@example.com,05/09/2024,1553.71,USD,completed,1,GB
TX-0009953,C-00353,Noah Kim,noah.kim9953@example.com,06/02/2024,1283.02,USD,pending,2,AU
TX-0009954,C-00354,Mia Martin,mia.martin9954@example.com,07/07/2024,2397.32,USD,refunded,3,DE
TX-0009955,C-00355,Liam Smith,liam.smith9955@example.com,08/12/2024,834.15, USD ,cancelled,4,US
TX-0009956,C-00356,Sofia Brown,sofia.brown9956@example.com,09/05/2024,603.23,USD,completed,5,ca
TX-0009957,C-00357,Ethan Wilson,ethan.wilson9957@example.com,10/10/2024,2293.81,USD,pending,6,GB
TX-0009958,C-00358,Zoe Garcia,zoe.garcia9958@example.com,11/03/2024,2137.71,USD,refunded,7,AU
TX-0009959,C-00359,Mateo Nguyen,mateo.nguyen9959@example.com,12/08/2024,374.18,USD,cancelled,8,DE
TX-0009960,C-00360,Ava Patel,ava.patel9960@example.com,01/01/2024,85.42,USD,completed,1,US
TX-0009961,C-00361,Noah Kim,noah.kim9961@example.com,02/06/2024,1862.83,USD,pending,2,CA
TX-0009962,C-00362,Mia Martin,mia.martin9962@example.com,03/11/2024,21.66,USD,refunded,3,GB
TX-0009963,C-00363,Liam Smith,liam.smith9963@example.com,04/04/2024,2488.76,USD,cancelled,4,AU
TX-0009964,C-00364,Sofia Brown,sofia.brown9964@example.com,05/09/2024,1496.70,USD,completed,5,DE
TX-0009965,C-00365,Ethan Wilson,ethan.wilson9965@example.com,06/02/2024,24.05,USD,pending,6,US
TX-0009966,C-00366,Zoe Garcia,zoe.garcia9966@example.com,07/07/2024,912.47,USD,refunded,7,CA
TX-0009967,C-00367,Mateo Nguyen,mateo.nguyen9967@example.com,08/12/2024,1138.91,USD,cancelled,8,GB
TX-0009968,C-00368,Ava Patel,ava.patel.invalid,09/05/2024,1403.95,USD,completed,1,AU
TX-0009969,C-00369,Noah Kim,noah.kim9969@example.com,10/10/2024,2233.42,USD,pending,2,DE
TX-0009970,C-00370,Mia Martin,mia.martin9970@example.com,11/03/2024,2112.19,USD,refunded,3,US
TX-0009971,C-00371,Liam Smith,liam.smith9971@example.com,12/08/2024,1627.42,USD,cancelled,4,CA
TX-0009972,C-00372,Sofia Brown,sofia.brown9972@example.com,01/01/2024,1696.62,USD,completed,5,GB
TX-0009973,C-00373,Ethan Wilson,ethan.wilson9973@example.com,02/06/2024,731.16,USD,pending,6,AU
TX-0009974,C-00374,Zoe Garcia,zoe.garcia9974@example.com,03/11/2024,2446.35,USD,refunded,7,DE
TX-0009975,C-00375,Mateo Nguyen,mateo.nguyen9975@example.com,04/04/2024,962.52,USD,cancelled,8,US
TX-0009976,C-00376,Ava Patel,ava.patel9976@example.com,05/09/2024,272.22,USD,completed,1,CA
TX-0009977,C-00377,Noah Kim,noah.kim9977@example.com,06/02/2024,2215.37,USD,pending,2,GB
TX-0009978,C-00378,Mia Martin,mia.martin9978@example.com,07/07/2024,400.10,USD,refunded,3,AU
TX-0009979,C-00379,Liam Smith,liam.smith9979@example.com,08/12/2024,2232.78,USD,cancelled,4,DE
TX-0009980,C-00380,Sofia Brown,sofia.brown9980@example.com,09/05/2024,2261.84,USD,completed,5,US
TX-0009981,C-00381,Ethan Wilson,ethan.wilson9981@example.com,10/10/2024,938.79,USD,pending,6,CA
TX-0009982,C-00382,Zoe Garcia,zoe.garcia9982@example.com,11/03/2024,728.24,USD,refunded,7,GB
TX-0009983,C-00383,Mateo Nguyen,mateo.nguyen9983@example.com,12/08/2024,841.53,usd,cancelled,8,AU
TX-0009984,C-00384,Ava Patel,ava.patel9984@example.com,01/01/2024,594.44,USD,completed,1,DE
TX-0009985,C-00385,Noah Kim,noah.kim9985@example.com,02/06/2024,1456.13,USD,pending,2,US
TX-0009986,C-00386,Mia Martin,mia.martin9986@example.com,03/11/2024,284.83,USD,refunded,3,CA
TX-0009987,C-00387,Liam Smith,liam.smith9987@example.com,04/04/2024,1963.39,USD,cancelled,4,GB
TX-0009988,C-00388,Sofia Brown,sofia.brown9988@example.com,05/09/2024,2420.21,USD,completed,5,AU
TX-0009989,C-00389,Ethan Wilson,ethan.wilson9989@example.com,06/02/2024,2280.45,USD,pending,6,DE
TX-0009990,C-00390,Zoe Garcia,zoe.garcia9990@example.com,07/07/2024,1401.44,USD,refunded,7,US
TX-0009991,C-00391,Mateo Nguyen,,08/12/2024,2205.61,USD,cancelled,8,CA
TX-0009992,C-00392,Ava Patel,ava.patel9992@example.com,09/05/2024,75.16,USD,completed,1,GB
TX-0009993,C-00393,Noah Kim,noah.kim9993@example.com,10/10/2024,2180.38,USD,pending,2,AU
TX-0009994,C-00394,Mia Martin,mia.martin9994@example.com,11/03/2024,1197.27,USD,refunded,3,DE
TX-0009995,C-00395,Liam Smith,liam.smith9995@example.com,12/08/2024,46.93,USD,cancelled,4,US
TX-0009996,C-00396,Sofia Brown,sofia.brown9996@example.com,01/01/2024,892.35,USD,completed,5,CA
TX-0009997,C-00397,Ethan Wilson,ethan.wilson9997@example.com,02/06/2024,1326.31,USD,pending,6,GB
TX-0009998,C-00398,Zoe Garcia,zoe.garcia9998@example.com,03/11/2024,732.58,USD,refunded,7,AU
TX-0009999,C-00399,Mateo Nguyen,mateo.nguyen9999@example.com,04/04/2024,1361.79,USD,cancelled,8,DE
TX-0010000,C-00400,Ava Patel,ava.patel10000@example.com,05/09/2024,375.47,USD,completed,1,US
TX-0008342,C-01142,Zoe Garcia,,03/11/2024,1893.44,USD,refunded,7,GB
TX-0003265,C-00865,Noah Kim,noah.kim3265@example.com,02/06/2024,1775.48,USD,pending,2,US
TX-0002962,C-00562,Mia Martin,mia.martin2962@example.com,11/03/2024,768.05,USD,refunded,3,GB
TX-0004389,C-01989,Ethan Wilson,ethan.wilson4389@example.com,10/10/2024,887.17,USD,pending,6,DE
TX-0000935,C-00935,Mateo Nguyen,mateo.nguyen935@example.com,12/08/2024,823.59,USD,cancelled,8,US
TX-0001522,C-01522,Mia Martin,mia.martin1522@example.com,11/03/2024,923.20,USD,refunded,3,GB
TX-0008680,C-01480,Ava Patel,ava.patel8680@example.com,05/09/2024,281.96,USD,completed,1,US
TX-0004546,C-02146,Mia Martin,mia.martin4546@example.com,11/03/2024,255.08,USD,refunded,3,CA
TX-0003160,C-00760,Ava Patel,ava.patel3160@example.com,05/09/2024,1712.08,USD,completed,1,US
TX-0007863,C-00663,Mateo Nguyen,mateo.nguyen7863@example.com,04/04/2024,452.30,USD,cancelled,8,AU
TX-0002359,C-02359,Mateo Nguyen,mateo.nguyen2359@example.com,08/12/2024,2214.31,USD,cancelled,8,DE
TX-0000655,C-00655,Mateo Nguyen,mateo.nguyen655@example.com,08/12/2024,1571.71,USD,cancelled,8,us
TX-0007709,C-00509,Ethan Wilson,ethan.wilson7709@example.com,06/02/2024,1056.96,USD,pending,6,DE
TX-0006443,C-01643,Liam Smith,liam.smith6443@example.com,12/08/2024,339.57,USD,cancelled,4,AU
TX-0006825,C-02025,Noah Kim,noah.kim6825@example.com,10/10/2024,2258.68,USD,pending,2,US
TX-0001456,C-01456,Ava Patel,ava.patel1456@example.com,05/09/2024,2075.17,USD,completed,1,CA
TX-0008741,C-01541,Ethan Wilson,ethan.wilson8741@example.com,06/02/2024,1331.31,USD,pending,6,CA
TX-0003840,C-01440,Ava Patel,ava.patel3840@example.com,01/01/2024,1426.47,USD,completed,1,US
TX-0001763,C-01763,Liam Smith,liam.smith1763@example.com,12/08/2024,1129.18,USD,cancelled,4,AU
TX-0001694,C-01694,Zoe Garcia,zoe.garcia1694@example.com,03/11/2024,1190.14,USD,refunded,7,DE
TX-0001363,C-01363,Liam Smith,liam.smith1363@example.com,08/12/2024,2372.32,USD,cancelled,4,AU
TX-0004032,C-01632,Ava Patel,ava.patel4032@example.com,01/01/2024,1463.89,USD,completed,1,GB
TX-0009882,C-00282,Mia Martin,mia.martin9882@example.com,07/07/2024,860.20,USD,refunded,3,GB
TX-0002816,C-00416,Ava Patel,ava.patel2816@example.com,09/05/2024,1709.46,USD,completed,1,CA
TX-0000478,C-00478,Zoe Garcia,zoe.garcia478@example.com,11/03/2024,23.35,USD,refunded,7,AU
TX-0008952,C-01752,Ava Patel,ava.patel8952@example.com,01/01/2024,1099.25,USD,completed,1,GB
TX-0001892,C-01892,Sofia Brown,sofia.brown1892@example.com,09/05/2024,2224.55,USD,completed,5,GB
TX-0005235,C-00435,Liam Smith,liam.smith5235@example.com,04/04/2024,1723.23,USD,cancelled,4,US
TX-0002958,C-00558,Zoe Garcia,zoe.garcia2958@example.com,07/07/2024,1266.82,USD,refunded,7,AU
TX-0007273,C-00073,Noah Kim,noah.kim7273@example.com,02/06/2024,459.17,USD,pending,2,AU
TX-0005046,C-00246,Zoe Garcia,zoe.garcia5046@example.com,07/07/2024,1682.66,USD,refunded,7,CA
TX-0008229,C-01029,Ethan Wilson,ethan.wilson8229@example.com,10/10/2024,-30.43,USD,pending,6,DE
TX-0009119,C-01919,Mateo Nguyen,mateo.nguyen9119@example.com,12/08/2024,782.82,USD,cancelled,8,DE
TX-0009676,C-00076,Sofia Brown,sofia.brown9676@example.com,05/09/2024,114.69,USD,completed,5,CA
TX-0003167,C-00767,Mateo Nguyen,mateo.nguyen3167@example.com,12/08/2024,1438.33,USD,cancelled,8,GB
TX-0005583,C-00783,Mateo Nguyen,mateo.nguyen5583@example.com,04/04/2024,277.91,USD,cancelled,8,AU
TX-0009133,C-01933,Ethan Wilson,ethan.wilson9133@example.com,02/06/2024,1552.84,USD,pending,6,AU
TX-0006307,C-01507,Liam Smith,liam.smith6307@example.com,08/12/2024,1687.17,USD,cancelled,4,GB
TX-0009300,C-02100,Sofia Brown,sofia.brown9300@example.com,01/01/2024,1885.41,USD,completed,5,US
TX-0001655,C-01655,Mateo Nguyen,mateo.nguyen1655@example.com,12/08/2024,567.22,USD,cancelled,8,US
TX-0004279,C-01879,Mateo Nguyen,mateo.nguyen4279@example.com,08/12/2024,188.95,USD,cancelled,8,DE
TX-0003583,C-01183,Mateo Nguyen,mateo.nguyen3583@example.com,08/12/2024,674.23,USD,cancelled,8,AU
TX-0008154,C-00954,Mia Martin,mia.martin8154@example.com,07/07/2024,2066.43,USD,refunded,3,DE
TX-0003358,C-00958,Zoe Garcia,zoe.garcia3358@example.com,11/03/2024,2037.56,USD,refunded,7,AU
TX-0008751,C-01551,Mateo Nguyen,mateo.nguyen8751@example.com,04/04/2024,2355.52,USD,cancelled,8,CA
TX-0005967,C-01167,Mateo Nguyen,mateo.nguyen5967@example.com,04/04/2024,398.10,USD,cancelled,8,GB
TX-0002903,C-00503,Mateo Nguyen,mateo.nguyen2903@example.com,12/08/2024,981.80,USD,cancelled,8,AU
TX-0007865,C-00665,Noah Kim,noah.kim7865@example.com,06/02/2024,376.12,USD,pending,2,US
TX-0001869,C-01869,Ethan Wilson,ethan.wilson.invalid,10/10/2024,230.96,USD,pending,6,DE
TX-0000254,C-00254,zoe garcia,zoe.garcia254@example.com,03/11/2024,2164.86,USD,refunded,7,DE
TX-0000761,C-00761,Noah Kim,noah.kim761@example.com,06/02/2024,1892.06,USD,pending,2,CA
TX-0008438,C-01238,Zoe Garcia,zoe.garcia8438@example.com,03/11/2024,344.34,USD,refunded,7,AU
TX-0001230,C-01230,Zoe Garcia,zoe.garcia1230@example.com,07/07/2024,2144.52,USD,refunded,7,US
TX-0005614,C-00814,Zoe Garcia,zoe.garcia5614@example.com,11/03/2024,2229.77,USD,refunded,7,DE
TX-0003318,C-00918,Zoe Garcia,zoe.garcia3318@example.com,07/07/2024,355.39,USD,refunded,7,AU
TX-0003020,C-00620,Sofia Brown,sofia.brown3020@example.com,09/05/2024,679.48,USD,completed,5,US
TX-0005860,C-01060,Sofia Brown,sofia.brown5860@example.com,05/09/2024,192.77,USD,completed,5,US
TX-0003973,C-01573,Ethan Wilson,ethan.wilson3973@example.com,02/06/2024,271.19,USD,pending,6,AU
TX-0001939,C-01939,Liam Smith,liam.smith1939@example.com,08/12/2024,1449.88,USD,cancelled,4,DE
TX-0001804,C-01804,Sofia Brown,sofia.brown1804@example.com,05/09/2024,1994.26,USD,completed,5,DE
TX-0008066,C-00866,Mia Martin,mia.martin8066@example.com,03/11/2024,1434.50,USD,refunded,3,CA
TX-0001790,C-01790,Zoe Garcia,zoe.garcia1790@example.com,03/11/2024,2014.12,USD,refunded,7,US
TX-0008963,C-01763,Liam Smith,liam.smith8963@example.com,12/08/2024,227.21,USD,cancelled,4,AU
TX-0005778,C-00978,Mia Martin,mia.martin5778@example.com,07/07/2024,34.29,USD,refunded,3,AU
TX-0000019,C-00019,Liam Smith,liam.smith19@example.com,08/12/2024,1928.68,USD,cancelled,4,DE
TX-0001449,C-01449,Noah Kim,noah.kim1449@example.com,10/10/2024,9.56,USD,pending,2,DE
TX-0008037,C-00837,Ethan Wilson,ethan.wilson8037@example.com,10/10/2024,1944.81,USD,pending,6,GB
TX-0009298,C-02098,Mia Martin,mia.martin9298@example.com,11/03/2024,1521.33,USD,refunded,3,AU
TX-0005162,C-00362,Mia Martin,mia.martin.invalid,03/11/2024,1049.87,USD,refunded,3,GB
TX-0006577,C-01777,Noah Kim,noah.kim6577@example.com,02/06/2024,1414.05,USD,pending,2,GB
TX-0000386,C-00386,Mia Martin,mia.martin386@example.com,03/11/2024,926.08,USD,refunded,3,CA
TX-0009503,C-02303,Mateo Nguyen,mateo.nguyen9503@example.com,12/08/2024,1874.22,USD,cancelled,8,AU
TX-0002717,C-00317,Ethan Wilson,ethan.wilson2717@example.com,06/02/2024,1358.08,USD,pending,6,GB
TX-0005315,C-00515,Liam Smith,liam.smith5315@example.com,12/08/2024,1705.11,USD,cancelled,4,US
TX-0000575,C-00575,Mateo Nguyen,mateo.nguyen575@example.com,12/08/2024,733.11,USD,cancelled,8,US
TX-0000804,C-00804,Sofia Brown,sofia.brown804@example.com,01/01/2024,2471.38,USD,completed,5,DE
TX-0007560,C-00360,Ava Patel,ava.patel7560@example.com,01/01/2024,1726.61,USD,completed,1,US
TX-0008631,C-01431,Mateo Nguyen,mateo.nguyen8631@example.com,04/04/2024,820.20,USD,cancelled,8,CA
TX-0004330,C-01930,Mia Martin,mia.martin4330@example.com,11/03/2024,237.32,USD,refunded,3,US
TX-0000227,C-00227,Liam Smith,liam.smith227@example.com,12/08/2024,762.80,USD,cancelled,4,GB
TX-0008603,C-01403,Liam Smith,liam.smith8603@example.com,12/08/2024,2485.00,USD,cancelled,4,AU
TX-0006610,C-01810,Mia Martin,mia.martin6610@example.com,11/03/2024,2349.66,USD,refunded,3,US
TX-0009521,C-02321,Noah Kim,noah.kim9521@example.com,06/02/2024,1622.88,USD,pending,2,CA
TX-0008978,C-01778,Mia Martin,mia.martin8978@example.com,03/11/2024,1612.52,USD,refunded,3,AU
TX-0005073,C-00273,Noah Kim,noah.kim.invalid,10/10/2024,539.46,USD,pending,2,AU
TX-0008142,C-00942,Zoe Garcia,zoe.garcia8142@example.com,07/07/2024,2337.24,USD,refunded,7,GB
TX-0005083,C-00283,Liam Smith,liam.smith5083@example.com,08/12/2024,2060.64,USD,cancelled,4,AU
TX-0007526,C-00326,Zoe Garcia,zoe.garcia7526@example.com,03/11/2024,2338.85,USD,refunded,7,CA
TX-0009817,C-00217,Noah Kim,noah.kim9817@example.com,02/06/2024,1761.03,USD,pending,2,GB
TX-0002521,C-00121,Noah Kim,noah.kim2521@example.com,02/06/2024,702.34,USD,pending,2,CA
TX-0005499,C-00699,Liam Smith,liam.smith5499@example.com,04/04/2024,1931.71,USD,cancelled,4,DE
TX-0009850,C-00250,Mia Martin,mia.martin9850@example.com,11/03/2024,2380.94,USD,refunded,3,US
TX-0003631,C-01231,Mateo Nguyen,mateo.nguyen3631@example.com,08/12/2024,586.86,USD,cancelled,8,CA
TX-0000165,C-00165,Ethan Wilson,ethan.wilson165@example.com,10/10/2024,1499.19,USD,pending,6,US
TX-0002390,C-02390,Zoe Garcia,zoe.garcia2390@example.com,03/11/2024,462.29,USD,refunded,7,US
TX-0001595,C-01595,Liam Smith,liam.smith1595@example.com,12/08/2024,792.20,USD,cancelled,4,US
TX-0000351,C-00351,Mateo Nguyen,mateo.nguyen351@example.com,04/04/2024,2420.66,USD,cancelled,8,CA
TX-0003852,C-01452,Sofia Brown,sofia.brown3852@example.com,01/01/2024,134.72,USD,completed,5,GB
TX-0006488,C-01688,Ava Patel,ava.patel6488@example.com,09/05/2024,1111.98,USD,completed,1,AU
TX-0000506,C-00506,Mia Martin,mia.martin506@example.com,03/11/2024,2050.42,USD,refunded,3,CA
TX-0007632,C-00432,Ava Patel,ava.patel7632@example.com,01/01/2024,905.25,USD,completed,1,GB
TX-0006367,C-01567,Mateo Nguyen,mateo.nguyen6367@example.com,08/12/2024,772.30,USD,cancelled,8,GB
TX-0005220,C-00420,Sofia Brown,sofia.brown5220@example.com,01/01/2024,606.88,USD,completed,5,US
TX-0008545,C-01345,Noah Kim,noah.kim8545@example.com,02/06/2024,185.63,USD,pending,2,US
TX-0003391,C-00991,Mateo Nguyen,mateo.nguyen3391@example.com,08/12/2024,297.63,USD,cancelled,8,CA
TX-0003719,C-01319,Mateo Nguyen,mateo.nguyen3719@example.com,12/08/2024,50.47,USD,cancelled,8,DE
TX-0002218,C-02218,Mia Martin,mia.martin2218@example.com,11/03/2024,715.78,USD,refunded,3,AU
TX-0009712,C-00112,Ava Patel,ava.patel9712@example.com,05/09/2024,1003.68,USD,completed,1,GB
TX-0009244,C-02044,Sofia Brown,sofia.brown9244@example.com,05/09/2024,2475.59,USD,completed,5,DE
TX-0000771,C-00771,Liam Smith,liam.smith771@example.com,04/04/2024,1145.74,USD,cancelled,4,CA
TX-0006087,C-01287,Mateo Nguyen,mateo.nguyen6087@example.com,04/04/2024,568.65,USD,cancelled,8,GB
TX-0009500,C-02300,Sofia Brown,sofia.brown9500@example.com,09/05/2024,526.90,USD,completed,5,US
TX-0002598,C-00198,Zoe Garcia,zoe.garcia2598@example.com,07/07/2024,943.21,USD,refunded,7,AU
TX-0008497,C-01297,Noah Kim,noah.kim8497@example.com,02/06/2024,274.12,USD,pending,2,GB
TX-0000137,C-00137,Noah Kim,noah.kim137@example.com,06/02/2024,849.67,USD,pending,2,GB
TX-0007814,C-00614,Zoe Garcia,zoe.garcia7814@example.com,03/11/2024,327.29,USD,refunded,7,DE
TX-0004997,C-00197,Ethan Wilson,ethan.wilson4997@example.com,06/02/2024,603.54,USD,pending,6,GB
TX-0007942,C-00742,Zoe Garcia,zoe.garcia7942@example.com,11/03/2024,993.32,USD,refunded,7,GB
TX-0009453,C-02253,Ethan Wilson,ethan.wilson9453@example.com,10/10/2024,2092.13,USD,pending,6,AU
TX-0007922,C-00722,Mia Martin,mia.martin7922@example.com,03/11/2024,1046.50,USD,refunded,3,GB
TX-0003650,C-01250,Mia Martin,mia.martin3650@example.com,03/11/2024,2095.05,USD,refunded,3,US
TX-0007556,C-00356,Sofia Brown,sofia.brown7556@example.com,09/05/2024,1445.08,USD,completed,5,CA
TX-0002979,C-00579,Liam Smith,liam.smith2979@example.com,04/04/2024,430.77,USD,cancelled,4,DE
TX-0002782,C-00382,Zoe Garcia,zoe.garcia2782@example.com,11/03/2024,1437.99,USD,refunded,7,GB
TX-0002646,C-00246,Zoe Garcia,zoe.garcia2646@example.com,07/07/2024,1364.51,USD,refunded,7,CA
TX-0000589,C-00589,Ethan Wilson,ethan.wilson589@example.com,02/06/2024,30.19,USD,pending,6,DE
TX-0009560,C-02360,Ava Patel,ava.patel9560@example.com,09/05/2024,1849.71,USD,completed,1,US
TX-0007346,C-00146,Mia Martin,mia.martin7346@example.com,03/11/2024,354.01,USD,refunded,3,CA
TX-0006877,C-02077,Ethan Wilson,ethan.wilson6877@example.com,02/06/2024,1670.38,USD,pending,6,GB
TX-0003443,C-01043,Liam Smith,liam.smith3443@example.com,12/08/2024,2001.84,USD,cancelled,4,AU
TX-0000700,C-00700,Sofia Brown,sofia.brown700@example.com,05/09/2024,2278.07,USD,completed,5,US
TX-0006955,C-02155,Liam Smith,liam.smith6955@example.com,08/12/2024,1251.27,USD,cancelled,4,US
TX-0004459,C-02059,Liam Smith,liam.smith4459@example.com,08/12/2024,1781.62,USD,cancelled,4,DE
TX-0000971,C-00971,Liam Smith,liam.smith971@example.com,12/08/2024,1925.27,USD,cancelled,4,CA
TX-0004966,C-00166,Zoe Garcia,zoe.garcia4966@example.com,11/03/2024,2356.37,USD,unknown,7,CA
TX-0004580,C-02180,Sofia Brown,sofia.brown4580@example.com,09/05/2024,1917.12,USD,completed,5,US
TX-0000699,C-00699,Liam Smith,liam.smith699@example.com,04/04/2024,1343.26,USD,cancelled,4,DE
TX-0007740,C-00540,Sofia Brown,sofia.brown7740@example.com,01/01/2024,699.51,USD,completed,5,US
TX-0002122,C-02122,Mia Martin,mia.martin2122@example.com,11/03/2024,792.37,USD,refunded,3,GB
TX-0009857,C-00257,Noah Kim,noah.kim9857@example.com,06/02/2024,1358.44,USD,pending,2,GB
TX-0009906,C-00306,mia martin,mia.martin9906@example.com,07/07/2024,1452.41,USD,refunded,3,CA
TX-0008250,C-01050,Mia Martin,mia.martin8250@example.com,07/07/2024,643.00,USD,refunded,3,US
TX-0008036,C-00836,Sofia Brown,sofia.brown8036@example.com,09/05/2024,231.33,USD,completed,5,CA
TX-0000319,C-00319,Mateo Nguyen,mateo.nguyen319@example.com,08/12/2024,1210.91,USD,cancelled,8,DE
TX-0003775,C-01375,Mateo Nguyen,mateo.nguyen3775@example.com,08/12/2024,545.02,USD,cancelled,8,US
TX-0008277,C-01077,Ethan Wilson,ethan.wilson.invalid,10/10/2024,2362.24,USD,pending,6,GB
TX-0004935,C-00135,Mateo Nguyen,mateo.nguyen4935@example.com,04/04/2024,2091.82,USD,cancelled,8,US
TX-0002731,C-00331,Liam Smith,liam.smith2731@example.com,08/12/2024,1817.18,USD,cancelled,4,CA
TX-0004240,C-01840,Ava Patel,ava.patel4240@example.com,05/09/2024,2189.95,USD,completed,1,US
TX-0009692,C-00092,Sofia Brown,sofia.brown9692@example.com,09/05/2024,808.40,USD,completed,5,GB
TX-0000220,C-00220,Sofia Brown,sofia.brown220@example.com,05/09/2024,221.21,USD,completed,5,US
TX-0007370,C-00170,Mia Martin,mia.martin7370@example.com,03/11/2024,2063.70,USD,refunded,3,US
TX-0009885,C-00285,Ethan Wilson,ethan.wilson9885@example.com,10/10/2024,463.53,USD,pending,6,US
TX-0007462,C-00262,Zoe Garcia,zoe.garcia7462@example.com,11/03/2024,822.42,USD,refunded,7,GB
TX-0008744,C-01544,Ava Patel,ava.patel8744@example.com,09/05/2024,293.33,USD,completed,1,DE
TX-0003385,C-00985,Noah Kim,noah.kim3385@example.com,02/06/2024,940.09,USD,pending,2,US
TX-0002012,C-02012,Sofia Brown,sofia.brown2012@example.com,09/05/2024,2264.49,USD,completed,5,GB
TX-0001768,C-01768,Ava Patel,ava.patel1768@example.com,05/09/2024,1647.33,USD,completed,1,AU
TX-0007994,C-00794,Mia Martin,mia.martin7994@example.com,03/11/2024,1123.76,USD,refunded,3,DE
TX-0005544,C-00744,Ava Patel,ava.patel5544@example.com,01/01/2024,253.99,USD,completed,1,DE
TX-0007914,C-00714,Mia Martin,mia.martin7914@example.com,07/07/2024,1204.14,USD,refunded,3,DE
TX-0001629,C-01629,Ethan Wilson,ethan.wilson1629@example.com,10/10/2024,2388.94, USD ,pending,6,DE
TX-0009896,C-00296,Ava Patel,ava.patel9896@example.com,09/05/2024,143.67,USD,completed,1,CA
TX-0006658,C-01858,Mia Martin,mia.martin6658@example.com,11/03/2024,1938.78,USD,refunded,3,AU
TX-0005088,C-00288,Ava Patel,ava.patel5088@example.com,01/01/2024,2089.35,USD,completed,1,AU
TX-0008750,C-01550,Zoe Garcia,zoe.garcia8750@example.com,03/11/2024,51.84,USD,refunded,7,US
TX-0001170,C-01170,Mia Martin,mia.martin1170@example.com,07/07/2024,1974.91,USD,refunded,3,US
TX-0006793,C-01993,Noah Kim,noah.kim6793@example.com,02/06/2024,724.56,USD,pending,2,AU
TX-0003932,C-01532,Sofia Brown,sofia.brown3932@example.com,09/05/2024,600.74,USD,completed,5,GB
TX-0001978,C-01978,Mia Martin,mia.martin1978@example.com,11/03/2024,265.81,USD,refunded,3,AU
TX-0009795,C-00195,Liam Smith,liam.smith9795@example.com,04/04/2024,1184.71,USD,cancelled,4,US
TX-0008194,C-00994,Mia Martin,mia.martin8194@example.com,11/03/2024,899.80,USD,refunded,3,DE
TX-0005440,C-00640,Ava Patel,ava.patel5440@example.com,05/09/2024,2030.26,USD,completed,1,US
TX-0008139,C-00939,Liam Smith,liam.smith8139@example.com,04/04/2024,1905.02,USD,cancelled,4,DE
TX-0003640,C-01240,Ava Patel,ava.patel3640@example.com,05/09/2024,1847.53,USD,completed,1,US
TX-0004770,C-02370,Mia Martin,mia.martin4770@example.com,07/07/2024,1428.39,USD,refunded,3,US
TX-0003103,C-00703,Mateo Nguyen,mateo.nguyen3103@example.com,08/12/2024,1993.97,USD,cancelled,8,AU
TX-0006637,C-01837,Ethan Wilson,ethan.wilson6637@example.com,02/06/2024,1824.11,USD,pending,6,GB
TX-0005275,C-00475,Liam Smith,liam.smith5275@example.com,08/12/2024,-25.22,USD,cancelled,4,US
TX-0003873,C-01473,Noah Kim,noah.kim3873@example.com,10/10/2024,2477.84,USD,pending,2,AU
TX-0003919,C-01519,Mateo Nguyen,mateo.nguyen3919@example.com,08/12/2024,1004.96,USD,cancelled,8,DE
TX-0006959,C-02159,Mateo Nguyen,mateo.nguyen6959@example.com,12/08/2024,629.06,USD,cancelled,8,DE
TX-0005947,C-01147,Liam Smith,liam.smith5947@example.com,08/12/2024,360.89,USD,cancelled,4,GB
TX-0003732,C-01332,Sofia Brown,sofia.brown3732@example.com,01/01/2024,130.75,USD,completed,5,GB
TX-0002300,C-02300,Sofia Brown,sofia.brown2300@example.com,09/05/2024,521.50,USD,completed,5,US
TX-0009698,C-00098,Mia Martin,mia.martin9698@example.com,03/11/2024,985.44,USD,refunded,3,AU
TX-0005150,C-00350,Zoe Garcia,zoe.garcia5150@example.com,03/11/2024,168.91,USD,refunded,7,US
TX-0003494,C-01094,Zoe Garcia,zoe.garcia3494@example.com,03/11/2024,753.16,USD,refunded,7,DE
TX-0004348,C-01948,Sofia Brown,sofia.brown4348@example.com,05/09/2024,2458.18,USD,completed,5,AU
TX-0001515,C-01515,Liam Smith,liam.smith1515@example.com,04/04/2024,224.64,USD,cancelled,4,US
TX-0001327,C-01327,Mateo Nguyen,mateo.nguyen1327@example.com,08/12/2024,2208.39,USD,cancelled,8,GB
TX-0002533,C-00133,Ethan Wilson,ethan.wilson2533@example.com,02/06/2024,2202.02,usd,pending,6,AU
TX-0000363,C-00363,Liam Smith,liam.smith363@example.com,04/04/2024,1843.77,USD,cancelled,4,AU
TX-0004646,C-02246,Zoe Garcia,zoe.garcia4646@example.com,03/11/2024,56.13,USD,refunded,7,CA
TX-0004669,C-02269,Ethan Wilson,ethan.wilson4669@example.com,02/06/2024,1137.81,USD,pending,6,DE
TX-0001272,C-01272,Ava Patel,ava.patel1272@example.com,01/01/2024,1791.74,USD,completed,1,GB
TX-0001787,C-01787,Liam Smith,liam.smith1787@example.com,12/08/2024,1177.57,USD,cancelled,4,GB
TX-0008559,C-01359,Mateo Nguyen,mateo.nguyen8559@example.com,04/04/2024,820.48,USD,cancelled,8,DE
TX-0000145,C-00145,Noah Kim,noah.kim145@example.com,02/06/2024,2349.18,USD,pending,2,US
TX-0003299,C-00899,Liam Smith,liam.smith3299@example.com,12/08/2024,294.75,USD,cancelled,4,DE
