transaction_id,customer_id,customer_name,email,transaction_date,amount_usd,currency,status,quantity,country
TX-0000001,C-00001,Noah Kim,noah.kim1@example.com,02/06/2024,53510.00,USD,pending,2,CA
TX-0000002,C-00002,Mia Martin,mia.martin2@example.com,03/11/2024,84701.00,USD,refunded,3,GB
TX-0000003,C-00003,Liam Smith,liam.smith3@example.com,04/04/2024,216003.00,USD,cancelled,4,AU
TX-0000004,C-00004,Sofia Brown,sofia.brown4@example.com,05/09/2024,21918.00,USD,completed,5,DE
TX-0000005,C-00005,Ethan Wilson,ethan.wilson5@example.com,06/02/2024,57320.00,USD,pending,6,US
TX-0000006,C-00006,Zoe Garcia,zoe.garcia6@example.com,07/07/2024,67379.00,USD,refunded,7,CA
TX-0000007,C-00007,Mateo Nguyen,mateo.nguyen7@example.com,08/12/2024,10172.00,USD,cancelled,8,GB
TX-0000008,C-00008,Ava Patel,ava.patel8@example.com,09/05/2024,249251.00,USD,completed,1,AU
TX-0000009,C-00009,Noah Kim,noah.kim9@example.com,10/10/2024,172305.00,USD,pending,2,DE
TX-0000010,C-00010,Mia Martin,mia.martin10@example.com,11/03/2024,238798.00,USD,refunded,3,US
TX-0000011,C-00011,Liam Smith,liam.smith11@example.com,12/08/2024,162525.00,USD,cancelled,4,CA
TX-0000012,C-00012,Sofia Brown,sofia.brown12@example.com,01/01/2024,221147.00,USD,completed,5,GB
TX-0000013,C-00013,Ethan Wilson,ethan.wilson13@example.com,02/06/2024,223153.00,USD,pending,6,AU
TX-0000014,C-00014,Zoe Garcia,zoe.garcia14@example.com,03/11/2024,217831.00,USD,refunded,7,DE
TX-0000015,C-00015,Mateo Nguyen,mateo.nguyen15@example.com,04/04/2024,55566.00,USD,cancelled,8,US
TX-0000016,C-00016,Ava Patel,ava.patel16@example.com,05/09/2024,245181.00,USD,completed,1,CA
TX-0000017,C-00017,Noah Kim,noah.kim17@example.com,06/02/2024,105504.00,USD,pending,2,GB
TX-0000018,C-00018,Mia Martin,mia.martin18@example.com,07/07/2024,171544.00,USD,refunded,3,AU
TX-0000019,C-00019,Liam Smith,liam.smith19@example.com,08/12/2024,192868.00,USD,cancelled,4,DE
TX-0000020,C-00020,Sofia Brown,sofia.brown20@example.com,09/05/2024,158689.00,USD,completed,5,US
TX-0000021,C-00021,Ethan Wilson,ethan.wilson21@example.com,10/10/2024,97869.00,USD,pending,6,CA
TX-0000022,C-00022,Zoe Garcia,zoe.garcia22@example.com,11/03/2024,33689.00,USD,refunded,7,GB
TX-0000023,C-00023,Mateo Nguyen,mateo.nguyen23@example.com,12/08/2024,144005.00,USD,cancelled,8,AU
TX-0000024,C-00024,Ava Patel,ava.patel24@example.com,01/01/2024,14552.00,USD,completed,1,DE
TX-0000025,C-00025,Noah Kim,noah.kim25@example.com,02/06/2024,163717.00,USD,pending,2,US
TX-0000026,C-00026,Mia Martin,mia.martin26@example.com,03/11/2024,105647.00,USD,refunded,3,CA
TX-0000027,C-00027,Liam Smith,liam.smith27@example.com,04/04/2024,150267.00,USD,cancelled,4,GB
TX-0000028,C-00028,Sofia Brown,sofia.brown28@example.com,05/09/2024,86526.00,USD,completed,5,AU
TX-0000029,C-00029,Ethan Wilson,ethan.wilson29@example.com,06/02/2024,145532.00,USD,pending,6,DE
TX-0000030,C-00030,Zoe Garcia,zoe.garcia30@example.com,07/07/2024,95730.00,USD,refunded,7,US
TX-0000031,C-00031,Mateo Nguyen,mateo.nguyen31@example.com,08/12/2024,164353.00,USD,cancelled,8,CA
TX-0000032,C-00032,Ava Patel,ava.patel32@example.com,09/05/2024,207810.00,USD,completed,1,GB
TX-0000033,C-00033,Noah Kim,noah.kim33@example.com,10/10/2024,149645.00,USD,pending,2,AU
TX-0000034,C-00034,Mia Martin,mia.martin34@example.com,11/03/2024,19576.00,USD,refunded,3,DE
TX-0000035,C-00035,Liam Smith,liam.smith35@example.com,12/08/2024,17957.00,USD,cancelled,4,US
TX-0000036,C-00036,Sofia Brown,sofia.brown36@example.com,01/01/2024,35895.00,USD,completed,5,CA
TX-0000037,C-00037,Ethan Wilson,ethan.wilson37@example.com,02/06/2024,217441.00,USD,pending,6,GB
TX-0000038,C-00038,Zoe Garcia,zoe.garcia38@example.com,03/11/2024,28126.00,USD,refunded,7,AU
TX-0000039,C-00039,Mateo Nguyen,mateo.nguyen39@example.com,04/04/2024,102839.00,USD,cancelled,8,DE
TX-0000040,C-00040,Ava Patel,ava.patel40@example.com,05/09/2024,198168.00,USD,completed,1,US
TX-0000041,C-00041,Noah Kim,noah.kim41@example.com,06/02/2024,214068.00,USD,pending,2,CA
TX-0000042,C-00042,Mia Martin,mia.martin42@example.com,07/07/2024,143915.00,USD,refunded,3,GB
TX-0000043,C-00043,Liam Smith,liam.smith43@example.com,08/12/2024,179989.00,USD,cancelled,4,AU
TX-0000044,C-00044,Sofia Brown,sofia.brown44@example.com,09/05/2024,137389.00,USD,completed,5,DE
TX-0000045,C-00045,Ethan Wilson,ethan.wilson45@example.com,10/10/2024,18266.00,USD,pending,6,US
TX-0000046,C-00046,Zoe Garcia,zoe.garcia46@example.com,11/03/2024,184151.00,USD,refunded,7,CA
TX-0000047,C-00047,Mateo Nguyen,mateo.nguyen47@example.com,12/08/2024,65496.00,USD,cancelled,8,GB
TX-0000048,C-00048,Ava Patel,ava.patel48@example.com,01/01/2024,219651.00,USD,completed,1,AU
TX-0000049,C-00049,Noah Kim,noah.kim49@example.com,02/06/2024,58176.00,USD,pending,2,DE
TX-0000050,C-00050,Mia Martin,mia.martin50@example.com,03/11/2024,64534.00,USD,refunded,3,US
TX-0000051,C-00051,Liam Smith,liam.smith51@example.com,04/04/2024,119244.00,USD,cancelled,4,CA
TX-0000052,C-00052,Sofia Brown,sofia.brown52@example.com,05/09/2024,15481.00,USD,completed,5,GB
TX-0000053,C-00053,Ethan Wilson,ethan.wilson53@example.com,06/02/2024,231553.00,USD,pending,6,AU
TX-0000054,C-00054,Zoe Garcia,zoe.garcia54@example.com,07/07/2024,21277.00,USD,refunded,7,DE
TX-0000055,C-00055,Mateo Nguyen,mateo.nguyen55@example.com,08/12/2024,180882.00,USD,cancelled,8,US
TX-0000056,C-00056,Ava Patel,ava.patel56@example.com,09/05/2024,126164.00,USD,completed,1,CA
TX-0000057,C-00057,Noah Kim,noah.kim57@example.com,10/10/2024,205255.00,USD,pending,2,GB
TX-0000058,C-00058,Mia Martin,mia.martin58@example.com,11/03/2024,155840.00,USD,refunded,3,AU
TX-0000059,C-00059,Liam Smith,liam.smith59@example.com,12/08/2024,138322.00,USD,cancelled,4,DE
TX-0000060,C-00060,Sofia Brown,sofia.brown60@example.com,01/01/2024,230793.00,USD,completed,5,US
TX-0000061,C-00061,Ethan Wilson,ethan.wilson61@example.com,02/06/2024,232697.00,USD,pending,6,CA
TX-0000062,C-00062,Zoe Garcia,zoe.garcia62@example.com,03/11/2024,185338.00,USD,refunded,7,GB
TX-0000063,C-00063,Mateo Nguyen,mateo.nguyen63@example.com,04/04/2024,29052.00,USD,cancelled,8,AU
TX-0000064,C-00064,Ava Patel,ava.patel64@example.com,05/09/2024,58816.00,USD,completed,1,DE
TX-0000065,C-00065,Noah Kim,noah.kim65@example.com,06/02/2024,39236.00,USD,pending,2,US
TX-0000066,C-00066,Mia Martin,mia.martin66@example.com,07/07/2024,74755.00,USD,refunded,3,CA
TX-0000067,C-00067,Liam Smith,liam.smith67@example.com,08/12/2024,1376.00,USD,cancelled,4,GB
TX-0000068,C-00068,Sofia Brown,sofia.brown68@example.com,09/05/2024,140618.00,USD,completed,5,AU
TX-0000069,C-00069,Ethan Wilson,ethan.wilson69@example.com,10/10/2024,31156.00,USD,pending,6,DE
TX-0000070,C-00070,Zoe Garcia,zoe.garcia70@example.com,11/03/2024,87865.00,USD,refunded,7,US
TX-0000071,C-00071,Mateo Nguyen,mateo.nguyen71@example.com,12/08/2024,186166.00,USD,cancelled,8,CA
TX-0000072,C-00072,Ava Patel,ava.patel72@example.com,01/01/2024,86374.00,USD,completed,1,GB
TX-0000073,C-00073,Noah Kim,noah.kim73@example.com,02/06/2024,40226.00,USD,pending,2,AU
TX-0000074,C-00074,Mia Martin,mia.martin74@example.com,03/11/2024,216985.00,USD,refunded,3,DE
TX-0000075,C-00075,Liam Smith,liam.smith75@example.com,04/04/2024,247957.00,USD,cancelled,4,US
TX-0000076,C-00076,Sofia Brown,sofia.brown76@example.com,05/09/2024,165264.00,USD,completed,5,CA
TX-0000077,C-00077,Ethan Wilson,ethan.wilson77@example.com,06/02/2024,28682.00,USD,pending,6,GB
TX-0000078,C-00078,Zoe Garcia,zoe.garcia78@example.com,07/07/2024,199314.00,USD,refunded,7,AU
TX-0000079,C-00079,Mateo Nguyen,mateo.nguyen79@example.com,08/12/2024,3108.00,USD,cancelled,8,DE
TX-0000080,C-00080,Ava Patel,ava.patel80@example.com,09/05/2024,9617.00,USD,completed,1,US
TX-0000081,C-00081,Noah Kim,noah.kim81@example.com,10/10/2024,249736.00,USD,pending,2,CA
TX-0000082,C-00082,Mia Martin,mia.martin82@example.com,11/03/2024,111929.00,USD,refunded,3,GB
TX-0000083,C-00083,Liam Smith,liam.smith83@example.com,12/08/2024,46783.00,USD,cancelled,4,AU
TX-0000084,C-00084,Sofia Brown,sofia.brown84@example.com,01/01/2024,8460.00,USD,completed,5,DE
TX-0000085,C-00085,Ethan Wilson,ethan.wilson85@example.com,02/06/2024,215839.00,USD,pending,6,US
TX-0000086,C-00086,Zoe Garcia,zoe.garcia86@example.com,03/11/2024,26531.00,USD,refunded,7,CA
TX-0000087,C-00087,Mateo Nguyen,mateo.nguyen87@example.com,04/04/2024,200488.00,USD,cancelled,8,GB
TX-0000088,C-00088,Ava Patel,ava.patel88@example.com,05/09/2024,53075.00,USD,completed,1,AU
TX-0000089,C-00089,Noah Kim,noah.kim.invalid,06/02/2024,173518.00,USD,pending,2,DE
TX-0000090,C-00090,Mia Martin,mia.martin90@example.com,07/07/2024,187569.00,USD,refunded,3,US
TX-0000091,C-00091,Liam Smith,liam.smith91@example.com,08/12/2024,68904.00,USD,cancelled,4,CA
TX-0000092,C-00092,Sofia Brown,sofia.brown92@example.com,09/05/2024,159174.00,USD,completed,5,GB
TX-0000093,C-00093,Ethan Wilson,ethan.wilson93@example.com,10/10/2024,113311.00,USD,pending,6,AU
TX-0000094,C-00094,Zoe Garcia,zoe.garcia94@example.com,11/03/2024,246239.00,USD,refunded,7,DE
TX-0000095,C-00095,Mateo Nguyen,mateo.nguyen95@example.com,12/08/2024,74913.00,USD,cancelled,8,US
TX-0000096,C-00096,Ava Patel,ava.patel96@example.com,01/01/2024,89601.00,USD,completed,1,CA
TX-0000097,C-00097,Noah Kim,,02/06/2024,235645.00,USD,pending,2,GB
TX-0000098,C-00098,Mia Martin,mia.martin98@example.com,03/11/2024,125713.00,USD,refunded,3,AU
TX-0000099,C-00099,Liam Smith,liam.smith99@example.com,04/04/2024,218985.00,USD,cancelled,4,DE
TX-0000100,C-00100,Sofia Brown,sofia.brown100@example.com,05/09/2024,242550.00,USD,completed,5,US
TX-0000101,C-00101,Ethan Wilson,ethan.wilson101@example.com,06/02/2024,198702.00,USD,pending,6,CA
TX-0000102,C-00102,Zoe Garcia,zoe.garcia102@example.com,07/07/2024,241587.00,USD,refunded,7,GB
TX-0000103,C-00103,Mateo Nguyen,mateo.nguyen103@example.com,08/12/2024,38109.00,USD,cancelled,8,AU
TX-0000104,C-00104,Ava Patel,ava.patel104@example.com,09/05/2024,67289.00,USD,completed,1,DE
TX-0000105,C-00105,Noah Kim,noah.kim105@example.com,10/10/2024,28401.00,USD,pending,2,US
TX-0000106,C-00106,Mia Martin,mia.martin106@example.com,11/03/2024,122482.00,USD,refunded,3,CA
TX-0000107,C-00107,Liam Smith,liam.smith107@example.com,12/08/2024,1134.00,USD,cancelled,4,GB
TX-0000108,C-00108,Sofia Brown,sofia.brown108@example.com,01/01/2024,187758.00,USD,completed,5,AU
TX-0000109,C-00109,Ethan Wilson,ethan.wilson109@example.com,02/06/2024,127444.00,USD,pending,6,DE
TX-0000110,C-00110,Zoe Garcia,zoe.garcia110@example.com,03/11/2024,16006.00,USD,refunded,7,US
TX-0000111,C-00111,Mateo Nguyen,mateo.nguyen111@example.com,04/04/2024,230670.00,USD,cancelled,8,CA
TX-0000112,C-00112,Ava Patel,ava.patel112@example.com,05/09/2024,248910.00,USD,completed,1,GB
TX-0000113,C-00113,  NOAH KIM  ,noah.kim113@example.com,06/02/2024,29755.00,USD,pending,2,AU
TX-0000114,C-00114,Mia Martin,mia.martin114@example.com,07/07/2024,62710.00,USD,refunded,3,DE
TX-0000115,C-00115,Liam Smith,liam.smith115@example.com,08/12/2024,175169.00,USD,cancelled,4,US
TX-0000116,C-00116,Sofia Brown,sofia.brown116@example.com,09/05/2024,748.00,USD,completed,5,CA
TX-0000117,C-00117,Ethan Wilson,ethan.wilson117@example.com,10/10/2024,74029.00,USD,pending,6,GB
TX-0000118,C-00118,Zoe Garcia,zoe.garcia118@example.com,11/03/2024,22972.00,USD,refunded,7,AU
TX-0000119,C-00119,Mateo Nguyen,mateo.nguyen119@example.com,12/08/2024,167106.00,USD,cancelled,8,DE
TX-0000120,C-00120,Ava Patel,ava.patel120@example.com,01/01/2024,62110.00,USD,completed,1,US
TX-0000121,C-00121,Noah Kim,noah.kim121@example.com,02/06/2024,240324.00,USD,pending,2,CA
TX-0000122,C-00122,Mia Martin,mia.martin122@example.com,03/11/2024,64877.00,USD,refunded,3,GB
TX-0000123,C-00123,Liam Smith,liam.smith123@example.com,04/04/2024,234288.00,USD,cancelled,4,AU
TX-0000124,C-00124,Sofia Brown,sofia.brown124@example.com,05/09/2024,218673.00,USD,completed,5,DE
TX-0000125,C-00125,Ethan Wilson,ethan.wilson125@example.com,06/02/2024,58182.00,USD,pending,6,US
TX-0000126,C-00126,Zoe Garcia,zoe.garcia126@example.com,07/07/2024,131136.00,USD,refunded,7,CA
TX-0000127,C-00127,mateo nguyen,mateo.nguyen127@example.com,08/12/2024,204552.00,USD,cancelled,8,GB
TX-0000128,C-00128,Ava Patel,ava.patel128@example.com,09/05/2024,133773.00,USD,completed,1,AU
TX-0000129,C-00129,Noah Kim,noah.kim129@example.com,10/10/2024,67596.00,USD,pending,2,DE
TX-0000130,C-00130,Mia Martin,mia.martin130@example.com,11/03/2024,115460.00,USD,refunded,3,US
TX-0000131,C-00131,Liam Smith,liam.smith131@example.com,12/08/2024,75213.00,USD,cancelled,4,ca
TX-0000132,C-00132,Sofia Brown,sofia.brown132@example.com,01/01/2024,22672.00,USD,completed,5,GB
TX-0000133,C-00133,Ethan Wilson,ethan.wilson133@example.com,02/06/2024,157023.00,USD,pending,6,AU
TX-0000134,C-00134,Zoe Garcia,zoe.garcia134@example.com,03/11/2024,118770.00,USD,refunded,7,DE
TX-0000135,C-00135,Mateo Nguyen,mateo.nguyen135@example.com,04/04/2024,58248.00,USD,cancelled,8,US
TX-0000136,C-00136,Ava Patel,ava.patel136@example.com,05/09/2024,168114.00,USD,completed,1,CA
TX-0000137,C-00137,Noah Kim,noah.kim137@example.com,06/02/2024,84967.00,USD,pending,2,GB
TX-0000138,C-00138,Mia Martin,mia.martin138@example.com,07/07/2024,30296.00,USD,refunded,3,AU
TX-0000139,C-00139,Liam Smith,liam.smith139@example.com,08/12/2024,158203.00,USD,cancelled,4,DE
TX-0000140,C-00140,Sofia Brown,sofia.brown140@example.com,09/05/2024,160920.00,USD,completed,5,US
TX-0000141,C-00141,Ethan Wilson,ethan.wilson141@example.com,10/10/2024,199937.00,USD,pending,6,CA
TX-0000142,C-00142,Zoe Garcia,zoe.garcia142@example.com,11/03/2024,98775.00,USD,refunded,7,GB
TX-0000143,C-00143,Mateo Nguyen,mateo.nguyen143@example.com,12/08/2024,92128.00,USD,cancelled,8,AU
TX-0000144,C-00144,Ava Patel,ava.patel144@example.com,01/01/2024,96490.00,USD,completed,1,DE
TX-0000145,C-00145,Noah Kim,noah.kim145@example.com,02/06/2024,234918.00,USD,pending,2,US
TX-0000146,C-00146,Mia Martin,mia.martin146@example.com,03/11/2024,71920.00,USD,refunded,3,CA
TX-0000147,C-00147,Liam Smith,liam.smith147@example.com,04/04/2024,144637.00,USD,cancelled,4,GB
TX-0000148,C-00148,Sofia Brown,sofia.brown148@example.com,05/09/2024,36000.00,USD,completed,5,AU
TX-0000149,C-00149,Ethan Wilson,ethan.wilson149@example.com,06/02/2024,111364.00,usd,pending,6,DE
TX-0000150,C-00150,Zoe Garcia,zoe.garcia150@example.com,07/07/2024,39961.00,USD,refunded,7,US
TX-0000151,C-00151,Mateo Nguyen,mateo.nguyen151@example.com,08/12/2024,234634.00,USD,cancelled,8,CA
TX-0000152,C-00152,Ava Patel,ava.patel152@example.com,09/05/2024,127913.00,USD,completed,1,GB
TX-0000153,C-00153,Noah Kim,noah.kim153@example.com,10/10/2024,237554.00,USD,pending,2,AU
TX-0000154,C-00154,Mia Martin,mia.martin154@example.com,11/03/2024,88022.00,USD,refunded,3,DE
TX-0000155,C-00155,Liam Smith,liam.smith155@example.com,12/08/2024,155812.00,USD,cancelled,4,US
TX-0000156,C-00156,Sofia Brown,sofia.brown156@example.com,01/01/2024,159750.00,USD,completed,5,CA
TX-0000157,C-00157,Ethan Wilson,ethan.wilson157@example.com,02/06/2024,148149.00,USD,COMPLETE,6,GB
TX-0000158,C-00158,Zoe Garcia,zoe.garcia158@example.com,03/11/2024,15726.00,USD,refunded,7,AU
TX-0000159,C-00159,Mateo Nguyen,mateo.nguyen159@example.com,04/04/2024,198853.00,USD,cancelled,8,DE
TX-0000160,C-00160,Ava Patel,ava.patel160@example.com,05/09/2024,86902.00,USD,completed,1,US
TX-0000161,C-00161,Noah Kim,noah.kim161@example.com,06/02/2024,167815.00,USD,pending,2,CA
TX-0000162,C-00162,Mia Martin,mia.martin162@example.com,07/07/2024,185134.00,USD,refunded,3,GB
TX-0000163,C-00163,Liam Smith,liam.smith163@example.com,08/12/2024,187686.00,USD,cancelled,4,AU
TX-0000164,C-00164,Sofia Brown,sofia.brown164@example.com,09/05/2024,116741.00,USD,completed,5,DE
TX-0000165,C-00165,Ethan Wilson,ethan.wilson165@example.com,10/10/2024,149919.00,USD,pending,6,US
TX-0000166,C-00166,Zoe Garcia,zoe.garcia166@example.com,11/03/2024,36307.00,USD,refunded,7,CA
TX-0000167,C-00167,Mateo Nguyen,mateo.nguyen167@example.com,12/08/2024,114144.00,USD,cancelled,8,GB
TX-0000168,C-00168,Ava Patel,ava.patel168@example.com,01/01/2024,85085.00,USD,completed,1,AU
TX-0000169,C-00169,Noah Kim,noah.kim169@example.com,02/06/2024,152380.00,USD,pending,2,DE
TX-0000170,C-00170,Mia Martin,mia.martin170@example.com,03/11/2024,166341.00,USD,refunded,3,US
TX-0000171,C-00171,Liam Smith,liam.smith171@example.com,04/04/2024,34521.00,USD,cancelled,4,CA
TX-0000172,C-00172,Sofia Brown,sofia.brown172@example.com,05/09/2024,70264.00,USD,completed,5,GB
TX-0000173,C-00173,Ethan Wilson,ethan.wilson173@example.com,06/02/2024,47937.00,USD,pending,6,USA
TX-0000174,C-00174,Zoe Garcia,zoe.garcia174@example.com,07/07/2024,191703.00,USD,refunded,7,DE
TX-0000175,C-00175,Mateo Nguyen,mateo.nguyen175@example.com,08/12/2024,170086.00,USD,cancelled,8,US
TX-0000176,C-00176,Ava Patel,ava.patel176@example.com,09/05/2024,151766.00,USD,completed,1,CA
TX-0000177,C-00177,Noah Kim,noah.kim177@example.com,10/10/2024,230811.00,USD,pending,2,GB
TX-0000178,C-00178,Mia Martin,mia.martin.invalid,11/03/2024,41255.00,USD,refunded,3,AU
TX-0000179,C-00179,Liam Smith,liam.smith179@example.com,12/08/2024,169082.00,USD,cancelled,4,DE
TX-0000180,C-00180,Sofia Brown,sofia.brown180@example.com,01/01/2024,156620.00,USD,completed,5,US
TX-0000181,C-00181,Ethan Wilson,ethan.wilson181@example.com,02/06/2024,172354.00, USD ,pending,6,CA
TX-0000182,C-00182,Zoe Garcia,zoe.garcia182@example.com,03/11/2024,95488.00,USD,refunded,7,GB
TX-0000183,C-00183,Mateo Nguyen,mateo.nguyen183@example.com,04/04/2024,135408.00,USD,cancelled,8,AU
TX-0000184,C-00184,Ava Patel,ava.patel184@example.com,05/09/2024,148998.00,USD,completed,1,DE
TX-0000185,C-00185,Noah Kim,noah.kim185@example.com,06/02/2024,238696.00,USD,pending,2,US
TX-0000186,C-00186,Mia Martin,mia.martin186@example.com,07/07/2024,23518.00,USD,refunded,3,CA
TX-0000187,C-00187,Liam Smith,liam.smith187@example.com,08/12/2024,232518.00,USD,cancelled,4,GB
TX-0000188,C-00188,Sofia Brown,sofia.brown188@example.com,09/05/2024,125413.00,USD,completed,5,AU
TX-0000189,C-00189,Ethan Wilson,ethan.wilson189@example.com,10/10/2024,77354.00,USD,pending,6,DE
TX-0000190,C-00190,Zoe Garcia,zoe.garcia190@example.com,11/03/2024,109467.00,USD,refunded,7,US
TX-0000191,C-00191,Mateo Nguyen,mateo.nguyen191@example.com,12/08/2024,111094.00,USD,unknown,8,CA
TX-0000192,C-00192,Ava Patel,ava.patel192@example.com,01/01/2024,106502.00,USD,completed,1,GB
TX-0000193,C-00193,Noah Kim,noah.kim193@example.com,02/06/2024,201991.00,USD,pending,2,AU
TX-0000194,C-00194,Mia Martin,,03/11/2024,124160.00,USD,refunded,3,DE
TX-0000195,C-00195,Liam Smith,liam.smith195@example.com,04/04/2024,53211.00,USD,cancelled,4,US
TX-0000196,C-00196,Sofia Brown,sofia.brown196@example.com,05/09/2024,181095.00,USD,completed,5,CA
TX-0000197,C-00197,Ethan Wilson,ethan.wilson197@example.com,06/02/2024,238848.00,USD,pending,6,GB
TX-0000198,C-00198,Zoe Garcia,zoe.garcia198@example.com,07/07/2024,170141.00,USD,refunded,7,AU
TX-0000199,C-00199,Mateo Nguyen,mateo.nguyen199@example.com,08/12/2024,191229.00,USD,cancelled,8,DE
TX-0000200,C-00200,Ava Patel,ava.patel200@example.com,09/05/2024,249093.00,USD,completed,1,US
TX-0000201,C-00201,Noah Kim,noah.kim201@example.com,10/10/2024,131405.00,USD,pending,2,CA
TX-0000202,C-00202,Mia Martin,mia.martin202@example.com,11/03/2024,177706.00,USD,refunded,3,GB
TX-0000203,C-00203,Liam Smith,liam.smith203@example.com,12/08/2024,52155.00,USD,cancelled,4,AU
TX-0000204,C-00204,Sofia Brown,sofia.brown204@example.com,01/01/2024,199706.00,USD,completed,5,DE
TX-0000205,C-00205,Ethan Wilson,ethan.wilson205@example.com,02/06/2024,261.00,USD,pending,6,US
TX-0000206,C-00206,Zoe Garcia,zoe.garcia206@example.com,03/11/2024,198239.00,USD,refunded,7,CA
TX-0000207,C-00207,Mateo Nguyen,mateo.nguyen207@example.com,04/04/2024,61483.00,USD,cancelled,8,GB
TX-0000208,C-00208,Ava Patel,ava.patel208@example.com,05/09/2024,92768.00,USD,completed,1,AU
TX-0000209,C-00209,Noah Kim,noah.kim209@example.com,06/02/2024,235873.00,USD,pending,2,DE
TX-0000210,C-00210,Mia Martin,mia.martin210@example.com,07/07/2024,48141.00,USD,refunded,3,US
TX-0000211,C-00211,Liam Smith,liam.smith211@example.com,08/12/2024,-9902.00,USD,cancelled,4,CA
TX-0000212,C-00212,Sofia Brown,sofia.brown212@example.com,09/05/2024,141774.00,USD,completed,5,GB
TX-0000213,C-00213,Ethan Wilson,ethan.wilson213@example.com,10/10/2024,3439.00,USD,pending,6,AU
TX-0000214,C-00214,Zoe Garcia,zoe.garcia214@example.com,11/03/2024,63576.00,USD,refunded,7,DE
TX-0000215,C-00215,Mateo Nguyen,mateo.nguyen215@example.com,12/08/2024,181804.00,USD,cancelled,8,US
TX-0000216,C-00216,Ava Patel,ava.patel216@example.com,01/01/2024,185786.00,USD,completed,1,CA
TX-0000217,C-00217,Noah Kim,noah.kim217@example.com,02/06/2024,93057.00,USD,pending,2,GB
TX-0000218,C-00218,Mia Martin,mia.martin218@example.com,03/11/2024,244007.00,USD,refunded,3,AU
TX-0000219,C-00219,Liam Smith,liam.smith219@example.com,04/04/2024,231070.00,USD,cancelled,4,DE
TX-0000220,C-00220,Sofia Brown,sofia.brown220@example.com,05/09/2024,22121.00,USD,completed,5,US
TX-0000221,C-00221,Ethan Wilson,ethan.wilson221@example.com,06/02/2024,88483.00,USD,pending,6,CA
TX-0000222,C-00222,Zoe Garcia,zoe.garcia222@example.com,07/07/2024,171121.00,USD,refunded,7,GB
TX-0000223,C-00223,Mateo Nguyen,mateo.nguyen223@example.com,08/12/2024,,USD,cancelled,8,AU
TX-0000224,C-00224,Ava Patel,ava.patel224@example.com,09/05/2024,119198.00,USD,completed,1,DE
TX-0000225,C-00225,Noah Kim,noah.kim225@example.com,10/10/2024,81314.00,USD,pending,2,US
TX-0000226,C-00226,  MIA MARTIN  ,mia.martin226@example.com,11/03/2024,164533.00,USD,refunded,3,CA
TX-0000227,C-00227,Liam Smith,liam.smith227@example.com,12/08/2024,76280.00,USD,cancelled,4,GB
TX-0000228,C-00228,Sofia Brown,sofia.brown228@example.com,01/01/2024,46967.00,USD,completed,5,AU
TX-0000229,C-00229,Ethan Wilson,ethan.wilson229@example.com,02/06/2024,35387.00,USD,pending,6,DE
TX-0000230,C-00230,Zoe Garcia,zoe.garcia230@example.com,03/11/2024,213379.00,USD,refunded,7,US
TX-0000231,C-00231,Mateo Nguyen,mateo.nguyen231@example.com,04/04/2024,146343.00,USD,cancelled,8,CA
TX-0000232,C-00232,Ava Patel,ava.patel232@example.com,05/09/2024,40439.00,USD,completed,1,GB
TX-0000233,C-00233,Noah Kim,noah.kim233@example.com,06/02/2024,25607.00,USD,pending,2,AU
TX-0000234,C-00234,Mia Martin,mia.martin234@example.com,07/07/2024,182096.00,USD,refunded,3,DE
TX-0000235,C-00235,Liam Smith,liam.smith235@example.com,08/12/2024,116615.00,USD,cancelled,4,US
TX-0000236,C-00236,Sofia Brown,sofia.brown236@example.com,09/05/2024,63153.00,USD,completed,5,CA
TX-0000237,C-00237,Ethan Wilson,ethan.wilson237@example.com,10/10/2024,1404.00,USD,pending,6,GB
TX-0000238,C-00238,Zoe Garcia,zoe.garcia238@example.com,11/03/2024,229420.00,USD,refunded,7,AU
TX-0000239,C-00239,Mateo Nguyen,mateo.nguyen239@example.com,12/08/2024,8985.00,USD,cancelled,8,DE
TX-0000240,C-00240,Ava Patel,ava.patel240@example.com,01/01/2024,11151.00,USD,completed,1,US
TX-0000241,C-00241,Noah Kim,noah.kim241@example.com,02/06/2024,115939.00,USD,pending,2,CA
TX-0000242,C-00242,Mia Martin,mia.martin242@example.com,03/11/2024,223283.00,USD,refunded,3,GB
TX-0000243,C-00243,Liam Smith,liam.smith243@example.com,04/04/2024,11163.00,USD,cancelled,4,AU
TX-0000244,C-00244,Sofia Brown,sofia.brown244@example.com,05/09/2024,248206.00,USD,completed,5,DE
TX-0000245,C-00245,Ethan Wilson,ethan.wilson245@example.com,06/02/2024,149408.00,USD,pending,6,US
TX-0000246,C-00246,Zoe Garcia,zoe.garcia246@example.com,07/07/2024,9854.00,USD,refunded,7,CA
TX-0000247,C-00247,Mateo Nguyen,mateo.nguyen247@example.com,08/12/2024,136565.00,USD,cancelled,8,GB
TX-0000248,C-00248,Ava Patel,ava.patel248@example.com,09/05/2024,62810.00,USD,completed,1,AU
TX-0000249,C-00249,Noah Kim,noah.kim249@example.com,10/10/2024,215840.00,USD,pending,2,DE
TX-0000250,C-00250,Mia Martin,mia.martin250@example.com,11/03/2024,199221.00,USD,refunded,3,US
TX-0000251,C-00251,Liam Smith,liam.smith251@example.com,12/08/2024,197496.00,USD,cancelled,4,CA
TX-0000252,C-00252,Sofia Brown,sofia.brown252@example.com,01/01/2024,161761.00,USD,completed,5,GB
TX-0000253,C-00253,Ethan Wilson,ethan.wilson253@example.com,02/06/2024,34276.00,USD,pending,6,AU
TX-0000254,C-00254,zoe garcia,zoe.garcia254@example.com,03/11/2024,216486.00,USD,refunded,7,DE
TX-0000255,C-00255,Mateo Nguyen,mateo.nguyen255@example.com,04/04/2024,97037.00,USD,cancelled,8,US
TX-0000256,C-00256,Ava Patel,ava.patel256@example.com,05/09/2024,15334.00,USD,completed,1,CA
TX-0000257,C-00257,Noah Kim,noah.kim257@example.com,06/02/2024,94538.00,USD,pending,2,GB
TX-0000258,C-00258,Mia Martin,mia.martin258@example.com,07/07/2024,214417.00,USD,refunded,3,AU
TX-0000259,C-00259,Liam Smith,liam.smith259@example.com,08/12/2024,119431.00,USD,cancelled,4,DE
TX-0000260,C-00260,Sofia Brown,sofia.brown260@example.com,09/05/2024,41886.00,USD,completed,5,US
TX-0000261,C-00261,Ethan Wilson,ethan.wilson261@example.com,10/10/2024,106020.00,USD,pending,6,CA
TX-0000262,C-00262,Zoe Garcia,zoe.garcia262@example.com,11/03/2024,45620.00,USD,refunded,7,gb
TX-0000263,C-00263,Mateo Nguyen,mateo.nguyen263@example.com,12/08/2024,231687.00,USD,cancelled,8,AU
TX-0000264,C-00264,Ava Patel,ava.patel264@example.com,01/01/2024,69281.00,USD,completed,1,DE
TX-0000265,C-00265,Noah Kim,noah.kim265@example.com,02/06/2024,40919.00,USD,pending,2,US
TX-0000266,C-00266,Mia Martin,mia.martin266@example.com,03/11/2024,38950.00,USD,refunded,3,CA
TX-0000267,C-00267,Liam Smith,liam.smith.invalid,04/04/2024,107369.00,USD,cancelled,4,GB
TX-0000268,C-00268,Sofia Brown,sofia.brown268@example.com,05/09/2024,116083.00,USD,completed,5,AU
TX-0000269,C-00269,Ethan Wilson,ethan.wilson269@example.com,06/02/2024,232598.00,USD,pending,6,DE
TX-0000270,C-00270,Zoe Garcia,zoe.garcia270@example.com,07/07/2024,36312.00,USD,refunded,7,US
TX-0000271,C-00271,Mateo Nguyen,mateo.nguyen271@example.com,08/12/2024,30128.00,USD,cancelled,8,CA
TX-0000272,C-00272,Ava Patel,ava.patel272@example.com,09/05/2024,242324.00,USD,completed,1,GB
TX-0000273,C-00273,Noah Kim,noah.kim273@example.com,10/10/2024,13908.00,USD,pending,2,AU
TX-0000274,C-00274,Mia Martin,mia.martin274@example.com,11/03/2024,20623.00,USD,refunded,3,DE
TX-0000275,C-00275,Liam Smith,liam.smith275@example.com,12/08/2024,111412.00,USD,cancelled,4,US
TX-0000276,C-00276,Sofia Brown,sofia.brown276@example.com,01/01/2024,71665.00,USD,completed,5,CA
TX-0000277,C-00277,Ethan Wilson,ethan.wilson277@example.com,02/06/2024,136997.00,USD,pending,6,GB
TX-0000278,C-00278,Zoe Garcia,zoe.garcia278@example.com,03/11/2024,51183.00,USD,refunded,7,AU
TX-0000279,C-00279,Mateo Nguyen,mateo.nguyen279@example.com,04/04/2024,125787.00,USD,cancelled,8,DE
TX-0000280,C-00280,Ava Patel,ava.patel280@example.com,05/09/2024,59245.00,USD,completed,1,US
TX-0000281,C-00281,Noah Kim,noah.kim281@example.com,06/02/2024,240749.00,USD,pending,2,CA
TX-0000282,C-00282,Mia Martin,mia.martin282@example.com,07/07/2024,184983.00,USD,refunded,3,GB
TX-0000283,C-00283,Liam Smith,liam.smith283@example.com,08/12/2024,135373.00,USD,cancelled,4,AU
TX-0000284,C-00284,Sofia Brown,sofia.brown284@example.com,09/05/2024,100996.00,USD,completed,5,DE
TX-0000285,C-00285,Ethan Wilson,ethan.wilson285@example.com,10/10/2024,191784.00,USD,pending,6,US
TX-0000286,C-00286,Zoe Garcia,zoe.garcia286@example.com,11/03/2024,72586.00,USD,refunded,7,CA
TX-0000287,C-00287,Mateo Nguyen,mateo.nguyen287@example.com,12/08/2024,17228.00,USD,cancelled,8,GB
TX-0000288,C-00288,Ava Patel,ava.patel288@example.com,01/01/2024,1403.00,USD,completed,1,AU
TX-0000289,C-00289,Noah Kim,noah.kim289@example.com,02/06/2024,147963.00,USD,pending,2,DE
TX-0000290,C-00290,Mia Martin,mia.martin290@example.com,03/11/2024,184517.00,USD,refunded,3,US
TX-0000291,C-00291,Liam Smith,,04/04/2024,80701.00,USD,cancelled,4,CA
TX-0000292,C-00292,Sofia Brown,sofia.brown292@example.com,05/09/2024,90298.00,USD,completed,5,GB
TX-0000293,C-00293,Ethan Wilson,ethan.wilson293@example.com,06/02/2024,30246.00,USD,pending,6,AU
TX-0000294,C-00294,Zoe Garcia,zoe.garcia294@example.com,07/07/2024,224291.00,USD,refunded,7,DE
TX-0000295,C-00295,Mateo Nguyen,mateo.nguyen295@example.com,08/12/2024,139751.00,USD,cancelled,8,US
TX-0000296,C-00296,Ava Patel,ava.patel296@example.com,09/05/2024,20821.00,USD,completed,1,CA
TX-0000297,C-00297,Noah Kim,noah.kim297@example.com,10/10/2024,119070.00,USD,pending,2,GB
TX-0000298,C-00298,Mia Martin,mia.martin298@example.com,11/03/2024,22540.00,usd,refunded,3,AU
TX-0000299,C-00299,Liam Smith,liam.smith299@example.com,12/08/2024,138145.00,USD,cancelled,4,DE
TX-0000300,C-00300,Sofia Brown,sofia.brown300@example.com,01/01/2024,53452.00,USD,completed,5,US
TX-0000301,C-00301,Ethan Wilson,ethan.wilson301@example.com,02/06/2024,54435.00,USD,pending,6,CA
TX-0000302,C-00302,Zoe Garcia,zoe.garcia302@example.com,03/11/2024,181346.00,USD,refunded,7,GB
TX-0000303,C-00303,Mateo Nguyen,mateo.nguyen303@example.com,04/04/2024,73740.00,USD,cancelled,8,AU
TX-0000304,C-00304,Ava Patel,ava.patel304@example.com,05/09/2024,238643.00,USD,completed,1,DE
TX-0000305,C-00305,Noah Kim,noah.kim305@example.com,06/02/2024,82224.00,USD,pending,2,US
TX-0000306,C-00306,Mia Martin,mia.martin306@example.com,07/07/2024,130140.00,USD,refunded,3,CA
TX-0000307,C-00307,Liam Smith,liam.smith307@example.com,08/12/2024,39314.00,USD,cancelled,4,GB
TX-0000308,C-00308,Sofia Brown,sofia.brown308@example.com,09/05/2024,140859.00,USD,completed,5,AU
TX-0000309,C-00309,Ethan Wilson,ethan.wilson309@example.com,10/10/2024,172298.00,USD,pending,6,DE
TX-0000310,C-00310,Zoe Garcia,zoe.garcia310@example.com,11/03/2024,22406.00,USD,refunded,7,US
TX-0000311,C-00311,Mateo Nguyen,mateo.nguyen311@example.com,12/08/2024,232385.00,USD,cancelled,8,CA
TX-0000312,C-00312,Ava Patel,ava.patel312@example.com,01/01/2024,120870.00,USD,completed,1,GB
TX-0000313,C-00313,Noah Kim,noah.kim313@example.com,02/06/2024,83998.00,USD,pending,2,AU
TX-0000314,C-00314,Mia Martin,mia.martin314@example.com,03/11/2024,224401.00,USD,COMPLETE,3,DE
TX-0000315,C-00315,Liam Smith,liam.smith315@example.com,04/04/2024,243432.00,USD,cancelled,4,US
TX-0000316,C-00316,Sofia Brown,sofia.brown316@example.com,05/09/2024,84034.00,USD,completed,5,CA
TX-0000317,C-00317,Ethan Wilson,ethan.wilson317@example.com,06/02/2024,235047.00,USD,pending,6,GB
TX-0000318,C-00318,Zoe Garcia,zoe.garcia318@example.com,07/07/2024,231448.00,USD,refunded,7,AU
TX-0000319,C-00319,Mateo Nguyen,mateo.nguyen319@example.com,08/12/2024,121091.00,USD,cancelled,8,DE
TX-0000320,C-00320,Ava Patel,ava.patel320@example.com,09/05/2024,70602.00,USD,completed,1,US
TX-0000321,C-00321,Noah Kim,noah.kim321@example.com,10/10/2024,212864.00,USD,pending,2,CA
TX-0000322,C-00322,Mia Martin,mia.martin322@example.com,11/03/2024,149255.00,USD,refunded,3,GB
TX-0000323,C-00323,Liam Smith,liam.smith323@example.com,12/08/2024,126679.00,USD,cancelled,4,AU
TX-0000324,C-00324,Sofia Brown,sofia.brown324@example.com,01/01/2024,221828.00,USD,completed,5,DE
TX-0000325,C-00325,Ethan Wilson,ethan.wilson325@example.com,02/06/2024,79717.00,USD,pending,6,US
TX-0000326,C-00326,Zoe Garcia,zoe.garcia326@example.com,03/11/2024,221410.00,USD,refunded,7,CA
TX-0000327,C-00327,Mateo Nguyen,mateo.nguyen327@example.com,04/04/2024,92738.00,USD,cancelled,8,GB
TX-0000328,C-00328,Ava Patel,ava.patel328@example.com,05/09/2024,47097.00,USD,completed,1,AU
TX-0000329,C-00329,Noah Kim,noah.kim329@example.com,06/02/2024,22538.00,USD,pending,2,DE
TX-0000330,C-00330,Mia Martin,mia.martin330@example.com,07/07/2024,148225.00,USD,refunded,3,US
TX-0000331,C-00331,Liam Smith,liam.smith331@example.com,08/12/2024,156335.00,USD,cancelled,4,CA
TX-0000332,C-00332,Sofia Brown,sofia.brown332@example.com,09/05/2024,137907.00,USD,completed,5,GB
TX-0000333,C-00333,Ethan Wilson,ethan.wilson333@example.com,10/10/2024,186144.00,USD,pending,6,AU
TX-0000334,C-00334,Zoe Garcia,zoe.garcia334@example.com,11/03/2024,225634.00,USD,refunded,7,DE
TX-0000335,C-00335,Mateo Nguyen,mateo.nguyen335@example.com,12/08/2024,200470.00,USD,cancelled,8,US
TX-0000336,C-00336,Ava Patel,ava.patel336@example.com,01/01/2024,158765.00,USD,completed,1,CA
TX-0000337,C-00337,Noah Kim,noah.kim337@example.com,02/06/2024,154545.00,USD,pending,2,GB
TX-0000338,C-00338,Mia Martin,mia.martin338@example.com,03/11/2024,179048.00,USD,refunded,3,AU
TX-0000339,C-00339,  LIAM SMITH  ,liam.smith339@example.com,04/04/2024,207707.00,USD,cancelled,4,DE
TX-0000340,C-00340,Sofia Brown,sofia.brown340@example.com,05/09/2024,38757.00,USD,completed,5,US
TX-0000341,C-00341,Ethan Wilson,ethan.wilson341@example.com,06/02/2024,19937.00,USD,pending,6,CA
TX-0000342,C-00342,Zoe Garcia,zoe.garcia342@example.com,07/07/2024,10828.00,USD,refunded,7,GB
TX-0000343,C-00343,Mateo Nguyen,mateo.nguyen343@example.com,08/12/2024,49951.00,USD,cancelled,8,AU
TX-0000344,C-00344,Ava Patel,ava.patel344@example.com,09/05/2024,3245.00,USD,completed,1,DE
TX-0000345,C-00345,Noah Kim,noah.kim345@example.com,10/10/2024,131778.00,USD,pending,2,US
TX-0000346,C-00346,Mia Martin,mia.martin346@example.com,11/03/2024,13198.00,USD,refunded,3,USA
TX-0000347,C-00347,Liam Smith,liam.smith347@example.com,12/08/2024,155131.00,USD,cancelled,4,GB
TX-0000348,C-00348,Sofia Brown,sofia.brown348@example.com,01/01/2024,173112.00,USD,completed,5,AU
TX-0000349,C-00349,Ethan Wilson,ethan.wilson349@example.com,02/06/2024,108330.00,USD,pending,6,DE
TX-0000350,C-00350,Zoe Garcia,zoe.garcia350@example.com,03/11/2024,234730.00,USD,refunded,7,US
TX-0000351,C-00351,Mateo Nguyen,mateo.nguyen351@example.com,04/04/2024,242066.00,USD,cancelled,8,CA
TX-0000352,C-00352,Ava Patel,ava.patel352@example.com,05/09/2024,229946.00,USD,completed,1,GB
TX-0000353,C-00353,Noah Kim,noah.kim353@example.com,06/02/2024,208253.00,USD,pending,2,AU
TX-0000354,C-00354,Mia Martin,mia.martin354@example.com,07/07/2024,101739.00,USD,refunded,3,DE
TX-0000355,C-00355,Liam Smith,liam.smith355@example.com,08/12/2024,42508.00,USD,cancelled,4,US
TX-0000356,C-00356,Sofia Brown,sofia.brown.invalid,09/05/2024,128655.00,USD,completed,5,CA
TX-0000357,C-00357,Ethan Wilson,ethan.wilson357@example.com,10/10/2024,128736.00,USD,pending,6,GB
TX-0000358,C-00358,Zoe Garcia,zoe.garcia358@example.com,11/03/2024,24116.00,USD,refunded,7,AU
TX-0000359,C-00359,Mateo Nguyen,mateo.nguyen359@example.com,12/08/2024,107820.00,USD,cancelled,8,DE
TX-0000360,C-00360,Ava Patel,ava.patel360@example.com,01/01/2024,174535.00,USD,completed,1,US
TX-0000361,C-00361,Noah Kim,noah.kim361@example.com,02/06/2024,109755.00,USD,pending,2,CA
TX-0000362,C-00362,Mia Martin,mia.martin362@example.com,03/11/2024,117621.00, USD ,refunded,3,GB
TX-0000363,C-00363,Liam Smith,liam.smith363@example.com,04/04/2024,184377.00,USD,cancelled,4,AU
TX-0000364,C-00364,Sofia Brown,sofia.brown364@example.com,05/09/2024,224216.00,USD,completed,5,DE
TX-0000365,C-00365,Ethan Wilson,ethan.wilson365@example.com,06/02/2024,27586.00,USD,pending,6,US
TX-0000366,C-00366,Zoe Garcia,zoe.garcia366@example.com,07/07/2024,163121.00,USD,refunded,7,CA
TX-0000367,C-00367,Mateo Nguyen,mateo.nguyen367@example.com,08/12/2024,197232.00,USD,cancelled,8,GB
TX-0000368,C-00368,Ava Patel,ava.patel368@example.com,09/05/2024,105583.00,USD,completed,1,AU
TX-0000369,C-00369,Noah Kim,noah.kim369@example.com,10/10/2024,157681.00,USD,pending,2,DE
TX-0000370,C-00370,Mia Martin,mia.martin370@example.com,11/03/2024,38787.00,USD,refunded,3,US
TX-0000371,C-00371,Liam Smith,liam.smith371@example.com,12/08/2024,130132.00,USD,cancelled,4,CA
TX-0000372,C-00372,Sofia Brown,sofia.brown372@example.com,01/01/2024,211607.00,USD,completed,5,GB
TX-0000373,C-00373,Ethan Wilson,ethan.wilson373@example.com,02/06/2024,192687.00,USD,pending,6,AU
TX-0000374,C-00374,Zoe Garcia,zoe.garcia374@example.com,03/11/2024,169086.00,USD,refunded,7,DE
TX-0000375,C-00375,Mateo Nguyen,mateo.nguyen375@example.com,04/04/2024,99566.00,USD,cancelled,8,US
TX-0000376,C-00376,Ava Patel,ava.patel376@example.com,05/09/2024,193033.00,USD,completed,1,CA
TX-0000377,C-00377,Noah Kim,noah.kim377@example.com,06/02/2024,79491.00,USD,pending,2,GB
TX-0000378,C-00378,Mia Martin,mia.martin378@example.com,07/07/2024,115817.00,USD,refunded,3,AU
TX-0000379,C-00379,Liam Smith,liam.smith379@example.com,08/12/2024,196095.00,USD,cancelled,4,DE
TX-0000380,C-00380,Sofia Brown,sofia.brown380@example.com,09/05/2024,124686.00,USD,completed,5,US
TX-0000381,C-00381,ethan wilson,ethan.wilson381@example.com,10/10/2024,129688.00,USD,pending,6,CA
TX-0000382,C-00382,Zoe Garcia,zoe.garcia382@example.com,11/03/2024,185342.00,USD,unknown,7,GB
TX-0000383,C-00383,Mateo Nguyen,mateo.nguyen383@example.com,12/08/2024,131977.00,USD,cancelled,8,AU
TX-0000384,C-00384,Ava Patel,ava.patel384@example.com,01/01/2024,228600.00,USD,completed,1,DE
TX-0000385,C-00385,Noah Kim,noah.kim385@example.com,02/06/2024,39556.00,USD,pending,2,US
TX-0000386,C-00386,Mia Martin,mia.martin386@example.com,03/11/2024,92608.00,USD,refunded,3,CA
TX-0000387,C-00387,Liam Smith,liam.smith387@example.com,04/04/2024,75653.00,USD,cancelled,4,GB
TX-0000388,C-00388,Sofia Brown,,05/09/2024,147112.00,USD,completed,5,AU
TX-0000389,C-00389,Ethan Wilson,ethan.wilson389@example.com,06/02/2024,165082.00,USD,pending,6,DE
TX-0000390,C-00390,Zoe Garcia,zoe.garcia390@example.com,07/07/2024,120112.00,USD,refunded,7,US
TX-0000391,C-00391,Mateo Nguyen,mateo.nguyen391@example.com,08/12/2024,149311.00,USD,cancelled,8,CA
TX-0000392,C-00392,Ava Patel,ava.patel392@example.com,09/05/2024,139411.00,USD,completed,1,GB
TX-0000393,C-00393,Noah Kim,noah.kim393@example.com,10/10/2024,159781.00,USD,pending,2,au
TX-0000394,C-00394,Mia Martin,mia.martin394@example.com,11/03/2024,96160.00,USD,refunded,3,DE
TX-0000395,C-00395,Liam Smith,liam.smith395@example.com,12/08/2024,24173.00,USD,cancelled,4,US
TX-0000396,C-00396,Sofia Brown,sofia.brown396@example.com,01/01/2024,213002.00,USD,completed,5,CA
TX-0000397,C-00397,Ethan Wilson,ethan.wilson397@example.com,02/06/2024,158186.00,USD,pending,6,GB
TX-0000398,C-00398,Zoe Garcia,zoe.garcia398@example.com,03/11/2024,52386.00,USD,refunded,7,AU
TX-0000399,C-00399,Mateo Nguyen,mateo.nguyen399@example.com,04/04/2024,50945.00,USD,cancelled,8,DE
TX-0000400,C-00400,Ava Patel,ava.patel400@example.com,05/09/2024,180738.00,USD,completed,1,US
TX-0000401,C-00401,Noah Kim,noah.kim401@example.com,06/02/2024,76485.00,USD,pending,2,CA
TX-0000402,C-00402,Mia Martin,mia.martin402@example.com,07/07/2024,131643.00,USD,refunded,3,GB
TX-0000403,C-00403,Liam Smith,liam.smith403@example.com,08/12/2024,116340.00,USD,cancelled,4,AU
TX-0000404,C-00404,Sofia Brown,sofia.brown404@example.com,09/05/2024,24729.00,USD,completed,5,DE
TX-0000405,C-00405,Ethan Wilson,ethan.wilson405@example.com,10/10/2024,97574.00,USD,pending,6,US
TX-0000406,C-00406,Zoe Garcia,zoe.garcia406@example.com,11/03/2024,78314.00,USD,refunded,7,CA
TX-0000407,C-00407,Mateo Nguyen,mateo.nguyen407@example.com,12/08/2024,70737.00,USD,cancelled,8,GB
TX-0000408,C-00408,Ava Patel,ava.patel408@example.com,01/01/2024,29710.00,USD,completed,1,AU
TX-0000409,C-00409,Noah Kim,noah.kim409@example.com,02/06/2024,212310.00,USD,pending,2,DE
TX-0000410,C-00410,Mia Martin,mia.martin410@example.com,03/11/2024,226379.00,USD,refunded,3,US
TX-0000411,C-00411,Liam Smith,liam.smith411@example.com,04/04/2024,38129.00,USD,cancelled,4,CA
TX-0000412,C-00412,Sofia Brown,sofia.brown412@example.com,05/09/2024,28068.00,USD,completed,5,GB
TX-0000413,C-00413,Ethan Wilson,ethan.wilson413@example.com,06/02/2024,78152.00,USD,pending,6,AU
TX-0000414,C-00414,Zoe Garcia,zoe.garcia414@example.com,07/07/2024,49342.00,USD,refunded,7,DE
TX-0000415,C-00415,Mateo Nguyen,mateo.nguyen415@example.com,08/12/2024,76532.00,USD,cancelled,8,US
TX-0000416,C-00416,Ava Patel,ava.patel416@example.com,09/05/2024,126920.00,USD,completed,1,CA
TX-0000417,C-00417,Noah Kim,noah.kim417@example.com,10/10/2024,128855.00,USD,pending,2,GB
TX-0000418,C-00418,Mia Martin,mia.martin418@example.com,11/03/2024,84043.00,USD,refunded,3,AU
TX-0000419,C-00419,Liam Smith,liam.smith419@example.com,12/08/2024,178955.00,USD,cancelled,4,DE
TX-0000420,C-00420,Sofia Brown,sofia.brown420@example.com,01/01/2024,245971.00,USD,completed,5,US
TX-0000421,C-00421,Ethan Wilson,ethan.wilson421@example.com,02/06/2024,173432.00,USD,pending,6,CA
TX-0000422,C-00422,Zoe Garcia,zoe.garcia422@example.com,03/11/2024,-2692.00,USD,refunded,7,GB
TX-0000423,C-00423,Mateo Nguyen,mateo.nguyen423@example.com,04/04/2024,101370.00,USD,cancelled,8,AU
TX-0000424,C-00424,Ava Patel,ava.patel424@example.com,05/09/2024,38694.00,USD,completed,1,DE
TX-0000425,C-00425,Noah Kim,noah.kim425@example.com,06/02/2024,107246.00,USD,pending,2,US
TX-0000426,C-00426,Mia Martin,mia.martin426@example.com,07/07/2024,72267.00,USD,refunded,3,CA
TX-0000427,C-00427,Liam Smith,liam.smith427@example.com,08/12/2024,35735.00,USD,cancelled,4,GB
TX-0000428,C-00428,Sofia Brown,sofia.brown428@example.com,09/05/2024,184252.00,USD,completed,5,AU
TX-0000429,C-00429,Ethan Wilson,ethan.wilson429@example.com,10/10/2024,118322.00,USD,pending,6,DE
TX-0000430,C-00430,Zoe Garcia,zoe.garcia430@example.com,11/03/2024,26837.00,USD,refunded,7,US
TX-0000431,C-00431,Mateo Nguyen,mateo.nguyen431@example.com,12/08/2024,241675.00,USD,cancelled,8,CA
TX-0000432,C-00432,Ava Patel,ava.patel432@example.com,01/01/2024,172524.00,USD,completed,1,GB
TX-0000433,C-00433,Noah Kim,noah.kim433@example.com,02/06/2024,158090.00,USD,pending,2,AU
TX-0000434,C-00434,Mia Martin,mia.martin434@example.com,03/11/2024,214731.00,USD,refunded,3,DE
TX-0000435,C-00435,Liam Smith,liam.smith435@example.com,04/04/2024,17535.00,USD,cancelled,4,US
TX-0000436,C-00436,Sofia Brown,sofia.brown436@example.com,05/09/2024,114646.00,USD,completed,5,CA
TX-0000437,C-00437,Ethan Wilson,ethan.wilson437@example.com,06/02/2024,37244.00,USD,pending,6,GB
TX-0000438,C-00438,Zoe Garcia,zoe.garcia438@example.com,07/07/2024,55960.00,USD,refunded,7,AU
TX-0000439,C-00439,Mateo Nguyen,mateo.nguyen439@example.com,08/12/2024,33312.00,USD,cancelled,8,DE
TX-0000440,C-00440,Ava Patel,ava.patel440@example.com,09/05/2024,211391.00,USD,completed,1,US
TX-0000441,C-00441,Noah Kim,noah.kim441@example.com,10/10/2024,240409.00,USD,pending,2,CA
TX-0000442,C-00442,Mia Martin,mia.martin442@example.com,11/03/2024,157003.00,USD,refunded,3,GB
TX-0000443,C-00443,Liam Smith,liam.smith443@example.com,12/08/2024,55109.00,USD,cancelled,4,AU
TX-0000444,C-00444,Sofia Brown,sofia.brown444@example.com,01/01/2024,210233.00,USD,completed,5,DE
TX-0000445,C-00445,Ethan Wilson,ethan.wilson.invalid,02/06/2024,175358.00,USD,pending,6,US
TX-0000446,C-00446,Zoe Garcia,zoe.garcia446@example.com,03/11/2024,,USD,refunded,7,CA
TX-0000447,C-00447,Mateo Nguyen,mateo.nguyen447@example.com,04/04/2024,70855.00,usd,cancelled,8,GB
TX-0000448,C-00448,Ava Patel,ava.patel448@example.com,05/09/2024,95674.00,USD,completed,1,AU
TX-0000449,C-00449,Noah Kim,noah.kim449@example.com,06/02/2024,129613.00,USD,pending,2,DE
TX-0000450,C-00450,Mia Martin,mia.martin450@example.com,07/07/2024,179285.00,USD,refunded,3,US
TX-0000451,C-00451,Liam Smith,liam.smith451@example.com,08/12/2024,241628.00,USD,cancelled,4,CA
TX-0000452,C-00452,  SOFIA BROWN  ,sofia.brown452@example.com,09/05/2024,192010.00,USD,completed,5,GB
TX-0000453,C-00453,Ethan Wilson,ethan.wilson453@example.com,10/10/2024,51603.00,USD,pending,6,AU
TX-0000454,C-00454,Zoe Garcia,zoe.garcia454@example.com,11/03/2024,184801.00,USD,refunded,7,DE
TX-0000455,C-00455,Mateo Nguyen,mateo.nguyen455@example.com,12/08/2024,98603.00,USD,cancelled,8,US
TX-0000456,C-00456,Ava Patel,ava.patel456@example.com,01/01/2024,172450.00,USD,completed,1,CA
TX-0000457,C-00457,Noah Kim,noah.kim457@example.com,02/06/2024,4681.00,USD,pending,2,GB
TX-0000458,C-00458,Mia Martin,mia.martin458@example.com,03/11/2024,146964.00,USD,refunded,3,AU
TX-0000459,C-00459,Liam Smith,liam.smith459@example.com,04/04/2024,139766.00,USD,cancelled,4,DE
TX-0000460,C-00460,Sofia Brown,sofia.brown460@example.com,05/09/2024,118738.00,USD,completed,5,US
TX-0000461,C-00461,Ethan Wilson,ethan.wilson461@example.com,06/02/2024,19143.00,USD,pending,6,CA
TX-0000462,C-00462,Zoe Garcia,zoe.garcia462@example.com,07/07/2024,28510.00,USD,refunded,7,GB
TX-0000463,C-00463,Mateo Nguyen,mateo.nguyen463@example.com,08/12/2024,1707.00,USD,cancelled,8,AU
TX-0000464,C-00464,Ava Patel,ava.patel464@example.com,09/05/2024,219322.00,USD,completed,1,DE
TX-0000465,C-00465,Noah Kim,noah.kim465@example.com,10/10/2024,156313.00,USD,pending,2,US
TX-0000466,C-00466,Mia Martin,mia.martin466@example.com,11/03/2024,230083.00,USD,refunded,3,CA
TX-0000467,C-00467,Liam Smith,liam.smith467@example.com,12/08/2024,130109.00,USD,cancelled,4,GB
TX-0000468,C-00468,Sofia Brown,sofia.brown468@example.com,01/01/2024,109150.00,USD,completed,5,AU
TX-0000469,C-00469,Ethan Wilson,ethan.wilson469@example.com,02/06/2024,2946.00,USD,pending,6,DE
TX-0000470,C-00470,Zoe Garcia,zoe.garcia470@example.com,03/11/2024,1636.00,USD,refunded,7,US
TX-0000471,C-00471,Mateo Nguyen,mateo.nguyen471@example.com,04/04/2024,228482.00,USD,COMPLETE,8,CA
TX-0000472,C-00472,Ava Patel,ava.patel472@example.com,05/09/2024,171910.00,USD,completed,1,GB
TX-0000473,C-00473,Noah Kim,noah.kim473@example.com,06/02/2024,71003.00,USD,pending,2,AU
TX-0000474,C-00474,Mia Martin,mia.martin474@example.com,07/07/2024,160688.00,USD,refunded,3,DE
TX-0000475,C-00475,Liam Smith,liam.smith475@example.com,08/12/2024,111295.00,USD,cancelled,4,US
TX-0000476,C-00476,Sofia Brown,sofia.brown476@example.com,09/05/2024,72224.00,USD,completed,5,CA
TX-0000477,C-00477,Ethan Wilson,ethan.wilson477@example.com,10/10/2024,11193.00,USD,pending,6,GB
TX-0000478,C-00478,Zoe Garcia,zoe.garcia478@example.com,11/03/2024,2335.00,USD,refunded,7,AU
TX-0000479,C-00479,Mateo Nguyen,mateo.nguyen479@example.com,12/08/2024,161370.00,USD,cancelled,8,DE
TX-0000480,C-00480,Ava Patel,ava.patel480@example.com,01/01/2024,135218.00,USD,completed,1,US
TX-0000481,C-00481,Noah Kim,noah.kim481@example.com,02/06/2024,221515.00,USD,pending,2,CA
TX-0000482,C-00482,Mia Martin,mia.martin482@example.com,03/11/2024,77178.00,USD,refunded,3,GB
TX-0000483,C-00483,Liam Smith,liam.smith483@example.com,04/04/2024,12045.00,USD,cancelled,4,AU
TX-0000484,C-00484,Sofia Brown,sofia.brown484@example.com,05/09/2024,131195.00,USD,completed,5,DE
TX-0000485,C-00485,Ethan Wilson,,06/02/2024,170118.00,USD,pending,6,US
TX-0000486,C-00486,Zoe Garcia,zoe.garcia486@example.com,07/07/2024,97173.00,USD,refunded,7,CA
TX-0000487,C-00487,Mateo Nguyen,mateo.nguyen487@example.com,08/12/2024,172845.00,USD,cancelled,8,GB
TX-0000488,C-00488,Ava Patel,ava.patel488@example.com,09/05/2024,103278.00,USD,completed,1,AU
TX-0000489,C-00489,Noah Kim,noah.kim489@example.com,10/10/2024,136909.00,USD,pending,2,DE
TX-0000490,C-00490,Mia Martin,mia.martin490@example.com,11/03/2024,155961.00,USD,refunded,3,US
TX-0000491,C-00491,Liam Smith,liam.smith491@example.com,12/08/2024,149612.00,USD,cancelled,4,CA
TX-0000492,C-00492,Sofia Brown,sofia.brown492@example.com,01/01/2024,65548.00,USD,completed,5,GB
TX-0000493,C-00493,Ethan Wilson,ethan.wilson493@example.com,02/06/2024,101425.00,USD,pending,6,AU
TX-0000494,C-00494,Zoe Garcia,zoe.garcia494@example.com,03/11/2024,111651.00,USD,refunded,7,DE
TX-0000495,C-00495,Mateo Nguyen,mateo.nguyen495@example.com,04/04/2024,91773.00,USD,cancelled,8,US
TX-0000496,C-00496,Ava Patel,ava.patel496@example.com,05/09/2024,98025.00,USD,completed,1,CA
TX-0000497,C-00497,Noah Kim,noah.kim497@example.com,06/02/2024,166948.00,USD,pending,2,GB
TX-0000498,C-00498,Mia Martin,mia.martin498@example.com,07/07/2024,112410.00,USD,refunded,3,AU
TX-0000499,C-00499,Liam Smith,liam.smith499@example.com,08/12/2024,249310.00,USD,cancelled,4,DE
TX-0000500,C-00500,Sofia Brown,sofia.brown500@example.com,09/05/2024,65008.00,USD,completed,5,US
TX-0000501,C-00501,Ethan Wilson,ethan.wilson501@example.com,10/10/2024,168441.00,USD,pending,6,CA
TX-0000502,C-00502,Zoe Garcia,zoe.garcia502@example.com,11/03/2024,86526.00,USD,refunded,7,GB
TX-0000503,C-00503,Mateo Nguyen,mateo.nguyen503@example.com,12/08/2024,59543.00,USD,cancelled,8,AU
TX-0000504,C-00504,Ava Patel,ava.patel504@example.com,01/01/2024,30527.00,USD,completed,1,DE
TX-0000505,C-00505,Noah Kim,noah.kim505@example.com,02/06/2024,54425.00,USD,pending,2,US
TX-0000506,C-00506,Mia Martin,mia.martin506@example.com,03/11/2024,205042.00,USD,refunded,3,CA
TX-0000507,C-00507,Liam Smith,liam.smith507@example.com,04/04/2024,150035.00,USD,cancelled,4,GB
TX-0000508,C-00508,sofia brown,sofia.brown508@example.com,05/09/2024,104153.00,USD,completed,5,AU
TX-0000509,C-00509,Ethan Wilson,ethan.wilson509@example.com,06/02/2024,128741.00,USD,pending,6,DE
TX-0000510,C-00510,Zoe Garcia,zoe.garcia510@example.com,07/07/2024,93063.00,USD,refunded,7,US
TX-0000511,C-00511,Mateo Nguyen,mateo.nguyen511@example.com,08/12/2024,53426.00,USD,cancelled,8,CA
TX-0000512,C-00512,Ava Patel,ava.patel512@example.com,09/05/2024,20775.00,USD,completed,1,GB
TX-0000513,C-00513,Noah Kim,noah.kim513@example.com,10/10/2024,103081.00,USD,pending,2,AU
TX-0000514,C-00514,Mia Martin,mia.martin514@example.com,11/03/2024,205015.00,USD,refunded,3,DE
TX-0000515,C-00515,Liam Smith,liam.smith515@example.com,12/08/2024,38586.00,USD,cancelled,4,US
TX-0000516,C-00516,Sofia Brown,sofia.brown516@example.com,01/01/2024,174490.00,USD,completed,5,CA
TX-0000517,C-00517,Ethan Wilson,ethan.wilson517@example.com,02/06/2024,206058.00,USD,pending,6,GB
TX-0000518,C-00518,Zoe Garcia,zoe.garcia518@example.com,03/11/2024,204486.00,USD,refunded,7,AU
TX-0000519,C-00519,Mateo Nguyen,mateo.nguyen519@example.com,04/04/2024,173119.00,USD,cancelled,8,USA
TX-0000520,C-00520,Ava Patel,ava.patel520@example.com,05/09/2024,89437.00,USD,completed,1,US
TX-0000521,C-00521,Noah Kim,noah.kim521@example.com,06/02/2024,60422.00,USD,pending,2,CA
TX-0000522,C-00522,Mia Martin,mia.martin522@example.com,07/07/2024,241947.00,USD,refunded,3,GB
TX-0000523,C-00523,Liam Smith,liam.smith523@example.com,08/12/2024,132610.00,USD,cancelled,4,AU
TX-0000524,C-00524,Sofia Brown,sofia.brown524@example.com,09/05/2024,13369.00,USD,completed,5,de
TX-0000525,C-00525,Ethan Wilson,ethan.wilson525@example.com,10/10/2024,224840.00,USD,pending,6,US
TX-0000526,C-00526,Zoe Garcia,zoe.garcia526@example.com,11/03/2024,104555.00,USD,refunded,7,CA
TX-0000527,C-00527,Mateo Nguyen,mateo.nguyen527@example.com,12/08/2024,160568.00,USD,cancelled,8,GB
TX-0000528,C-00528,Ava Patel,ava.patel528@example.com,01/01/2024,77837.00,USD,completed,1,AU
TX-0000529,C-00529,Noah Kim,noah.kim529@example.com,02/06/2024,162360.00,USD,pending,2,DE
TX-0000530,C-00530,Mia Martin,mia.martin530@example.com,03/11/2024,181484.00,USD,refunded,3,US
TX-0000531,C-00531,Liam Smith,liam.smith531@example.com,04/04/2024,140579.00,USD,cancelled,4,CA
TX-0000532,C-00532,Sofia Brown,sofia.brown532@example.com,05/09/2024,33440.00,USD,completed,5,GB
TX-0000533,C-00533,Ethan Wilson,ethan.wilson533@example.com,06/02/2024,39325.00,USD,pending,6,AU
TX-0000534,C-00534,Zoe Garcia,zoe.garcia.invalid,07/07/2024,204613.00,USD,refunded,7,DE
TX-0000535,C-00535,Mateo Nguyen,mateo.nguyen535@example.com,08/12/2024,60246.00,USD,cancelled,8,US
TX-0000536,C-00536,Ava Patel,ava.patel536@example.com,09/05/2024,170656.00,USD,completed,1,CA
TX-0000537,C-00537,Noah Kim,noah.kim537@example.com,10/10/2024,44925.00,USD,pending,2,GB
TX-0000538,C-00538,Mia Martin,mia.martin538@example.com,11/03/2024,200717.00,USD,refunded,3,AU
TX-0000539,C-00539,Liam Smith,liam.smith539@example.com,12/08/2024,233234.00,USD,cancelled,4,DE
TX-0000540,C-00540,Sofia Brown,sofia.brown540@example.com,01/01/2024,7295.00,USD,completed,5,US
TX-0000541,C-00541,Ethan Wilson,ethan.wilson541@example.com,02/06/2024,67569.00,USD,pending,6,CA
TX-0000542,C-00542,Zoe Garcia,zoe.garcia542@example.com,03/11/2024,134559.00,USD,refunded,7,GB
TX-0000543,C-00543,Mateo Nguyen,mateo.nguyen543@example.com,04/04/2024,3367.00, USD ,cancelled,8,AU
TX-0000544,C-00544,Ava Patel,ava.patel544@example.com,05/09/2024,39357.00,USD,completed,1,DE
TX-0000545,C-00545,Noah Kim,noah.kim545@example.com,06/02/2024,172792.00,USD,pending,2,US
TX-0000546,C-00546,Mia Martin,mia.martin546@example.com,07/07/2024,152407.00,USD,refunded,3,CA
TX-0000547,C-00547,Liam Smith,liam.smith547@example.com,08/12/2024,233964.00,USD,cancelled,4,GB
TX-0000548,C-00548,Sofia Brown,sofia.brown548@example.com,09/05/2024,17976.00,USD,completed,5,AU
TX-0000549,C-00549,Ethan Wilson,ethan.wilson549@example.com,10/10/2024,212973.00,USD,pending,6,DE
TX-0000550,C-00550,Zoe Garcia,zoe.garcia550@example.com,11/03/2024,148419.00,USD,refunded,7,US
TX-0000551,C-00551,Mateo Nguyen,mateo.nguyen551@example.com,12/08/2024,92247.00,USD,cancelled,8,CA
TX-0000552,C-00552,Ava Patel,ava.patel552@example.com,01/01/2024,176700.00,USD,completed,1,GB
TX-0000553,C-00553,Noah Kim,noah.kim553@example.com,02/06/2024,243993.00,USD,pending,2,AU
TX-0000554,C-00554,Mia Martin,mia.martin554@example.com,03/11/2024,27916.00,USD,refunded,3,DE
TX-0000555,C-00555,Liam Smith,liam.smith555@example.com,04/04/2024,236343.00,USD,cancelled,4,US
TX-0000556,C-00556,Sofia Brown,sofia.brown556@example.com,05/09/2024,205842.00,USD,completed,5,CA
TX-0000557,C-00557,Ethan Wilson,ethan.wilson557@example.com,06/02/2024,58707.00,USD,pending,6,GB
TX-0000558,C-00558,Zoe Garcia,zoe.garcia558@example.com,07/07/2024,231372.00,USD,refunded,7,AU
TX-0000559,C-00559,Mateo Nguyen,mateo.nguyen559@example.com,08/12/2024,232652.00,USD,cancelled,8,DE
TX-0000560,C-00560,Ava Patel,ava.patel560@example.com,09/05/2024,59519.00,USD,completed,1,US
TX-0000561,C-00561,Noah Kim,noah.kim561@example.com,10/10/2024,171250.00,USD,pending,2,CA
TX-0000562,C-00562,Mia Martin,mia.martin562@example.com,11/03/2024,143673.00,USD,refunded,3,GB
TX-0000563,C-00563,Liam Smith,liam.smith563@example.com,12/08/2024,6808.00,USD,cancelled,4,AU
TX-0000564,C-00564,Sofia Brown,sofia.brown564@example.com,01/01/2024,229996.00,USD,completed,5,DE
TX-0000565,C-00565,  ETHAN WILSON  ,ethan.wilson565@example.com,02/06/2024,221921.00,USD,pending,6,US
TX-0000566,C-00566,Zoe Garcia,zoe.garcia566@example.com,03/11/2024,122028.00,USD,refunded,7,CA
TX-0000567,C-00567,Mateo Nguyen,mateo.nguyen567@example.com,04/04/2024,217864.00,USD,cancelled,8,GB
TX-0000568,C-00568,Ava Patel,ava.patel568@example.com,05/09/2024,39115.00,USD,completed,1,AU
TX-0000569,C-00569,Noah Kim,noah.kim569@example.com,06/02/2024,38432.00,USD,pending,2,DE
TX-0000570,C-00570,Mia Martin,mia.martin570@example.com,07/07/2024,220226.00,USD,refunded,3,US
TX-0000571,C-00571,Liam Smith,liam.smith571@example.com,08/12/2024,222105.00,USD,cancelled,4,CA
TX-0000572,C-00572,Sofia Brown,sofia.brown572@example.com,09/05/2024,243613.00,USD,completed,5,GB
TX-0000573,C-00573,Ethan Wilson,ethan.wilson573@example.com,10/10/2024,94725.00,USD,unknown,6,AU
TX-0000574,C-00574,Zoe Garcia,zoe.garcia574@example.com,11/03/2024,175473.00,USD,refunded,7,DE
TX-0000575,C-00575,Mateo Nguyen,mateo.nguyen575@example.com,12/08/2024,73311.00,USD,cancelled,8,US
TX-0000576,C-00576,Ava Patel,ava.patel576@example.com,01/01/2024,137339.00,USD,completed,1,CA
TX-0000577,C-00577,Noah Kim,noah.kim577@example.com,02/06/2024,162671.00,USD,pending,2,GB
TX-0000578,C-00578,Mia Martin,mia.martin578@example.com,03/11/2024,90437.00,USD,refunded,3,AU
TX-0000579,C-00579,Liam Smith,liam.smith579@example.com,04/04/2024,28786.00,USD,cancelled,4,DE
TX-0000580,C-00580,Sofia Brown,sofia.brown580@example.com,05/09/2024,10624.00,USD,completed,5,US
TX-0000581,C-00581,Ethan Wilson,ethan.wilson581@example.com,06/02/2024,171352.00,USD,pending,6,CA
TX-0000582,C-00582,Zoe Garcia,,07/07/2024,146904.00,USD,refunded,7,GB
TX-0000583,C-00583,Mateo Nguyen,mateo.nguyen583@example.com,08/12/2024,235654.00,USD,cancelled,8,AU
TX-0000584,C-00584,Ava Patel,ava.patel584@example.com,09/05/2024,113780.00,USD,completed,1,DE
TX-0000585,C-00585,Noah Kim,noah.kim585@example.com,10/10/2024,193750.00,USD,pending,2,US
TX-0000586,C-00586,Mia Martin,mia.martin586@example.com,11/03/2024,151572.00,USD,refunded,3,CA
TX-0000587,C-00587,Liam Smith,liam.smith587@example.com,12/08/2024,43659.00,USD,cancelled,4,GB
TX-0000588,C-00588,Sofia Brown,sofia.brown588@example.com,01/01/2024,222234.00,USD,completed,5,AU
TX-0000589,C-00589,Ethan Wilson,ethan.wilson589@example.com,02/06/2024,3019.00,USD,pending,6,DE
TX-0000590,C-00590,Zoe Garcia,zoe.garcia590@example.com,03/11/2024,245738.00,USD,refunded,7,US
TX-0000591,C-00591,Mateo Nguyen,mateo.nguyen591@example.com,04/04/2024,162445.00,USD,cancelled,8,CA
TX-0000592,C-00592,Ava Patel,ava.patel592@example.com,05/09/2024,9230.00,USD,completed,1,GB
TX-0000593,C-00593,Noah Kim,noah.kim593@example.com,06/02/2024,241053.00,USD,pending,2,AU
TX-0000594,C-00594,Mia Martin,mia.martin594@example.com,07/07/2024,147042.00,USD,refunded,3,DE
TX-0000595,C-00595,Liam Smith,liam.smith595@example.com,08/12/2024,55980.00,USD,cancelled,4,US
TX-0000596,C-00596,Sofia Brown,sofia.brown596@example.com,09/05/2024,204222.00,usd,completed,5,CA
TX-0000597,C-00597,Ethan Wilson,ethan.wilson597@example.com,10/10/2024,131382.00,USD,pending,6,GB
TX-0000598,C-00598,Zoe Garcia,zoe.garcia598@example.com,11/03/2024,96957.00,USD,refunded,7,AU
TX-0000599,C-00599,Mateo Nguyen,mateo.nguyen599@example.com,12/08/2024,38090.00,USD,cancelled,8,DE
TX-0000600,C-00600,Ava Patel,ava.patel600@example.com,01/01/2024,83864.00,USD,completed,1,US
TX-0000601,C-00601,Noah Kim,noah.kim601@example.com,02/06/2024,170006.00,USD,pending,2,CA
TX-0000602,C-00602,Mia Martin,mia.martin602@example.com,03/11/2024,157891.00,USD,refunded,3,GB
TX-0000603,C-00603,Liam Smith,liam.smith603@example.com,04/04/2024,97033.00,USD,cancelled,4,AU
TX-0000604,C-00604,Sofia Brown,sofia.brown604@example.com,05/09/2024,187652.00,USD,completed,5,DE
TX-0000605,C-00605,Ethan Wilson,ethan.wilson605@example.com,06/02/2024,214421.00,USD,pending,6,US
TX-0000606,C-00606,Zoe Garcia,zoe.garcia606@example.com,07/07/2024,53686.00,USD,refunded,7,CA
TX-0000607,C-00607,Mateo Nguyen,mateo.nguyen607@example.com,08/12/2024,183905.00,USD,cancelled,8,GB
TX-0000608,C-00608,Ava Patel,ava.patel608@example.com,09/05/2024,106114.00,USD,completed,1,AU
TX-0000609,C-00609,Noah Kim,noah.kim609@example.com,10/10/2024,34260.00,USD,pending,2,DE
TX-0000610,C-00610,Mia Martin,mia.martin610@example.com,11/03/2024,80622.00,USD,refunded,3,US
TX-0000611,C-00611,Liam Smith,liam.smith611@example.com,12/08/2024,191389.00,USD,cancelled,4,CA
TX-0000612,C-00612,Sofia Brown,sofia.brown612@example.com,01/01/2024,217112.00,USD,completed,5,GB
TX-0000613,C-00613,Ethan Wilson,ethan.wilson613@example.com,02/06/2024,51030.00,USD,pending,6,AU
TX-0000614,C-00614,Zoe Garcia,zoe.garcia614@example.com,03/11/2024,228975.00,USD,refunded,7,DE
TX-0000615,C-00615,Mateo Nguyen,mateo.nguyen615@example.com,04/04/2024,52502.00,USD,cancelled,8,US
TX-0000616,C-00616,Ava Patel,ava.patel616@example.com,05/09/2024,175476.00,USD,completed,1,CA
TX-0000617,C-00617,Noah Kim,noah.kim617@example.com,06/02/2024,28029.00,USD,pending,2,GB
TX-0000618,C-00618,Mia Martin,mia.martin618@example.com,07/07/2024,138791.00,USD,refunded,3,AU
TX-0000619,C-00619,Liam Smith,liam.smith619@example.com,08/12/2024,248492.00,USD,cancelled,4,DE
TX-0000620,C-00620,Sofia Brown,sofia.brown620@example.com,09/05/2024,14049.00,USD,completed,5,US
TX-0000621,C-00621,Ethan Wilson,ethan.wilson621@example.com,10/10/2024,200565.00,USD,pending,6,CA
TX-0000622,C-00622,Zoe Garcia,zoe.garcia622@example.com,11/03/2024,5366.00,USD,refunded,7,GB
TX-0000623,C-00623,Mateo Nguyen,mateo.nguyen.invalid,12/08/2024,209300.00,USD,cancelled,8,AU
TX-0000624,C-00624,Ava Patel,ava.patel624@example.com,01/01/2024,56649.00,USD,completed,1,DE
TX-0000625,C-00625,Noah Kim,noah.kim625@example.com,02/06/2024,43960.00,USD,pending,2,US
TX-0000626,C-00626,Mia Martin,mia.martin626@example.com,03/11/2024,84328.00,USD,refunded,3,CA
TX-0000627,C-00627,Liam Smith,liam.smith627@example.com,04/04/2024,80800.00,USD,cancelled,4,GB
TX-0000628,C-00628,Sofia Brown,sofia.brown628@example.com,05/09/2024,200552.00,USD,COMPLETE,5,AU
TX-0000629,C-00629,Ethan Wilson,ethan.wilson629@example.com,06/02/2024,87411.00,USD,pending,6,DE
TX-0000630,C-00630,Zoe Garcia,zoe.garcia630@example.com,07/07/2024,46895.00,USD,refunded,7,US
TX-0000631,C-00631,Mateo Nguyen,mateo.nguyen631@example.com,08/12/2024,95730.00,USD,cancelled,8,CA
TX-0000632,C-00632,Ava Patel,ava.patel632@example.com,09/05/2024,54129.00,USD,completed,1,GB
TX-0000633,C-00633,Noah Kim,noah.kim633@example.com,10/10/2024,-8469.00,USD,pending,2,AU
TX-0000634,C-00634,Mia Martin,mia.martin634@example.com,11/03/2024,248984.00,USD,refunded,3,DE
TX-0000635,C-00635,liam smith,liam.smith635@example.com,12/08/2024,190238.00,USD,cancelled,4,US
TX-0000636,C-00636,Sofia Brown,sofia.brown636@example.com,01/01/2024,123520.00,USD,completed,5,CA
TX-0000637,C-00637,Ethan Wilson,ethan.wilson637@example.com,02/06/2024,229355.00,USD,pending,6,GB
TX-0000638,C-00638,Zoe Garcia,zoe.garcia638@example.com,03/11/2024,158135.00,USD,refunded,7,AU
TX-0000639,C-00639,Mateo Nguyen,mateo.nguyen639@example.com,04/04/2024,24310.00,USD,cancelled,8,DE
TX-0000640,C-00640,Ava Patel,ava.patel640@example.com,05/09/2024,95720.00,USD,completed,1,US
TX-0000641,C-00641,Noah Kim,noah.kim641@example.com,06/02/2024,202016.00,USD,pending,2,CA
TX-0000642,C-00642,Mia Martin,mia.martin642@example.com,07/07/2024,218489.00,USD,refunded,3,GB
TX-0000643,C-00643,Liam Smith,liam.smith643@example.com,08/12/2024,219796.00,USD,cancelled,4,AU
TX-0000644,C-00644,Sofia Brown,sofia.brown644@example.com,09/05/2024,145259.00,USD,completed,5,DE
TX-0000645,C-00645,Ethan Wilson,ethan.wilson645@example.com,10/10/2024,222883.00,USD,pending,6,US
TX-0000646,C-00646,Zoe Garcia,zoe.garcia646@example.com,11/03/2024,50704.00,USD,refunded,7,CA
TX-0000647,C-00647,Mateo Nguyen,mateo.nguyen647@example.com,12/08/2024,47101.00,USD,cancelled,8,GB
TX-0000648,C-00648,Ava Patel,ava.patel648@example.com,01/01/2024,226783.00,USD,completed,1,AU
TX-0000649,C-00649,Noah Kim,noah.kim649@example.com,02/06/2024,36882.00,USD,pending,2,DE
TX-0000650,C-00650,Mia Martin,mia.martin650@example.com,03/11/2024,198180.00,USD,refunded,3,US
TX-0000651,C-00651,Liam Smith,liam.smith651@example.com,04/04/2024,154122.00,USD,cancelled,4,CA
TX-0000652,C-00652,Sofia Brown,sofia.brown652@example.com,05/09/2024,2257.00,USD,completed,5,GB
TX-0000653,C-00653,Ethan Wilson,ethan.wilson653@example.com,06/02/2024,213791.00,USD,pending,6,AU
TX-0000654,C-00654,Zoe Garcia,zoe.garcia654@example.com,07/07/2024,151696.00,USD,refunded,7,DE
TX-0000655,C-00655,Mateo Nguyen,mateo.nguyen655@example.com,08/12/2024,157171.00,USD,cancelled,8,us
TX-0000656,C-00656,Ava Patel,ava.patel656@example.com,09/05/2024,23572.00,USD,completed,1,CA
TX-0000657,C-00657,Noah Kim,noah.kim657@example.com,10/10/2024,55131.00,USD,pending,2,GB
TX-0000658,C-00658,Mia Martin,mia.martin658@example.com,11/03/2024,238265.00,USD,refunded,3,AU
TX-0000659,C-00659,Liam Smith,liam.smith659@example.com,12/08/2024,25295.00,USD,cancelled,4,DE
TX-0000660,C-00660,Sofia Brown,sofia.brown660@example.com,01/01/2024,185112.00,USD,completed,5,US
TX-0000661,C-00661,Ethan Wilson,ethan.wilson661@example.com,02/06/2024,235457.00,USD,pending,6,CA
TX-0000662,C-00662,Zoe Garcia,zoe.garcia662@example.com,03/11/2024,170468.00,USD,refunded,7,GB
TX-0000663,C-00663,Mateo Nguyen,mateo.nguyen663@example.com,04/04/2024,37398.00,USD,cancelled,8,AU
TX-0000664,C-00664,Ava Patel,ava.patel664@example.com,05/09/2024,230832.00,USD,completed,1,DE
TX-0000665,C-00665,Noah Kim,noah.kim665@example.com,06/02/2024,150950.00,USD,pending,2,US
TX-0000666,C-00666,Mia Martin,mia.martin666@example.com,07/07/2024,126122.00,USD,refunded,3,CA
TX-0000667,C-00667,Liam Smith,liam.smith667@example.com,08/12/2024,24727.00,USD,cancelled,4,GB
TX-0000668,C-00668,Sofia Brown,sofia.brown668@example.com,09/05/2024,201369.00,USD,completed,5,AU
TX-0000669,C-00669,Ethan Wilson,ethan.wilson669@example.com,10/10/2024,,USD,pending,6,DE
TX-0000670,C-00670,Zoe Garcia,zoe.garcia670@example.com,11/03/2024,92346.00,USD,refunded,7,US
TX-0000671,C-00671,Mateo Nguyen,mateo.nguyen671@example.com,12/08/2024,172694.00,USD,cancelled,8,CA
TX-0000672,C-00672,Ava Patel,ava.patel672@example.com,01/01/2024,133373.00,USD,completed,1,GB
TX-0000673,C-00673,Noah Kim,noah.kim673@example.com,02/06/2024,216008.00,USD,pending,2,AU
TX-0000674,C-00674,Mia Martin,mia.martin674@example.com,03/11/2024,86829.00,USD,refunded,3,DE
TX-0000675,C-00675,Liam Smith,liam.smith675@example.com,04/04/2024,529.00,USD,cancelled,4,US
TX-0000676,C-00676,Sofia Brown,sofia.brown676@example.com,05/09/2024,81472.00,USD,completed,5,CA
TX-0000677,C-00677,Ethan Wilson,ethan.wilson677@example.com,06/02/2024,123602.00,USD,pending,6,GB
TX-0000678,C-00678,  ZOE GARCIA  ,zoe.garcia678@example.com,07/07/2024,164823.00,USD,refunded,7,AU
TX-0000679,C-00679,Mateo Nguyen,,08/12/2024,111751.00,USD,cancelled,8,DE
TX-0000680,C-00680,Ava Patel,ava.patel680@example.com,09/05/2024,180231.00,USD,completed,1,US
TX-0000681,C-00681,Noah Kim,noah.kim681@example.com,10/10/2024,46673.00,USD,pending,2,CA
TX-0000682,C-00682,Mia Martin,mia.martin682@example.com,11/03/2024,49633.00,USD,refunded,3,GB
TX-0000683,C-00683,Liam Smith,liam.smith683@example.com,12/08/2024,111104.00,USD,cancelled,4,AU
TX-0000684,C-00684,Sofia Brown,sofia.brown684@example.com,01/01/2024,150989.00,USD,completed,5,DE
TX-0000685,C-00685,Ethan Wilson,ethan.wilson685@example.com,02/06/2024,5550.00,USD,pending,6,US
TX-0000686,C-00686,Zoe Garcia,zoe.garcia686@example.com,03/11/2024,164333.00,USD,refunded,7,CA
TX-0000687,C-00687,Mateo Nguyen,mateo.nguyen687@example.com,04/04/2024,223654.00,USD,cancelled,8,GB
TX-0000688,C-00688,Ava Patel,ava.patel688@example.com,05/09/2024,62638.00,USD,completed,1,AU
TX-0000689,C-00689,Noah Kim,noah.kim689@example.com,06/02/2024,231973.00,USD,pending,2,DE
TX-0000690,C-00690,Mia Martin,mia.martin690@example.com,07/07/2024,224194.00,USD,refunded,3,US
TX-0000691,C-00691,Liam Smith,liam.smith691@example.com,08/12/2024,214309.00,USD,cancelled,4,CA
TX-0000692,C-00692,Sofia Brown,sofia.brown692@example.com,09/05/2024,98579.00,USD,completed,5,USA
TX-0000693,C-00693,Ethan Wilson,ethan.wilson693@example.com,10/10/2024,45439.00,USD,pending,6,AU
TX-0000694,C-00694,Zoe Garcia,zoe.garcia694@example.com,11/03/2024,10254.00,USD,refunded,7,DE
TX-0000695,C-00695,Mateo Nguyen,mateo.nguyen695@example.com,12/08/2024,235346.00,USD,cancelled,8,US
TX-0000696,C-00696,Ava Patel,ava.patel696@example.com,01/01/2024,107958.00,USD,completed,1,CA
TX-0000697,C-00697,Noah Kim,noah.kim697@example.com,02/06/2024,26956.00,USD,pending,2,GB
TX-0000698,C-00698,Mia Martin,mia.martin698@example.com,03/11/2024,28853.00,USD,refunded,3,AU
TX-0000699,C-00699,Liam Smith,liam.smith699@example.com,04/04/2024,134326.00,USD,cancelled,4,DE
TX-0000700,C-00700,Sofia Brown,sofia.brown700@example.com,05/09/2024,227807.00,USD,completed,5,US
TX-0000701,C-00701,Ethan Wilson,ethan.wilson701@example.com,06/02/2024,172240.00,USD,pending,6,CA
TX-0000702,C-00702,Zoe Garcia,zoe.garcia702@example.com,07/07/2024,17346.00,USD,refunded,7,GB
TX-0000703,C-00703,Mateo Nguyen,mateo.nguyen703@example.com,08/12/2024,70493.00,USD,cancelled,8,AU
TX-0000704,C-00704,Ava Patel,ava.patel704@example.com,09/05/2024,234146.00,USD,completed,1,DE
TX-0000705,C-00705,Noah Kim,noah.kim705@example.com,10/10/2024,221256.00,USD,pending,2,US
TX-0000706,C-00706,Mia Martin,mia.martin706@example.com,11/03/2024,241243.00,USD,refunded,3,CA
TX-0000707,C-00707,Liam Smith,liam.smith707@example.com,12/08/2024,119958.00,USD,cancelled,4,GB
TX-0000708,C-00708,Sofia Brown,sofia.brown708@example.com,01/01/2024,242696.00,USD,completed,5,AU
TX-0000709,C-00709,Ethan Wilson,ethan.wilson709@example.com,02/06/2024,195222.00,USD,pending,6,DE
TX-0000710,C-00710,Zoe Garcia,zoe.garcia710@example.com,03/11/2024,12855.00,USD,refunded,7,US
TX-0000711,C-00711,Mateo Nguyen,mateo.nguyen711@example.com,04/04/2024,113933.00,USD,cancelled,8,CA
TX-0000712,C-00712,Ava Patel,ava.patel.invalid,05/09/2024,157216.00,USD,completed,1,GB
TX-0000713,C-00713,Noah Kim,noah.kim713@example.com,06/02/2024,233069.00,USD,pending,2,AU
TX-0000714,C-00714,Mia Martin,mia.martin714@example.com,07/07/2024,185670.00,USD,refunded,3,DE
TX-0000715,C-00715,Liam Smith,liam.smith715@example.com,08/12/2024,126467.00,USD,cancelled,4,US
TX-0000716,C-00716,Sofia Brown,sofia.brown716@example.com,09/05/2024,130664.00,USD,completed,5,CA
TX-0000717,C-00717,Ethan Wilson,ethan.wilson717@example.com,10/10/2024,99023.00,USD,pending,6,GB
TX-0000718,C-00718,Zoe Garcia,zoe.garcia718@example.com,11/03/2024,1115.00,USD,refunded,7,AU
TX-0000719,C-00719,Mateo Nguyen,mateo.nguyen719@example.com,12/08/2024,66849.00,USD,cancelled,8,DE
TX-0000720,C-00720,Ava Patel,ava.patel720@example.com,01/01/2024,196302.00,USD,completed,1,US
TX-0000721,C-00721,Noah Kim,noah.kim721@example.com,02/06/2024,248278.00,USD,pending,2,CA
TX-0000722,C-00722,Mia Martin,mia.martin722@example.com,03/11/2024,57549.00,USD,refunded,3,GB
TX-0000723,C-00723,Liam Smith,liam.smith723@example.com,04/04/2024,200870.00,USD,cancelled,4,AU
TX-0000724,C-00724,Sofia Brown,sofia.brown724@example.com,05/09/2024,117158.00, USD ,completed,5,DE
TX-0000725,C-00725,Ethan Wilson,ethan.wilson725@example.com,06/02/2024,216222.00,USD,pending,6,US
TX-0000726,C-00726,Zoe Garcia,zoe.garcia726@example.com,07/07/2024,25301.00,USD,refunded,7,CA
TX-0000727,C-00727,Mateo Nguyen,mateo.nguyen727@example.com,08/12/2024,179771.00,USD,cancelled,8,GB
TX-0000728,C-00728,Ava Patel,ava.patel728@example.com,09/05/2024,26989.00,USD,completed,1,AU
TX-0000729,C-00729,Noah Kim,noah.kim729@example.com,10/10/2024,56359.00,USD,pending,2,DE
TX-0000730,C-00730,Mia Martin,mia.martin730@example.com,11/03/2024,108427.00,USD,refunded,3,US
TX-0000731,C-00731,Liam Smith,liam.smith731@example.com,12/08/2024,112168.00,USD,cancelled,4,CA
TX-0000732,C-00732,Sofia Brown,sofia.brown732@example.com,01/01/2024,170125.00,USD,completed,5,GB
TX-0000733,C-00733,Ethan Wilson,ethan.wilson733@example.com,02/06/2024,174223.00,USD,pending,6,AU
TX-0000734,C-00734,Zoe Garcia,zoe.garcia734@example.com,03/11/2024,17397.00,USD,refunded,7,DE
TX-0000735,C-00735,Mateo Nguyen,mateo.nguyen735@example.com,04/04/2024,38187.00,USD,cancelled,8,US
TX-0000736,C-00736,Ava Patel,ava.patel736@example.com,05/09/2024,23392.00,USD,completed,1,CA
TX-0000737,C-00737,Noah Kim,noah.kim737@example.com,06/02/2024,98676.00,USD,pending,2,GB
TX-0000738,C-00738,Mia Martin,mia.martin738@example.com,07/07/2024,244115.00,USD,refunded,3,AU
TX-0000739,C-00739,Liam Smith,liam.smith739@example.com,08/12/2024,138660.00,USD,cancelled,4,DE
TX-0000740,C-00740,Sofia Brown,sofia.brown740@example.com,09/05/2024,124681.00,USD,completed,5,US
TX-0000741,C-00741,Ethan Wilson,ethan.wilson741@example.com,10/10/2024,182847.00,USD,pending,6,CA
TX-0000742,C-00742,Zoe Garcia,zoe.garcia742@example.com,11/03/2024,162922.00,USD,refunded,7,GB
TX-0000743,C-00743,Mateo Nguyen,mateo.nguyen743@example.com,12/08/2024,25127.00,USD,cancelled,8,AU
TX-0000744,C-00744,Ava Patel,ava.patel744@example.com,01/01/2024,43590.00,USD,completed,1,DE
TX-0000745,C-00745,Noah Kim,noah.kim745@example.com,02/06/2024,46955.00,usd,pending,2,US
TX-0000746,C-00746,Mia Martin,mia.martin746@example.com,03/11/2024,129465.00,USD,refunded,3,CA
TX-0000747,C-00747,Liam Smith,liam.smith747@example.com,04/04/2024,210100.00,USD,cancelled,4,GB
TX-0000748,C-00748,Sofia Brown,sofia.brown748@example.com,05/09/2024,87843.00,USD,completed,5,AU
TX-0000749,C-00749,Ethan Wilson,ethan.wilson749@example.com,06/02/2024,178097.00,USD,pending,6,DE
TX-0000750,C-00750,Zoe Garcia,zoe.garcia750@example.com,07/07/2024,226955.00,USD,refunded,7,US
TX-0000751,C-00751,Mateo Nguyen,mateo.nguyen751@example.com,08/12/2024,193492.00,USD,cancelled,8,CA
TX-0000752,C-00752,Ava Patel,ava.patel752@example.com,09/05/2024,124642.00,USD,completed,1,GB
TX-0000753,C-00753,Noah Kim,noah.kim753@example.com,10/10/2024,148990.00,USD,pending,2,AU
TX-0000754,C-00754,Mia Martin,mia.martin754@example.com,11/03/2024,50545.00,USD,refunded,3,DE
TX-0000755,C-00755,Liam Smith,liam.smith755@example.com,12/08/2024,128020.00,USD,cancelled,4,US
TX-0000756,C-00756,Sofia Brown,sofia.brown756@example.com,01/01/2024,216685.00,USD,completed,5,CA
TX-0000757,C-00757,Ethan Wilson,ethan.wilson757@example.com,02/06/2024,220664.00,USD,pending,6,GB
TX-0000758,C-00758,Zoe Garcia,zoe.garcia758@example.com,03/11/2024,105924.00,USD,refunded,7,AU
TX-0000759,C-00759,Mateo Nguyen,mateo.nguyen759@example.com,04/04/2024,96120.00,USD,cancelled,8,DE
TX-0000760,C-00760,Ava Patel,ava.patel760@example.com,05/09/2024,138748.00,USD,completed,1,US
TX-0000761,C-00761,Noah Kim,noah.kim761@example.com,06/02/2024,189206.00,USD,pending,2,CA
TX-0000762,C-00762,mia martin,mia.martin762@example.com,07/07/2024,206248.00,USD,refunded,3,GB
TX-0000763,C-00763,Liam Smith,liam.smith763@example.com,08/12/2024,244767.00,USD,cancelled,4,AU
TX-0000764,C-00764,Sofia Brown,sofia.brown764@example.com,09/05/2024,29782.00,USD,unknown,5,DE
TX-0000765,C-00765,Ethan Wilson,ethan.wilson765@example.com,10/10/2024,239819.00,USD,pending,6,US
TX-0000766,C-00766,Zoe Garcia,zoe.garcia766@example.com,11/03/2024,244446.00,USD,refunded,7,CA
TX-0000767,C-00767,Mateo Nguyen,mateo.nguyen767@example.com,12/08/2024,173587.00,USD,cancelled,8,GB
TX-0000768,C-00768,Ava Patel,ava.patel768@example.com,01/01/2024,54445.00,USD,completed,1,AU
TX-0000769,C-00769,Noah Kim,noah.kim769@example.com,02/06/2024,196335.00,USD,pending,2,DE
TX-0000770,C-00770,Mia Martin,mia.martin770@example.com,03/11/2024,234940.00,USD,refunded,3,US
TX-0000771,C-00771,Liam Smith,liam.smith771@example.com,04/04/2024,114574.00,USD,cancelled,4,CA
TX-0000772,C-00772,Sofia Brown,sofia.brown772@example.com,05/09/2024,103760.00,USD,completed,5,GB
TX-0000773,C-00773,Ethan Wilson,ethan.wilson773@example.com,06/02/2024,158964.00,USD,pending,6,AU
TX-0000774,C-00774,Zoe Garcia,zoe.garcia774@example.com,07/07/2024,165121.00,USD,refunded,7,DE
TX-0000775,C-00775,Mateo Nguyen,mateo.nguyen775@example.com,08/12/2024,55620.00,USD,cancelled,8,US
TX-0000776,C-00776,Ava Patel,,09/05/2024,143651.00,USD,completed,1,CA
TX-0000777,C-00777,Noah Kim,noah.kim777@example.com,10/10/2024,196234.00,USD,pending,2,GB
TX-0000778,C-00778,Mia Martin,mia.martin778@example.com,11/03/2024,249684.00,USD,refunded,3,AU
TX-0000779,C-00779,Liam Smith,liam.smith779@example.com,12/08/2024,123285.00,USD,cancelled,4,DE
TX-0000780,C-00780,Sofia Brown,sofia.brown780@example.com,01/01/2024,117420.00,USD,completed,5,US
TX-0000781,C-00781,Ethan Wilson,ethan.wilson781@example.com,02/06/2024,56350.00,USD,pending,6,CA
TX-0000782,C-00782,Zoe Garcia,zoe.garcia782@example.com,03/11/2024,229142.00,USD,refunded,7,GB
TX-0000783,C-00783,Mateo Nguyen,mateo.nguyen783@example.com,04/04/2024,161573.00,USD,cancelled,8,AU
TX-0000784,C-00784,Ava Patel,ava.patel784@example.com,05/09/2024,231297.00,USD,completed,1,DE
TX-0000785,C-00785,Noah Kim,noah.kim785@example.com,06/02/2024,56796.00,USD,COMPLETE,2,US
TX-0000786,C-00786,Mia Martin,mia.martin786@example.com,07/07/2024,161115.00,USD,refunded,3,ca
TX-0000787,C-00787,Liam Smith,liam.smith787@example.com,08/12/2024,120823.00,USD,cancelled,4,GB
TX-0000788,C-00788,Sofia Brown,sofia.brown788@example.com,09/05/2024,217427.00,USD,completed,5,AU
TX-0000789,C-00789,Ethan Wilson,ethan.wilson789@example.com,10/10/2024,147754.00,USD,pending,6,DE
TX-0000790,C-00790,Zoe Garcia,zoe.garcia790@example.com,11/03/2024,78978.00,USD,refunded,7,US
TX-0000791,C-00791,  MATEO NGUYEN  ,mateo.nguyen791@example.com,12/08/2024,243733.00,USD,cancelled,8,CA
TX-0000792,C-00792,Ava Patel,ava.patel792@example.com,01/01/2024,55317.00,USD,completed,1,GB
TX-0000793,C-00793,Noah Kim,noah.kim793@example.com,02/06/2024,119739.00,USD,pending,2,AU
TX-0000794,C-00794,Mia Martin,mia.martin794@example.com,03/11/2024,23611.00,USD,refunded,3,DE
TX-0000795,C-00795,Liam Smith,liam.smith795@example.com,04/04/2024,169294.00,USD,cancelled,4,US
TX-0000796,C-00796,Sofia Brown,sofia.brown796@example.com,05/09/2024,31793.00,USD,completed,5,CA
TX-0000797,C-00797,Ethan Wilson,ethan.wilson797@example.com,06/02/2024,53174.00,USD,pending,6,GB
TX-0000798,C-00798,Zoe Garcia,zoe.garcia798@example.com,07/07/2024,60287.00,USD,refunded,7,AU
TX-0000799,C-00799,Mateo Nguyen,mateo.nguyen799@example.com,08/12/2024,83078.00,USD,cancelled,8,DE
TX-0000800,C-00800,Ava Patel,ava.patel800@example.com,09/05/2024,16851.00,USD,completed,1,US
TX-0000801,C-00801,Noah Kim,noah.kim.invalid,10/10/2024,171074.00,USD,pending,2,CA
TX-0000802,C-00802,Mia Martin,mia.martin802@example.com,11/03/2024,216179.00,USD,refunded,3,GB
TX-0000803,C-00803,Liam Smith,liam.smith803@example.com,12/08/2024,162906.00,USD,cancelled,4,AU
TX-0000804,C-00804,Sofia Brown,sofia.brown804@example.com,01/01/2024,247138.00,USD,completed,5,DE
TX-0000805,C-00805,Ethan Wilson,ethan.wilson805@example.com,02/06/2024,143130.00,USD,pending,6,US
TX-0000806,C-00806,Zoe Garcia,zoe.garcia806@example.com,03/11/2024,226986.00,USD,refunded,7,CA
TX-0000807,C-00807,Mateo Nguyen,mateo.nguyen807@example.com,04/04/2024,4571.00,USD,cancelled,8,GB
TX-0000808,C-00808,Ava Patel,ava.patel808@example.com,05/09/2024,54707.00,USD,completed,1,AU
TX-0000809,C-00809,Noah Kim,noah.kim809@example.com,06/02/2024,69571.00,USD,pending,2,DE
TX-0000810,C-00810,Mia Martin,mia.martin810@example.com,07/07/2024,26931.00,USD,refunded,3,US
TX-0000811,C-00811,Liam Smith,liam.smith811@example.com,08/12/2024,227759.00,USD,cancelled,4,CA
TX-0000812,C-00812,Sofia Brown,sofia.brown812@example.com,09/05/2024,103567.00,USD,completed,5,GB
TX-0000813,C-00813,Ethan Wilson,ethan.wilson813@example.com,10/10/2024,239201.00,USD,pending,6,AU
TX-0000814,C-00814,Zoe Garcia,zoe.garcia814@example.com,11/03/2024,43444.00,USD,refunded,7,DE
TX-0000815,C-00815,Mateo Nguyen,mateo.nguyen815@example.com,12/08/2024,165820.00,USD,cancelled,8,US
TX-0000816,C-00816,Ava Patel,ava.patel816@example.com,01/01/2024,59240.00,USD,completed,1,CA
TX-0000817,C-00817,Noah Kim,noah.kim817@example.com,02/06/2024,7425.00,USD,pending,2,GB
TX-0000818,C-00818,Mia Martin,mia.martin818@example.com,03/11/2024,142270.00,USD,refunded,3,AU
TX-0000819,C-00819,Liam Smith,liam.smith819@example.com,04/04/2024,115561.00,USD,cancelled,4,DE
TX-0000820,C-00820,Sofia Brown,sofia.brown820@example.com,05/09/2024,85279.00,USD,completed,5,US
TX-0000821,C-00821,Ethan Wilson,ethan.wilson821@example.com,06/02/2024,29248.00,USD,pending,6,CA
TX-0000822,C-00822,Zoe Garcia,zoe.garcia822@example.com,07/07/2024,218603.00,USD,refunded,7,GB
TX-0000823,C-00823,Mateo Nguyen,mateo.nguyen823@example.com,08/12/2024,29679.00,USD,cancelled,8,AU
TX-0000824,C-00824,Ava Patel,ava.patel824@example.com,09/05/2024,60822.00,USD,completed,1,DE
TX-0000825,C-00825,Noah Kim,noah.kim825@example.com,10/10/2024,43620.00,USD,pending,2,US
TX-0000826,C-00826,Mia Martin,mia.martin826@example.com,11/03/2024,106640.00,USD,refunded,3,CA
TX-0000827,C-00827,Liam Smith,liam.smith827@example.com,12/08/2024,179957.00,USD,cancelled,4,GB
TX-0000828,C-00828,Sofia Brown,sofia.brown828@example.com,01/01/2024,205956.00,USD,completed,5,AU
TX-0000829,C-00829,Ethan Wilson,ethan.wilson829@example.com,02/06/2024,152891.00,USD,pending,6,DE
TX-0000830,C-00830,Zoe Garcia,zoe.garcia830@example.com,03/11/2024,157077.00,USD,refunded,7,US
TX-0000831,C-00831,Mateo Nguyen,mateo.nguyen831@example.com,04/04/2024,19505.00,USD,cancelled,8,CA
TX-0000832,C-00832,Ava Patel,ava.patel832@example.com,05/09/2024,188638.00,USD,completed,1,GB
TX-0000833,C-00833,Noah Kim,noah.kim833@example.com,06/02/2024,99337.00,USD,pending,2,AU
TX-0000834,C-00834,Mia Martin,mia.martin834@example.com,07/07/2024,224107.00,USD,refunded,3,DE
TX-0000835,C-00835,Liam Smith,liam.smith835@example.com,08/12/2024,246492.00,USD,cancelled,4,US
TX-0000836,C-00836,Sofia Brown,sofia.brown836@example.com,09/05/2024,231752.00,USD,completed,5,CA
TX-0000837,C-00837,Ethan Wilson,ethan.wilson837@example.com,10/10/2024,14449.00,USD,pending,6,GB
TX-0000838,C-00838,Zoe Garcia,zoe.garcia838@example.com,11/03/2024,234754.00,USD,refunded,7,AU
TX-0000839,C-00839,Mateo Nguyen,mateo.nguyen839@example.com,12/08/2024,105646.00,USD,cancelled,8,DE
TX-0000840,C-00840,Ava Patel,ava.patel840@example.com,01/01/2024,132020.00,USD,completed,1,US
TX-0000841,C-00841,Noah Kim,noah.kim841@example.com,02/06/2024,201190.00,USD,pending,2,CA
TX-0000842,C-00842,Mia Martin,mia.martin842@example.com,03/11/2024,98485.00,USD,refunded,3,GB
TX-0000843,C-00843,Liam Smith,liam.smith843@example.com,04/04/2024,177628.00,USD,cancelled,4,AU
TX-0000844,C-00844,Sofia Brown,sofia.brown844@example.com,05/09/2024,-5145.00,USD,completed,5,DE
TX-0000845,C-00845,Ethan Wilson,ethan.wilson845@example.com,06/02/2024,120989.00,USD,pending,6,US
TX-0000846,C-00846,Zoe Garcia,zoe.garcia846@example.com,07/07/2024,136109.00,USD,refunded,7,CA
TX-0000847,C-00847,Mateo Nguyen,mateo.nguyen847@example.com,08/12/2024,225097.00,USD,cancelled,8,GB
TX-0000848,C-00848,Ava Patel,ava.patel848@example.com,09/05/2024,55763.00,USD,completed,1,AU
TX-0000849,C-00849,Noah Kim,noah.kim849@example.com,10/10/2024,152400.00,USD,pending,2,DE
TX-0000850,C-00850,Mia Martin,mia.martin850@example.com,11/03/2024,212378.00,USD,refunded,3,US
TX-0000851,C-00851,Liam Smith,liam.smith851@example.com,12/08/2024,101818.00,USD,cancelled,4,CA
TX-0000852,C-00852,Sofia Brown,sofia.brown852@example.com,01/01/2024,196287.00,USD,completed,5,GB
TX-0000853,C-00853,Ethan Wilson,ethan.wilson853@example.com,02/06/2024,92017.00,USD,pending,6,AU
TX-0000854,C-00854,Zoe Garcia,zoe.garcia854@example.com,03/11/2024,224095.00,USD,refunded,7,DE
TX-0000855,C-00855,Mateo Nguyen,mateo.nguyen855@example.com,04/04/2024,182313.00,USD,cancelled,8,US
TX-0000856,C-00856,Ava Patel,ava.patel856@example.com,05/09/2024,25287.00,USD,completed,1,CA
TX-0000857,C-00857,Noah Kim,noah.kim857@example.com,06/02/2024,231027.00,USD,pending,2,GB
TX-0000858,C-00858,Mia Martin,mia.martin858@example.com,07/07/2024,69956.00,USD,refunded,3,AU
TX-0000859,C-00859,Liam Smith,liam.smith859@example.com,08/12/2024,204965.00,USD,cancelled,4,DE
TX-0000860,C-00860,Sofia Brown,sofia.brown860@example.com,09/05/2024,162245.00,USD,completed,5,US
TX-0000861,C-00861,Ethan Wilson,ethan.wilson861@example.com,10/10/2024,149998.00,USD,pending,6,CA
TX-0000862,C-00862,Zoe Garcia,zoe.garcia862@example.com,11/03/2024,85346.00,USD,refunded,7,GB
TX-0000863,C-00863,Mateo Nguyen,mateo.nguyen863@example.com,12/08/2024,165105.00,USD,cancelled,8,AU
TX-0000864,C-00864,Ava Patel,ava.patel864@example.com,01/01/2024,236375.00,USD,completed,1,DE
TX-0000865,C-00865,Noah Kim,noah.kim865@example.com,02/06/2024,76005.00,USD,pending,2,USA
TX-0000866,C-00866,Mia Martin,mia.martin866@example.com,03/11/2024,89164.00,USD,refunded,3,CA
TX-0000867,C-00867,Liam Smith,liam.smith867@example.com,04/04/2024,137163.00,USD,cancelled,4,GB
TX-0000868,C-00868,Sofia Brown,sofia.brown868@example.com,05/09/2024,56167.00,USD,completed,5,AU
TX-0000869,C-00869,Ethan Wilson,ethan.wilson869@example.com,06/02/2024,99568.00,USD,pending,6,DE
TX-0000870,C-00870,Zoe Garcia,zoe.garcia870@example.com,07/07/2024,22719.00,USD,refunded,7,US
TX-0000871,C-00871,Mateo Nguyen,mateo.nguyen871@example.com,08/12/2024,1558.00,USD,cancelled,8,CA
TX-0000872,C-00872,Ava Patel,ava.patel872@example.com,09/05/2024,185311.00,USD,completed,1,GB
TX-0000873,C-00873,Noah Kim,,10/10/2024,19749.00,USD,pending,2,AU
TX-0000874,C-00874,Mia Martin,mia.martin874@example.com,11/03/2024,121954.00,USD,refunded,3,DE
TX-0000875,C-00875,Liam Smith,liam.smith875@example.com,12/08/2024,243226.00,USD,cancelled,4,US
TX-0000876,C-00876,Sofia Brown,sofia.brown876@example.com,01/01/2024,196349.00,USD,completed,5,CA
TX-0000877,C-00877,Ethan Wilson,ethan.wilson877@example.com,02/06/2024,24078.00,USD,pending,6,GB
TX-0000878,C-00878,Zoe Garcia,zoe.garcia878@example.com,03/11/2024,72799.00,USD,refunded,7,AU
TX-0000879,C-00879,Mateo Nguyen,mateo.nguyen879@example.com,04/04/2024,17835.00,USD,cancelled,8,DE
TX-0000880,C-00880,Ava Patel,ava.patel880@example.com,05/09/2024,52797.00,USD,completed,1,US
TX-0000881,C-00881,Noah Kim,noah.kim881@example.com,06/02/2024,139026.00,USD,pending,2,CA
TX-0000882,C-00882,Mia Martin,mia.martin882@example.com,07/07/2024,242979.00,USD,refunded,3,GB
TX-0000883,C-00883,Liam Smith,liam.smith883@example.com,08/12/2024,102050.00,USD,cancelled,4,AU
TX-0000884,C-00884,Sofia Brown,sofia.brown884@example.com,09/05/2024,40052.00,USD,completed,5,DE
TX-0000885,C-00885,Ethan Wilson,ethan.wilson885@example.com,10/10/2024,243137.00,USD,pending,6,US
TX-0000886,C-00886,Zoe Garcia,zoe.garcia886@example.com,11/03/2024,206441.00,USD,refunded,7,CA
TX-0000887,C-00887,Mateo Nguyen,mateo.nguyen887@example.com,12/08/2024,135843.00,USD,cancelled,8,GB
TX-0000888,C-00888,Ava Patel,ava.patel888@example.com,01/01/2024,207770.00,USD,completed,1,AU
TX-0000889,C-00889,noah kim,noah.kim889@example.com,02/06/2024,79208.00,USD,pending,2,DE
TX-0000890,C-00890,Mia Martin,mia.martin.invalid,03/11/2024,234284.00,USD,refunded,3,US
TX-0000891,C-00891,Liam Smith,liam.smith891@example.com,04/04/2024,228517.00,USD,cancelled,4,CA
TX-0000892,C-00892,Sofia Brown,sofia.brown892@example.com,05/09/2024,,USD,completed,5,GB
TX-0000893,C-00893,Ethan Wilson,ethan.wilson893@example.com,06/02/2024,157808.00,USD,pending,6,AU
TX-0000894,C-00894,Zoe Garcia,zoe.garcia894@example.com,07/07/2024,2029.00,usd,refunded,7,DE
TX-0000895,C-00895,Mateo Nguyen,mateo.nguyen895@example.com,08/12/2024,245455.00,USD,cancelled,8,US
TX-0000896,C-00896,Ava Patel,ava.patel896@example.com,09/05/2024,119312.00,USD,completed,1,CA
TX-0000897,C-00897,Noah Kim,noah.kim897@example.com,10/10/2024,192839.00,USD,pending,2,GB
TX-0000898,C-00898,Mia Martin,mia.martin898@example.com,11/03/2024,22398.00,USD,refunded,3,AU
TX-0000899,C-00899,Liam Smith,liam.smith899@example.com,12/08/2024,33267.00,USD,cancelled,4,DE
TX-0000900,C-00900,Sofia Brown,sofia.brown900@example.com,01/01/2024,211956.00,USD,completed,5,US
TX-0000901,C-00901,Ethan Wilson,ethan.wilson901@example.com,02/06/2024,230740.00,USD,pending,6,CA
TX-0000902,C-00902,Zoe Garcia,zoe.garcia902@example.com,03/11/2024,69490.00,USD,refunded,7,GB
TX-0000903,C-00903,Mateo Nguyen,mateo.nguyen903@example.com,04/04/2024,189078.00,USD,cancelled,8,AU
TX-0000904,C-00904,  AVA PATEL  ,ava.patel904@example.com,05/09/2024,246121.00,USD,completed,1,DE
TX-0000905,C-00905,Noah Kim,noah.kim905@example.com,06/02/2024,11191.00, USD ,pending,2,US
TX-0000906,C-00906,Mia Martin,mia.martin906@example.com,07/07/2024,96144.00,USD,refunded,3,CA
TX-0000907,C-00907,Liam Smith,liam.smith907@example.com,08/12/2024,8149.00,USD,cancelled,4,GB
TX-0000908,C-00908,Sofia Brown,sofia.brown908@example.com,09/05/2024,117351.00,USD,completed,5,AU
TX-0000909,C-00909,Ethan Wilson,ethan.wilson909@example.com,10/10/2024,118499.00,USD,pending,6,DE
TX-0000910,C-00910,Zoe Garcia,zoe.garcia910@example.com,11/03/2024,123281.00,USD,refunded,7,US
TX-0000911,C-00911,Mateo Nguyen,mateo.nguyen911@example.com,12/08/2024,188214.00,USD,cancelled,8,CA
TX-0000912,C-00912,Ava Patel,ava.patel912@example.com,01/01/2024,207576.00,USD,completed,1,GB
TX-0000913,C-00913,Noah Kim,noah.kim913@example.com,02/06/2024,50248.00,USD,pending,2,AU
TX-0000914,C-00914,Mia Martin,mia.martin914@example.com,03/11/2024,167954.00,USD,refunded,3,DE
TX-0000915,C-00915,Liam Smith,liam.smith915@example.com,04/04/2024,200979.00,USD,cancelled,4,US
TX-0000916,C-00916,Sofia Brown,sofia.brown916@example.com,05/09/2024,174176.00,USD,completed,5,CA
TX-0000917,C-00917,Ethan Wilson,ethan.wilson917@example.com,06/02/2024,7724.00,USD,pending,6,gb
TX-0000918,C-00918,Zoe Garcia,zoe.garcia918@example.com,07/07/2024,247660.00,USD,refunded,7,AU
TX-0000919,C-00919,Mateo Nguyen,mateo.nguyen919@example.com,08/12/2024,218248.00,USD,cancelled,8,DE
TX-0000920,C-00920,Ava Patel,ava.patel920@example.com,09/05/2024,243896.00,USD,completed,1,US
TX-0000921,C-00921,Noah Kim,noah.kim921@example.com,10/10/2024,234569.00,USD,pending,2,CA
TX-0000922,C-00922,Mia Martin,mia.martin922@example.com,11/03/2024,70822.00,USD,refunded,3,GB
TX-0000923,C-00923,Liam Smith,liam.smith923@example.com,12/08/2024,57772.00,USD,cancelled,4,AU
TX-0000924,C-00924,Sofia Brown,sofia.brown924@example.com,01/01/2024,220189.00,USD,completed,5,DE
TX-0000925,C-00925,Ethan Wilson,ethan.wilson925@example.com,02/06/2024,14780.00,USD,pending,6,US
TX-0000926,C-00926,Zoe Garcia,zoe.garcia926@example.com,03/11/2024,39302.00,USD,refunded,7,CA
TX-0000927,C-00927,Mateo Nguyen,mateo.nguyen927@example.com,04/04/2024,172776.00,USD,cancelled,8,GB
TX-0000928,C-00928,Ava Patel,ava.patel928@example.com,05/09/2024,186092.00,USD,completed,1,AU
TX-0000929,C-00929,Noah Kim,noah.kim929@example.com,06/02/2024,222496.00,USD,pending,2,DE
TX-0000930,C-00930,Mia Martin,mia.martin930@example.com,07/07/2024,186087.00,USD,refunded,3,US
TX-0000931,C-00931,Liam Smith,liam.smith931@example.com,08/12/2024,185174.00,USD,cancelled,4,CA
TX-0000932,C-00932,Sofia Brown,sofia.brown932@example.com,09/05/2024,249691.00,USD,completed,5,GB
TX-0000933,C-00933,Ethan Wilson,ethan.wilson933@example.com,10/10/2024,80548.00,USD,pending,6,AU
TX-0000934,C-00934,Zoe Garcia,zoe.garcia934@example.com,11/03/2024,193826.00,USD,refunded,7,DE
TX-0000935,C-00935,Mateo Nguyen,mateo.nguyen935@example.com,12/08/2024,82359.00,USD,cancelled,8,US
TX-0000936,C-00936,Ava Patel,ava.patel936@example.com,01/01/2024,134802.00,USD,completed,1,CA
TX-0000937,C-00937,Noah Kim,noah.kim937@example.com,02/06/2024,22794.00,USD,pending,2,GB
TX-0000938,C-00938,Mia Martin,mia.martin938@example.com,03/11/2024,26485.00,USD,refunded,3,AU
TX-0000939,C-00939,Liam Smith,liam.smith939@example.com,04/04/2024,101110.00,USD,cancelled,4,DE
TX-0000940,C-00940,Sofia Brown,sofia.brown940@example.com,05/09/2024,3406.00,USD,completed,5,US
TX-0000941,C-00941,Ethan Wilson,ethan.wilson941@example.com,06/02/2024,246411.00,USD,pending,6,CA
TX-0000942,C-00942,Zoe Garcia,zoe.garcia942@example.com,07/07/2024,241733.00,USD,COMPLETE,7,GB
TX-0000943,C-00943,Mateo Nguyen,mateo.nguyen943@example.com,08/12/2024,54511.00,USD,cancelled,8,AU
TX-0000944,C-00944,Ava Patel,ava.patel944@example.com,09/05/2024,228715.00,USD,completed,1,DE
TX-0000945,C-00945,Noah Kim,noah.kim945@example.com,10/10/2024,126758.00,USD,pending,2,US
TX-0000946,C-00946,Mia Martin,mia.martin946@example.com,11/03/2024,157522.00,USD,refunded,3,CA
TX-0000947,C-00947,Liam Smith,liam.smith947@example.com,12/08/2024,160247.00,USD,cancelled,4,GB
TX-0000948,C-00948,Sofia Brown,sofia.brown948@example.com,01/01/2024,89546.00,USD,completed,5,AU
TX-0000949,C-00949,Ethan Wilson,ethan.wilson949@example.com,02/06/2024,111086.00,USD,pending,6,DE
TX-0000950,C-00950,Zoe Garcia,zoe.garcia950@example.com,03/11/2024,19738.00,USD,refunded,7,US
TX-0000951,C-00951,Mateo Nguyen,mateo.nguyen951@example.com,04/04/2024,148552.00,USD,cancelled,8,CA
TX-0000952,C-00952,Ava Patel,ava.patel952@example.com,05/09/2024,188495.00,USD,completed,1,GB
TX-0000953,C-00953,Noah Kim,noah.kim953@example.com,06/02/2024,5288.00,USD,pending,2,AU
TX-0000954,C-00954,Mia Martin,mia.martin954@example.com,07/07/2024,203833.00,USD,refunded,3,DE
TX-0000955,C-00955,Liam Smith,liam.smith955@example.com,08/12/2024,229166.00,USD,unknown,4,US
TX-0000956,C-00956,Sofia Brown,sofia.brown956@example.com,09/05/2024,150559.00,USD,completed,5,CA
TX-0000957,C-00957,Ethan Wilson,ethan.wilson957@example.com,10/10/2024,180772.00,USD,pending,6,GB
TX-0000958,C-00958,Zoe Garcia,zoe.garcia958@example.com,11/03/2024,117765.00,USD,refunded,7,AU
TX-0000959,C-00959,Mateo Nguyen,mateo.nguyen959@example.com,12/08/2024,208390.00,USD,cancelled,8,DE
TX-0000960,C-00960,Ava Patel,ava.patel960@example.com,01/01/2024,201464.00,USD,completed,1,US
TX-0000961,C-00961,Noah Kim,noah.kim961@example.com,02/06/2024,61290.00,USD,pending,2,CA
TX-0000962,C-00962,Mia Martin,mia.martin962@example.com,03/11/2024,215897.00,USD,refunded,3,GB
TX-0000963,C-00963,Liam Smith,liam.smith963@example.com,04/04/2024,52523.00,USD,cancelled,4,AU
TX-0000964,C-00964,Sofia Brown,sofia.brown964@example.com,05/09/2024,10815.00,USD,completed,5,DE
TX-0000965,C-00965,Ethan Wilson,ethan.wilson965@example.com,06/02/2024,213361.00,USD,pending,6,US
TX-0000966,C-00966,Zoe Garcia,zoe.garcia966@example.com,07/07/2024,45636.00,USD,refunded,7,CA
TX-0000967,C-00967,Mateo Nguyen,mateo.nguyen967@example.com,08/12/2024,185168.00,USD,cancelled,8,GB
TX-0000968,C-00968,Ava Patel,ava.patel968@example.com,09/05/2024,149128.00,USD,completed,1,AU
TX-0000969,C-00969,Noah Kim,noah.kim969@example.com,10/10/2024,34249.00,USD,pending,2,DE
TX-0000970,C-00970,Mia Martin,,11/03/2024,24457.00,USD,refunded,3,US
TX-0000971,C-00971,Liam Smith,liam.smith971@example.com,12/08/2024,192527.00,USD,cancelled,4,CA
TX-0000972,C-00972,Sofia Brown,sofia.brown972@example.com,01/01/2024,184480.00,USD,completed,5,GB
TX-0000973,C-00973,Ethan Wilson,ethan.wilson973@example.com,02/06/2024,32536.00,USD,pending,6,AU
TX-0000974,C-00974,Zoe Garcia,zoe.garcia974@example.com,03/11/2024,17988.00,USD,refunded,7,DE
TX-0000975,C-00975,Mateo Nguyen,mateo.nguyen975@example.com,04/04/2024,209236.00,USD,cancelled,8,US
TX-0000976,C-00976,Ava Patel,ava.patel976@example.com,05/09/2024,227934.00,USD,completed,1,CA
TX-0000977,C-00977,Noah Kim,noah.kim977@example.com,06/02/2024,103089.00,USD,pending,2,GB
TX-0000978,C-00978,Mia Martin,mia.martin978@example.com,07/07/2024,94242.00,USD,refunded,3,AU
TX-0000979,C-00979,Liam Smith,liam.smith.invalid,08/12/2024,138222.00,USD,cancelled,4,DE
TX-0000980,C-00980,Sofia Brown,sofia.brown980@example.com,09/05/2024,86389.00,USD,completed,5,US
TX-0000981,C-00981,Ethan Wilson,ethan.wilson981@example.com,10/10/2024,186042.00,USD,pending,6,CA
TX-0000982,C-00982,Zoe Garcia,zoe.garcia982@example.com,11/03/2024,130831.00,USD,refunded,7,GB
TX-0000983,C-00983,Mateo Nguyen,mateo.nguyen983@example.com,12/08/2024,147887.00,USD,cancelled,8,AU
TX-0000984,C-00984,Ava Patel,ava.patel984@example.com,01/01/2024,63128.00,USD,completed,1,DE
TX-0000985,C-00985,Noah Kim,noah.kim985@example.com,02/06/2024,85261.00,USD,pending,2,US
TX-0000986,C-00986,Mia Martin,mia.martin986@example.com,03/11/2024,171482.00,USD,refunded,3,CA
TX-0000987,C-00987,Liam Smith,liam.smith987@example.com,04/04/2024,207712.00,USD,cancelled,4,GB
TX-0000988,C-00988,Sofia Brown,sofia.brown988@example.com,05/09/2024,18631.00,USD,completed,5,AU
TX-0000989,C-00989,Ethan Wilson,ethan.wilson989@example.com,06/02/2024,96140.00,USD,pending,6,DE
TX-0000990,C-00990,Zoe Garcia,zoe.garcia990@example.com,07/07/2024,72896.00,USD,refunded,7,US
TX-0000991,C-00991,Mateo Nguyen,mateo.nguyen991@example.com,08/12/2024,177430.00,USD,cancelled,8,CA
TX-0000992,C-00992,Ava Patel,ava.patel992@example.com,09/05/2024,78206.00,USD,completed,1,GB
TX-0000993,C-00993,Noah Kim,noah.kim993@example.com,10/10/2024,158941.00,USD,pending,2,AU
TX-0000994,C-00994,Mia Martin,mia.martin994@example.com,11/03/2024,164918.00,USD,refunded,3,DE
TX-0000995,C-00995,Liam Smith,liam.smith995@example.com,12/08/2024,74549.00,USD,cancelled,4,US
TX-0000996,C-00996,Sofia Brown,sofia.brown996@example.com,01/01/2024,104800.00,USD,completed,5,CA
TX-0000997,C-00997,Ethan Wilson,ethan.wilson997@example.com,02/06/2024,153370.00,USD,pending,6,GB
TX-0000998,C-00998,Zoe Garcia,zoe.garcia998@example.com,03/11/2024,32687.00,USD,refunded,7,AU
TX-0000999,C-00999,Mateo Nguyen,mateo.nguyen999@example.com,04/04/2024,19084.00,USD,cancelled,8,DE
TX-0001000,C-01000,Ava Patel,ava.patel1000@example.com,05/09/2024,67668.00,USD,completed,1,US
TX-0001001,C-01001,Noah Kim,noah.kim1001@example.com,06/02/2024,89646.00,USD,pending,2,CA
TX-0001002,C-01002,Mia Martin,mia.martin1002@example.com,07/07/2024,240766.00,USD,refunded,3,GB
TX-0001003,C-01003,Liam Smith,liam.smith1003@example.com,08/12/2024,21463.00,USD,cancelled,4,AU
TX-0001004,C-01004,Sofia Brown,sofia.brown1004@example.com,09/05/2024,191232.00,USD,completed,5,DE
TX-0001005,C-01005,Ethan Wilson,ethan.wilson1005@example.com,10/10/2024,191451.00,USD,pending,6,US
TX-0001006,C-01006,Zoe Garcia,zoe.garcia1006@example.com,11/03/2024,190416.00,USD,refunded,7,CA
TX-0001007,C-01007,Mateo Nguyen,mateo.nguyen1007@example.com,12/08/2024,76020.00,USD,cancelled,8,GB
TX-0001008,C-01008,Ava Patel,ava.patel1008@example.com,01/01/2024,178094.00,USD,completed,1,AU
TX-0001009,C-01009,Noah Kim,noah.kim1009@example.com,02/06/2024,126353.00,USD,pending,2,DE
TX-0001010,C-01010,Mia Martin,mia.martin1010@example.com,03/11/2024,133926.00,USD,refunded,3,US
TX-0001011,C-01011,Liam Smith,liam.smith1011@example.com,04/04/2024,236834.00,USD,cancelled,4,CA
TX-0001012,C-01012,Sofia Brown,sofia.brown1012@example.com,05/09/2024,107554.00,USD,completed,5,GB
TX-0001013,C-01013,Ethan Wilson,ethan.wilson1013@example.com,06/02/2024,29066.00,USD,pending,6,AU
TX-0001014,C-01014,Zoe Garcia,zoe.garcia1014@example.com,07/07/2024,43925.00,USD,refunded,7,DE
TX-0001015,C-01015,Mateo Nguyen,mateo.nguyen1015@example.com,08/12/2024,5959.00,USD,cancelled,8,US
TX-0001016,C-01016,ava patel,ava.patel1016@example.com,09/05/2024,214154.00,USD,completed,1,CA
TX-0001017,C-01017,  NOAH KIM  ,noah.kim1017@example.com,10/10/2024,124891.00,USD,pending,2,GB
TX-0001018,C-01018,Mia Martin,mia.martin1018@example.com,11/03/2024,233067.00,USD,refunded,3,AU
TX-0001019,C-01019,Liam Smith,liam.smith1019@example.com,12/08/2024,51688.00,USD,cancelled,4,DE
TX-0001020,C-01020,Sofia Brown,sofia.brown1020@example.com,01/01/2024,96371.00,USD,completed,5,US
TX-0001021,C-01021,Ethan Wilson,ethan.wilson1021@example.com,02/06/2024,1544.00,USD,pending,6,CA
TX-0001022,C-01022,Zoe Garcia,zoe.garcia1022@example.com,03/11/2024,142777.00,USD,refunded,7,GB
TX-0001023,C-01023,Mateo Nguyen,mateo.nguyen1023@example.com,04/04/2024,5257.00,USD,cancelled,8,AU
TX-0001024,C-01024,Ava Patel,ava.patel1024@example.com,05/09/2024,137461.00,USD,completed,1,DE
TX-0001025,C-01025,Noah Kim,noah.kim1025@example.com,06/02/2024,213093.00,USD,pending,2,US
TX-0001026,C-01026,Mia Martin,mia.martin1026@example.com,07/07/2024,248133.00,USD,refunded,3,CA
TX-0001027,C-01027,Liam Smith,liam.smith1027@example.com,08/12/2024,123398.00,USD,cancelled,4,GB
TX-0001028,C-01028,Sofia Brown,sofia.brown1028@example.com,09/05/2024,50911.00,USD,completed,5,AU
TX-0001029,C-01029,Ethan Wilson,ethan.wilson1029@example.com,10/10/2024,25891.00,USD,pending,6,DE
TX-0001030,C-01030,Zoe Garcia,zoe.garcia1030@example.com,11/03/2024,34515.00,USD,refunded,7,US
TX-0001031,C-01031,Mateo Nguyen,mateo.nguyen1031@example.com,12/08/2024,91947.00,USD,cancelled,8,CA
TX-0001032,C-01032,Ava Patel,ava.patel1032@example.com,01/01/2024,153544.00,USD,completed,1,GB
TX-0001033,C-01033,Noah Kim,noah.kim1033@example.com,02/06/2024,204177.00,USD,pending,2,AU
TX-0001034,C-01034,Mia Martin,mia.martin1034@example.com,03/11/2024,225174.00,USD,refunded,3,DE
TX-0001035,C-01035,Liam Smith,liam.smith1035@example.com,04/04/2024,60851.00,USD,cancelled,4,US
TX-0001036,C-01036,Sofia Brown,sofia.brown1036@example.com,05/09/2024,121798.00,USD,completed,5,CA
TX-0001037,C-01037,Ethan Wilson,ethan.wilson1037@example.com,06/02/2024,243863.00,USD,pending,6,GB
TX-0001038,C-01038,Zoe Garcia,zoe.garcia1038@example.com,07/07/2024,56886.00,USD,refunded,7,USA
TX-0001039,C-01039,Mateo Nguyen,mateo.nguyen1039@example.com,08/12/2024,967.00,USD,cancelled,8,DE
TX-0001040,C-01040,Ava Patel,ava.patel1040@example.com,09/05/2024,91305.00,USD,completed,1,US
TX-0001041,C-01041,Noah Kim,noah.kim1041@example.com,10/10/2024,46608.00,USD,pending,2,CA
TX-0001042,C-01042,Mia Martin,mia.martin1042@example.com,11/03/2024,137245.00,USD,refunded,3,GB
TX-0001043,C-01043,Liam Smith,liam.smith1043@example.com,12/08/2024,236697.00,usd,cancelled,4,AU
TX-0001044,C-01044,Sofia Brown,sofia.brown1044@example.com,01/01/2024,42038.00,USD,completed,5,DE
TX-0001045,C-01045,Ethan Wilson,ethan.wilson1045@example.com,02/06/2024,225055.00,USD,pending,6,US
TX-0001046,C-01046,Zoe Garcia,zoe.garcia1046@example.com,03/11/2024,45169.00,USD,refunded,7,CA
TX-0001047,C-01047,Mateo Nguyen,mateo.nguyen1047@example.com,04/04/2024,53803.00,USD,cancelled,8,GB
TX-0001048,C-01048,Ava Patel,ava.patel1048@example.com,05/09/2024,75427.00,USD,completed,1,au
TX-0001049,C-01049,Noah Kim,noah.kim1049@example.com,06/02/2024,208083.00,USD,pending,2,DE
TX-0001050,C-01050,Mia Martin,mia.martin1050@example.com,07/07/2024,236218.00,USD,refunded,3,US
TX-0001051,C-01051,Liam Smith,liam.smith1051@example.com,08/12/2024,158919.00,USD,cancelled,4,CA
TX-0001052,C-01052,Sofia Brown,sofia.brown1052@example.com,09/05/2024,185678.00,USD,completed,5,GB
TX-0001053,C-01053,Ethan Wilson,ethan.wilson1053@example.com,10/10/2024,201278.00,USD,pending,6,AU
TX-0001054,C-01054,Zoe Garcia,zoe.garcia1054@example.com,11/03/2024,118289.00,USD,refunded,7,DE
TX-0001055,C-01055,Mateo Nguyen,mateo.nguyen1055@example.com,12/08/2024,-9157.00,USD,cancelled,8,US
TX-0001056,C-01056,Ava Patel,ava.patel1056@example.com,01/01/2024,49648.00,USD,completed,1,CA
TX-0001057,C-01057,Noah Kim,noah.kim1057@example.com,02/06/2024,181286.00,USD,pending,2,GB
TX-0001058,C-01058,Mia Martin,mia.martin1058@example.com,03/11/2024,66743.00,USD,refunded,3,AU
TX-0001059,C-01059,Liam Smith,liam.smith1059@example.com,04/04/2024,70293.00,USD,cancelled,4,DE
TX-0001060,C-01060,Sofia Brown,sofia.brown1060@example.com,05/09/2024,138206.00,USD,completed,5,US
TX-0001061,C-01061,Ethan Wilson,ethan.wilson1061@example.com,06/02/2024,245194.00,USD,pending,6,CA
TX-0001062,C-01062,Zoe Garcia,zoe.garcia1062@example.com,07/07/2024,178711.00,USD,refunded,7,GB
TX-0001063,C-01063,Mateo Nguyen,mateo.nguyen1063@example.com,08/12/2024,241244.00,USD,cancelled,8,AU
TX-0001064,C-01064,Ava Patel,ava.patel1064@example.com,09/05/2024,75770.00,USD,completed,1,DE
TX-0001065,C-01065,Noah Kim,noah.kim1065@example.com,10/10/2024,77525.00,USD,pending,2,US
TX-0001066,C-01066,Mia Martin,mia.martin1066@example.com,11/03/2024,30972.00,USD,refunded,3,CA
TX-0001067,C-01067,Liam Smith,,12/08/2024,158857.00,USD,cancelled,4,GB
TX-0001068,C-01068,Sofia Brown,sofia.brown.invalid,01/01/2024,115657.00,USD,completed,5,AU
TX-0001069,C-01069,Ethan Wilson,ethan.wilson1069@example.com,02/06/2024,6789.00,USD,pending,6,DE
TX-0001070,C-01070,Zoe Garcia,zoe.garcia1070@example.com,03/11/2024,240994.00,USD,refunded,7,US
TX-0001071,C-01071,Mateo Nguyen,mateo.nguyen1071@example.com,04/04/2024,216526.00,USD,cancelled,8,CA
TX-0001072,C-01072,Ava Patel,ava.patel1072@example.com,05/09/2024,49633.00,USD,completed,1,GB
TX-0001073,C-01073,Noah Kim,noah.kim1073@example.com,06/02/2024,221473.00,USD,pending,2,AU
TX-0001074,C-01074,Mia Martin,mia.martin1074@example.com,07/07/2024,144779.00,USD,refunded,3,DE
TX-0001075,C-01075,Liam Smith,liam.smith1075@example.com,08/12/2024,38292.00,USD,cancelled,4,US
TX-0001076,C-01076,Sofia Brown,sofia.brown1076@example.com,09/05/2024,159906.00,USD,completed,5,CA
TX-0001077,C-01077,Ethan Wilson,ethan.wilson1077@example.com,10/10/2024,105097.00,USD,pending,6,GB
TX-0001078,C-01078,Zoe Garcia,zoe.garcia1078@example.com,11/03/2024,106778.00,USD,refunded,7,AU
TX-0001079,C-01079,Mateo Nguyen,mateo.nguyen1079@example.com,12/08/2024,212055.00,USD,cancelled,8,DE
TX-0001080,C-01080,Ava Patel,ava.patel1080@example.com,01/01/2024,69039.00,USD,completed,1,US
TX-0001081,C-01081,Noah Kim,noah.kim1081@example.com,02/06/2024,196307.00,USD,pending,2,CA
TX-0001082,C-01082,Mia Martin,mia.martin1082@example.com,03/11/2024,60909.00,USD,refunded,3,GB
TX-0001083,C-01083,Liam Smith,liam.smith1083@example.com,04/04/2024,33361.00,USD,cancelled,4,AU
TX-0001084,C-01084,Sofia Brown,sofia.brown1084@example.com,05/09/2024,177711.00,USD,completed,5,DE
TX-0001085,C-01085,Ethan Wilson,ethan.wilson1085@example.com,06/02/2024,73837.00,USD,pending,6,US
TX-0001086,C-01086,Zoe Garcia,zoe.garcia1086@example.com,07/07/2024,213459.00, USD ,refunded,7,CA
TX-0001087,C-01087,Mateo Nguyen,mateo.nguyen1087@example.com,08/12/2024,220142.00,USD,cancelled,8,GB
TX-0001088,C-01088,Ava Patel,ava.patel1088@example.com,09/05/2024,126012.00,USD,completed,1,AU
TX-0001089,C-01089,Noah Kim,noah.kim1089@example.com,10/10/2024,90720.00,USD,pending,2,DE
TX-0001090,C-01090,Mia Martin,mia.martin1090@example.com,11/03/2024,54680.00,USD,refunded,3,US
TX-0001091,C-01091,Liam Smith,liam.smith1091@example.com,12/08/2024,42193.00,USD,cancelled,4,CA
TX-0001092,C-01092,Sofia Brown,sofia.brown1092@example.com,01/01/2024,76294.00,USD,completed,5,GB
TX-0001093,C-01093,Ethan Wilson,ethan.wilson1093@example.com,02/06/2024,135329.00,USD,pending,6,AU
TX-0001094,C-01094,Zoe Garcia,zoe.garcia1094@example.com,03/11/2024,66342.00,USD,refunded,7,DE
TX-0001095,C-01095,Mateo Nguyen,mateo.nguyen1095@example.com,04/04/2024,215293.00,USD,cancelled,8,US
TX-0001096,C-01096,Ava Patel,ava.patel1096@example.com,05/09/2024,182800.00,USD,completed,1,CA
TX-0001097,C-01097,Noah Kim,noah.kim1097@example.com,06/02/2024,111585.00,USD,pending,2,GB
TX-0001098,C-01098,Mia Martin,mia.martin1098@example.com,07/07/2024,65984.00,USD,refunded,3,AU
TX-0001099,C-01099,Liam Smith,liam.smith1099@example.com,08/12/2024,236724.00,USD,COMPLETE,4,DE
TX-0001100,C-01100,Sofia Brown,sofia.brown1100@example.com,09/05/2024,1850.00,USD,completed,5,US
TX-0001101,C-01101,Ethan Wilson,ethan.wilson1101@example.com,10/10/2024,114172.00,USD,pending,6,CA
TX-0001102,C-01102,Zoe Garcia,zoe.garcia1102@example.com,11/03/2024,188263.00,USD,refunded,7,GB
TX-0001103,C-01103,Mateo Nguyen,mateo.nguyen1103@example.com,12/08/2024,50111.00,USD,cancelled,8,AU
TX-0001104,C-01104,Ava Patel,ava.patel1104@example.com,01/01/2024,129939.00,USD,completed,1,DE
TX-0001105,C-01105,Noah Kim,noah.kim1105@example.com,02/06/2024,238249.00,USD,pending,2,US
TX-0001106,C-01106,Mia Martin,mia.martin1106@example.com,03/11/2024,210629.00,USD,refunded,3,CA
TX-0001107,C-01107,Liam Smith,liam.smith1107@example.com,04/04/2024,203528.00,USD,cancelled,4,GB
TX-0001108,C-01108,Sofia Brown,sofia.brown1108@example.com,05/09/2024,198383.00,USD,completed,5,AU
TX-0001109,C-01109,Ethan Wilson,ethan.wilson1109@example.com,06/02/2024,65660.00,USD,pending,6,DE
TX-0001110,C-01110,Zoe Garcia,zoe.garcia1110@example.com,07/07/2024,145358.00,USD,refunded,7,US
TX-0001111,C-01111,Mateo Nguyen,mateo.nguyen1111@example.com,08/12/2024,238912.00,USD,cancelled,8,CA
TX-0001112,C-01112,Ava Patel,ava.patel1112@example.com,09/05/2024,191816.00,USD,completed,1,GB
TX-0001113,C-01113,Noah Kim,noah.kim1113@example.com,10/10/2024,75895.00,USD,pending,2,AU
TX-0001114,C-01114,Mia Martin,mia.martin1114@example.com,11/03/2024,164955.00,USD,refunded,3,DE
TX-0001115,C-01115,Liam Smith,liam.smith1115@example.com,12/08/2024,,USD,cancelled,4,US
TX-0001116,C-01116,Sofia Brown,sofia.brown1116@example.com,01/01/2024,145991.00,USD,completed,5,CA
TX-0001117,C-01117,Ethan Wilson,ethan.wilson1117@example.com,02/06/2024,105288.00,USD,pending,6,GB
TX-0001118,C-01118,Zoe Garcia,zoe.garcia1118@example.com,03/11/2024,169012.00,USD,refunded,7,AU
TX-0001119,C-01119,Mateo Nguyen,mateo.nguyen1119@example.com,04/04/2024,53374.00,USD,cancelled,8,DE
TX-0001120,C-01120,Ava Patel,ava.patel1120@example.com,05/09/2024,249657.00,USD,completed,1,US
TX-0001121,C-01121,Noah Kim,noah.kim1121@example.com,06/02/2024,200158.00,USD,pending,2,CA
TX-0001122,C-01122,Mia Martin,mia.martin1122@example.com,07/07/2024,21456.00,USD,refunded,3,GB
TX-0001123,C-01123,Liam Smith,liam.smith1123@example.com,08/12/2024,220699.00,USD,cancelled,4,AU
TX-0001124,C-01124,Sofia Brown,sofia.brown1124@example.com,09/05/2024,160554.00,USD,completed,5,DE
TX-0001125,C-01125,Ethan Wilson,ethan.wilson1125@example.com,10/10/2024,169005.00,USD,pending,6,US
TX-0001126,C-01126,Zoe Garcia,zoe.garcia1126@example.com,11/03/2024,249188.00,USD,refunded,7,CA
TX-0001127,C-01127,Mateo Nguyen,mateo.nguyen1127@example.com,12/08/2024,5465.00,USD,cancelled,8,GB
TX-0001128,C-01128,Ava Patel,ava.patel1128@example.com,01/01/2024,227764.00,USD,completed,1,AU
TX-0001129,C-01129,Noah Kim,noah.kim1129@example.com,02/06/2024,130980.00,USD,pending,2,DE
TX-0001130,C-01130,  MIA MARTIN  ,mia.martin1130@example.com,03/11/2024,244935.00,USD,refunded,3,US
TX-0001131,C-01131,Liam Smith,liam.smith1131@example.com,04/04/2024,166377.00,USD,cancelled,4,CA
TX-0001132,C-01132,Sofia Brown,sofia.brown1132@example.com,05/09/2024,23896.00,USD,completed,5,GB
TX-0001133,C-01133,Ethan Wilson,ethan.wilson1133@example.com,06/02/2024,163410.00,USD,pending,6,AU
TX-0001134,C-01134,Zoe Garcia,zoe.garcia1134@example.com,07/07/2024,68148.00,USD,refunded,7,DE
TX-0001135,C-01135,Mateo Nguyen,mateo.nguyen1135@example.com,08/12/2024,117864.00,USD,cancelled,8,US
TX-0001136,C-01136,Ava Patel,ava.patel1136@example.com,09/05/2024,114336.00,USD,completed,1,CA
TX-0001137,C-01137,Noah Kim,noah.kim1137@example.com,10/10/2024,77291.00,USD,pending,2,GB
TX-0001138,C-01138,Mia Martin,mia.martin1138@example.com,11/03/2024,101389.00,USD,refunded,3,AU
TX-0001139,C-01139,Liam Smith,liam.smith1139@example.com,12/08/2024,31463.00,USD,cancelled,4,DE
TX-0001140,C-01140,Sofia Brown,sofia.brown1140@example.com,01/01/2024,97152.00,USD,completed,5,US
TX-0001141,C-01141,Ethan Wilson,ethan.wilson1141@example.com,02/06/2024,116387.00,USD,pending,6,CA
TX-0001142,C-01142,Zoe Garcia,zoe.garcia1142@example.com,03/11/2024,46514.00,USD,refunded,7,GB
TX-0001143,C-01143,mateo nguyen,mateo.nguyen1143@example.com,04/04/2024,151772.00,USD,cancelled,8,AU
TX-0001144,C-01144,Ava Patel,ava.patel1144@example.com,05/09/2024,210490.00,USD,completed,1,DE
TX-0001145,C-01145,Noah Kim,noah.kim1145@example.com,06/02/2024,159356.00,USD,pending,2,US
TX-0001146,C-01146,Mia Martin,mia.martin1146@example.com,07/07/2024,219590.00,USD,unknown,3,CA
TX-0001147,C-01147,Liam Smith,liam.smith1147@example.com,08/12/2024,114605.00,USD,cancelled,4,GB
TX-0001148,C-01148,Sofia Brown,sofia.brown1148@example.com,09/05/2024,123536.00,USD,completed,5,AU
TX-0001149,C-01149,Ethan Wilson,ethan.wilson1149@example.com,10/10/2024,93302.00,USD,pending,6,DE
TX-0001150,C-01150,Zoe Garcia,zoe.garcia1150@example.com,11/03/2024,112842.00,USD,refunded,7,US
TX-0001151,C-01151,Mateo Nguyen,mateo.nguyen1151@example.com,12/08/2024,21533.00,USD,cancelled,8,CA
TX-0001152,C-01152,Ava Patel,ava.patel1152@example.com,01/01/2024,246701.00,USD,completed,1,GB
TX-0001153,C-01153,Noah Kim,noah.kim1153@example.com,02/06/2024,72288.00,USD,pending,2,AU
TX-0001154,C-01154,Mia Martin,mia.martin1154@example.com,03/11/2024,174766.00,USD,refunded,3,DE
TX-0001155,C-01155,Liam Smith,liam.smith1155@example.com,04/04/2024,156417.00,USD,cancelled,4,US
TX-0001156,C-01156,Sofia Brown,sofia.brown1156@example.com,05/09/2024,27817.00,USD,completed,5,CA
TX-0001157,C-01157,Ethan Wilson,ethan.wilson.invalid,06/02/2024,141757.00,USD,pending,6,GB
TX-0001158,C-01158,Zoe Garcia,zoe.garcia1158@example.com,07/07/2024,5717.00,USD,refunded,7,AU
TX-0001159,C-01159,Mateo Nguyen,mateo.nguyen1159@example.com,08/12/2024,155536.00,USD,cancelled,8,DE
TX-0001160,C-01160,Ava Patel,ava.patel1160@example.com,09/05/2024,2990.00,USD,completed,1,US
TX-0001161,C-01161,Noah Kim,noah.kim1161@example.com,10/10/2024,167420.00,USD,pending,2,CA
TX-0001162,C-01162,Mia Martin,mia.martin1162@example.com,11/03/2024,7551.00,USD,refunded,3,GB
TX-0001163,C-01163,Liam Smith,liam.smith1163@example.com,12/08/2024,82548.00,USD,cancelled,4,AU
TX-0001164,C-01164,Sofia Brown,,01/01/2024,207442.00,USD,completed,5,DE
TX-0001165,C-01165,Ethan Wilson,ethan.wilson1165@example.com,02/06/2024,181346.00,USD,pending,6,US
TX-0001166,C-01166,Zoe Garcia,zoe.garcia1166@example.com,03/11/2024,56346.00,USD,refunded,7,CA
TX-0001167,C-01167,Mateo Nguyen,mateo.nguyen1167@example.com,04/04/2024,111808.00,USD,cancelled,8,GB
TX-0001168,C-01168,Ava Patel,ava.patel1168@example.com,05/09/2024,160769.00,USD,completed,1,AU
TX-0001169,C-01169,Noah Kim,noah.kim1169@example.com,06/02/2024,169891.00,USD,pending,2,DE
TX-0001170,C-01170,Mia Martin,mia.martin1170@example.com,07/07/2024,197491.00,USD,refunded,3,US
TX-0001171,C-01171,Liam Smith,liam.smith1171@example.com,08/12/2024,239317.00,USD,cancelled,4,CA
TX-0001172,C-01172,Sofia Brown,sofia.brown1172@example.com,09/05/2024,1477.00,USD,completed,5,GB
TX-0001173,C-01173,Ethan Wilson,ethan.wilson1173@example.com,10/10/2024,16450.00,USD,pending,6,AU
TX-0001174,C-01174,Zoe Garcia,zoe.garcia1174@example.com,11/03/2024,103067.00,USD,refunded,7,DE
TX-0001175,C-01175,Mateo Nguyen,mateo.nguyen1175@example.com,12/08/2024,108518.00,USD,cancelled,8,US
TX-0001176,C-01176,Ava Patel,ava.patel1176@example.com,01/01/2024,7658.00,USD,completed,1,CA
TX-0001177,C-01177,Noah Kim,noah.kim1177@example.com,02/06/2024,111739.00,USD,pending,2,GB
TX-0001178,C-01178,Mia Martin,mia.martin1178@example.com,03/11/2024,84300.00,USD,refunded,3,AU
TX-0001179,C-01179,Liam Smith,liam.smith1179@example.com,04/04/2024,94724.00,USD,cancelled,4,de
TX-0001180,C-01180,Sofia Brown,sofia.brown1180@example.com,05/09/2024,172264.00,USD,completed,5,US
TX-0001181,C-01181,Ethan Wilson,ethan.wilson1181@example.com,06/02/2024,177110.00,USD,pending,6,CA
TX-0001182,C-01182,Zoe Garcia,zoe.garcia1182@example.com,07/07/2024,85054.00,USD,refunded,7,GB
TX-0001183,C-01183,Mateo Nguyen,mateo.nguyen1183@example.com,08/12/2024,121854.00,USD,cancelled,8,AU
TX-0001184,C-01184,Ava Patel,ava.patel1184@example.com,09/05/2024,85192.00,USD,completed,1,DE
TX-0001185,C-01185,Noah Kim,noah.kim1185@example.com,10/10/2024,651.00,USD,pending,2,US
TX-0001186,C-01186,Mia Martin,mia.martin1186@example.com,11/03/2024,173509.00,USD,refunded,3,CA
TX-0001187,C-01187,Liam Smith,liam.smith1187@example.com,12/08/2024,146133.00,USD,cancelled,4,GB
TX-0001188,C-01188,Sofia Brown,sofia.brown1188@example.com,01/01/2024,40717.00,USD,completed,5,AU
TX-0001189,C-01189,Ethan Wilson,ethan.wilson1189@example.com,02/06/2024,147247.00,USD,pending,6,DE
TX-0001190,C-01190,Zoe Garcia,zoe.garcia1190@example.com,03/11/2024,184905.00,USD,refunded,7,US
TX-0001191,C-01191,Mateo Nguyen,mateo.nguyen1191@example.com,04/04/2024,143743.00,USD,cancelled,8,CA
TX-0001192,C-01192,Ava Patel,ava.patel1192@example.com,05/09/2024,18932.00,usd,completed,1,GB
TX-0001193,C-01193,Noah Kim,noah.kim1193@example.com,06/02/2024,147132.00,USD,pending,2,AU
TX-0001194,C-01194,Mia Martin,mia.martin1194@example.com,07/07/2024,107103.00,USD,refunded,3,DE
TX-0001195,C-01195,Liam Smith,liam.smith1195@example.com,08/12/2024,126814.00,USD,cancelled,4,US
TX-0001196,C-01196,Sofia Brown,sofia.brown1196@example.com,09/05/2024,150926.00,USD,completed,5,CA
TX-0001197,C-01197,Ethan Wilson,ethan.wilson1197@example.com,10/10/2024,225389.00,USD,pending,6,GB
TX-0001198,C-01198,Zoe Garcia,zoe.garcia1198@example.com,11/03/2024,155813.00,USD,refunded,7,AU
TX-0001199,C-01199,Mateo Nguyen,mateo.nguyen1199@example.com,12/08/2024,200999.00,USD,cancelled,8,DE
TX-0001200,C-01200,Ava Patel,ava.patel1200@example.com,01/01/2024,87877.00,USD,completed,1,US
TX-0001201,C-01201,Noah Kim,noah.kim1201@example.com,02/06/2024,88164.00,USD,pending,2,CA
TX-0001202,C-01202,Mia Martin,mia.martin1202@example.com,03/11/2024,219825.00,USD,refunded,3,GB
TX-0001203,C-01203,Liam Smith,liam.smith1203@example.com,04/04/2024,54959.00,USD,cancelled,4,AU
TX-0001204,C-01204,Sofia Brown,sofia.brown1204@example.com,05/09/2024,173823.00,USD,completed,5,DE
TX-0001205,C-01205,Ethan Wilson,ethan.wilson1205@example.com,06/02/2024,20486.00,USD,pending,6,US
TX-0001206,C-01206,Zoe Garcia,zoe.garcia1206@example.com,07/07/2024,183947.00,USD,refunded,7,CA
TX-0001207,C-01207,Mateo Nguyen,mateo.nguyen1207@example.com,08/12/2024,217474.00,USD,cancelled,8,GB
TX-0001208,C-01208,Ava Patel,ava.patel1208@example.com,09/05/2024,177932.00,USD,completed,1,AU
TX-0001209,C-01209,Noah Kim,noah.kim1209@example.com,10/10/2024,249207.00,USD,pending,2,DE
TX-0001210,C-01210,Mia Martin,mia.martin1210@example.com,11/03/2024,39378.00,USD,refunded,3,US
TX-0001211,C-01211,Liam Smith,liam.smith1211@example.com,12/08/2024,186160.00,USD,cancelled,4,USA
TX-0001212,C-01212,Sofia Brown,sofia.brown1212@example.com,01/01/2024,98362.00,USD,completed,5,GB
TX-0001213,C-01213,Ethan Wilson,ethan.wilson1213@example.com,02/06/2024,162415.00,USD,pending,6,AU
TX-0001214,C-01214,Zoe Garcia,zoe.garcia1214@example.com,03/11/2024,119406.00,USD,refunded,7,DE
TX-0001215,C-01215,Mateo Nguyen,mateo.nguyen1215@example.com,04/04/2024,233583.00,USD,cancelled,8,US
TX-0001216,C-01216,Ava Patel,ava.patel1216@example.com,05/09/2024,153050.00,USD,completed,1,CA
TX-0001217,C-01217,Noah Kim,noah.kim1217@example.com,06/02/2024,6700.00,USD,pending,2,GB
TX-0001218,C-01218,Mia Martin,mia.martin1218@example.com,07/07/2024,107914.00,USD,refunded,3,AU
TX-0001219,C-01219,Liam Smith,liam.smith1219@example.com,08/12/2024,116682.00,USD,cancelled,4,DE
TX-0001220,C-01220,Sofia Brown,sofia.brown1220@example.com,09/05/2024,188516.00,USD,completed,5,US
TX-0001221,C-01221,Ethan Wilson,ethan.wilson1221@example.com,10/10/2024,107417.00,USD,pending,6,CA
TX-0001222,C-01222,Zoe Garcia,zoe.garcia1222@example.com,11/03/2024,5496.00,USD,refunded,7,GB
TX-0001223,C-01223,Mateo Nguyen,mateo.nguyen1223@example.com,12/08/2024,138953.00,USD,cancelled,8,AU
TX-0001224,C-01224,Ava Patel,ava.patel1224@example.com,01/01/2024,159497.00,USD,completed,1,DE
TX-0001225,C-01225,Noah Kim,noah.kim1225@example.com,02/06/2024,127716.00,USD,pending,2,US
TX-0001226,C-01226,Mia Martin,mia.martin1226@example.com,03/11/2024,247662.00,USD,refunded,3,CA
TX-0001227,C-01227,Liam Smith,liam.smith1227@example.com,04/04/2024,40464.00,USD,cancelled,4,GB
TX-0001228,C-01228,Sofia Brown,sofia.brown1228@example.com,05/09/2024,217958.00,USD,completed,5,AU
TX-0001229,C-01229,Ethan Wilson,ethan.wilson1229@example.com,06/02/2024,55949.00,USD,pending,6,DE
TX-0001230,C-01230,Zoe Garcia,zoe.garcia1230@example.com,07/07/2024,214452.00,USD,refunded,7,US
TX-0001231,C-01231,Mateo Nguyen,mateo.nguyen1231@example.com,08/12/2024,209852.00,USD,cancelled,8,CA
TX-0001232,C-01232,Ava Patel,ava.patel1232@example.com,09/05/2024,34816.00,USD,completed,1,GB
TX-0001233,C-01233,Noah Kim,noah.kim1233@example.com,10/10/2024,118893.00,USD,pending,2,AU
TX-0001234,C-01234,Mia Martin,mia.martin1234@example.com,11/03/2024,7311.00,USD,refunded,3,DE
TX-0001235,C-01235,Liam Smith,liam.smith1235@example.com,12/08/2024,106143.00,USD,cancelled,4,US
TX-0001236,C-01236,Sofia Brown,sofia.brown1236@example.com,01/01/2024,231309.00,USD,completed,5,CA
TX-0001237,C-01237,Ethan Wilson,ethan.wilson1237@example.com,02/06/2024,68356.00,USD,pending,6,GB
TX-0001238,C-01238,Zoe Garcia,zoe.garcia1238@example.com,03/11/2024,198778.00,USD,refunded,7,AU
TX-0001239,C-01239,Mateo Nguyen,mateo.nguyen1239@example.com,04/04/2024,229588.00,USD,cancelled,8,DE
TX-0001240,C-01240,Ava Patel,ava.patel1240@example.com,05/09/2024,216877.00,USD,completed,1,US
TX-0001241,C-01241,Noah Kim,noah.kim1241@example.com,06/02/2024,89272.00,USD,pending,2,CA
TX-0001242,C-01242,Mia Martin,mia.martin1242@example.com,07/07/2024,178259.00,USD,refunded,3,GB
TX-0001243,C-01243,  LIAM SMITH  ,liam.smith1243@example.com,08/12/2024,6169.00,USD,cancelled,4,AU
TX-0001244,C-01244,Sofia Brown,sofia.brown1244@example.com,09/05/2024,238942.00,USD,completed,5,DE
TX-0001245,C-01245,Ethan Wilson,ethan.wilson1245@example.com,10/10/2024,232924.00,USD,pending,6,US
TX-0001246,C-01246,Zoe Garcia,zoe.garcia.invalid,11/03/2024,156065.00,USD,refunded,7,CA
TX-0001247,C-01247,Mateo Nguyen,mateo.nguyen1247@example.com,12/08/2024,83489.00,USD,cancelled,8,GB
TX-0001248,C-01248,Ava Patel,ava.patel1248@example.com,01/01/2024,23910.00,USD,completed,1,AU
TX-0001249,C-01249,Noah Kim,noah.kim1249@example.com,02/06/2024,9482.00,USD,pending,2,DE
TX-0001250,C-01250,Mia Martin,mia.martin1250@example.com,03/11/2024,91589.00,USD,refunded,3,US
TX-0001251,C-01251,Liam Smith,liam.smith1251@example.com,04/04/2024,210037.00,USD,cancelled,4,CA
TX-0001252,C-01252,Sofia Brown,sofia.brown1252@example.com,05/09/2024,221180.00,USD,completed,5,GB
TX-0001253,C-01253,Ethan Wilson,ethan.wilson1253@example.com,06/02/2024,55227.00,USD,pending,6,AU
TX-0001254,C-01254,Zoe Garcia,zoe.garcia1254@example.com,07/07/2024,101597.00,USD,refunded,7,DE
TX-0001255,C-01255,Mateo Nguyen,mateo.nguyen1255@example.com,08/12/2024,20375.00,USD,cancelled,8,US
TX-0001256,C-01256,Ava Patel,ava.patel1256@example.com,09/05/2024,83631.00,USD,COMPLETE,1,CA
TX-0001257,C-01257,Noah Kim,noah.kim1257@example.com,10/10/2024,77695.00,USD,pending,2,GB
TX-0001258,C-01258,Mia Martin,mia.martin1258@example.com,11/03/2024,108530.00,USD,refunded,3,AU
TX-0001259,C-01259,Liam Smith,liam.smith1259@example.com,12/08/2024,141176.00,USD,cancelled,4,DE
TX-0001260,C-01260,Sofia Brown,sofia.brown1260@example.com,01/01/2024,203935.00,USD,completed,5,US
TX-0001261,C-01261,Ethan Wilson,,02/06/2024,201506.00,USD,pending,6,CA
TX-0001262,C-01262,Zoe Garcia,zoe.garcia1262@example.com,03/11/2024,20296.00,USD,refunded,7,GB
TX-0001263,C-01263,Mateo Nguyen,mateo.nguyen1263@example.com,04/04/2024,118860.00,USD,cancelled,8,AU
TX-0001264,C-01264,Ava Patel,ava.patel1264@example.com,05/09/2024,248490.00,USD,completed,1,DE
TX-0001265,C-01265,Noah Kim,noah.kim1265@example.com,06/02/2024,11022.00,USD,pending,2,US
TX-0001266,C-01266,Mia Martin,mia.martin1266@example.com,07/07/2024,-9682.00,USD,refunded,3,CA
TX-0001267,C-01267,Liam Smith,liam.smith1267@example.com,08/12/2024,239813.00, USD ,cancelled,4,GB
TX-0001268,C-01268,Sofia Brown,sofia.brown1268@example.com,09/05/2024,229740.00,USD,completed,5,AU
TX-0001269,C-01269,Ethan Wilson,ethan.wilson1269@example.com,10/10/2024,40498.00,USD,pending,6,DE
TX-0001270,C-01270,zoe garcia,zoe.garcia1270@example.com,11/03/2024,16476.00,USD,refunded,7,US
TX-0001271,C-01271,Mateo Nguyen,mateo.nguyen1271@example.com,12/08/2024,147526.00,USD,cancelled,8,CA
TX-0001272,C-01272,Ava Patel,ava.patel1272@example.com,01/01/2024,179174.00,USD,completed,1,GB
TX-0001273,C-01273,Noah Kim,noah.kim1273@example.com,02/06/2024,142394.00,USD,pending,2,AU
TX-0001274,C-01274,Mia Martin,mia.martin1274@example.com,03/11/2024,239800.00,USD,refunded,3,DE
TX-0001275,C-01275,Liam Smith,liam.smith1275@example.com,04/04/2024,203822.00,USD,cancelled,4,US
TX-0001276,C-01276,Sofia Brown,sofia.brown1276@example.com,05/09/2024,208190.00,USD,completed,5,CA
TX-0001277,C-01277,Ethan Wilson,ethan.wilson1277@example.com,06/02/2024,187793.00,USD,pending,6,GB
TX-0001278,C-01278,Zoe Garcia,zoe.garcia1278@example.com,07/07/2024,98456.00,USD,refunded,7,AU
TX-0001279,C-01279,Mateo Nguyen,mateo.nguyen1279@example.com,08/12/2024,64765.00,USD,cancelled,8,DE
TX-0001280,C-01280,Ava Patel,ava.patel1280@example.com,09/05/2024,217254.00,USD,completed,1,US
TX-0001281,C-01281,Noah Kim,noah.kim1281@example.com,10/10/2024,20928.00,USD,pending,2,CA
TX-0001282,C-01282,Mia Martin,mia.martin1282@example.com,11/03/2024,10280.00,USD,refunded,3,GB
TX-0001283,C-01283,Liam Smith,liam.smith1283@example.com,12/08/2024,178968.00,USD,cancelled,4,AU
TX-0001284,C-01284,Sofia Brown,sofia.brown1284@example.com,01/01/2024,124769.00,USD,completed,5,DE
TX-0001285,C-01285,Ethan Wilson,ethan.wilson1285@example.com,02/06/2024,125067.00,USD,pending,6,US
TX-0001286,C-01286,Zoe Garcia,zoe.garcia1286@example.com,03/11/2024,3747.00,USD,refunded,7,CA
TX-0001287,C-01287,Mateo Nguyen,mateo.nguyen1287@example.com,04/04/2024,217917.00,USD,cancelled,8,GB
TX-0001288,C-01288,Ava Patel,ava.patel1288@example.com,05/09/2024,105362.00,USD,completed,1,AU
TX-0001289,C-01289,Noah Kim,noah.kim1289@example.com,06/02/2024,232592.00,USD,pending,2,DE
TX-0001290,C-01290,Mia Martin,mia.martin1290@example.com,07/07/2024,162670.00,USD,refunded,3,US
TX-0001291,C-01291,Liam Smith,liam.smith1291@example.com,08/12/2024,17675.00,USD,cancelled,4,CA
TX-0001292,C-01292,Sofia Brown,sofia.brown1292@example.com,09/05/2024,22727.00,USD,completed,5,GB
TX-0001293,C-01293,Ethan Wilson,ethan.wilson1293@example.com,10/10/2024,23689.00,USD,pending,6,AU
TX-0001294,C-01294,Zoe Garcia,zoe.garcia1294@example.com,11/03/2024,134824.00,USD,refunded,7,DE
TX-0001295,C-01295,Mateo Nguyen,mateo.nguyen1295@example.com,12/08/2024,223533.00,USD,cancelled,8,US
TX-0001296,C-01296,Ava Patel,ava.patel1296@example.com,01/01/2024,106694.00,USD,completed,1,CA
TX-0001297,C-01297,Noah Kim,noah.kim1297@example.com,02/06/2024,148361.00,USD,pending,2,GB
TX-0001298,C-01298,Mia Martin,mia.martin1298@example.com,03/11/2024,206344.00,USD,refunded,3,AU
TX-0001299,C-01299,Liam Smith,liam.smith1299@example.com,04/04/2024,207041.00,USD,cancelled,4,DE
TX-0001300,C-01300,Sofia Brown,sofia.brown1300@example.com,05/09/2024,175708.00,USD,completed,5,US
TX-0001301,C-01301,Ethan Wilson,ethan.wilson1301@example.com,06/02/2024,21872.00,USD,pending,6,CA
TX-0001302,C-01302,Zoe Garcia,zoe.garcia1302@example.com,07/07/2024,93070.00,USD,refunded,7,GB
TX-0001303,C-01303,Mateo Nguyen,mateo.nguyen1303@example.com,08/12/2024,172521.00,USD,cancelled,8,AU
TX-0001304,C-01304,Ava Patel,ava.patel1304@example.com,09/05/2024,100380.00,USD,completed,1,DE
TX-0001305,C-01305,Noah Kim,noah.kim1305@example.com,10/10/2024,168537.00,USD,pending,2,US
TX-0001306,C-01306,Mia Martin,mia.martin1306@example.com,11/03/2024,39929.00,USD,refunded,3,CA
TX-0001307,C-01307,Liam Smith,liam.smith1307@example.com,12/08/2024,33141.00,USD,cancelled,4,GB
TX-0001308,C-01308,Sofia Brown,sofia.brown1308@example.com,01/01/2024,135202.00,USD,completed,5,AU
TX-0001309,C-01309,Ethan Wilson,ethan.wilson1309@example.com,02/06/2024,235878.00,USD,pending,6,DE
TX-0001310,C-01310,Zoe Garcia,zoe.garcia1310@example.com,03/11/2024,103215.00,USD,refunded,7,us
TX-0001311,C-01311,Mateo Nguyen,mateo.nguyen1311@example.com,04/04/2024,100094.00,USD,cancelled,8,CA
TX-0001312,C-01312,Ava Patel,ava.patel1312@example.com,05/09/2024,69198.00,USD,completed,1,GB
TX-0001313,C-01313,Noah Kim,noah.kim1313@example.com,06/02/2024,9803.00,USD,pending,2,AU
TX-0001314,C-01314,Mia Martin,mia.martin1314@example.com,07/07/2024,40832.00,USD,refunded,3,DE
TX-0001315,C-01315,Liam Smith,liam.smith1315@example.com,08/12/2024,91858.00,USD,cancelled,4,US
TX-0001316,C-01316,Sofia Brown,sofia.brown1316@example.com,09/05/2024,118312.00,USD,completed,5,CA
TX-0001317,C-01317,Ethan Wilson,ethan.wilson1317@example.com,10/10/2024,26325.00,USD,pending,6,GB
TX-0001318,C-01318,Zoe Garcia,zoe.garcia1318@example.com,11/03/2024,11933.00,USD,refunded,7,AU
TX-0001319,C-01319,Mateo Nguyen,mateo.nguyen1319@example.com,12/08/2024,168023.00,USD,cancelled,8,DE
TX-0001320,C-01320,Ava Patel,ava.patel1320@example.com,01/01/2024,21720.00,USD,completed,1,US
TX-0001321,C-01321,Noah Kim,noah.kim1321@example.com,02/06/2024,122541.00,USD,pending,2,CA
TX-0001322,C-01322,Mia Martin,mia.martin1322@example.com,03/11/2024,210037.00,USD,refunded,3,GB
TX-0001323,C-01323,Liam Smith,liam.smith1323@example.com,04/04/2024,77622.00,USD,cancelled,4,AU
TX-0001324,C-01324,Sofia Brown,sofia.brown1324@example.com,05/09/2024,191288.00,USD,completed,5,DE
TX-0001325,C-01325,Ethan Wilson,ethan.wilson1325@example.com,06/02/2024,98635.00,USD,pending,6,US
TX-0001326,C-01326,Zoe Garcia,zoe.garcia1326@example.com,07/07/2024,110467.00,USD,refunded,7,CA
TX-0001327,C-01327,Mateo Nguyen,mateo.nguyen1327@example.com,08/12/2024,220839.00,USD,cancelled,8,GB
TX-0001328,C-01328,Ava Patel,ava.patel1328@example.com,09/05/2024,86198.00,USD,completed,1,AU
TX-0001329,C-01329,Noah Kim,noah.kim1329@example.com,10/10/2024,66924.00,USD,pending,2,DE
TX-0001330,C-01330,Mia Martin,mia.martin1330@example.com,11/03/2024,668.00,USD,refunded,3,US
TX-0001331,C-01331,Liam Smith,liam.smith1331@example.com,12/08/2024,63789.00,USD,cancelled,4,CA
TX-0001332,C-01332,Sofia Brown,sofia.brown1332@example.com,01/01/2024,187480.00,USD,completed,5,GB
TX-0001333,C-01333,Ethan Wilson,ethan.wilson1333@example.com,02/06/2024,149455.00,USD,pending,6,AU
TX-0001334,C-01334,Zoe Garcia,zoe.garcia1334@example.com,03/11/2024,241934.00,USD,refunded,7,DE
TX-0001335,C-01335,Mateo Nguyen,mateo.nguyen.invalid,04/04/2024,44246.00,USD,cancelled,8,US
TX-0001336,C-01336,Ava Patel,ava.patel1336@example.com,05/09/2024,233587.00,USD,completed,1,CA
TX-0001337,C-01337,Noah Kim,noah.kim1337@example.com,06/02/2024,2511.00,USD,unknown,2,GB
TX-0001338,C-01338,Mia Martin,mia.martin1338@example.com,07/07/2024,,USD,refunded,3,AU
TX-0001339,C-01339,Liam Smith,liam.smith1339@example.com,08/12/2024,103793.00,USD,cancelled,4,DE
TX-0001340,C-01340,Sofia Brown,sofia.brown1340@example.com,09/05/2024,46829.00,USD,completed,5,US
TX-0001341,C-01341,Ethan Wilson,ethan.wilson1341@example.com,10/10/2024,108926.00,usd,pending,6,CA
TX-0001342,C-01342,Zoe Garcia,zoe.garcia1342@example.com,11/03/2024,103541.00,USD,refunded,7,GB
TX-0001343,C-01343,Mateo Nguyen,mateo.nguyen1343@example.com,12/08/2024,42453.00,USD,cancelled,8,AU
TX-0001344,C-01344,Ava Patel,ava.patel1344@example.com,01/01/2024,122235.00,USD,completed,1,DE
TX-0001345,C-01345,Noah Kim,noah.kim1345@example.com,02/06/2024,129002.00,USD,pending,2,US
TX-0001346,C-01346,Mia Martin,mia.martin1346@example.com,03/11/2024,62876.00,USD,refunded,3,CA
TX-0001347,C-01347,Liam Smith,liam.smith1347@example.com,04/04/2024,4036.00,USD,cancelled,4,GB
TX-0001348,C-01348,Sofia Brown,sofia.brown1348@example.com,05/09/2024,14288.00,USD,completed,5,AU
TX-0001349,C-01349,Ethan Wilson,ethan.wilson1349@example.com,06/02/2024,182795.00,USD,pending,6,DE
TX-0001350,C-01350,Zoe Garcia,zoe.garcia1350@example.com,07/07/2024,210373.00,USD,refunded,7,US
TX-0001351,C-01351,Mateo Nguyen,mateo.nguyen1351@example.com,08/12/2024,39574.00,USD,cancelled,8,CA
TX-0001352,C-01352,Ava Patel,ava.patel1352@example.com,09/05/2024,6393.00,USD,completed,1,GB
TX-0001353,C-01353,Noah Kim,noah.kim1353@example.com,10/10/2024,233162.00,USD,pending,2,AU
TX-0001354,C-01354,Mia Martin,mia.martin1354@example.com,11/03/2024,27268.00,USD,refunded,3,DE
TX-0001355,C-01355,Liam Smith,liam.smith1355@example.com,12/08/2024,193765.00,USD,cancelled,4,US
TX-0001356,C-01356,  SOFIA BROWN  ,sofia.brown1356@example.com,01/01/2024,106889.00,USD,completed,5,CA
TX-0001357,C-01357,Ethan Wilson,ethan.wilson1357@example.com,02/06/2024,246411.00,USD,pending,6,GB
TX-0001358,C-01358,Zoe Garcia,,03/11/2024,134566.00,USD,refunded,7,AU
TX-0001359,C-01359,Mateo Nguyen,mateo.nguyen1359@example.com,04/04/2024,45031.00,USD,cancelled,8,DE
TX-0001360,C-01360,Ava Patel,ava.patel1360@example.com,05/09/2024,114914.00,USD,completed,1,US
TX-0001361,C-01361,Noah Kim,noah.kim1361@example.com,06/02/2024,1393.00,USD,pending,2,CA
TX-0001362,C-01362,Mia Martin,mia.martin1362@example.com,07/07/2024,198363.00,USD,refunded,3,GB
TX-0001363,C-01363,Liam Smith,liam.smith1363@example.com,08/12/2024,237232.00,USD,cancelled,4,AU
TX-0001364,C-01364,Sofia Brown,sofia.brown1364@example.com,09/05/2024,182986.00,USD,completed,5,DE
TX-0001365,C-01365,Ethan Wilson,ethan.wilson1365@example.com,10/10/2024,50729.00,USD,pending,6,US
TX-0001366,C-01366,Zoe Garcia,zoe.garcia1366@example.com,11/03/2024,236563.00,USD,refunded,7,CA
TX-0001367,C-01367,Mateo Nguyen,mateo.nguyen1367@example.com,12/08/2024,72662.00,USD,cancelled,8,GB
TX-0001368,C-01368,Ava Patel,ava.patel1368@example.com,01/01/2024,120288.00,USD,completed,1,AU
TX-0001369,C-01369,Noah Kim,noah.kim1369@example.com,02/06/2024,156700.00,USD,pending,2,DE
TX-0001370,C-01370,Mia Martin,mia.martin1370@example.com,03/11/2024,157889.00,USD,refunded,3,US
TX-0001371,C-01371,Liam Smith,liam.smith1371@example.com,04/04/2024,73710.00,USD,cancelled,4,CA
TX-0001372,C-01372,Sofia Brown,sofia.brown1372@example.com,05/09/2024,122796.00,USD,completed,5,GB
TX-0001373,C-01373,Ethan Wilson,ethan.wilson1373@example.com,06/02/2024,59677.00,USD,pending,6,AU
TX-0001374,C-01374,Zoe Garcia,zoe.garcia1374@example.com,07/07/2024,146945.00,USD,refunded,7,DE
TX-0001375,C-01375,Mateo Nguyen,mateo.nguyen1375@example.com,08/12/2024,149786.00,USD,cancelled,8,US
TX-0001376,C-01376,Ava Patel,ava.patel1376@example.com,09/05/2024,142377.00,USD,completed,1,CA
TX-0001377,C-01377,Noah Kim,noah.kim1377@example.com,10/10/2024,173933.00,USD,pending,2,GB
TX-0001378,C-01378,Mia Martin,mia.martin1378@example.com,11/03/2024,121025.00,USD,refunded,3,AU
TX-0001379,C-01379,Liam Smith,liam.smith1379@example.com,12/08/2024,99963.00,USD,cancelled,4,DE
TX-0001380,C-01380,Sofia Brown,sofia.brown1380@example.com,01/01/2024,166820.00,USD,completed,5,US
TX-0001381,C-01381,Ethan Wilson,ethan.wilson1381@example.com,02/06/2024,46278.00,USD,pending,6,CA
TX-0001382,C-01382,Zoe Garcia,zoe.garcia1382@example.com,03/11/2024,135174.00,USD,refunded,7,GB
TX-0001383,C-01383,Mateo Nguyen,mateo.nguyen1383@example.com,04/04/2024,28110.00,USD,cancelled,8,AU
TX-0001384,C-01384,Ava Patel,ava.patel1384@example.com,05/09/2024,24578.00,USD,completed,1,USA
TX-0001385,C-01385,Noah Kim,noah.kim1385@example.com,06/02/2024,207721.00,USD,pending,2,US
TX-0001386,C-01386,Mia Martin,mia.martin1386@example.com,07/07/2024,229918.00,USD,refunded,3,CA
TX-0001387,C-01387,Liam Smith,liam.smith1387@example.com,08/12/2024,201955.00,USD,cancelled,4,GB
TX-0001388,C-01388,Sofia Brown,sofia.brown1388@example.com,09/05/2024,71425.00,USD,completed,5,AU
TX-0001389,C-01389,Ethan Wilson,ethan.wilson1389@example.com,10/10/2024,83775.00,USD,pending,6,DE
TX-0001390,C-01390,Zoe Garcia,zoe.garcia1390@example.com,11/03/2024,153314.00,USD,refunded,7,US
TX-0001391,C-01391,Mateo Nguyen,mateo.nguyen1391@example.com,12/08/2024,217186.00,USD,cancelled,8,CA
TX-0001392,C-01392,Ava Patel,ava.patel1392@example.com,01/01/2024,168900.00,USD,completed,1,GB
TX-0001393,C-01393,Noah Kim,noah.kim1393@example.com,02/06/2024,2104.00,USD,pending,2,AU
TX-0001394,C-01394,Mia Martin,mia.martin1394@example.com,03/11/2024,15261.00,USD,refunded,3,DE
TX-0001395,C-01395,Liam Smith,liam.smith1395@example.com,04/04/2024,92418.00,USD,cancelled,4,US
TX-0001396,C-01396,Sofia Brown,sofia.brown1396@example.com,05/09/2024,58699.00,USD,completed,5,CA
TX-0001397,C-01397,ethan wilson,ethan.wilson1397@example.com,06/02/2024,113209.00,USD,pending,6,GB
TX-0001398,C-01398,Zoe Garcia,zoe.garcia1398@example.com,07/07/2024,146440.00,USD,refunded,7,AU
TX-0001399,C-01399,Mateo Nguyen,mateo.nguyen1399@example.com,08/12/2024,235494.00,USD,cancelled,8,DE
TX-0001400,C-01400,Ava Patel,ava.patel1400@example.com,09/05/2024,10936.00,USD,completed,1,US
TX-0001401,C-01401,Noah Kim,noah.kim1401@example.com,10/10/2024,100437.00,USD,pending,2,CA
TX-0001402,C-01402,Mia Martin,mia.martin1402@example.com,11/03/2024,96882.00,USD,refunded,3,GB
TX-0001403,C-01403,Liam Smith,liam.smith1403@example.com,12/08/2024,110682.00,USD,cancelled,4,AU
TX-0001404,C-01404,Sofia Brown,sofia.brown1404@example.com,01/01/2024,165276.00,USD,completed,5,DE
TX-0001405,C-01405,Ethan Wilson,ethan.wilson1405@example.com,02/06/2024,98542.00,USD,pending,6,US
TX-0001406,C-01406,Zoe Garcia,zoe.garcia1406@example.com,03/11/2024,193841.00,USD,refunded,7,CA
TX-0001407,C-01407,Mateo Nguyen,mateo.nguyen1407@example.com,04/04/2024,203070.00,USD,cancelled,8,GB
TX-0001408,C-01408,Ava Patel,ava.patel1408@example.com,05/09/2024,139865.00,USD,completed,1,AU
TX-0001409,C-01409,Noah Kim,noah.kim1409@example.com,06/02/2024,225948.00,USD,pending,2,DE
TX-0001410,C-01410,Mia Martin,mia.martin1410@example.com,07/07/2024,237776.00,USD,refunded,3,US
TX-0001411,C-01411,Liam Smith,liam.smith1411@example.com,08/12/2024,29670.00,USD,cancelled,4,CA
TX-0001412,C-01412,Sofia Brown,sofia.brown1412@example.com,09/05/2024,206995.00,USD,completed,5,GB
TX-0001413,C-01413,Ethan Wilson,ethan.wilson1413@example.com,10/10/2024,151142.00,USD,COMPLETE,6,AU
TX-0001414,C-01414,Zoe Garcia,zoe.garcia1414@example.com,11/03/2024,42174.00,USD,refunded,7,DE
TX-0001415,C-01415,Mateo Nguyen,mateo.nguyen1415@example.com,12/08/2024,73067.00,USD,cancelled,8,US
TX-0001416,C-01416,Ava Patel,ava.patel1416@example.com,01/01/2024,90801.00,USD,completed,1,CA
TX-0001417,C-01417,Noah Kim,noah.kim1417@example.com,02/06/2024,23970.00,USD,pending,2,GB
TX-0001418,C-01418,Mia Martin,mia.martin1418@example.com,03/11/2024,11619.00,USD,refunded,3,AU
TX-0001419,C-01419,Liam Smith,liam.smith1419@example.com,04/04/2024,53571.00,USD,cancelled,4,DE
TX-0001420,C-01420,Sofia Brown,sofia.brown1420@example.com,05/09/2024,2788.00,USD,completed,5,US
TX-0001421,C-01421,Ethan Wilson,ethan.wilson1421@example.com,06/02/2024,195810.00,USD,pending,6,CA
TX-0001422,C-01422,Zoe Garcia,zoe.garcia1422@example.com,07/07/2024,144083.00,USD,refunded,7,GB
TX-0001423,C-01423,Mateo Nguyen,mateo.nguyen1423@example.com,08/12/2024,34969.00,USD,cancelled,8,AU
TX-0001424,C-01424,Ava Patel,ava.patel.invalid,09/05/2024,51561.00,USD,completed,1,DE
TX-0001425,C-01425,Noah Kim,noah.kim1425@example.com,10/10/2024,48742.00,USD,pending,2,US
TX-0001426,C-01426,Mia Martin,mia.martin1426@example.com,11/03/2024,34361.00,USD,refunded,3,CA
TX-0001427,C-01427,Liam Smith,liam.smith1427@example.com,12/08/2024,192473.00,USD,cancelled,4,GB
TX-0001428,C-01428,Sofia Brown,sofia.brown1428@example.com,01/01/2024,245087.00,USD,completed,5,AU
TX-0001429,C-01429,Ethan Wilson,ethan.wilson1429@example.com,02/06/2024,228131.00,USD,pending,6,DE
TX-0001430,C-01430,Zoe Garcia,zoe.garcia1430@example.com,03/11/2024,112120.00,USD,refunded,7,US
TX-0001431,C-01431,Mateo Nguyen,mateo.nguyen1431@example.com,04/04/2024,117389.00,USD,cancelled,8,CA
TX-0001432,C-01432,Ava Patel,ava.patel1432@example.com,05/09/2024,201198.00,USD,completed,1,GB
TX-0001433,C-01433,Noah Kim,noah.kim1433@example.com,06/02/2024,217662.00,USD,pending,2,AU
TX-0001434,C-01434,Mia Martin,mia.martin1434@example.com,07/07/2024,199075.00,USD,refunded,3,DE
TX-0001435,C-01435,Liam Smith,liam.smith1435@example.com,08/12/2024,86672.00,USD,cancelled,4,US
TX-0001436,C-01436,Sofia Brown,sofia.brown1436@example.com,09/05/2024,131783.00,USD,completed,5,CA
TX-0001437,C-01437,Ethan Wilson,ethan.wilson1437@example.com,10/10/2024,73211.00,USD,pending,6,GB
TX-0001438,C-01438,Zoe Garcia,zoe.garcia1438@example.com,11/03/2024,92614.00,USD,refunded,7,AU
TX-0001439,C-01439,Mateo Nguyen,mateo.nguyen1439@example.com,12/08/2024,138642.00,USD,cancelled,8,DE
TX-0001440,C-01440,Ava Patel,ava.patel1440@example.com,01/01/2024,32435.00,USD,completed,1,US
TX-0001441,C-01441,Noah Kim,noah.kim1441@example.com,02/06/2024,209748.00,USD,pending,2,ca
TX-0001442,C-01442,Mia Martin,mia.martin1442@example.com,03/11/2024,24236.00,USD,refunded,3,GB
TX-0001443,C-01443,Liam Smith,liam.smith1443@example.com,04/04/2024,34138.00,USD,cancelled,4,AU
TX-0001444,C-01444,Sofia Brown,sofia.brown1444@example.com,05/09/2024,163004.00,USD,completed,5,DE
TX-0001445,C-01445,Ethan Wilson,ethan.wilson1445@example.com,06/02/2024,77654.00,USD,pending,6,US
TX-0001446,C-01446,Zoe Garcia,zoe.garcia1446@example.com,07/07/2024,233239.00,USD,refunded,7,CA
TX-0001447,C-01447,Mateo Nguyen,mateo.nguyen1447@example.com,08/12/2024,168053.00,USD,cancelled,8,GB
TX-0001448,C-01448,Ava Patel,ava.patel1448@example.com,09/05/2024,11315.00, USD ,completed,1,AU
TX-0001449,C-01449,Noah Kim,noah.kim1449@example.com,10/10/2024,956.00,USD,pending,2,DE
TX-0001450,C-01450,Mia Martin,mia.martin1450@example.com,11/03/2024,92420.00,USD,refunded,3,US
TX-0001451,C-01451,Liam Smith,liam.smith1451@example.com,12/08/2024,89721.00,USD,cancelled,4,CA
TX-0001452,C-01452,Sofia Brown,sofia.brown1452@example.com,01/01/2024,65412.00,USD,completed,5,GB
TX-0001453,C-01453,Ethan Wilson,ethan.wilson1453@example.com,02/06/2024,23710.00,USD,pending,6,AU
TX-0001454,C-01454,Zoe Garcia,zoe.garcia1454@example.com,03/11/2024,141253.00,USD,refunded,7,DE
TX-0001455,C-01455,Mateo Nguyen,,04/04/2024,119030.00,USD,cancelled,8,US
TX-0001456,C-01456,Ava Patel,ava.patel1456@example.com,05/09/2024,207517.00,USD,completed,1,CA
TX-0001457,C-01457,Noah Kim,noah.kim1457@example.com,06/02/2024,220096.00,USD,pending,2,GB
TX-0001458,C-01458,Mia Martin,mia.martin1458@example.com,07/07/2024,176706.00,USD,refunded,3,AU
TX-0001459,C-01459,Liam Smith,liam.smith1459@example.com,08/12/2024,127643.00,USD,cancelled,4,DE
TX-0001460,C-01460,Sofia Brown,sofia.brown1460@example.com,09/05/2024,141300.00,USD,completed,5,US
TX-0001461,C-01461,Ethan Wilson,ethan.wilson1461@example.com,10/10/2024,144605.00,USD,pending,6,CA
TX-0001462,C-01462,Zoe Garcia,zoe.garcia1462@example.com,11/03/2024,178026.00,USD,refunded,7,GB
TX-0001463,C-01463,Mateo Nguyen,mateo.nguyen1463@example.com,12/08/2024,87705.00,USD,cancelled,8,AU
TX-0001464,C-01464,Ava Patel,ava.patel1464@example.com,01/01/2024,105051.00,USD,completed,1,DE
TX-0001465,C-01465,Noah Kim,noah.kim1465@example.com,02/06/2024,212660.00,USD,pending,2,US
TX-0001466,C-01466,Mia Martin,mia.martin1466@example.com,03/11/2024,58151.00,USD,refunded,3,CA
TX-0001467,C-01467,Liam Smith,liam.smith1467@example.com,04/04/2024,96082.00,USD,cancelled,4,GB
TX-0001468,C-01468,Sofia Brown,sofia.brown1468@example.com,05/09/2024,140751.00,USD,completed,5,AU
TX-0001469,C-01469,  ETHAN WILSON  ,ethan.wilson1469@example.com,06/02/2024,37598.00,USD,pending,6,DE
TX-0001470,C-01470,Zoe Garcia,zoe.garcia1470@example.com,07/07/2024,116852.00,USD,refunded,7,US
TX-0001471,C-01471,Mateo Nguyen,mateo.nguyen1471@example.com,08/12/2024,57885.00,USD,cancelled,8,CA
TX-0001472,C-01472,Ava Patel,ava.patel1472@example.com,09/05/2024,236454.00,USD,completed,1,GB
TX-0001473,C-01473,Noah Kim,noah.kim1473@example.com,10/10/2024,195397.00,USD,pending,2,AU
TX-0001474,C-01474,Mia Martin,mia.martin1474@example.com,11/03/2024,193285.00,USD,refunded,3,DE
TX-0001475,C-01475,Liam Smith,liam.smith1475@example.com,12/08/2024,137328.00,USD,cancelled,4,US
TX-0001476,C-01476,Sofia Brown,sofia.brown1476@example.com,01/01/2024,168448.00,USD,completed,5,CA
TX-0001477,C-01477,Ethan Wilson,ethan.wilson1477@example.com,02/06/2024,-5776.00,USD,pending,6,GB
TX-0001478,C-01478,Zoe Garcia,zoe.garcia1478@example.com,03/11/2024,81281.00,USD,refunded,7,AU
TX-0001479,C-01479,Mateo Nguyen,mateo.nguyen1479@example.com,04/04/2024,50644.00,USD,cancelled,8,DE
TX-0001480,C-01480,Ava Patel,ava.patel1480@example.com,05/09/2024,115433.00,USD,completed,1,US
TX-0001481,C-01481,Noah Kim,noah.kim1481@example.com,06/02/2024,130830.00,USD,pending,2,CA
TX-0001482,C-01482,Mia Martin,mia.martin1482@example.com,07/07/2024,64482.00,USD,refunded,3,GB
TX-0001483,C-01483,Liam Smith,liam.smith1483@example.com,08/12/2024,45547.00,USD,cancelled,4,AU
TX-0001484,C-01484,Sofia Brown,sofia.brown1484@example.com,09/05/2024,183648.00,USD,completed,5,DE
TX-0001485,C-01485,Ethan Wilson,ethan.wilson1485@example.com,10/10/2024,113219.00,USD,pending,6,US
TX-0001486,C-01486,Zoe Garcia,zoe.garcia1486@example.com,11/03/2024,196157.00,USD,refunded,7,CA
TX-0001487,C-01487,Mateo Nguyen,mateo.nguyen1487@example.com,12/08/2024,230111.00,USD,cancelled,8,GB
TX-0001488,C-01488,Ava Patel,ava.patel1488@example.com,01/01/2024,31035.00,USD,completed,1,AU
TX-0001489,C-01489,Noah Kim,noah.kim1489@example.com,02/06/2024,157896.00,USD,pending,2,DE
TX-0001490,C-01490,Mia Martin,mia.martin1490@example.com,03/11/2024,71112.00,usd,refunded,3,US
TX-0001491,C-01491,Liam Smith,liam.smith1491@example.com,04/04/2024,49852.00,USD,cancelled,4,CA
TX-0001492,C-01492,Sofia Brown,sofia.brown1492@example.com,05/09/2024,169034.00,USD,completed,5,GB
TX-0001493,C-01493,Ethan Wilson,ethan.wilson1493@example.com,06/02/2024,171335.00,USD,pending,6,AU
TX-0001494,C-01494,Zoe Garcia,zoe.garcia1494@example.com,07/07/2024,135528.00,USD,refunded,7,DE
TX-0001495,C-01495,Mateo Nguyen,mateo.nguyen1495@example.com,08/12/2024,198387.00,USD,cancelled,8,US
TX-0001496,C-01496,Ava Patel,ava.patel1496@example.com,09/05/2024,142223.00,USD,completed,1,CA
TX-0001497,C-01497,Noah Kim,noah.kim1497@example.com,10/10/2024,63277.00,USD,pending,2,GB
TX-0001498,C-01498,Mia Martin,mia.martin1498@example.com,11/03/2024,157249.00,USD,refunded,3,AU
TX-0001499,C-01499,Liam Smith,liam.smith1499@example.com,12/08/2024,173761.00,USD,cancelled,4,DE
TX-0001500,C-01500,Sofia Brown,sofia.brown1500@example.com,01/01/2024,10880.00,USD,completed,5,US
TX-0001501,C-01501,Ethan Wilson,ethan.wilson1501@example.com,02/06/2024,86774.00,USD,pending,6,CA
TX-0001502,C-01502,Zoe Garcia,zoe.garcia1502@example.com,03/11/2024,90656.00,USD,refunded,7,GB
TX-0001503,C-01503,Mateo Nguyen,mateo.nguyen1503@example.com,04/04/2024,41322.00,USD,cancelled,8,AU
TX-0001504,C-01504,Ava Patel,ava.patel1504@example.com,05/09/2024,206043.00,USD,completed,1,DE
TX-0001505,C-01505,Noah Kim,noah.kim1505@example.com,06/02/2024,61627.00,USD,pending,2,US
TX-0001506,C-01506,Mia Martin,mia.martin1506@example.com,07/07/2024,58683.00,USD,refunded,3,CA
TX-0001507,C-01507,Liam Smith,liam.smith1507@example.com,08/12/2024,231590.00,USD,cancelled,4,GB
TX-0001508,C-01508,Sofia Brown,sofia.brown1508@example.com,09/05/2024,193260.00,USD,completed,5,AU
TX-0001509,C-01509,Ethan Wilson,ethan.wilson1509@example.com,10/10/2024,86981.00,USD,pending,6,DE
TX-0001510,C-01510,Zoe Garcia,zoe.garcia1510@example.com,11/03/2024,48705.00,USD,refunded,7,US
TX-0001511,C-01511,Mateo Nguyen,mateo.nguyen1511@example.com,12/08/2024,233314.00,USD,cancelled,8,CA
TX-0001512,C-01512,Ava Patel,ava.patel1512@example.com,01/01/2024,18971.00,USD,completed,1,GB
TX-0001513,C-01513,Noah Kim,noah.kim.invalid,02/06/2024,69495.00,USD,pending,2,AU
TX-0001514,C-01514,Mia Martin,mia.martin1514@example.com,03/11/2024,100006.00,USD,refunded,3,DE
TX-0001515,C-01515,Liam Smith,liam.smith1515@example.com,04/04/2024,22464.00,USD,cancelled,4,US
TX-0001516,C-01516,Sofia Brown,sofia.brown1516@example.com,05/09/2024,25328.00,USD,completed,5,CA
TX-0001517,C-01517,Ethan Wilson,ethan.wilson1517@example.com,06/02/2024,2429.00,USD,pending,6,GB
TX-0001518,C-01518,Zoe Garcia,zoe.garcia1518@example.com,07/07/2024,8400.00,USD,refunded,7,AU
TX-0001519,C-01519,Mateo Nguyen,mateo.nguyen1519@example.com,08/12/2024,234772.00,USD,cancelled,8,DE
TX-0001520,C-01520,Ava Patel,ava.patel1520@example.com,09/05/2024,110640.00,USD,completed,1,US
TX-0001521,C-01521,Noah Kim,noah.kim1521@example.com,10/10/2024,114454.00,USD,pending,2,CA
TX-0001522,C-01522,Mia Martin,mia.martin1522@example.com,11/03/2024,92320.00,USD,refunded,3,GB
TX-0001523,C-01523,Liam Smith,liam.smith1523@example.com,12/08/2024,198057.00,USD,cancelled,4,AU
TX-0001524,C-01524,sofia brown,sofia.brown1524@example.com,01/01/2024,188762.00,USD,completed,5,DE
TX-0001525,C-01525,Ethan Wilson,ethan.wilson1525@example.com,02/06/2024,98651.00,USD,pending,6,US
TX-0001526,C-01526,Zoe Garcia,zoe.garcia1526@example.com,03/11/2024,77922.00,USD,refunded,7,CA
TX-0001527,C-01527,Mateo Nguyen,mateo.nguyen1527@example.com,04/04/2024,190145.00,USD,cancelled,8,GB
TX-0001528,C-01528,Ava Patel,ava.patel1528@example.com,05/09/2024,23195.00,USD,unknown,1,AU
TX-0001529,C-01529,Noah Kim,noah.kim1529@example.com,06/02/2024,127006.00,USD,pending,2,DE
TX-0001530,C-01530,Mia Martin,mia.martin1530@example.com,07/07/2024,195417.00,USD,refunded,3,US
TX-0001531,C-01531,Liam Smith,liam.smith1531@example.com,08/12/2024,231440.00,USD,cancelled,4,CA
TX-0001532,C-01532,Sofia Brown,sofia.brown1532@example.com,09/05/2024,194209.00,USD,completed,5,GB
TX-0001533,C-01533,Ethan Wilson,ethan.wilson1533@example.com,10/10/2024,81980.00,USD,pending,6,AU
TX-0001534,C-01534,Zoe Garcia,zoe.garcia1534@example.com,11/03/2024,87092.00,USD,refunded,7,DE
TX-0001535,C-01535,Mateo Nguyen,mateo.nguyen1535@example.com,12/08/2024,117004.00,USD,cancelled,8,US
TX-0001536,C-01536,Ava Patel,ava.patel1536@example.com,01/01/2024,198854.00,USD,completed,1,CA
TX-0001537,C-01537,Noah Kim,noah.kim1537@example.com,02/06/2024,143151.00,USD,pending,2,GB
TX-0001538,C-01538,Mia Martin,mia.martin1538@example.com,03/11/2024,167929.00,USD,refunded,3,AU
TX-0001539,C-01539,Liam Smith,liam.smith1539@example.com,04/04/2024,137233.00,USD,cancelled,4,DE
TX-0001540,C-01540,Sofia Brown,sofia.brown1540@example.com,05/09/2024,43929.00,USD,completed,5,US
TX-0001541,C-01541,Ethan Wilson,ethan.wilson1541@example.com,06/02/2024,219187.00,USD,pending,6,CA
TX-0001542,C-01542,Zoe Garcia,zoe.garcia1542@example.com,07/07/2024,231882.00,USD,refunded,7,GB
TX-0001543,C-01543,Mateo Nguyen,mateo.nguyen1543@example.com,08/12/2024,150622.00,USD,cancelled,8,AU
TX-0001544,C-01544,Ava Patel,ava.patel1544@example.com,09/05/2024,143130.00,USD,completed,1,DE
TX-0001545,C-01545,Noah Kim,noah.kim1545@example.com,10/10/2024,136703.00,USD,pending,2,US
TX-0001546,C-01546,Mia Martin,mia.martin1546@example.com,11/03/2024,82427.00,USD,refunded,3,CA
TX-0001547,C-01547,Liam Smith,liam.smith1547@example.com,12/08/2024,213693.00,USD,cancelled,4,GB
TX-0001548,C-01548,Sofia Brown,sofia.brown1548@example.com,01/01/2024,207308.00,USD,completed,5,AU
TX-0001549,C-01549,Ethan Wilson,ethan.wilson1549@example.com,02/06/2024,191371.00,USD,pending,6,DE
TX-0001550,C-01550,Zoe Garcia,zoe.garcia1550@example.com,03/11/2024,136794.00,USD,refunded,7,US
TX-0001551,C-01551,Mateo Nguyen,mateo.nguyen1551@example.com,04/04/2024,222961.00,USD,cancelled,8,CA
TX-0001552,C-01552,Ava Patel,,05/09/2024,7745.00,USD,completed,1,GB
TX-0001553,C-01553,Noah Kim,noah.kim1553@example.com,06/02/2024,106728.00,USD,pending,2,AU
TX-0001554,C-01554,Mia Martin,mia.martin1554@example.com,07/07/2024,62700.00,USD,refunded,3,DE
TX-0001555,C-01555,Liam Smith,liam.smith1555@example.com,08/12/2024,27610.00,USD,cancelled,4,US
TX-0001556,C-01556,Sofia Brown,sofia.brown1556@example.com,09/05/2024,69282.00,USD,completed,5,CA
TX-0001557,C-01557,Ethan Wilson,ethan.wilson1557@example.com,10/10/2024,211534.00,USD,pending,6,USA
TX-0001558,C-01558,Zoe Garcia,zoe.garcia1558@example.com,11/03/2024,163537.00,USD,refunded,7,AU
TX-0001559,C-01559,Mateo Nguyen,mateo.nguyen1559@example.com,12/08/2024,146207.00,USD,cancelled,8,DE
TX-0001560,C-01560,Ava Patel,ava.patel1560@example.com,01/01/2024,145105.00,USD,completed,1,US
TX-0001561,C-01561,Noah Kim,noah.kim1561@example.com,02/06/2024,,USD,pending,2,CA
TX-0001562,C-01562,Mia Martin,mia.martin1562@example.com,03/11/2024,115781.00,USD,refunded,3,GB
TX-0001563,C-01563,Liam Smith,liam.smith1563@example.com,04/04/2024,236754.00,USD,cancelled,4,AU
TX-0001564,C-01564,Sofia Brown,sofia.brown1564@example.com,05/09/2024,188300.00,USD,completed,5,DE
TX-0001565,C-01565,Ethan Wilson,ethan.wilson1565@example.com,06/02/2024,53874.00,USD,pending,6,US
TX-0001566,C-01566,Zoe Garcia,zoe.garcia1566@example.com,07/07/2024,176439.00,USD,refunded,7,CA
TX-0001567,C-01567,Mateo Nguyen,mateo.nguyen1567@example.com,08/12/2024,72565.00,USD,cancelled,8,GB
TX-0001568,C-01568,Ava Patel,ava.patel1568@example.com,09/05/2024,101874.00,USD,completed,1,AU
TX-0001569,C-01569,Noah Kim,noah.kim1569@example.com,10/10/2024,166090.00,USD,pending,2,DE
TX-0001570,C-01570,Mia Martin,mia.martin1570@example.com,11/03/2024,152986.00,USD,COMPLETE,3,US
TX-0001571,C-01571,Liam Smith,liam.smith1571@example.com,12/08/2024,115930.00,USD,cancelled,4,CA
TX-0001572,C-01572,Sofia Brown,sofia.brown1572@example.com,01/01/2024,3860.00,USD,completed,5,gb
TX-0001573,C-01573,Ethan Wilson,ethan.wilson1573@example.com,02/06/2024,203927.00,USD,pending,6,AU
TX-0001574,C-01574,Zoe Garcia,zoe.garcia1574@example.com,03/11/2024,226203.00,USD,refunded,7,DE
TX-0001575,C-01575,Mateo Nguyen,mateo.nguyen1575@example.com,04/04/2024,214040.00,USD,cancelled,8,US
TX-0001576,C-01576,Ava Patel,ava.patel1576@example.com,05/09/2024,218125.00,USD,completed,1,CA
TX-0001577,C-01577,Noah Kim,noah.kim1577@example.com,06/02/2024,231190.00,USD,pending,2,GB
TX-0001578,C-01578,Mia Martin,mia.martin1578@example.com,07/07/2024,150670.00,USD,refunded,3,AU
TX-0001579,C-01579,Liam Smith,liam.smith1579@example.com,08/12/2024,142093.00,USD,cancelled,4,DE
TX-0001580,C-01580,Sofia Brown,sofia.brown1580@example.com,09/05/2024,118888.00,USD,completed,5,US
TX-0001581,C-01581,Ethan Wilson,ethan.wilson1581@example.com,10/10/2024,140195.00,USD,pending,6,CA
TX-0001582,C-01582,  ZOE GARCIA  ,zoe.garcia1582@example.com,11/03/2024,13600.00,USD,refunded,7,GB
TX-0001583,C-01583,Mateo Nguyen,mateo.nguyen1583@example.com,12/08/2024,112922.00,USD,cancelled,8,AU
TX-0001584,C-01584,Ava Patel,ava.patel1584@example.com,01/01/2024,215988.00,USD,completed,1,DE
TX-0001585,C-01585,Noah Kim,noah.kim1585@example.com,02/06/2024,160607.00,USD,pending,2,US
TX-0001586,C-01586,Mia Martin,mia.martin1586@example.com,03/11/2024,231264.00,USD,refunded,3,CA
TX-0001587,C-01587,Liam Smith,liam.smith1587@example.com,04/04/2024,98973.00,USD,cancelled,4,GB
TX-0001588,C-01588,Sofia Brown,sofia.brown1588@example.com,05/09/2024,122300.00,USD,completed,5,AU
TX-0001589,C-01589,Ethan Wilson,ethan.wilson1589@example.com,06/02/2024,121848.00,USD,pending,6,DE
TX-0001590,C-01590,Zoe Garcia,zoe.garcia1590@example.com,07/07/2024,123699.00,USD,refunded,7,US
TX-0001591,C-01591,Mateo Nguyen,mateo.nguyen1591@example.com,08/12/2024,46845.00,USD,cancelled,8,CA
TX-0001592,C-01592,Ava Patel,ava.patel1592@example.com,09/05/2024,17365.00,USD,completed,1,GB
TX-0001593,C-01593,Noah Kim,noah.kim1593@example.com,10/10/2024,175355.00,USD,pending,2,AU
TX-0001594,C-01594,Mia Martin,mia.martin1594@example.com,11/03/2024,38420.00,USD,refunded,3,DE
TX-0001595,C-01595,Liam Smith,liam.smith1595@example.com,12/08/2024,79220.00,USD,cancelled,4,US
TX-0001596,C-01596,Sofia Brown,sofia.brown1596@example.com,01/01/2024,191011.00,USD,completed,5,CA
TX-0001597,C-01597,Ethan Wilson,ethan.wilson1597@example.com,02/06/2024,198112.00,USD,pending,6,GB
TX-0001598,C-01598,Zoe Garcia,zoe.garcia1598@example.com,03/11/2024,173996.00,USD,refunded,7,AU
TX-0001599,C-01599,Mateo Nguyen,mateo.nguyen1599@example.com,04/04/2024,36455.00,USD,cancelled,8,DE
TX-0001600,C-01600,Ava Patel,ava.patel1600@example.com,05/09/2024,68491.00,USD,completed,1,US
TX-0001601,C-01601,Noah Kim,noah.kim1601@example.com,06/02/2024,160878.00,USD,pending,2,CA
TX-0001602,C-01602,Mia Martin,mia.martin.invalid,07/07/2024,102386.00,USD,refunded,3,GB
TX-0001603,C-01603,Liam Smith,liam.smith1603@example.com,08/12/2024,203118.00,USD,cancelled,4,AU
TX-0001604,C-01604,Sofia Brown,sofia.brown1604@example.com,09/05/2024,173114.00,USD,completed,5,DE
TX-0001605,C-01605,Ethan Wilson,ethan.wilson1605@example.com,10/10/2024,228430.00,USD,pending,6,US
TX-0001606,C-01606,Zoe Garcia,zoe.garcia1606@example.com,11/03/2024,242359.00,USD,refunded,7,CA
TX-0001607,C-01607,Mateo Nguyen,mateo.nguyen1607@example.com,12/08/2024,126705.00,USD,cancelled,8,GB
TX-0001608,C-01608,Ava Patel,ava.patel1608@example.com,01/01/2024,139913.00,USD,completed,1,AU
TX-0001609,C-01609,Noah Kim,noah.kim1609@example.com,02/06/2024,50635.00,USD,pending,2,DE
TX-0001610,C-01610,Mia Martin,mia.martin1610@example.com,03/11/2024,101467.00,USD,refunded,3,US
TX-0001611,C-01611,Liam Smith,liam.smith1611@example.com,04/04/2024,134931.00,USD,cancelled,4,CA
TX-0001612,C-01612,Sofia Brown,sofia.brown1612@example.com,05/09/2024,126042.00,USD,completed,5,GB
TX-0001613,C-01613,Ethan Wilson,ethan.wilson1613@example.com,06/02/2024,219159.00,USD,pending,6,AU
TX-0001614,C-01614,Zoe Garcia,zoe.garcia1614@example.com,07/07/2024,242701.00,USD,refunded,7,DE
TX-0001615,C-01615,Mateo Nguyen,mateo.nguyen1615@example.com,08/12/2024,27325.00,USD,cancelled,8,US
TX-0001616,C-01616,Ava Patel,ava.patel1616@example.com,09/05/2024,96637.00,USD,completed,1,CA
TX-0001617,C-01617,Noah Kim,noah.kim1617@example.com,10/10/2024,190180.00,USD,pending,2,GB
TX-0001618,C-01618,Mia Martin,mia.martin1618@example.com,11/03/2024,192160.00,USD,refunded,3,AU
TX-0001619,C-01619,Liam Smith,liam.smith1619@example.com,12/08/2024,150713.00,USD,cancelled,4,DE
TX-0001620,C-01620,Sofia Brown,sofia.brown1620@example.com,01/01/2024,211983.00,USD,completed,5,US
TX-0001621,C-01621,Ethan Wilson,ethan.wilson1621@example.com,02/06/2024,178296.00,USD,pending,6,CA
TX-0001622,C-01622,Zoe Garcia,zoe.garcia1622@example.com,03/11/2024,194278.00,USD,refunded,7,GB
TX-0001623,C-01623,Mateo Nguyen,mateo.nguyen1623@example.com,04/04/2024,182174.00,USD,cancelled,8,AU
TX-0001624,C-01624,Ava Patel,ava.patel1624@example.com,05/09/2024,122691.00,USD,completed,1,DE
TX-0001625,C-01625,Noah Kim,noah.kim1625@example.com,06/02/2024,143829.00,USD,pending,2,US
TX-0001626,C-01626,Mia Martin,mia.martin1626@example.com,07/07/2024,60357.00,USD,refunded,3,CA
TX-0001627,C-01627,Liam Smith,liam.smith1627@example.com,08/12/2024,163510.00,USD,cancelled,4,GB
TX-0001628,C-01628,Sofia Brown,sofia.brown1628@example.com,09/05/2024,175070.00,USD,completed,5,AU
TX-0001629,C-01629,Ethan Wilson,ethan.wilson1629@example.com,10/10/2024,238894.00, USD ,pending,6,DE
TX-0001630,C-01630,Zoe Garcia,zoe.garcia1630@example.com,11/03/2024,211853.00,USD,refunded,7,US
TX-0001631,C-01631,Mateo Nguyen,mateo.nguyen1631@example.com,12/08/2024,108541.00,USD,cancelled,8,CA
TX-0001632,C-01632,Ava Patel,ava.patel1632@example.com,01/01/2024,142050.00,USD,completed,1,GB
TX-0001633,C-01633,Noah Kim,noah.kim1633@example.com,02/06/2024,83747.00,USD,pending,2,AU
TX-0001634,C-01634,Mia Martin,mia.martin1634@example.com,03/11/2024,145430.00,USD,refunded,3,DE
TX-0001635,C-01635,Liam Smith,liam.smith1635@example.com,04/04/2024,150012.00,USD,cancelled,4,US
TX-0001636,C-01636,Sofia Brown,sofia.brown1636@example.com,05/09/2024,7319.00,USD,completed,5,CA
TX-0001637,C-01637,Ethan Wilson,ethan.wilson1637@example.com,06/02/2024,108018.00,USD,pending,6,GB
TX-0001638,C-01638,Zoe Garcia,zoe.garcia1638@example.com,07/07/2024,240927.00,USD,refunded,7,AU
TX-0001639,C-01639,Mateo Nguyen,mateo.nguyen1639@example.com,08/12/2024,153416.00,usd,cancelled,8,DE
TX-0001640,C-01640,Ava Patel,ava.patel1640@example.com,09/05/2024,194842.00,USD,completed,1,US
TX-0001641,C-01641,Noah Kim,noah.kim1641@example.com,10/10/2024,73226.00,USD,pending,2,CA
TX-0001642,C-01642,Mia Martin,mia.martin1642@example.com,11/03/2024,138981.00,USD,refunded,3,GB
TX-0001643,C-01643,Liam Smith,liam.smith1643@example.com,12/08/2024,237976.00,USD,cancelled,4,AU
TX-0001644,C-01644,Sofia Brown,sofia.brown1644@example.com,01/01/2024,46999.00,USD,completed,5,DE
TX-0001645,C-01645,Ethan Wilson,ethan.wilson1645@example.com,02/06/2024,31737.00,USD,pending,6,US
TX-0001646,C-01646,Zoe Garcia,zoe.garcia1646@example.com,03/11/2024,70425.00,USD,refunded,7,CA
TX-0001647,C-01647,Mateo Nguyen,mateo.nguyen1647@example.com,04/04/2024,36171.00,USD,cancelled,8,GB
TX-0001648,C-01648,Ava Patel,ava.patel1648@example.com,05/09/2024,188238.00,USD,completed,1,AU
TX-0001649,C-01649,Noah Kim,,06/02/2024,100225.00,USD,pending,2,DE
TX-0001650,C-01650,Mia Martin,mia.martin1650@example.com,07/07/2024,17822.00,USD,refunded,3,US
TX-0001651,C-01651,liam smith,liam.smith1651@example.com,08/12/2024,37436.00,USD,cancelled,4,CA
TX-0001652,C-01652,Sofia Brown,sofia.brown1652@example.com,09/05/2024,239137.00,USD,completed,5,GB
TX-0001653,C-01653,Ethan Wilson,ethan.wilson1653@example.com,10/10/2024,67358.00,USD,pending,6,AU
TX-0001654,C-01654,Zoe Garcia,zoe.garcia1654@example.com,11/03/2024,92335.00,USD,refunded,7,DE
TX-0001655,C-01655,Mateo Nguyen,mateo.nguyen1655@example.com,12/08/2024,56722.00,USD,cancelled,8,US
TX-0001656,C-01656,Ava Patel,ava.patel1656@example.com,01/01/2024,112766.00,USD,completed,1,CA
TX-0001657,C-01657,Noah Kim,noah.kim1657@example.com,02/06/2024,83645.00,USD,pending,2,GB
TX-0001658,C-01658,Mia Martin,mia.martin1658@example.com,03/11/2024,181033.00,USD,refunded,3,AU
TX-0001659,C-01659,Liam Smith,liam.smith1659@example.com,04/04/2024,6157.00,USD,cancelled,4,DE
TX-0001660,C-01660,Sofia Brown,sofia.brown1660@example.com,05/09/2024,61633.00,USD,completed,5,US
TX-0001661,C-01661,Ethan Wilson,ethan.wilson1661@example.com,06/02/2024,19466.00,USD,pending,6,CA
TX-0001662,C-01662,Zoe Garcia,zoe.garcia1662@example.com,07/07/2024,18744.00,USD,refunded,7,GB
TX-0001663,C-01663,Mateo Nguyen,mateo.nguyen1663@example.com,08/12/2024,126622.00,USD,cancelled,8,AU
TX-0001664,C-01664,Ava Patel,ava.patel1664@example.com,09/05/2024,76200.00,USD,completed,1,DE
TX-0001665,C-01665,Noah Kim,noah.kim1665@example.com,10/10/2024,51292.00,USD,pending,2,US
TX-0001666,C-01666,Mia Martin,mia.martin1666@example.com,11/03/2024,235979.00,USD,refunded,3,CA
TX-0001667,C-01667,Liam Smith,liam.smith1667@example.com,12/08/2024,227016.00,USD,cancelled,4,GB
TX-0001668,C-01668,Sofia Brown,sofia.brown1668@example.com,01/01/2024,245115.00,USD,completed,5,AU
TX-0001669,C-01669,Ethan Wilson,ethan.wilson1669@example.com,02/06/2024,201872.00,USD,pending,6,DE
TX-0001670,C-01670,Zoe Garcia,zoe.garcia1670@example.com,03/11/2024,100648.00,USD,refunded,7,US
TX-0001671,C-01671,Mateo Nguyen,mateo.nguyen1671@example.com,04/04/2024,90054.00,USD,cancelled,8,CA
TX-0001672,C-01672,Ava Patel,ava.patel1672@example.com,05/09/2024,44546.00,USD,completed,1,GB
TX-0001673,C-01673,Noah Kim,noah.kim1673@example.com,06/02/2024,149883.00,USD,pending,2,AU
TX-0001674,C-01674,Mia Martin,mia.martin1674@example.com,07/07/2024,117070.00,USD,refunded,3,DE
TX-0001675,C-01675,Liam Smith,liam.smith1675@example.com,08/12/2024,107146.00,USD,cancelled,4,US
TX-0001676,C-01676,Sofia Brown,sofia.brown1676@example.com,09/05/2024,4246.00,USD,completed,5,CA
TX-0001677,C-01677,Ethan Wilson,ethan.wilson1677@example.com,10/10/2024,191948.00,USD,pending,6,GB
TX-0001678,C-01678,Zoe Garcia,zoe.garcia1678@example.com,11/03/2024,52263.00,USD,refunded,7,AU
TX-0001679,C-01679,Mateo Nguyen,mateo.nguyen1679@example.com,12/08/2024,9661.00,USD,cancelled,8,DE
TX-0001680,C-01680,Ava Patel,ava.patel1680@example.com,01/01/2024,54552.00,USD,completed,1,US
TX-0001681,C-01681,Noah Kim,noah.kim1681@example.com,02/06/2024,204702.00,USD,pending,2,CA
TX-0001682,C-01682,Mia Martin,mia.martin1682@example.com,03/11/2024,242667.00,USD,refunded,3,GB
TX-0001683,C-01683,Liam Smith,liam.smith1683@example.com,04/04/2024,42314.00,USD,cancelled,4,AU
TX-0001684,C-01684,Sofia Brown,sofia.brown1684@example.com,05/09/2024,143318.00,USD,completed,5,DE
TX-0001685,C-01685,Ethan Wilson,ethan.wilson1685@example.com,06/02/2024,142562.00,USD,pending,6,US
TX-0001686,C-01686,Zoe Garcia,zoe.garcia1686@example.com,07/07/2024,17675.00,USD,refunded,7,CA
TX-0001687,C-01687,Mateo Nguyen,mateo.nguyen1687@example.com,08/12/2024,132563.00,USD,cancelled,8,GB
TX-0001688,C-01688,Ava Patel,ava.patel1688@example.com,09/05/2024,-9216.00,USD,completed,1,AU
TX-0001689,C-01689,Noah Kim,noah.kim1689@example.com,10/10/2024,19219.00,USD,pending,2,DE
TX-0001690,C-01690,Mia Martin,mia.martin1690@example.com,11/03/2024,243830.00,USD,refunded,3,US
TX-0001691,C-01691,Liam Smith,liam.smith.invalid,12/08/2024,249622.00,USD,cancelled,4,CA
TX-0001692,C-01692,Sofia Brown,sofia.brown1692@example.com,01/01/2024,44001.00,USD,completed,5,GB
TX-0001693,C-01693,Ethan Wilson,ethan.wilson1693@example.com,02/06/2024,243933.00,USD,pending,6,AU
TX-0001694,C-01694,Zoe Garcia,zoe.garcia1694@example.com,03/11/2024,119014.00,USD,refunded,7,DE
TX-0001695,C-01695,  MATEO NGUYEN  ,mateo.nguyen1695@example.com,04/04/2024,13697.00,USD,cancelled,8,US
TX-0001696,C-01696,Ava Patel,ava.patel1696@example.com,05/09/2024,144947.00,USD,completed,1,CA
TX-0001697,C-01697,Noah Kim,noah.kim1697@example.com,06/02/2024,44249.00,USD,pending,2,GB
TX-0001698,C-01698,Mia Martin,mia.martin1698@example.com,07/07/2024,63672.00,USD,refunded,3,AU
TX-0001699,C-01699,Liam Smith,liam.smith1699@example.com,08/12/2024,49008.00,USD,cancelled,4,DE
TX-0001700,C-01700,Sofia Brown,sofia.brown1700@example.com,09/05/2024,152336.00,USD,completed,5,US
TX-0001701,C-01701,Ethan Wilson,ethan.wilson1701@example.com,10/10/2024,150510.00,USD,pending,6,CA
TX-0001702,C-01702,Zoe Garcia,zoe.garcia1702@example.com,11/03/2024,19388.00,USD,refunded,7,GB
TX-0001703,C-01703,Mateo Nguyen,mateo.nguyen1703@example.com,12/08/2024,133297.00,USD,cancelled,8,au
TX-0001704,C-01704,Ava Patel,ava.patel1704@example.com,01/01/2024,176187.00,USD,completed,1,DE
TX-0001705,C-01705,Noah Kim,noah.kim1705@example.com,02/06/2024,28238.00,USD,pending,2,US
TX-0001706,C-01706,Mia Martin,mia.martin1706@example.com,03/11/2024,189614.00,USD,refunded,3,CA
TX-0001707,C-01707,Liam Smith,liam.smith1707@example.com,04/04/2024,132121.00,USD,cancelled,4,GB
TX-0001708,C-01708,Sofia Brown,sofia.brown1708@example.com,05/09/2024,137972.00,USD,completed,5,AU
TX-0001709,C-01709,Ethan Wilson,ethan.wilson1709@example.com,06/02/2024,198718.00,USD,pending,6,DE
TX-0001710,C-01710,Zoe Garcia,zoe.garcia1710@example.com,07/07/2024,192287.00,USD,refunded,7,US
TX-0001711,C-01711,Mateo Nguyen,mateo.nguyen1711@example.com,08/12/2024,149900.00,USD,cancelled,8,CA
TX-0001712,C-01712,Ava Patel,ava.patel1712@example.com,09/05/2024,32386.00,USD,completed,1,GB
TX-0001713,C-01713,Noah Kim,noah.kim1713@example.com,10/10/2024,169860.00,USD,pending,2,AU
TX-0001714,C-01714,Mia Martin,mia.martin1714@example.com,11/03/2024,92222.00,USD,refunded,3,DE
TX-0001715,C-01715,Liam Smith,liam.smith1715@example.com,12/08/2024,132285.00,USD,cancelled,4,US
TX-0001716,C-01716,Sofia Brown,sofia.brown1716@example.com,01/01/2024,34555.00,USD,completed,5,CA
TX-0001717,C-01717,Ethan Wilson,ethan.wilson1717@example.com,02/06/2024,127846.00,USD,pending,6,GB
TX-0001718,C-01718,Zoe Garcia,zoe.garcia1718@example.com,03/11/2024,121384.00,USD,refunded,7,AU
TX-0001719,C-01719,Mateo Nguyen,mateo.nguyen1719@example.com,04/04/2024,177312.00,USD,unknown,8,DE
TX-0001720,C-01720,Ava Patel,ava.patel1720@example.com,05/09/2024,54133.00,USD,completed,1,US
TX-0001721,C-01721,Noah Kim,noah.kim1721@example.com,06/02/2024,209750.00,USD,pending,2,CA
TX-0001722,C-01722,Mia Martin,mia.martin1722@example.com,07/07/2024,108895.00,USD,refunded,3,GB
TX-0001723,C-01723,Liam Smith,liam.smith1723@example.com,08/12/2024,116963.00,USD,cancelled,4,AU
TX-0001724,C-01724,Sofia Brown,sofia.brown1724@example.com,09/05/2024,34330.00,USD,completed,5,DE
TX-0001725,C-01725,Ethan Wilson,ethan.wilson1725@example.com,10/10/2024,203192.00,USD,pending,6,US
TX-0001726,C-01726,Zoe Garcia,zoe.garcia1726@example.com,11/03/2024,210211.00,USD,refunded,7,CA
TX-0001727,C-01727,Mateo Nguyen,mateo.nguyen1727@example.com,12/08/2024,69940.00,USD,COMPLETE,8,GB
TX-0001728,C-01728,Ava Patel,ava.patel1728@example.com,01/01/2024,40416.00,USD,completed,1,AU
TX-0001729,C-01729,Noah Kim,noah.kim1729@example.com,02/06/2024,141869.00,USD,pending,2,DE
TX-0001730,C-01730,Mia Martin,mia.martin1730@example.com,03/11/2024,1550.00,USD,refunded,3,USA
TX-0001731,C-01731,Liam Smith,liam.smith1731@example.com,04/04/2024,57644.00,USD,cancelled,4,CA
TX-0001732,C-01732,Sofia Brown,sofia.brown1732@example.com,05/09/2024,99347.00,USD,completed,5,GB
TX-0001733,C-01733,Ethan Wilson,ethan.wilson1733@example.com,06/02/2024,131325.00,USD,pending,6,AU
TX-0001734,C-01734,Zoe Garcia,zoe.garcia1734@example.com,07/07/2024,110867.00,USD,refunded,7,DE
TX-0001735,C-01735,Mateo Nguyen,mateo.nguyen1735@example.com,08/12/2024,6139.00,USD,cancelled,8,US
TX-0001736,C-01736,Ava Patel,ava.patel1736@example.com,09/05/2024,144173.00,USD,completed,1,CA
TX-0001737,C-01737,Noah Kim,noah.kim1737@example.com,10/10/2024,32571.00,USD,pending,2,GB
TX-0001738,C-01738,Mia Martin,mia.martin1738@example.com,11/03/2024,207816.00,USD,refunded,3,AU
TX-0001739,C-01739,Liam Smith,liam.smith1739@example.com,12/08/2024,163830.00,USD,cancelled,4,DE
TX-0001740,C-01740,Sofia Brown,sofia.brown1740@example.com,01/01/2024,10401.00,USD,completed,5,US
TX-0001741,C-01741,Ethan Wilson,ethan.wilson1741@example.com,02/06/2024,140756.00,USD,pending,6,CA
TX-0001742,C-01742,Zoe Garcia,zoe.garcia1742@example.com,03/11/2024,161392.00,USD,refunded,7,GB
TX-0001743,C-01743,Mateo Nguyen,mateo.nguyen1743@example.com,04/04/2024,5382.00,USD,cancelled,8,AU
TX-0001744,C-01744,Ava Patel,ava.patel1744@example.com,05/09/2024,153947.00,USD,completed,1,DE
TX-0001745,C-01745,Noah Kim,noah.kim1745@example.com,06/02/2024,54257.00,USD,pending,2,US
TX-0001746,C-01746,Mia Martin,,07/07/2024,154327.00,USD,refunded,3,CA
TX-0001747,C-01747,Liam Smith,liam.smith1747@example.com,08/12/2024,50992.00,USD,cancelled,4,GB
TX-0001748,C-01748,Sofia Brown,sofia.brown1748@example.com,09/05/2024,182353.00,USD,completed,5,AU
TX-0001749,C-01749,Ethan Wilson,ethan.wilson1749@example.com,10/10/2024,92961.00,USD,pending,6,DE
TX-0001750,C-01750,Zoe Garcia,zoe.garcia1750@example.com,11/03/2024,100154.00,USD,refunded,7,US
TX-0001751,C-01751,Mateo Nguyen,mateo.nguyen1751@example.com,12/08/2024,134097.00,USD,cancelled,8,CA
TX-0001752,C-01752,Ava Patel,ava.patel1752@example.com,01/01/2024,36360.00,USD,completed,1,GB
TX-0001753,C-01753,Noah Kim,noah.kim1753@example.com,02/06/2024,9887.00,USD,pending,2,AU
TX-0001754,C-01754,Mia Martin,mia.martin1754@example.com,03/11/2024,40214.00,USD,refunded,3,DE
TX-0001755,C-01755,Liam Smith,liam.smith1755@example.com,04/04/2024,107738.00,USD,cancelled,4,US
TX-0001756,C-01756,Sofia Brown,sofia.brown1756@example.com,05/09/2024,10805.00,USD,completed,5,CA
TX-0001757,C-01757,Ethan Wilson,ethan.wilson1757@example.com,06/02/2024,101364.00,USD,pending,6,GB
TX-0001758,C-01758,Zoe Garcia,zoe.garcia1758@example.com,07/07/2024,67486.00,USD,refunded,7,AU
TX-0001759,C-01759,Mateo Nguyen,mateo.nguyen1759@example.com,08/12/2024,147589.00,USD,cancelled,8,DE
TX-0001760,C-01760,Ava Patel,ava.patel1760@example.com,09/05/2024,207366.00,USD,completed,1,US
TX-0001761,C-01761,Noah Kim,noah.kim1761@example.com,10/10/2024,226160.00,USD,pending,2,CA
TX-0001762,C-01762,Mia Martin,mia.martin1762@example.com,11/03/2024,173164.00,USD,refunded,3,GB
TX-0001763,C-01763,Liam Smith,liam.smith1763@example.com,12/08/2024,112918.00,USD,cancelled,4,AU
TX-0001764,C-01764,Sofia Brown,sofia.brown1764@example.com,01/01/2024,167214.00,USD,completed,5,DE
TX-0001765,C-01765,Ethan Wilson,ethan.wilson1765@example.com,02/06/2024,124502.00,USD,pending,6,US
TX-0001766,C-01766,Zoe Garcia,zoe.garcia1766@example.com,03/11/2024,52732.00,USD,refunded,7,CA
TX-0001767,C-01767,Mateo Nguyen,mateo.nguyen1767@example.com,04/04/2024,31148.00,USD,cancelled,8,GB
TX-0001768,C-01768,Ava Patel,ava.patel1768@example.com,05/09/2024,164733.00,USD,completed,1,AU
TX-0001769,C-01769,Noah Kim,noah.kim1769@example.com,06/02/2024,45868.00,USD,pending,2,DE
TX-0001770,C-01770,Mia Martin,mia.martin1770@example.com,07/07/2024,93876.00,USD,refunded,3,US
TX-0001771,C-01771,Liam Smith,liam.smith1771@example.com,08/12/2024,120856.00,USD,cancelled,4,CA
TX-0001772,C-01772,Sofia Brown,sofia.brown1772@example.com,09/05/2024,190900.00,USD,completed,5,GB
TX-0001773,C-01773,Ethan Wilson,ethan.wilson1773@example.com,10/10/2024,104689.00,USD,pending,6,AU
TX-0001774,C-01774,Zoe Garcia,zoe.garcia1774@example.com,11/03/2024,187057.00,USD,refunded,7,DE
TX-0001775,C-01775,Mateo Nguyen,mateo.nguyen1775@example.com,12/08/2024,34003.00,USD,cancelled,8,US
TX-0001776,C-01776,Ava Patel,ava.patel1776@example.com,01/01/2024,33821.00,USD,completed,1,CA
TX-0001777,C-01777,Noah Kim,noah.kim1777@example.com,02/06/2024,12026.00,USD,pending,2,GB
TX-0001778,C-01778,mia martin,mia.martin1778@example.com,03/11/2024,42303.00,USD,refunded,3,AU
TX-0001779,C-01779,Liam Smith,liam.smith1779@example.com,04/04/2024,155429.00,USD,cancelled,4,DE
TX-0001780,C-01780,Sofia Brown,sofia.brown.invalid,05/09/2024,214345.00,USD,completed,5,US
TX-0001781,C-01781,Ethan Wilson,ethan.wilson1781@example.com,06/02/2024,246801.00,USD,pending,6,CA
TX-0001782,C-01782,Zoe Garcia,zoe.garcia1782@example.com,07/07/2024,158336.00,USD,refunded,7,GB
TX-0001783,C-01783,Mateo Nguyen,mateo.nguyen1783@example.com,08/12/2024,38946.00,USD,cancelled,8,AU
TX-0001784,C-01784,Ava Patel,ava.patel1784@example.com,09/05/2024,,USD,completed,1,DE
TX-0001785,C-01785,Noah Kim,noah.kim1785@example.com,10/10/2024,84302.00,USD,pending,2,US
TX-0001786,C-01786,Mia Martin,mia.martin1786@example.com,11/03/2024,164331.00,USD,refunded,3,CA
TX-0001787,C-01787,Liam Smith,liam.smith1787@example.com,12/08/2024,117757.00,USD,cancelled,4,GB
TX-0001788,C-01788,Sofia Brown,sofia.brown1788@example.com,01/01/2024,136852.00,usd,completed,5,AU
TX-0001789,C-01789,Ethan Wilson,ethan.wilson1789@example.com,02/06/2024,101186.00,USD,pending,6,DE
TX-0001790,C-01790,Zoe Garcia,zoe.garcia1790@example.com,03/11/2024,201412.00,USD,refunded,7,US
TX-0001791,C-01791,Mateo Nguyen,mateo.nguyen1791@example.com,04/04/2024,78800.00,USD,cancelled,8,CA
TX-0001792,C-01792,Ava Patel,ava.patel1792@example.com,05/09/2024,17044.00,USD,completed,1,GB
TX-0001793,C-01793,Noah Kim,noah.kim1793@example.com,06/02/2024,57264.00,USD,pending,2,AU
TX-0001794,C-01794,Mia Martin,mia.martin1794@example.com,07/07/2024,47077.00,USD,refunded,3,DE
TX-0001795,C-01795,Liam Smith,liam.smith1795@example.com,08/12/2024,74797.00,USD,cancelled,4,US
TX-0001796,C-01796,Sofia Brown,sofia.brown1796@example.com,09/05/2024,195113.00,USD,completed,5,CA
TX-0001797,C-01797,Ethan Wilson,ethan.wilson1797@example.com,10/10/2024,36637.00,USD,pending,6,GB
TX-0001798,C-01798,Zoe Garcia,zoe.garcia1798@example.com,11/03/2024,243341.00,USD,refunded,7,AU
TX-0001799,C-01799,Mateo Nguyen,mateo.nguyen1799@example.com,12/08/2024,144497.00,USD,cancelled,8,DE
TX-0001800,C-01800,Ava Patel,ava.patel1800@example.com,01/01/2024,240742.00,USD,completed,1,US
TX-0001801,C-01801,Noah Kim,noah.kim1801@example.com,02/06/2024,200446.00,USD,pending,2,CA
TX-0001802,C-01802,Mia Martin,mia.martin1802@example.com,03/11/2024,99532.00,USD,refunded,3,GB
TX-0001803,C-01803,Liam Smith,liam.smith1803@example.com,04/04/2024,232716.00,USD,cancelled,4,AU
TX-0001804,C-01804,Sofia Brown,sofia.brown1804@example.com,05/09/2024,199426.00,USD,completed,5,DE
TX-0001805,C-01805,Ethan Wilson,ethan.wilson1805@example.com,06/02/2024,92507.00,USD,pending,6,US
TX-0001806,C-01806,Zoe Garcia,zoe.garcia1806@example.com,07/07/2024,106751.00,USD,refunded,7,CA
TX-0001807,C-01807,Mateo Nguyen,mateo.nguyen1807@example.com,08/12/2024,41794.00,USD,cancelled,8,GB
TX-0001808,C-01808,  AVA PATEL  ,ava.patel1808@example.com,09/05/2024,158177.00,USD,completed,1,AU
TX-0001809,C-01809,Noah Kim,noah.kim1809@example.com,10/10/2024,140540.00,USD,pending,2,DE
TX-0001810,C-01810,Mia Martin,mia.martin1810@example.com,11/03/2024,137278.00, USD ,refunded,3,US
TX-0001811,C-01811,Liam Smith,liam.smith1811@example.com,12/08/2024,106962.00,USD,cancelled,4,CA
TX-0001812,C-01812,Sofia Brown,sofia.brown1812@example.com,01/01/2024,69144.00,USD,completed,5,GB
TX-0001813,C-01813,Ethan Wilson,ethan.wilson1813@example.com,02/06/2024,62000.00,USD,pending,6,AU
TX-0001814,C-01814,Zoe Garcia,zoe.garcia1814@example.com,03/11/2024,19019.00,USD,refunded,7,DE
TX-0001815,C-01815,Mateo Nguyen,mateo.nguyen1815@example.com,04/04/2024,95803.00,USD,cancelled,8,US
TX-0001816,C-01816,Ava Patel,ava.patel1816@example.com,05/09/2024,3777.00,USD,completed,1,CA
TX-0001817,C-01817,Noah Kim,noah.kim1817@example.com,06/02/2024,216164.00,USD,pending,2,GB
TX-0001818,C-01818,Mia Martin,mia.martin1818@example.com,07/07/2024,25583.00,USD,refunded,3,AU
TX-0001819,C-01819,Liam Smith,liam.smith1819@example.com,08/12/2024,130800.00,USD,cancelled,4,DE
TX-0001820,C-01820,Sofia Brown,sofia.brown1820@example.com,09/05/2024,200752.00,USD,completed,5,US
TX-0001821,C-01821,Ethan Wilson,ethan.wilson1821@example.com,10/10/2024,68481.00,USD,pending,6,CA
TX-0001822,C-01822,Zoe Garcia,zoe.garcia1822@example.com,11/03/2024,158781.00,USD,refunded,7,GB
TX-0001823,C-01823,Mateo Nguyen,mateo.nguyen1823@example.com,12/08/2024,65581.00,USD,cancelled,8,AU
TX-0001824,C-01824,Ava Patel,ava.patel1824@example.com,01/01/2024,132746.00,USD,completed,1,DE
TX-0001825,C-01825,Noah Kim,noah.kim1825@example.com,02/06/2024,112196.00,USD,pending,2,US
TX-0001826,C-01826,Mia Martin,mia.martin1826@example.com,03/11/2024,168038.00,USD,refunded,3,CA
TX-0001827,C-01827,Liam Smith,liam.smith1827@example.com,04/04/2024,240868.00,USD,cancelled,4,GB
TX-0001828,C-01828,Sofia Brown,sofia.brown1828@example.com,05/09/2024,65108.00,USD,completed,5,AU
TX-0001829,C-01829,Ethan Wilson,ethan.wilson1829@example.com,06/02/2024,95098.00,USD,pending,6,DE
TX-0001830,C-01830,Zoe Garcia,zoe.garcia1830@example.com,07/07/2024,161240.00,USD,refunded,7,US
TX-0001831,C-01831,Mateo Nguyen,mateo.nguyen1831@example.com,08/12/2024,205303.00,USD,cancelled,8,CA
TX-0001832,C-01832,Ava Patel,ava.patel1832@example.com,09/05/2024,170200.00,USD,completed,1,GB
TX-0001833,C-01833,Noah Kim,noah.kim1833@example.com,10/10/2024,66358.00,USD,pending,2,AU
TX-0001834,C-01834,Mia Martin,mia.martin1834@example.com,11/03/2024,118532.00,USD,refunded,3,de
TX-0001835,C-01835,Liam Smith,liam.smith1835@example.com,12/08/2024,90374.00,USD,cancelled,4,US
TX-0001836,C-01836,Sofia Brown,sofia.brown1836@example.com,01/01/2024,46593.00,USD,completed,5,CA
TX-0001837,C-01837,Ethan Wilson,ethan.wilson1837@example.com,02/06/2024,191078.00,USD,pending,6,GB
TX-0001838,C-01838,Zoe Garcia,zoe.garcia1838@example.com,03/11/2024,112226.00,USD,refunded,7,AU
TX-0001839,C-01839,Mateo Nguyen,mateo.nguyen1839@example.com,04/04/2024,242241.00,USD,cancelled,8,DE
TX-0001840,C-01840,Ava Patel,ava.patel1840@example.com,05/09/2024,126054.00,USD,completed,1,US
TX-0001841,C-01841,Noah Kim,noah.kim1841@example.com,06/02/2024,160061.00,USD,pending,2,CA
TX-0001842,C-01842,Mia Martin,mia.martin1842@example.com,07/07/2024,96145.00,USD,refunded,3,GB
TX-0001843,C-01843,Liam Smith,,08/12/2024,70174.00,USD,cancelled,4,AU
TX-0001844,C-01844,Sofia Brown,sofia.brown1844@example.com,09/05/2024,84280.00,USD,completed,5,DE
TX-0001845,C-01845,Ethan Wilson,ethan.wilson1845@example.com,10/10/2024,221485.00,USD,pending,6,US
TX-0001846,C-01846,Zoe Garcia,zoe.garcia1846@example.com,11/03/2024,129761.00,USD,refunded,7,CA
TX-0001847,C-01847,Mateo Nguyen,mateo.nguyen1847@example.com,12/08/2024,200258.00,USD,cancelled,8,GB
TX-0001848,C-01848,Ava Patel,ava.patel1848@example.com,01/01/2024,108885.00,USD,completed,1,AU
TX-0001849,C-01849,Noah Kim,noah.kim1849@example.com,02/06/2024,197206.00,USD,pending,2,DE
TX-0001850,C-01850,Mia Martin,mia.martin1850@example.com,03/11/2024,79490.00,USD,refunded,3,US
TX-0001851,C-01851,Liam Smith,liam.smith1851@example.com,04/04/2024,146890.00,USD,cancelled,4,CA
TX-0001852,C-01852,Sofia Brown,sofia.brown1852@example.com,05/09/2024,107960.00,USD,completed,5,GB
TX-0001853,C-01853,Ethan Wilson,ethan.wilson1853@example.com,06/02/2024,42161.00,USD,pending,6,AU
TX-0001854,C-01854,Zoe Garcia,zoe.garcia1854@example.com,07/07/2024,46001.00,USD,refunded,7,DE
TX-0001855,C-01855,Mateo Nguyen,mateo.nguyen1855@example.com,08/12/2024,144162.00,USD,cancelled,8,US
TX-0001856,C-01856,Ava Patel,ava.patel1856@example.com,09/05/2024,51986.00,USD,completed,1,CA
TX-0001857,C-01857,Noah Kim,noah.kim1857@example.com,10/10/2024,167476.00,USD,pending,2,GB
TX-0001858,C-01858,Mia Martin,mia.martin1858@example.com,11/03/2024,146824.00,USD,refunded,3,AU
TX-0001859,C-01859,Liam Smith,liam.smith1859@example.com,12/08/2024,128693.00,USD,cancelled,4,DE
TX-0001860,C-01860,Sofia Brown,sofia.brown1860@example.com,01/01/2024,127783.00,USD,completed,5,US
TX-0001861,C-01861,Ethan Wilson,ethan.wilson1861@example.com,02/06/2024,231639.00,USD,pending,6,CA
TX-0001862,C-01862,Zoe Garcia,zoe.garcia1862@example.com,03/11/2024,207327.00,USD,refunded,7,GB
TX-0001863,C-01863,Mateo Nguyen,mateo.nguyen1863@example.com,04/04/2024,179321.00,USD,cancelled,8,AU
TX-0001864,C-01864,Ava Patel,ava.patel1864@example.com,05/09/2024,41313.00,USD,completed,1,DE
TX-0001865,C-01865,Noah Kim,noah.kim1865@example.com,06/02/2024,32063.00,USD,pending,2,US
TX-0001866,C-01866,Mia Martin,mia.martin1866@example.com,07/07/2024,109979.00,USD,refunded,3,CA
TX-0001867,C-01867,Liam Smith,liam.smith1867@example.com,08/12/2024,14944.00,USD,cancelled,4,GB
TX-0001868,C-01868,Sofia Brown,sofia.brown1868@example.com,09/05/2024,64924.00,USD,completed,5,AU
TX-0001869,C-01869,Ethan Wilson,ethan.wilson.invalid,10/10/2024,23096.00,USD,pending,6,DE
TX-0001870,C-01870,Zoe Garcia,zoe.garcia1870@example.com,11/03/2024,225122.00,USD,refunded,7,US
TX-0001871,C-01871,Mateo Nguyen,mateo.nguyen1871@example.com,12/08/2024,175133.00,USD,cancelled,8,CA
TX-0001872,C-01872,Ava Patel,ava.patel1872@example.com,01/01/2024,86283.00,USD,completed,1,GB
TX-0001873,C-01873,Noah Kim,noah.kim1873@example.com,02/06/2024,221475.00,USD,pending,2,AU
TX-0001874,C-01874,Mia Martin,mia.martin1874@example.com,03/11/2024,146611.00,USD,refunded,3,DE
TX-0001875,C-01875,Liam Smith,liam.smith1875@example.com,04/04/2024,97635.00,USD,cancelled,4,US
TX-0001876,C-01876,Sofia Brown,sofia.brown1876@example.com,05/09/2024,68225.00,USD,completed,5,CA
TX-0001877,C-01877,Ethan Wilson,ethan.wilson1877@example.com,06/02/2024,114456.00,USD,pending,6,GB
TX-0001878,C-01878,Zoe Garcia,zoe.garcia1878@example.com,07/07/2024,158346.00,USD,refunded,7,AU
TX-0001879,C-01879,Mateo Nguyen,mateo.nguyen1879@example.com,08/12/2024,96400.00,USD,cancelled,8,DE
TX-0001880,C-01880,Ava Patel,ava.patel1880@example.com,09/05/2024,199690.00,USD,completed,1,US
TX-0001881,C-01881,Noah Kim,noah.kim1881@example.com,10/10/2024,37042.00,USD,pending,2,CA
TX-0001882,C-01882,Mia Martin,mia.martin1882@example.com,11/03/2024,21676.00,USD,refunded,3,GB
TX-0001883,C-01883,Liam Smith,liam.smith1883@example.com,12/08/2024,89103.00,USD,cancelled,4,AU
TX-0001884,C-01884,Sofia Brown,sofia.brown1884@example.com,01/01/2024,113096.00,USD,COMPLETE,5,DE
TX-0001885,C-01885,Ethan Wilson,ethan.wilson1885@example.com,02/06/2024,179654.00,USD,pending,6,US
TX-0001886,C-01886,Zoe Garcia,zoe.garcia1886@example.com,03/11/2024,46580.00,USD,refunded,7,CA
TX-0001887,C-01887,Mateo Nguyen,mateo.nguyen1887@example.com,04/04/2024,57926.00,USD,cancelled,8,GB
TX-0001888,C-01888,Ava Patel,ava.patel1888@example.com,05/09/2024,125065.00,USD,completed,1,AU
TX-0001889,C-01889,Noah Kim,noah.kim1889@example.com,06/02/2024,5369.00,USD,pending,2,DE
TX-0001890,C-01890,Mia Martin,mia.martin1890@example.com,07/07/2024,196001.00,USD,refunded,3,US
TX-0001891,C-01891,Liam Smith,liam.smith1891@example.com,08/12/2024,183436.00,USD,cancelled,4,CA
TX-0001892,C-01892,Sofia Brown,sofia.brown1892@example.com,09/05/2024,222455.00,USD,completed,5,GB
TX-0001893,C-01893,Ethan Wilson,ethan.wilson1893@example.com,10/10/2024,240810.00,USD,pending,6,AU
TX-0001894,C-01894,Zoe Garcia,zoe.garcia1894@example.com,11/03/2024,96118.00,USD,refunded,7,DE
TX-0001895,C-01895,Mateo Nguyen,mateo.nguyen1895@example.com,12/08/2024,173428.00,USD,cancelled,8,US
TX-0001896,C-01896,Ava Patel,ava.patel1896@example.com,01/01/2024,111986.00,USD,completed,1,CA
TX-0001897,C-01897,Noah Kim,noah.kim1897@example.com,02/06/2024,236161.00,USD,pending,2,GB
TX-0001898,C-01898,Mia Martin,mia.martin1898@example.com,03/11/2024,119187.00,USD,refunded,3,AU
TX-0001899,C-01899,Liam Smith,liam.smith1899@example.com,04/04/2024,-584.00,USD,cancelled,4,DE
TX-0001900,C-01900,Sofia Brown,sofia.brown1900@example.com,05/09/2024,207702.00,USD,completed,5,US
TX-0001901,C-01901,Ethan Wilson,ethan.wilson1901@example.com,06/02/2024,168344.00,USD,pending,6,CA
TX-0001902,C-01902,Zoe Garcia,zoe.garcia1902@example.com,07/07/2024,205485.00,USD,refunded,7,GB
TX-0001903,C-01903,Mateo Nguyen,mateo.nguyen1903@example.com,08/12/2024,185712.00,USD,cancelled,8,USA
TX-0001904,C-01904,Ava Patel,ava.patel1904@example.com,09/05/2024,94183.00,USD,completed,1,DE
TX-0001905,C-01905,noah kim,noah.kim1905@example.com,10/10/2024,219592.00,USD,pending,2,US
TX-0001906,C-01906,Mia Martin,mia.martin1906@example.com,11/03/2024,40141.00,USD,refunded,3,CA
TX-0001907,C-01907,Liam Smith,liam.smith1907@example.com,12/08/2024,83358.00,USD,cancelled,4,GB
TX-0001908,C-01908,Sofia Brown,sofia.brown1908@example.com,01/01/2024,118817.00,USD,completed,5,AU
TX-0001909,C-01909,Ethan Wilson,ethan.wilson1909@example.com,02/06/2024,38508.00,USD,pending,6,DE
TX-0001910,C-01910,Zoe Garcia,zoe.garcia1910@example.com,03/11/2024,71915.00,USD,unknown,7,US
TX-0001911,C-01911,Mateo Nguyen,mateo.nguyen1911@example.com,04/04/2024,8948.00,USD,cancelled,8,CA
TX-0001912,C-01912,Ava Patel,ava.patel1912@example.com,05/09/2024,132505.00,USD,completed,1,GB
TX-0001913,C-01913,Noah Kim,noah.kim1913@example.com,06/02/2024,68100.00,USD,pending,2,AU
TX-0001914,C-01914,Mia Martin,mia.martin1914@example.com,07/07/2024,16036.00,USD,refunded,3,DE
TX-0001915,C-01915,Liam Smith,liam.smith1915@example.com,08/12/2024,37731.00,USD,cancelled,4,US
TX-0001916,C-01916,Sofia Brown,sofia.brown1916@example.com,09/05/2024,120489.00,USD,completed,5,CA
TX-0001917,C-01917,Ethan Wilson,ethan.wilson1917@example.com,10/10/2024,18093.00,USD,pending,6,GB
TX-0001918,C-01918,Zoe Garcia,zoe.garcia1918@example.com,11/03/2024,57785.00,USD,refunded,7,AU
TX-0001919,C-01919,Mateo Nguyen,mateo.nguyen1919@example.com,12/08/2024,32187.00,USD,cancelled,8,DE
TX-0001920,C-01920,Ava Patel,ava.patel1920@example.com,01/01/2024,65190.00,USD,completed,1,US
TX-0001921,C-01921,  NOAH KIM  ,noah.kim1921@example.com,02/06/2024,134444.00,USD,pending,2,CA
TX-0001922,C-01922,Mia Martin,mia.martin1922@example.com,03/11/2024,5200.00,USD,refunded,3,GB
TX-0001923,C-01923,Liam Smith,liam.smith1923@example.com,04/04/2024,88327.00,USD,cancelled,4,AU
TX-0001924,C-01924,Sofia Brown,sofia.brown1924@example.com,05/09/2024,3974.00,USD,completed,5,DE
TX-0001925,C-01925,Ethan Wilson,ethan.wilson1925@example.com,06/02/2024,216922.00,USD,pending,6,US
TX-0001926,C-01926,Zoe Garcia,zoe.garcia1926@example.com,07/07/2024,218768.00,USD,refunded,7,CA
TX-0001927,C-01927,Mateo Nguyen,mateo.nguyen1927@example.com,08/12/2024,123861.00,USD,cancelled,8,GB
TX-0001928,C-01928,Ava Patel,ava.patel1928@example.com,09/05/2024,131100.00,USD,completed,1,AU
TX-0001929,C-01929,Noah Kim,noah.kim1929@example.com,10/10/2024,236349.00,USD,pending,2,DE
TX-0001930,C-01930,Mia Martin,mia.martin1930@example.com,11/03/2024,45589.00,USD,refunded,3,US
TX-0001931,C-01931,Liam Smith,liam.smith1931@example.com,12/08/2024,85221.00,USD,cancelled,4,CA
TX-0001932,C-01932,Sofia Brown,sofia.brown1932@example.com,01/01/2024,70359.00,USD,completed,5,GB
TX-0001933,C-01933,Ethan Wilson,ethan.wilson1933@example.com,02/06/2024,197393.00,USD,pending,6,AU
TX-0001934,C-01934,Zoe Garcia,zoe.garcia1934@example.com,03/11/2024,221728.00,USD,refunded,7,DE
TX-0001935,C-01935,Mateo Nguyen,mateo.nguyen1935@example.com,04/04/2024,189390.00,USD,cancelled,8,US
TX-0001936,C-01936,Ava Patel,ava.patel1936@example.com,05/09/2024,81856.00,USD,completed,1,CA
TX-0001937,C-01937,Noah Kim,noah.kim1937@example.com,06/02/2024,155143.00,usd,pending,2,GB
TX-0001938,C-01938,Mia Martin,mia.martin1938@example.com,07/07/2024,104185.00,USD,refunded,3,AU
TX-0001939,C-01939,Liam Smith,liam.smith1939@example.com,08/12/2024,144988.00,USD,cancelled,4,DE
TX-0001940,C-01940,Sofia Brown,,09/05/2024,71006.00,USD,completed,5,US
TX-0001941,C-01941,Ethan Wilson,ethan.wilson1941@example.com,10/10/2024,74869.00,USD,pending,6,CA
TX-0001942,C-01942,Zoe Garcia,zoe.garcia1942@example.com,11/03/2024,152536.00,USD,refunded,7,GB
TX-0001943,C-01943,Mateo Nguyen,mateo.nguyen1943@example.com,12/08/2024,117885.00,USD,cancelled,8,AU
TX-0001944,C-01944,Ava Patel,ava.patel1944@example.com,01/01/2024,23501.00,USD,completed,1,DE
TX-0001945,C-01945,Noah Kim,noah.kim1945@example.com,02/06/2024,165082.00,USD,pending,2,US
TX-0001946,C-01946,Mia Martin,mia.martin1946@example.com,03/11/2024,232408.00,USD,refunded,3,CA
TX-0001947,C-01947,Liam Smith,liam.smith1947@example.com,04/04/2024,145527.00,USD,cancelled,4,GB
TX-0001948,C-01948,Sofia Brown,sofia.brown1948@example.com,05/09/2024,93389.00,USD,completed,5,AU
TX-0001949,C-01949,Ethan Wilson,ethan.wilson1949@example.com,06/02/2024,202900.00,USD,pending,6,DE
TX-0001950,C-01950,Zoe Garcia,zoe.garcia1950@example.com,07/07/2024,227866.00,USD,refunded,7,US
TX-0001951,C-01951,Mateo Nguyen,mateo.nguyen1951@example.com,08/12/2024,4409.00,USD,cancelled,8,CA
TX-0001952,C-01952,Ava Patel,ava.patel1952@example.com,09/05/2024,139259.00,USD,completed,1,GB
TX-0001953,C-01953,Noah Kim,noah.kim1953@example.com,10/10/2024,205290.00,USD,pending,2,AU
TX-0001954,C-01954,Mia Martin,mia.martin1954@example.com,11/03/2024,107382.00,USD,refunded,3,DE
TX-0001955,C-01955,Liam Smith,liam.smith1955@example.com,12/08/2024,194115.00,USD,cancelled,4,US
TX-0001956,C-01956,Sofia Brown,sofia.brown1956@example.com,01/01/2024,42431.00,USD,completed,5,CA
TX-0001957,C-01957,Ethan Wilson,ethan.wilson1957@example.com,02/06/2024,23460.00,USD,pending,6,GB
TX-0001958,C-01958,Zoe Garcia,zoe.garcia.invalid,03/11/2024,56175.00,USD,refunded,7,AU
TX-0001959,C-01959,Mateo Nguyen,mateo.nguyen1959@example.com,04/04/2024,52323.00,USD,cancelled,8,DE
TX-0001960,C-01960,Ava Patel,ava.patel1960@example.com,05/09/2024,175000.00,USD,completed,1,US
TX-0001961,C-01961,Noah Kim,noah.kim1961@example.com,06/02/2024,21177.00,USD,pending,2,CA
TX-0001962,C-01962,Mia Martin,mia.martin1962@example.com,07/07/2024,199810.00,USD,refunded,3,GB
TX-0001963,C-01963,Liam Smith,liam.smith1963@example.com,08/12/2024,24279.00,USD,cancelled,4,AU
TX-0001964,C-01964,Sofia Brown,sofia.brown1964@example.com,09/05/2024,1780.00,USD,completed,5,DE
TX-0001965,C-01965,Ethan Wilson,ethan.wilson1965@example.com,10/10/2024,205790.00,USD,pending,6,us
TX-0001966,C-01966,Zoe Garcia,zoe.garcia1966@example.com,11/03/2024,95190.00,USD,refunded,7,CA
TX-0001967,C-01967,Mateo Nguyen,mateo.nguyen1967@example.com,12/08/2024,24709.00,USD,cancelled,8,GB
TX-0001968,C-01968,Ava Patel,ava.patel1968@example.com,01/01/2024,45490.00,USD,completed,1,AU
TX-0001969,C-01969,Noah Kim,noah.kim1969@example.com,02/06/2024,76103.00,USD,pending,2,DE
TX-0001970,C-01970,Mia Martin,mia.martin1970@example.com,03/11/2024,151269.00,USD,refunded,3,US
TX-0001971,C-01971,Liam Smith,liam.smith1971@example.com,04/04/2024,73400.00,USD,cancelled,4,CA
TX-0001972,C-01972,Sofia Brown,sofia.brown1972@example.com,05/09/2024,64825.00,USD,completed,5,GB
TX-0001973,C-01973,Ethan Wilson,ethan.wilson1973@example.com,06/02/2024,246104.00,USD,pending,6,AU
TX-0001974,C-01974,Zoe Garcia,zoe.garcia1974@example.com,07/07/2024,229435.00,USD,refunded,7,DE
TX-0001975,C-01975,Mateo Nguyen,mateo.nguyen1975@example.com,08/12/2024,175811.00,USD,cancelled,8,US
TX-0001976,C-01976,Ava Patel,ava.patel1976@example.com,09/05/2024,170792.00,USD,completed,1,CA
TX-0001977,C-01977,Noah Kim,noah.kim1977@example.com,10/10/2024,121977.00,USD,pending,2,GB
TX-0001978,C-01978,Mia Martin,mia.martin1978@example.com,11/03/2024,26581.00,USD,refunded,3,AU
TX-0001979,C-01979,Liam Smith,liam.smith1979@example.com,12/08/2024,22586.00,USD,cancelled,4,DE
TX-0001980,C-01980,Sofia Brown,sofia.brown1980@example.com,01/01/2024,124565.00,USD,completed,5,US
TX-0001981,C-01981,Ethan Wilson,ethan.wilson1981@example.com,02/06/2024,228926.00,USD,pending,6,CA
TX-0001982,C-01982,Zoe Garcia,zoe.garcia1982@example.com,03/11/2024,131610.00,USD,refunded,7,GB
TX-0001983,C-01983,Mateo Nguyen,mateo.nguyen1983@example.com,04/04/2024,175829.00,USD,cancelled,8,AU
TX-0001984,C-01984,Ava Patel,ava.patel1984@example.com,05/09/2024,42612.00,USD,completed,1,DE
TX-0001985,C-01985,Noah Kim,noah.kim1985@example.com,06/02/2024,113120.00,USD,pending,2,US
TX-0001986,C-01986,Mia Martin,mia.martin1986@example.com,07/07/2024,198176.00,USD,refunded,3,CA
TX-0001987,C-01987,Liam Smith,liam.smith1987@example.com,08/12/2024,25737.00,USD,cancelled,4,GB
TX-0001988,C-01988,Sofia Brown,sofia.brown1988@example.com,09/05/2024,32823.00,USD,completed,5,AU
TX-0001989,C-01989,Ethan Wilson,ethan.wilson1989@example.com,10/10/2024,70572.00,USD,pending,6,DE
TX-0001990,C-01990,Zoe Garcia,zoe.garcia1990@example.com,11/03/2024,99680.00,USD,refunded,7,US
TX-0001991,C-01991,Mateo Nguyen,mateo.nguyen1991@example.com,12/08/2024,128440.00, USD ,cancelled,8,CA
TX-0001992,C-01992,Ava Patel,ava.patel1992@example.com,01/01/2024,204017.00,USD,completed,1,GB
TX-0001993,C-01993,Noah Kim,noah.kim1993@example.com,02/06/2024,28136.00,USD,pending,2,AU
TX-0001994,C-01994,Mia Martin,mia.martin1994@example.com,03/11/2024,171286.00,USD,refunded,3,DE
TX-0001995,C-01995,Liam Smith,liam.smith1995@example.com,04/04/2024,127994.00,USD,cancelled,4,US
TX-0001996,C-01996,Sofia Brown,sofia.brown1996@example.com,05/09/2024,26821.00,USD,completed,5,CA
TX-0001997,C-01997,Ethan Wilson,ethan.wilson1997@example.com,06/02/2024,199777.00,USD,pending,6,GB
TX-0001998,C-01998,Zoe Garcia,zoe.garcia1998@example.com,07/07/2024,204098.00,USD,refunded,7,AU
TX-0001999,C-01999,Mateo Nguyen,mateo.nguyen1999@example.com,08/12/2024,80510.00,USD,cancelled,8,DE
TX-0002000,C-02000,Ava Patel,ava.patel2000@example.com,09/05/2024,52423.00,USD,completed,1,US
TX-0002001,C-02001,Noah Kim,noah.kim2001@example.com,10/10/2024,147564.00,USD,pending,2,CA
TX-0002002,C-02002,Mia Martin,mia.martin2002@example.com,11/03/2024,121442.00,USD,refunded,3,GB
TX-0002003,C-02003,Liam Smith,liam.smith2003@example.com,12/08/2024,183155.00,USD,cancelled,4,AU
TX-0002004,C-02004,Sofia Brown,sofia.brown2004@example.com,01/01/2024,202554.00,USD,completed,5,DE
TX-0002005,C-02005,Ethan Wilson,ethan.wilson2005@example.com,02/06/2024,194128.00,USD,pending,6,US
TX-0002006,C-02006,Zoe Garcia,zoe.garcia2006@example.com,03/11/2024,140306.00,USD,refunded,7,CA
TX-0002007,C-02007,Mateo Nguyen,mateo.nguyen2007@example.com,04/04/2024,,USD,cancelled,8,GB
TX-0002008,C-02008,Ava Patel,ava.patel2008@example.com,05/09/2024,158809.00,USD,completed,1,AU
TX-0002009,C-02009,Noah Kim,noah.kim2009@example.com,06/02/2024,142854.00,USD,pending,2,DE
TX-0002010,C-02010,Mia Martin,mia.martin2010@example.com,07/07/2024,184928.00,USD,refunded,3,US
TX-0002011,C-02011,Liam Smith,liam.smith2011@example.com,08/12/2024,173068.00,USD,cancelled,4,CA
TX-0002012,C-02012,Sofia Brown,sofia.brown2012@example.com,09/05/2024,226449.00,USD,completed,5,GB
TX-0002013,C-02013,Ethan Wilson,ethan.wilson2013@example.com,10/10/2024,183269.00,USD,pending,6,AU
TX-0002014,C-02014,Zoe Garcia,zoe.garcia2014@example.com,11/03/2024,160694.00,USD,refunded,7,DE
TX-0002015,C-02015,Mateo Nguyen,mateo.nguyen2015@example.com,12/08/2024,215059.00,USD,cancelled,8,US
TX-0002016,C-02016,Ava Patel,ava.patel2016@example.com,01/01/2024,240839.00,USD,completed,1,CA
TX-0002017,C-02017,Noah Kim,noah.kim2017@example.com,02/06/2024,108688.00,USD,pending,2,GB
TX-0002018,C-02018,Mia Martin,mia.martin2018@example.com,03/11/2024,26265.00,USD,refunded,3,AU
TX-0002019,C-02019,Liam Smith,liam.smith2019@example.com,04/04/2024,48237.00,USD,cancelled,4,DE
TX-0002020,C-02020,Sofia Brown,sofia.brown2020@example.com,05/09/2024,192474.00,USD,completed,5,US
TX-0002021,C-02021,Ethan Wilson,ethan.wilson2021@example.com,06/02/2024,131766.00,USD,pending,6,CA
TX-0002022,C-02022,Zoe Garcia,zoe.garcia2022@example.com,07/07/2024,35668.00,USD,refunded,7,GB
TX-0002023,C-02023,Mateo Nguyen,mateo.nguyen2023@example.com,08/12/2024,191813.00,USD,cancelled,8,AU
TX-0002024,C-02024,Ava Patel,ava.patel2024@example.com,09/05/2024,161603.00,USD,completed,1,DE
TX-0002025,C-02025,Noah Kim,noah.kim2025@example.com,10/10/2024,166585.00,USD,pending,2,US
TX-0002026,C-02026,Mia Martin,mia.martin2026@example.com,11/03/2024,68723.00,USD,refunded,3,CA
TX-0002027,C-02027,Liam Smith,liam.smith2027@example.com,12/08/2024,124822.00,USD,cancelled,4,GB
TX-0002028,C-02028,Sofia Brown,sofia.brown2028@example.com,01/01/2024,247161.00,USD,completed,5,AU
TX-0002029,C-02029,Ethan Wilson,ethan.wilson2029@example.com,02/06/2024,243280.00,USD,pending,6,DE
TX-0002030,C-02030,Zoe Garcia,zoe.garcia2030@example.com,03/11/2024,196415.00,USD,refunded,7,US
TX-0002031,C-02031,Mateo Nguyen,mateo.nguyen2031@example.com,04/04/2024,5042.00,USD,cancelled,8,CA
TX-0002032,C-02032,ava patel,ava.patel2032@example.com,05/09/2024,204098.00,USD,completed,1,GB
TX-0002033,C-02033,Noah Kim,noah.kim2033@example.com,06/02/2024,50638.00,USD,pending,2,AU
TX-0002034,C-02034,  MIA MARTIN  ,mia.martin2034@example.com,07/07/2024,150027.00,USD,refunded,3,DE
TX-0002035,C-02035,Liam Smith,liam.smith2035@example.com,08/12/2024,166992.00,USD,cancelled,4,US
TX-0002036,C-02036,Sofia Brown,sofia.brown2036@example.com,09/05/2024,101605.00,USD,completed,5,CA
TX-0002037,C-02037,Ethan Wilson,,10/10/2024,140625.00,USD,pending,6,GB
TX-0002038,C-02038,Zoe Garcia,zoe.garcia2038@example.com,11/03/2024,142793.00,USD,refunded,7,AU
TX-0002039,C-02039,Mateo Nguyen,mateo.nguyen2039@example.com,12/08/2024,161374.00,USD,cancelled,8,DE
TX-0002040,C-02040,Ava Patel,ava.patel2040@example.com,01/01/2024,150891.00,USD,completed,1,US
TX-0002041,C-02041,Noah Kim,noah.kim2041@example.com,02/06/2024,227208.00,USD,COMPLETE,2,CA
TX-0002042,C-02042,Mia Martin,mia.martin2042@example.com,03/11/2024,133346.00,USD,refunded,3,GB
TX-0002043,C-02043,Liam Smith,liam.smith2043@example.com,04/04/2024,167448.00,USD,cancelled,4,AU
TX-0002044,C-02044,Sofia Brown,sofia.brown2044@example.com,05/09/2024,166840.00,USD,completed,5,DE
TX-0002045,C-02045,Ethan Wilson,ethan.wilson2045@example.com,06/02/2024,218281.00,USD,pending,6,US
TX-0002046,C-02046,Zoe Garcia,zoe.garcia2046@example.com,07/07/2024,239199.00,USD,refunded,7,CA
TX-0002047,C-02047,Mateo Nguyen,mateo.nguyen.invalid,08/12/2024,138923.00,USD,cancelled,8,GB
TX-0002048,C-02048,Ava Patel,ava.patel2048@example.com,09/05/2024,50651.00,USD,completed,1,AU
TX-0002049,C-02049,Noah Kim,noah.kim2049@example.com,10/10/2024,63553.00,USD,pending,2,DE
TX-0002050,C-02050,Mia Martin,mia.martin2050@example.com,11/03/2024,50812.00,USD,refunded,3,US
TX-0002051,C-02051,Liam Smith,liam.smith2051@example.com,12/08/2024,239779.00,USD,cancelled,4,CA
TX-0002052,C-02052,Sofia Brown,sofia.brown2052@example.com,01/01/2024,100634.00,USD,completed,5,GB
TX-0002053,C-02053,Ethan Wilson,ethan.wilson2053@example.com,02/06/2024,196566.00,USD,pending,6,AU
TX-0002054,C-02054,Zoe Garcia,zoe.garcia2054@example.com,03/11/2024,166011.00,USD,refunded,7,DE
TX-0002055,C-02055,Mateo Nguyen,mateo.nguyen2055@example.com,04/04/2024,1101.00,USD,cancelled,8,US
TX-0002056,C-02056,Ava Patel,ava.patel2056@example.com,05/09/2024,63602.00,USD,completed,1,CA
TX-0002057,C-02057,Noah Kim,noah.kim2057@example.com,06/02/2024,216076.00,USD,pending,2,GB
TX-0002058,C-02058,Mia Martin,mia.martin2058@example.com,07/07/2024,138970.00,USD,refunded,3,AU
TX-0002059,C-02059,Liam Smith,liam.smith2059@example.com,08/12/2024,144647.00,USD,cancelled,4,DE
TX-0002060,C-02060,Sofia Brown,sofia.brown2060@example.com,09/05/2024,78616.00,USD,completed,5,US
TX-0002061,C-02061,Ethan Wilson,ethan.wilson2061@example.com,10/10/2024,218308.00,USD,pending,6,CA
TX-0002062,C-02062,Zoe Garcia,zoe.garcia2062@example.com,11/03/2024,7049.00,USD,refunded,7,GB
TX-0002063,C-02063,Mateo Nguyen,mateo.nguyen2063@example.com,12/08/2024,151661.00,USD,cancelled,8,AU
TX-0002064,C-02064,Ava Patel,ava.patel2064@example.com,01/01/2024,157512.00,USD,completed,1,DE
TX-0002065,C-02065,Noah Kim,noah.kim2065@example.com,02/06/2024,214762.00,USD,pending,2,US
TX-0002066,C-02066,Mia Martin,mia.martin2066@example.com,03/11/2024,136050.00,USD,refunded,3,CA
TX-0002067,C-02067,Liam Smith,liam.smith2067@example.com,04/04/2024,71720.00,USD,cancelled,4,GB
TX-0002068,C-02068,Sofia Brown,sofia.brown2068@example.com,05/09/2024,123278.00,USD,completed,5,AU
TX-0002069,C-02069,Ethan Wilson,ethan.wilson2069@example.com,06/02/2024,177713.00,USD,pending,6,DE
TX-0002070,C-02070,Zoe Garcia,zoe.garcia2070@example.com,07/07/2024,171064.00,USD,refunded,7,US
TX-0002071,C-02071,Mateo Nguyen,mateo.nguyen2071@example.com,08/12/2024,209294.00,USD,cancelled,8,CA
TX-0002072,C-02072,Ava Patel,ava.patel2072@example.com,09/05/2024,210762.00,USD,completed,1,GB
TX-0002073,C-02073,Noah Kim,noah.kim2073@example.com,10/10/2024,104937.00,USD,pending,2,AU
TX-0002074,C-02074,Mia Martin,mia.martin2074@example.com,11/03/2024,13132.00,USD,refunded,3,DE
TX-0002075,C-02075,Liam Smith,liam.smith2075@example.com,12/08/2024,108141.00,USD,cancelled,4,US
TX-0002076,C-02076,Sofia Brown,sofia.brown2076@example.com,01/01/2024,181221.00,USD,completed,5,USA
TX-0002077,C-02077,Ethan Wilson,ethan.wilson2077@example.com,02/06/2024,209949.00,USD,pending,6,GB
TX-0002078,C-02078,Zoe Garcia,zoe.garcia2078@example.com,03/11/2024,118396.00,USD,refunded,7,AU
TX-0002079,C-02079,Mateo Nguyen,mateo.nguyen2079@example.com,04/04/2024,127961.00,USD,cancelled,8,DE
TX-0002080,C-02080,Ava Patel,ava.patel2080@example.com,05/09/2024,18498.00,USD,completed,1,US
TX-0002081,C-02081,Noah Kim,noah.kim2081@example.com,06/02/2024,200192.00,USD,pending,2,CA
TX-0002082,C-02082,Mia Martin,mia.martin2082@example.com,07/07/2024,42870.00,USD,refunded,3,GB
TX-0002083,C-02083,Liam Smith,liam.smith2083@example.com,08/12/2024,145804.00,USD,cancelled,4,AU
TX-0002084,C-02084,Sofia Brown,sofia.brown2084@example.com,09/05/2024,51840.00,USD,completed,5,DE
TX-0002085,C-02085,Ethan Wilson,ethan.wilson2085@example.com,10/10/2024,234571.00,USD,pending,6,US
TX-0002086,C-02086,Zoe Garcia,zoe.garcia2086@example.com,11/03/2024,136064.00,usd,refunded,7,CA
TX-0002087,C-02087,Mateo Nguyen,mateo.nguyen2087@example.com,12/08/2024,62516.00,USD,cancelled,8,GB
TX-0002088,C-02088,Ava Patel,ava.patel2088@example.com,01/01/2024,209448.00,USD,completed,1,AU
TX-0002089,C-02089,Noah Kim,noah.kim2089@example.com,02/06/2024,138587.00,USD,pending,2,DE
TX-0002090,C-02090,Mia Martin,mia.martin2090@example.com,03/11/2024,35334.00,USD,refunded,3,US
TX-0002091,C-02091,Liam Smith,liam.smith2091@example.com,04/04/2024,54575.00,USD,cancelled,4,CA
TX-0002092,C-02092,Sofia Brown,sofia.brown2092@example.com,05/09/2024,219542.00,USD,completed,5,GB
TX-0002093,C-02093,Ethan Wilson,ethan.wilson2093@example.com,06/02/2024,80679.00,USD,pending,6,AU
TX-0002094,C-02094,Zoe Garcia,zoe.garcia2094@example.com,07/07/2024,185845.00,USD,refunded,7,DE
TX-0002095,C-02095,Mateo Nguyen,mateo.nguyen2095@example.com,08/12/2024,168518.00,USD,cancelled,8,US
TX-0002096,C-02096,Ava Patel,ava.patel2096@example.com,09/05/2024,57765.00,USD,completed,1,ca
TX-0002097,C-02097,Noah Kim,noah.kim2097@example.com,10/10/2024,27805.00,USD,pending,2,GB
TX-0002098,C-02098,Mia Martin,mia.martin2098@example.com,11/03/2024,87452.00,USD,refunded,3,AU
TX-0002099,C-02099,Liam Smith,liam.smith2099@example.com,12/08/2024,77657.00,USD,cancelled,4,DE
TX-0002100,C-02100,Sofia Brown,sofia.brown2100@example.com,01/01/2024,192424.00,USD,completed,5,US
TX-0002101,C-02101,Ethan Wilson,ethan.wilson2101@example.com,02/06/2024,203444.00,USD,unknown,6,CA
TX-0002102,C-02102,Zoe Garcia,zoe.garcia2102@example.com,03/11/2024,94655.00,USD,refunded,7,GB
TX-0002103,C-02103,Mateo Nguyen,mateo.nguyen2103@example.com,04/04/2024,98499.00,USD,cancelled,8,AU
TX-0002104,C-02104,Ava Patel,ava.patel2104@example.com,05/09/2024,207897.00,USD,completed,1,DE
TX-0002105,C-02105,Noah Kim,noah.kim2105@example.com,06/02/2024,48995.00,USD,pending,2,US
TX-0002106,C-02106,Mia Martin,mia.martin2106@example.com,07/07/2024,86803.00,USD,refunded,3,CA
TX-0002107,C-02107,Liam Smith,liam.smith2107@example.com,08/12/2024,152972.00,USD,cancelled,4,GB
TX-0002108,C-02108,Sofia Brown,sofia.brown2108@example.com,09/05/2024,39757.00,USD,completed,5,AU
TX-0002109,C-02109,Ethan Wilson,ethan.wilson2109@example.com,10/10/2024,107510.00,USD,pending,6,DE
TX-0002110,C-02110,Zoe Garcia,zoe.garcia2110@example.com,11/03/2024,-7998.00,USD,refunded,7,US
TX-0002111,C-02111,Mateo Nguyen,mateo.nguyen2111@example.com,12/08/2024,237028.00,USD,cancelled,8,CA
TX-0002112,C-02112,Ava Patel,ava.patel2112@example.com,01/01/2024,212934.00,USD,completed,1,GB
TX-0002113,C-02113,Noah Kim,noah.kim2113@example.com,02/06/2024,82651.00,USD,pending,2,AU
TX-0002114,C-02114,Mia Martin,mia.martin2114@example.com,03/11/2024,18849.00,USD,refunded,3,DE
TX-0002115,C-02115,Liam Smith,liam.smith2115@example.com,04/04/2024,243341.00,USD,cancelled,4,US
TX-0002116,C-02116,Sofia Brown,sofia.brown2116@example.com,05/09/2024,21043.00,USD,completed,5,CA
TX-0002117,C-02117,Ethan Wilson,ethan.wilson2117@example.com,06/02/2024,157724.00,USD,pending,6,GB
TX-0002118,C-02118,Zoe Garcia,zoe.garcia2118@example.com,07/07/2024,105814.00,USD,refunded,7,AU
TX-0002119,C-02119,Mateo Nguyen,mateo.nguyen2119@example.com,08/12/2024,226419.00,USD,cancelled,8,DE
TX-0002120,C-02120,Ava Patel,ava.patel2120@example.com,09/05/2024,146634.00,USD,completed,1,US
TX-0002121,C-02121,Noah Kim,noah.kim2121@example.com,10/10/2024,128587.00,USD,pending,2,CA
TX-0002122,C-02122,Mia Martin,mia.martin2122@example.com,11/03/2024,79237.00,USD,refunded,3,GB
TX-0002123,C-02123,Liam Smith,liam.smith2123@example.com,12/08/2024,50425.00,USD,cancelled,4,AU
TX-0002124,C-02124,Sofia Brown,sofia.brown2124@example.com,01/01/2024,40457.00,USD,completed,5,DE
TX-0002125,C-02125,Ethan Wilson,ethan.wilson2125@example.com,02/06/2024,86822.00,USD,pending,6,US
TX-0002126,C-02126,Zoe Garcia,zoe.garcia2126@example.com,03/11/2024,160723.00,USD,refunded,7,CA
TX-0002127,C-02127,Mateo Nguyen,mateo.nguyen2127@example.com,04/04/2024,22817.00,USD,cancelled,8,GB
TX-0002128,C-02128,Ava Patel,ava.patel2128@example.com,05/09/2024,128980.00,USD,completed,1,AU
TX-0002129,C-02129,Noah Kim,noah.kim2129@example.com,06/02/2024,121555.00,USD,pending,2,DE
TX-0002130,C-02130,Mia Martin,mia.martin2130@example.com,07/07/2024,158483.00,USD,refunded,3,US
TX-0002131,C-02131,Liam Smith,liam.smith2131@example.com,08/12/2024,115374.00,USD,cancelled,4,CA
TX-0002132,C-02132,Sofia Brown,sofia.brown2132@example.com,09/05/2024,18730.00,USD,completed,5,GB
TX-0002133,C-02133,Ethan Wilson,ethan.wilson2133@example.com,10/10/2024,201905.00,USD,pending,6,AU
TX-0002134,C-02134,Zoe Garcia,,11/03/2024,81508.00,USD,refunded,7,DE
TX-0002135,C-02135,Mateo Nguyen,mateo.nguyen2135@example.com,12/08/2024,220308.00,USD,cancelled,8,US
TX-0002136,C-02136,Ava Patel,ava.patel.invalid,01/01/2024,44639.00,USD,completed,1,CA
TX-0002137,C-02137,Noah Kim,noah.kim2137@example.com,02/06/2024,70875.00,USD,pending,2,GB
TX-0002138,C-02138,Mia Martin,mia.martin2138@example.com,03/11/2024,231100.00,USD,refunded,3,AU
TX-0002139,C-02139,Liam Smith,liam.smith2139@example.com,04/04/2024,18874.00,USD,cancelled,4,DE
TX-0002140,C-02140,Sofia Brown,sofia.brown2140@example.com,05/09/2024,136156.00,USD,completed,5,US
TX-0002141,C-02141,Ethan Wilson,ethan.wilson2141@example.com,06/02/2024,145688.00,USD,pending,6,CA
TX-0002142,C-02142,Zoe Garcia,zoe.garcia2142@example.com,07/07/2024,229346.00,USD,refunded,7,GB
TX-0002143,C-02143,Mateo Nguyen,mateo.nguyen2143@example.com,08/12/2024,213972.00,USD,cancelled,8,AU
TX-0002144,C-02144,Ava Patel,ava.patel2144@example.com,09/05/2024,152508.00,USD,completed,1,DE
TX-0002145,C-02145,Noah Kim,noah.kim2145@example.com,10/10/2024,78691.00,USD,pending,2,US
TX-0002146,C-02146,Mia Martin,mia.martin2146@example.com,11/03/2024,81546.00,USD,refunded,3,CA
TX-0002147,C-02147,  LIAM SMITH  ,liam.smith2147@example.com,12/08/2024,178242.00,USD,cancelled,4,GB
TX-0002148,C-02148,Sofia Brown,sofia.brown2148@example.com,01/01/2024,245858.00,USD,completed,5,AU
TX-0002149,C-02149,Ethan Wilson,ethan.wilson2149@example.com,02/06/2024,4730.00,USD,pending,6,DE
TX-0002150,C-02150,Zoe Garcia,zoe.garcia2150@example.com,03/11/2024,76718.00,USD,refunded,7,US
TX-0002151,C-02151,Mateo Nguyen,mateo.nguyen2151@example.com,04/04/2024,44453.00,USD,cancelled,8,CA
TX-0002152,C-02152,Ava Patel,ava.patel2152@example.com,05/09/2024,67574.00,USD,completed,1,GB
TX-0002153,C-02153,Noah Kim,noah.kim2153@example.com,06/02/2024,176109.00,USD,pending,2,AU
TX-0002154,C-02154,Mia Martin,mia.martin2154@example.com,07/07/2024,143120.00,USD,refunded,3,DE
TX-0002155,C-02155,Liam Smith,liam.smith2155@example.com,08/12/2024,222258.00,USD,cancelled,4,US
TX-0002156,C-02156,Sofia Brown,sofia.brown2156@example.com,09/05/2024,13760.00,USD,completed,5,CA
TX-0002157,C-02157,Ethan Wilson,ethan.wilson2157@example.com,10/10/2024,139074.00,USD,pending,6,GB
TX-0002158,C-02158,Zoe Garcia,zoe.garcia2158@example.com,11/03/2024,10685.00,USD,refunded,7,AU
TX-0002159,C-02159,mateo nguyen,mateo.nguyen2159@example.com,12/08/2024,9586.00,USD,cancelled,8,DE
TX-0002160,C-02160,Ava Patel,ava.patel2160@example.com,01/01/2024,164321.00,USD,completed,1,US
TX-0002161,C-02161,Noah Kim,noah.kim2161@example.com,02/06/2024,18665.00,USD,pending,2,CA
TX-0002162,C-02162,Mia Martin,mia.martin2162@example.com,03/11/2024,183707.00,USD,refunded,3,GB
TX-0002163,C-02163,Liam Smith,liam.smith2163@example.com,04/04/2024,137347.00,USD,cancelled,4,AU
TX-0002164,C-02164,Sofia Brown,sofia.brown2164@example.com,05/09/2024,48380.00,USD,completed,5,DE
TX-0002165,C-02165,Ethan Wilson,ethan.wilson2165@example.com,06/02/2024,164537.00,USD,pending,6,US
TX-0002166,C-02166,Zoe Garcia,zoe.garcia2166@example.com,07/07/2024,38511.00,USD,refunded,7,CA
TX-0002167,C-02167,Mateo Nguyen,mateo.nguyen2167@example.com,08/12/2024,143227.00,USD,cancelled,8,GB
TX-0002168,C-02168,Ava Patel,ava.patel2168@example.com,09/05/2024,248041.00,USD,completed,1,AU
TX-0002169,C-02169,Noah Kim,noah.kim2169@example.com,10/10/2024,140733.00,USD,pending,2,DE
TX-0002170,C-02170,Mia Martin,mia.martin2170@example.com,11/03/2024,53150.00,USD,refunded,3,US
TX-0002171,C-02171,Liam Smith,liam.smith2171@example.com,12/08/2024,89273.00,USD,cancelled,4,CA
TX-0002172,C-02172,Sofia Brown,sofia.brown2172@example.com,01/01/2024,140554.00, USD ,completed,5,GB
TX-0002173,C-02173,Ethan Wilson,ethan.wilson2173@example.com,02/06/2024,54876.00,USD,pending,6,AU
TX-0002174,C-02174,Zoe Garcia,zoe.garcia2174@example.com,03/11/2024,219792.00,USD,refunded,7,DE
TX-0002175,C-02175,Mateo Nguyen,mateo.nguyen2175@example.com,04/04/2024,163915.00,USD,cancelled,8,US
TX-0002176,C-02176,Ava Patel,ava.patel2176@example.com,05/09/2024,127452.00,USD,completed,1,CA
TX-0002177,C-02177,Noah Kim,noah.kim2177@example.com,06/02/2024,115900.00,USD,pending,2,GB
TX-0002178,C-02178,Mia Martin,mia.martin2178@example.com,07/07/2024,243181.00,USD,refunded,3,AU
TX-0002179,C-02179,Liam Smith,liam.smith2179@example.com,08/12/2024,162621.00,USD,cancelled,4,DE
TX-0002180,C-02180,Sofia Brown,sofia.brown2180@example.com,09/05/2024,223933.00,USD,completed,5,US
TX-0002181,C-02181,Ethan Wilson,ethan.wilson2181@example.com,10/10/2024,22773.00,USD,pending,6,CA
TX-0002182,C-02182,Zoe Garcia,zoe.garcia2182@example.com,11/03/2024,230979.00,USD,refunded,7,GB
TX-0002183,C-02183,Mateo Nguyen,mateo.nguyen2183@example.com,12/08/2024,102457.00,USD,cancelled,8,AU
TX-0002184,C-02184,Ava Patel,ava.patel2184@example.com,01/01/2024,196197.00,USD,completed,1,DE
TX-0002185,C-02185,Noah Kim,noah.kim2185@example.com,02/06/2024,88097.00,USD,pending,2,US
TX-0002186,C-02186,Mia Martin,mia.martin2186@example.com,03/11/2024,8760.00,USD,refunded,3,CA
TX-0002187,C-02187,Liam Smith,liam.smith2187@example.com,04/04/2024,13683.00,USD,cancelled,4,GB
TX-0002188,C-02188,Sofia Brown,sofia.brown2188@example.com,05/09/2024,61664.00,USD,completed,5,AU
TX-0002189,C-02189,Ethan Wilson,ethan.wilson2189@example.com,06/02/2024,194895.00,USD,pending,6,DE
TX-0002190,C-02190,Zoe Garcia,zoe.garcia2190@example.com,07/07/2024,216252.00,USD,refunded,7,US
TX-0002191,C-02191,Mateo Nguyen,mateo.nguyen2191@example.com,08/12/2024,61749.00,USD,cancelled,8,CA
TX-0002192,C-02192,Ava Patel,ava.patel2192@example.com,09/05/2024,142166.00,USD,completed,1,GB
TX-0002193,C-02193,Noah Kim,noah.kim2193@example.com,10/10/2024,35656.00,USD,pending,2,AU
TX-0002194,C-02194,Mia Martin,mia.martin2194@example.com,11/03/2024,212449.00,USD,refunded,3,DE
TX-0002195,C-02195,Liam Smith,liam.smith2195@example.com,12/08/2024,190927.00,USD,cancelled,4,US
TX-0002196,C-02196,Sofia Brown,sofia.brown2196@example.com,01/01/2024,170652.00,USD,completed,5,CA
TX-0002197,C-02197,Ethan Wilson,ethan.wilson2197@example.com,02/06/2024,219616.00,USD,pending,6,GB
TX-0002198,C-02198,Zoe Garcia,zoe.garcia2198@example.com,03/11/2024,210687.00,USD,COMPLETE,7,AU
TX-0002199,C-02199,Mateo Nguyen,mateo.nguyen2199@example.com,04/04/2024,65835.00,USD,cancelled,8,DE
TX-0002200,C-02200,Ava Patel,ava.patel2200@example.com,05/09/2024,133260.00,USD,completed,1,US
TX-0002201,C-02201,Noah Kim,noah.kim2201@example.com,06/02/2024,19971.00,USD,pending,2,CA
TX-0002202,C-02202,Mia Martin,mia.martin2202@example.com,07/07/2024,107339.00,USD,refunded,3,GB
TX-0002203,C-02203,Liam Smith,liam.smith2203@example.com,08/12/2024,124754.00,USD,cancelled,4,AU
TX-0002204,C-02204,Sofia Brown,sofia.brown2204@example.com,09/05/2024,240274.00,USD,completed,5,DE
TX-0002205,C-02205,Ethan Wilson,ethan.wilson2205@example.com,10/10/2024,44677.00,USD,pending,6,US
TX-0002206,C-02206,Zoe Garcia,zoe.garcia2206@example.com,11/03/2024,217916.00,USD,refunded,7,CA
TX-0002207,C-02207,Mateo Nguyen,mateo.nguyen2207@example.com,12/08/2024,22737.00,USD,cancelled,8,GB
TX-0002208,C-02208,Ava Patel,ava.patel2208@example.com,01/01/2024,91347.00,USD,completed,1,AU
TX-0002209,C-02209,Noah Kim,noah.kim2209@example.com,02/06/2024,147222.00,USD,pending,2,DE
TX-0002210,C-02210,Mia Martin,mia.martin2210@example.com,03/11/2024,24229.00,USD,refunded,3,US
TX-0002211,C-02211,Liam Smith,liam.smith2211@example.com,04/04/2024,221852.00,USD,cancelled,4,CA
TX-0002212,C-02212,Sofia Brown,sofia.brown2212@example.com,05/09/2024,20714.00,USD,completed,5,GB
TX-0002213,C-02213,Ethan Wilson,ethan.wilson2213@example.com,06/02/2024,128431.00,USD,pending,6,AU
TX-0002214,C-02214,Zoe Garcia,zoe.garcia2214@example.com,07/07/2024,120301.00,USD,refunded,7,DE
TX-0002215,C-02215,Mateo Nguyen,mateo.nguyen2215@example.com,08/12/2024,13149.00,USD,cancelled,8,US
TX-0002216,C-02216,Ava Patel,ava.patel2216@example.com,09/05/2024,93884.00,USD,completed,1,CA
TX-0002217,C-02217,Noah Kim,noah.kim2217@example.com,10/10/2024,236357.00,USD,pending,2,GB
TX-0002218,C-02218,Mia Martin,mia.martin2218@example.com,11/03/2024,71578.00,USD,refunded,3,AU
TX-0002219,C-02219,Liam Smith,liam.smith2219@example.com,12/08/2024,167233.00,USD,cancelled,4,DE
TX-0002220,C-02220,Sofia Brown,sofia.brown2220@example.com,01/01/2024,221767.00,USD,completed,5,US
TX-0002221,C-02221,Ethan Wilson,ethan.wilson2221@example.com,02/06/2024,46460.00,USD,pending,6,CA
TX-0002222,C-02222,Zoe Garcia,zoe.garcia2222@example.com,03/11/2024,213100.00,USD,refunded,7,GB
TX-0002223,C-02223,Mateo Nguyen,mateo.nguyen2223@example.com,04/04/2024,159470.00,USD,cancelled,8,AU
TX-0002224,C-02224,Ava Patel,ava.patel2224@example.com,05/09/2024,149471.00,USD,completed,1,DE
TX-0002225,C-02225,Noah Kim,noah.kim.invalid,06/02/2024,33739.00,USD,pending,2,US
TX-0002226,C-02226,Mia Martin,mia.martin2226@example.com,07/07/2024,205148.00,USD,refunded,3,CA
TX-0002227,C-02227,Liam Smith,liam.smith2227@example.com,08/12/2024,3680.00,USD,cancelled,4,gb
TX-0002228,C-02228,Sofia Brown,sofia.brown2228@example.com,09/05/2024,117779.00,USD,completed,5,AU
TX-0002229,C-02229,Ethan Wilson,ethan.wilson2229@example.com,10/10/2024,78649.00,USD,pending,6,DE
TX-0002230,C-02230,Zoe Garcia,zoe.garcia2230@example.com,11/03/2024,,USD,refunded,7,US
TX-0002231,C-02231,Mateo Nguyen,,12/08/2024,84726.00,USD,cancelled,8,CA
TX-0002232,C-02232,Ava Patel,ava.patel2232@example.com,01/01/2024,237386.00,USD,completed,1,GB
TX-0002233,C-02233,Noah Kim,noah.kim2233@example.com,02/06/2024,197938.00,USD,pending,2,AU
TX-0002234,C-02234,Mia Martin,mia.martin2234@example.com,03/11/2024,233232.00,USD,refunded,3,DE
TX-0002235,C-02235,Liam Smith,liam.smith2235@example.com,04/04/2024,78472.00,usd,cancelled,4,US
TX-0002236,C-02236,Sofia Brown,sofia.brown2236@example.com,05/09/2024,68551.00,USD,completed,5,CA
TX-0002237,C-02237,Ethan Wilson,ethan.wilson2237@example.com,06/02/2024,226932.00,USD,pending,6,GB
TX-0002238,C-02238,Zoe Garcia,zoe.garcia2238@example.com,07/07/2024,127895.00,USD,refunded,7,AU
TX-0002239,C-02239,Mateo Nguyen,mateo.nguyen2239@example.com,08/12/2024,115420.00,USD,cancelled,8,DE
TX-0002240,C-02240,Ava Patel,ava.patel2240@example.com,09/05/2024,133804.00,USD,completed,1,US
TX-0002241,C-02241,Noah Kim,noah.kim2241@example.com,10/10/2024,124620.00,USD,pending,2,CA
TX-0002242,C-02242,Mia Martin,mia.martin2242@example.com,11/03/2024,244923.00,USD,refunded,3,GB
TX-0002243,C-02243,Liam Smith,liam.smith2243@example.com,12/08/2024,38699.00,USD,cancelled,4,AU
TX-0002244,C-02244,Sofia Brown,sofia.brown2244@example.com,01/01/2024,38349.00,USD,completed,5,DE
TX-0002245,C-02245,Ethan Wilson,ethan.wilson2245@example.com,02/06/2024,218102.00,USD,pending,6,US
TX-0002246,C-02246,Zoe Garcia,zoe.garcia2246@example.com,03/11/2024,144511.00,USD,refunded,7,CA
TX-0002247,C-02247,Mateo Nguyen,mateo.nguyen2247@example.com,04/04/2024,201158.00,USD,cancelled,8,GB
TX-0002248,C-02248,Ava Patel,ava.patel2248@example.com,05/09/2024,79948.00,USD,completed,1,AU
TX-0002249,C-02249,Noah Kim,noah.kim2249@example.com,06/02/2024,30103.00,USD,pending,2,USA
TX-0002250,C-02250,Mia Martin,mia.martin2250@example.com,07/07/2024,182882.00,USD,refunded,3,US
TX-0002251,C-02251,Liam Smith,liam.smith2251@example.com,08/12/2024,204509.00,USD,cancelled,4,CA
TX-0002252,C-02252,Sofia Brown,sofia.brown2252@example.com,09/05/2024,234687.00,USD,completed,5,GB
TX-0002253,C-02253,Ethan Wilson,ethan.wilson2253@example.com,10/10/2024,5642.00,USD,pending,6,AU
TX-0002254,C-02254,Zoe Garcia,zoe.garcia2254@example.com,11/03/2024,83833.00,USD,refunded,7,DE
TX-0002255,C-02255,Mateo Nguyen,mateo.nguyen2255@example.com,12/08/2024,175034.00,USD,cancelled,8,US
TX-0002256,C-02256,Ava Patel,ava.patel2256@example.com,01/01/2024,247784.00,USD,completed,1,CA
TX-0002257,C-02257,Noah Kim,noah.kim2257@example.com,02/06/2024,103927.00,USD,pending,2,GB
TX-0002258,C-02258,Mia Martin,mia.martin2258@example.com,03/11/2024,125743.00,USD,refunded,3,AU
TX-0002259,C-02259,Liam Smith,liam.smith2259@example.com,04/04/2024,62732.00,USD,cancelled,4,DE
TX-0002260,C-02260,  SOFIA BROWN  ,sofia.brown2260@example.com,05/09/2024,196848.00,USD,completed,5,US
TX-0002261,C-02261,Ethan Wilson,ethan.wilson2261@example.com,06/02/2024,122458.00,USD,pending,6,CA
TX-0002262,C-02262,Zoe Garcia,zoe.garcia2262@example.com,07/07/2024,208933.00,USD,refunded,7,GB
TX-0002263,C-02263,Mateo Nguyen,mateo.nguyen2263@example.com,08/12/2024,3554.00,USD,cancelled,8,AU
TX-0002264,C-02264,Ava Patel,ava.patel2264@example.com,09/05/2024,109348.00,USD,completed,1,DE
TX-0002265,C-02265,Noah Kim,noah.kim2265@example.com,10/10/2024,19830.00,USD,pending,2,US
TX-0002266,C-02266,Mia Martin,mia.martin2266@example.com,11/03/2024,200869.00,USD,refunded,3,CA
TX-0002267,C-02267,Liam Smith,liam.smith2267@example.com,12/08/2024,57290.00,USD,cancelled,4,GB
TX-0002268,C-02268,Sofia Brown,sofia.brown2268@example.com,01/01/2024,194735.00,USD,completed,5,AU
TX-0002269,C-02269,Ethan Wilson,ethan.wilson2269@example.com,02/06/2024,65535.00,USD,pending,6,DE
TX-0002270,C-02270,Zoe Garcia,zoe.garcia2270@example.com,03/11/2024,12450.00,USD,refunded,7,US
TX-0002271,C-02271,Mateo Nguyen,mateo.nguyen2271@example.com,04/04/2024,217075.00,USD,cancelled,8,CA
TX-0002272,C-02272,Ava Patel,ava.patel2272@example.com,05/09/2024,181641.00,USD,completed,1,GB
TX-0002273,C-02273,Noah Kim,noah.kim2273@example.com,06/02/2024,191071.00,USD,pending,2,AU
TX-0002274,C-02274,Mia Martin,mia.martin2274@example.com,07/07/2024,275.00,USD,refunded,3,DE
TX-0002275,C-02275,Liam Smith,liam.smith2275@example.com,08/12/2024,89689.00,USD,cancelled,4,US
TX-0002276,C-02276,Sofia Brown,sofia.brown2276@example.com,09/05/2024,17248.00,USD,completed,5,CA
TX-0002277,C-02277,Ethan Wilson,ethan.wilson2277@example.com,10/10/2024,191717.00,USD,pending,6,GB
TX-0002278,C-02278,Zoe Garcia,zoe.garcia2278@example.com,11/03/2024,17650.00,USD,refunded,7,AU
TX-0002279,C-02279,Mateo Nguyen,mateo.nguyen2279@example.com,12/08/2024,32847.00,USD,cancelled,8,DE
TX-0002280,C-02280,Ava Patel,ava.patel2280@example.com,01/01/2024,49403.00,USD,completed,1,US
TX-0002281,C-02281,Noah Kim,noah.kim2281@example.com,02/06/2024,122120.00,USD,pending,2,CA
TX-0002282,C-02282,Mia Martin,mia.martin2282@example.com,03/11/2024,173095.00,USD,refunded,3,GB
TX-0002283,C-02283,Liam Smith,liam.smith2283@example.com,04/04/2024,103519.00,USD,cancelled,4,AU
TX-0002284,C-02284,Sofia Brown,sofia.brown2284@example.com,05/09/2024,94437.00,USD,completed,5,DE
TX-0002285,C-02285,Ethan Wilson,ethan.wilson2285@example.com,06/02/2024,203511.00,USD,pending,6,US
TX-0002286,C-02286,zoe garcia,zoe.garcia2286@example.com,07/07/2024,15125.00,USD,refunded,7,CA
TX-0002287,C-02287,Mateo Nguyen,mateo.nguyen2287@example.com,08/12/2024,143094.00,USD,cancelled,8,GB
TX-0002288,C-02288,Ava Patel,ava.patel2288@example.com,09/05/2024,80530.00,USD,completed,1,AU
TX-0002289,C-02289,Noah Kim,noah.kim2289@example.com,10/10/2024,159780.00,USD,pending,2,DE
TX-0002290,C-02290,Mia Martin,mia.martin2290@example.com,11/03/2024,100620.00,USD,refunded,3,US
TX-0002291,C-02291,Liam Smith,liam.smith2291@example.com,12/08/2024,171849.00,USD,cancelled,4,CA
TX-0002292,C-02292,Sofia Brown,sofia.brown2292@example.com,01/01/2024,34017.00,USD,unknown,5,GB
TX-0002293,C-02293,Ethan Wilson,ethan.wilson2293@example.com,02/06/2024,153476.00,USD,pending,6,AU
TX-0002294,C-02294,Zoe Garcia,zoe.garcia2294@example.com,03/11/2024,213435.00,USD,refunded,7,DE
TX-0002295,C-02295,Mateo Nguyen,mateo.nguyen2295@example.com,04/04/2024,216014.00,USD,cancelled,8,US
TX-0002296,C-02296,Ava Patel,ava.patel2296@example.com,05/09/2024,99898.00,USD,completed,1,CA
TX-0002297,C-02297,Noah Kim,noah.kim2297@example.com,06/02/2024,59238.00,USD,pending,2,GB
TX-0002298,C-02298,Mia Martin,mia.martin2298@example.com,07/07/2024,240677.00,USD,refunded,3,AU
TX-0002299,C-02299,Liam Smith,liam.smith2299@example.com,08/12/2024,92002.00,USD,cancelled,4,DE
TX-0002300,C-02300,Sofia Brown,sofia.brown2300@example.com,09/05/2024,52150.00,USD,completed,5,US
TX-0002301,C-02301,Ethan Wilson,ethan.wilson2301@example.com,10/10/2024,159324.00,USD,pending,6,CA
TX-0002302,C-02302,Zoe Garcia,zoe.garcia2302@example.com,11/03/2024,43629.00,USD,refunded,7,GB
TX-0002303,C-02303,Mateo Nguyen,mateo.nguyen2303@example.com,12/08/2024,176275.00,USD,cancelled,8,AU
TX-0002304,C-02304,Ava Patel,ava.patel2304@example.com,01/01/2024,38320.00,USD,completed,1,DE
TX-0002305,C-02305,Noah Kim,noah.kim2305@example.com,02/06/2024,166942.00,USD,pending,2,US
TX-0002306,C-02306,Mia Martin,mia.martin2306@example.com,03/11/2024,104322.00,USD,refunded,3,CA
TX-0002307,C-02307,Liam Smith,liam.smith2307@example.com,04/04/2024,243624.00,USD,cancelled,4,GB
TX-0002308,C-02308,Sofia Brown,sofia.brown2308@example.com,05/09/2024,172064.00,USD,completed,5,AU
TX-0002309,C-02309,Ethan Wilson,ethan.wilson2309@example.com,06/02/2024,29009.00,USD,pending,6,DE
TX-0002310,C-02310,Zoe Garcia,zoe.garcia2310@example.com,07/07/2024,15481.00,USD,refunded,7,US
TX-0002311,C-02311,Mateo Nguyen,mateo.nguyen2311@example.com,08/12/2024,179471.00,USD,cancelled,8,CA
TX-0002312,C-02312,Ava Patel,ava.patel2312@example.com,09/05/2024,179769.00,USD,completed,1,GB
TX-0002313,C-02313,Noah Kim,noah.kim2313@example.com,10/10/2024,138445.00,USD,pending,2,AU
TX-0002314,C-02314,Mia Martin,mia.martin.invalid,11/03/2024,206441.00,USD,refunded,3,DE
TX-0002315,C-02315,Liam Smith,liam.smith2315@example.com,12/08/2024,134365.00,USD,cancelled,4,US
TX-0002316,C-02316,Sofia Brown,sofia.brown2316@example.com,01/01/2024,230523.00,USD,completed,5,CA
TX-0002317,C-02317,Ethan Wilson,ethan.wilson2317@example.com,02/06/2024,126266.00,USD,pending,6,GB
TX-0002318,C-02318,Zoe Garcia,zoe.garcia2318@example.com,03/11/2024,209742.00,USD,refunded,7,AU
TX-0002319,C-02319,Mateo Nguyen,mateo.nguyen2319@example.com,04/04/2024,69513.00,USD,cancelled,8,DE
TX-0002320,C-02320,Ava Patel,ava.patel2320@example.com,05/09/2024,60024.00,USD,completed,1,US
TX-0002321,C-02321,Noah Kim,noah.kim2321@example.com,06/02/2024,-6464.00,USD,pending,2,CA
TX-0002322,C-02322,Mia Martin,mia.martin2322@example.com,07/07/2024,191480.00,USD,refunded,3,GB
TX-0002323,C-02323,Liam Smith,liam.smith2323@example.com,08/12/2024,102840.00,USD,cancelled,4,AU
TX-0002324,C-02324,Sofia Brown,sofia.brown2324@example.com,09/05/2024,211861.00,USD,completed,5,DE
TX-0002325,C-02325,Ethan Wilson,ethan.wilson2325@example.com,10/10/2024,91860.00,USD,pending,6,US
TX-0002326,C-02326,Zoe Garcia,zoe.garcia2326@example.com,11/03/2024,140432.00,USD,refunded,7,CA
TX-0002327,C-02327,Mateo Nguyen,mateo.nguyen2327@example.com,12/08/2024,28264.00,USD,cancelled,8,GB
TX-0002328,C-02328,Ava Patel,,01/01/2024,246352.00,USD,completed,1,AU
TX-0002329,C-02329,Noah Kim,noah.kim2329@example.com,02/06/2024,20565.00,USD,pending,2,DE
TX-0002330,C-02330,Mia Martin,mia.martin2330@example.com,03/11/2024,126172.00,USD,refunded,3,US
TX-0002331,C-02331,Liam Smith,liam.smith2331@example.com,04/04/2024,14604.00,USD,cancelled,4,CA
TX-0002332,C-02332,Sofia Brown,sofia.brown2332@example.com,05/09/2024,8153.00,USD,completed,5,GB
TX-0002333,C-02333,Ethan Wilson,ethan.wilson2333@example.com,06/02/2024,208520.00,USD,pending,6,AU
TX-0002334,C-02334,Zoe Garcia,zoe.garcia2334@example.com,07/07/2024,60802.00,USD,refunded,7,DE
TX-0002335,C-02335,Mateo Nguyen,mateo.nguyen2335@example.com,08/12/2024,145928.00,USD,cancelled,8,US
TX-0002336,C-02336,Ava Patel,ava.patel2336@example.com,09/05/2024,146680.00,USD,completed,1,CA
TX-0002337,C-02337,Noah Kim,noah.kim2337@example.com,10/10/2024,226980.00,USD,pending,2,GB
TX-0002338,C-02338,Mia Martin,mia.martin2338@example.com,11/03/2024,156860.00,USD,refunded,3,AU
TX-0002339,C-02339,Liam Smith,liam.smith2339@example.com,12/08/2024,199829.00,USD,cancelled,4,DE
TX-0002340,C-02340,Sofia Brown,sofia.brown2340@example.com,01/01/2024,83231.00,USD,completed,5,US
TX-0002341,C-02341,Ethan Wilson,ethan.wilson2341@example.com,02/06/2024,216860.00,USD,pending,6,CA
TX-0002342,C-02342,Zoe Garcia,zoe.garcia2342@example.com,03/11/2024,210291.00,USD,refunded,7,GB
TX-0002343,C-02343,Mateo Nguyen,mateo.nguyen2343@example.com,04/04/2024,81782.00,USD,cancelled,8,AU
TX-0002344,C-02344,Ava Patel,ava.patel2344@example.com,05/09/2024,37297.00,USD,completed,1,DE
TX-0002345,C-02345,Noah Kim,noah.kim2345@example.com,06/02/2024,187750.00,USD,pending,2,US
TX-0002346,C-02346,Mia Martin,mia.martin2346@example.com,07/07/2024,239058.00,USD,refunded,3,CA
TX-0002347,C-02347,Liam Smith,liam.smith2347@example.com,08/12/2024,108121.00,USD,cancelled,4,GB
TX-0002348,C-02348,Sofia Brown,sofia.brown2348@example.com,09/05/2024,62183.00,USD,completed,5,AU
TX-0002349,C-02349,Ethan Wilson,ethan.wilson2349@example.com,10/10/2024,98591.00,USD,pending,6,DE
TX-0002350,C-02350,Zoe Garcia,zoe.garcia2350@example.com,11/03/2024,169364.00,USD,refunded,7,US
TX-0002351,C-02351,Mateo Nguyen,mateo.nguyen2351@example.com,12/08/2024,100233.00,USD,cancelled,8,CA
TX-0002352,C-02352,Ava Patel,ava.patel2352@example.com,01/01/2024,79454.00,USD,completed,1,GB
TX-0002353,C-02353,Noah Kim,noah.kim2353@example.com,02/06/2024,753.00, USD ,pending,2,AU
TX-0002354,C-02354,Mia Martin,mia.martin2354@example.com,03/11/2024,126593.00,USD,refunded,3,DE
TX-0002355,C-02355,Liam Smith,liam.smith2355@example.com,04/04/2024,64943.00,USD,COMPLETE,4,US
TX-0002356,C-02356,Sofia Brown,sofia.brown2356@example.com,05/09/2024,12237.00,USD,completed,5,CA
TX-0002357,C-02357,Ethan Wilson,ethan.wilson2357@example.com,06/02/2024,145115.00,USD,pending,6,GB
TX-0002358,C-02358,Zoe Garcia,zoe.garcia2358@example.com,07/07/2024,38619.00,USD,refunded,7,au
TX-0002359,C-02359,Mateo Nguyen,mateo.nguyen2359@example.com,08/12/2024,221431.00,USD,cancelled,8,DE
TX-0002360,C-02360,Ava Patel,ava.patel2360@example.com,09/05/2024,174941.00,USD,completed,1,US
TX-0002361,C-02361,Noah Kim,noah.kim2361@example.com,10/10/2024,107819.00,USD,pending,2,CA
TX-0002362,C-02362,Mia Martin,mia.martin2362@example.com,11/03/2024,150006.00,USD,refunded,3,GB
TX-0002363,C-02363,Liam Smith,liam.smith2363@example.com,12/08/2024,165657.00,USD,cancelled,4,AU
TX-0002364,C-02364,Sofia Brown,sofia.brown2364@example.com,01/01/2024,203630.00,USD,completed,5,DE
TX-0002365,C-02365,Ethan Wilson,ethan.wilson2365@example.com,02/06/2024,80791.00,USD,pending,6,US
TX-0002366,C-02366,Zoe Garcia,zoe.garcia2366@example.com,03/11/2024,198787.00,USD,refunded,7,CA
TX-0002367,C-02367,Mateo Nguyen,mateo.nguyen2367@example.com,04/04/2024,189649.00,USD,cancelled,8,GB
TX-0002368,C-02368,Ava Patel,ava.patel2368@example.com,05/09/2024,76718.00,USD,completed,1,AU
TX-0002369,C-02369,Noah Kim,noah.kim2369@example.com,06/02/2024,46812.00,USD,pending,2,DE
TX-0002370,C-02370,Mia Martin,mia.martin2370@example.com,07/07/2024,223871.00,USD,refunded,3,US
TX-0002371,C-02371,Liam Smith,liam.smith2371@example.com,08/12/2024,57565.00,USD,cancelled,4,CA
TX-0002372,C-02372,Sofia Brown,sofia.brown2372@example.com,09/05/2024,113575.00,USD,completed,5,GB
TX-0002373,C-02373,  ETHAN WILSON  ,ethan.wilson2373@example.com,10/10/2024,236947.00,USD,pending,6,AU
TX-0002374,C-02374,Zoe Garcia,zoe.garcia2374@example.com,11/03/2024,115062.00,USD,refunded,7,DE
TX-0002375,C-02375,Mateo Nguyen,mateo.nguyen2375@example.com,12/08/2024,45438.00,USD,cancelled,8,US
TX-0002376,C-02376,Ava Patel,ava.patel2376@example.com,01/01/2024,233580.00,USD,completed,1,CA
TX-0002377,C-02377,Noah Kim,noah.kim2377@example.com,02/06/2024,14136.00,USD,pending,2,GB
TX-0002378,C-02378,Mia Martin,mia.martin2378@example.com,03/11/2024,210885.00,USD,refunded,3,AU
TX-0002379,C-02379,Liam Smith,liam.smith2379@example.com,04/04/2024,88897.00,USD,cancelled,4,DE
TX-0002380,C-02380,Sofia Brown,sofia.brown2380@example.com,05/09/2024,218574.00,USD,completed,5,US
TX-0002381,C-02381,Ethan Wilson,ethan.wilson2381@example.com,06/02/2024,73879.00,USD,pending,6,CA
TX-0002382,C-02382,Zoe Garcia,zoe.garcia2382@example.com,07/07/2024,245180.00,USD,refunded,7,GB
TX-0002383,C-02383,Mateo Nguyen,mateo.nguyen2383@example.com,08/12/2024,57144.00,USD,cancelled,8,AU
TX-0002384,C-02384,Ava Patel,ava.patel2384@example.com,09/05/2024,3622.00,usd,completed,1,DE
TX-0002385,C-02385,Noah Kim,noah.kim2385@example.com,10/10/2024,231760.00,USD,pending,2,US
TX-0002386,C-02386,Mia Martin,mia.martin2386@example.com,11/03/2024,198483.00,USD,refunded,3,CA
TX-0002387,C-02387,Liam Smith,liam.smith2387@example.com,12/08/2024,77911.00,USD,cancelled,4,GB
TX-0002388,C-02388,Sofia Brown,sofia.brown2388@example.com,01/01/2024,109922.00,USD,completed,5,AU
TX-0002389,C-02389,Ethan Wilson,ethan.wilson2389@example.com,02/06/2024,116116.00,USD,pending,6,DE
TX-0002390,C-02390,Zoe Garcia,zoe.garcia2390@example.com,03/11/2024,46229.00,USD,refunded,7,US
TX-0002391,C-02391,Mateo Nguyen,mateo.nguyen2391@example.com,04/04/2024,184491.00,USD,cancelled,8,CA
TX-0002392,C-02392,Ava Patel,ava.patel2392@example.com,05/09/2024,42976.00,USD,completed,1,GB
TX-0002393,C-02393,Noah Kim,noah.kim2393@example.com,06/02/2024,170526.00,USD,pending,2,AU
TX-0002394,C-02394,Mia Martin,mia.martin2394@example.com,07/07/2024,243462.00,USD,refunded,3,DE
TX-0002395,C-02395,Liam Smith,liam.smith2395@example.com,08/12/2024,91628.00,USD,cancelled,4,US
TX-0002396,C-02396,Sofia Brown,sofia.brown2396@example.com,09/05/2024,102542.00,USD,completed,5,CA
TX-0002397,C-02397,Ethan Wilson,ethan.wilson2397@example.com,10/10/2024,81322.00,USD,pending,6,GB
TX-0002398,C-02398,Zoe Garcia,zoe.garcia2398@example.com,11/03/2024,107211.00,USD,refunded,7,AU
TX-0002399,C-02399,Mateo Nguyen,mateo.nguyen2399@example.com,12/08/2024,36938.00,USD,cancelled,8,DE
TX-0002400,C-02400,Ava Patel,ava.patel2400@example.com,01/01/2024,97114.00,USD,completed,1,US
TX-0002401,C-00001,Noah Kim,noah.kim2401@example.com,02/06/2024,164803.00,USD,pending,2,CA
TX-0002402,C-00002,Mia Martin,mia.martin2402@example.com,03/11/2024,50945.00,USD,refunded,3,GB
TX-0002403,C-00003,Liam Smith,liam.smith.invalid,04/04/2024,173359.00,USD,cancelled,4,AU
TX-0002404,C-00004,Sofia Brown,sofia.brown2404@example.com,05/09/2024,42023.00,USD,completed,5,DE
TX-0002405,C-00005,Ethan Wilson,ethan.wilson2405@example.com,06/02/2024,16163.00,USD,pending,6,US
TX-0002406,C-00006,Zoe Garcia,zoe.garcia2406@example.com,07/07/2024,123226.00,USD,refunded,7,CA
TX-0002407,C-00007,Mateo Nguyen,mateo.nguyen2407@example.com,08/12/2024,173435.00,USD,cancelled,8,GB
TX-0002408,C-00008,Ava Patel,ava.patel2408@example.com,09/05/2024,201991.00,USD,completed,1,AU
TX-0002409,C-00009,Noah Kim,noah.kim2409@example.com,10/10/2024,129059.00,USD,pending,2,DE
TX-0002410,C-00010,Mia Martin,mia.martin2410@example.com,11/03/2024,34770.00,USD,refunded,3,US
TX-0002411,C-00011,Liam Smith,liam.smith2411@example.com,12/08/2024,109597.00,USD,cancelled,4,CA
TX-0002412,C-00012,Sofia Brown,sofia.brown2412@example.com,01/01/2024,58874.00,USD,completed,5,GB
TX-0002413,C-00013,ethan wilson,ethan.wilson2413@example.com,02/06/2024,80029.00,USD,pending,6,AU
TX-0002414,C-00014,Zoe Garcia,zoe.garcia2414@example.com,03/11/2024,204111.00,USD,refunded,7,DE
TX-0002415,C-00015,Mateo Nguyen,mateo.nguyen2415@example.com,04/04/2024,202171.00,USD,cancelled,8,US
TX-0002416,C-00016,Ava Patel,ava.patel2416@example.com,05/09/2024,9325.00,USD,completed,1,CA
TX-0002417,C-00017,Noah Kim,noah.kim2417@example.com,06/02/2024,22838.00,USD,pending,2,GB
TX-0002418,C-00018,Mia Martin,mia.martin2418@example.com,07/07/2024,210399.00,USD,refunded,3,AU
TX-0002419,C-00019,Liam Smith,liam.smith2419@example.com,08/12/2024,151073.00,USD,cancelled,4,DE
TX-0002420,C-00020,Sofia Brown,sofia.brown2420@example.com,09/05/2024,219403.00,USD,completed,5,US
TX-0002421,C-00021,Ethan Wilson,ethan.wilson2421@example.com,10/10/2024,243596.00,USD,pending,6,CA
TX-0002422,C-00022,Zoe Garcia,zoe.garcia2422@example.com,11/03/2024,1394.00,USD,refunded,7,USA
TX-0002423,C-00023,Mateo Nguyen,mateo.nguyen2423@example.com,12/08/2024,4166.00,USD,cancelled,8,AU
TX-0002424,C-00024,Ava Patel,ava.patel2424@example.com,01/01/2024,202218.00,USD,completed,1,DE
TX-0002425,C-00025,Noah Kim,,02/06/2024,101067.00,USD,pending,2,US
TX-0002426,C-00026,Mia Martin,mia.martin2426@example.com,03/11/2024,185144.00,USD,refunded,3,CA
TX-0002427,C-00027,Liam Smith,liam.smith2427@example.com,04/04/2024,153005.00,USD,cancelled,4,GB
TX-0002428,C-00028,Sofia Brown,sofia.brown2428@example.com,05/09/2024,110181.00,USD,completed,5,AU
TX-0002429,C-00029,Ethan Wilson,ethan.wilson2429@example.com,06/02/2024,125886.00,USD,pending,6,DE
TX-0002430,C-00030,Zoe Garcia,zoe.garcia2430@example.com,07/07/2024,96610.00,USD,refunded,7,US
TX-0002431,C-00031,Mateo Nguyen,mateo.nguyen2431@example.com,08/12/2024,29516.00,USD,cancelled,8,CA
TX-0002432,C-00032,Ava Patel,ava.patel2432@example.com,09/05/2024,156748.00,USD,completed,1,GB
TX-0002433,C-00033,Noah Kim,noah.kim2433@example.com,10/10/2024,121143.00,USD,pending,2,AU
TX-0002434,C-00034,Mia Martin,mia.martin2434@example.com,11/03/2024,39136.00,USD,refunded,3,DE
TX-0002435,C-00035,Liam Smith,liam.smith2435@example.com,12/08/2024,38047.00,USD,cancelled,4,US
TX-0002436,C-00036,Sofia Brown,sofia.brown2436@example.com,01/01/2024,50371.00,USD,completed,5,CA
TX-0002437,C-00037,Ethan Wilson,ethan.wilson2437@example.com,02/06/2024,211453.00,USD,pending,6,GB
TX-0002438,C-00038,Zoe Garcia,zoe.garcia2438@example.com,03/11/2024,31930.00,USD,refunded,7,AU
TX-0002439,C-00039,Mateo Nguyen,mateo.nguyen2439@example.com,04/04/2024,171780.00,USD,cancelled,8,DE
TX-0002440,C-00040,Ava Patel,ava.patel2440@example.com,05/09/2024,41736.00,USD,completed,1,US
TX-0002441,C-00041,Noah Kim,noah.kim2441@example.com,06/02/2024,171562.00,USD,pending,2,CA
TX-0002442,C-00042,Mia Martin,mia.martin2442@example.com,07/07/2024,247451.00,USD,refunded,3,GB
TX-0002443,C-00043,Liam Smith,liam.smith2443@example.com,08/12/2024,157328.00,USD,cancelled,4,AU
TX-0002444,C-00044,Sofia Brown,sofia.brown2444@example.com,09/05/2024,88269.00,USD,completed,5,DE
TX-0002445,C-00045,Ethan Wilson,ethan.wilson2445@example.com,10/10/2024,26339.00,USD,pending,6,US
TX-0002446,C-00046,Zoe Garcia,zoe.garcia2446@example.com,11/03/2024,2394.00,USD,refunded,7,CA
TX-0002447,C-00047,Mateo Nguyen,mateo.nguyen2447@example.com,12/08/2024,177025.00,USD,cancelled,8,GB
TX-0002448,C-00048,Ava Patel,ava.patel2448@example.com,01/01/2024,85572.00,USD,completed,1,AU
TX-0002449,C-00049,Noah Kim,noah.kim2449@example.com,02/06/2024,6642.00,USD,pending,2,DE
TX-0002450,C-00050,Mia Martin,mia.martin2450@example.com,03/11/2024,89058.00,USD,refunded,3,US
TX-0002451,C-00051,Liam Smith,liam.smith2451@example.com,04/04/2024,196840.00,USD,cancelled,4,CA
TX-0002452,C-00052,Sofia Brown,sofia.brown2452@example.com,05/09/2024,16303.00,USD,completed,5,GB
TX-0002453,C-00053,Ethan Wilson,ethan.wilson2453@example.com,06/02/2024,,USD,pending,6,AU
TX-0002454,C-00054,Zoe Garcia,zoe.garcia2454@example.com,07/07/2024,157147.00,USD,refunded,7,DE
TX-0002455,C-00055,Mateo Nguyen,mateo.nguyen2455@example.com,08/12/2024,26739.00,USD,cancelled,8,US
TX-0002456,C-00056,Ava Patel,ava.patel2456@example.com,09/05/2024,202898.00,USD,completed,1,CA
TX-0002457,C-00057,Noah Kim,noah.kim2457@example.com,10/10/2024,235329.00,USD,pending,2,GB
TX-0002458,C-00058,Mia Martin,mia.martin2458@example.com,11/03/2024,13130.00,USD,refunded,3,AU
TX-0002459,C-00059,Liam Smith,liam.smith2459@example.com,12/08/2024,94330.00,USD,cancelled,4,DE
TX-0002460,C-00060,Sofia Brown,sofia.brown2460@example.com,01/01/2024,46281.00,USD,completed,5,US
TX-0002461,C-00061,Ethan Wilson,ethan.wilson2461@example.com,02/06/2024,48373.00,USD,pending,6,CA
TX-0002462,C-00062,Zoe Garcia,zoe.garcia2462@example.com,03/11/2024,69880.00,USD,refunded,7,GB
TX-0002463,C-00063,Mateo Nguyen,mateo.nguyen2463@example.com,04/04/2024,196683.00,USD,cancelled,8,AU
TX-0002464,C-00064,Ava Patel,ava.patel2464@example.com,05/09/2024,222418.00,USD,completed,1,DE
TX-0002465,C-00065,Noah Kim,noah.kim2465@example.com,06/02/2024,17546.00,USD,pending,2,US
TX-0002466,C-00066,Mia Martin,mia.martin2466@example.com,07/07/2024,166501.00,USD,refunded,3,CA
TX-0002467,C-00067,Liam Smith,liam.smith2467@example.com,08/12/2024,12433.00,USD,cancelled,4,GB
TX-0002468,C-00068,Sofia Brown,sofia.brown2468@example.com,09/05/2024,59706.00,USD,completed,5,AU
TX-0002469,C-00069,Ethan Wilson,ethan.wilson2469@example.com,10/10/2024,19661.00,USD,pending,6,DE
TX-0002470,C-00070,Zoe Garcia,zoe.garcia2470@example.com,11/03/2024,50151.00,USD,refunded,7,US
TX-0002471,C-00071,Mateo Nguyen,mateo.nguyen2471@example.com,12/08/2024,8206.00,USD,cancelled,8,CA
TX-0002472,C-00072,Ava Patel,ava.patel2472@example.com,01/01/2024,165852.00,USD,completed,1,GB
TX-0002473,C-00073,Noah Kim,noah.kim2473@example.com,02/06/2024,80146.00,USD,pending,2,AU
TX-0002474,C-00074,Mia Martin,mia.martin2474@example.com,03/11/2024,204657.00,USD,refunded,3,DE
TX-0002475,C-00075,Liam Smith,liam.smith2475@example.com,04/04/2024,10579.00,USD,cancelled,4,US
TX-0002476,C-00076,Sofia Brown,sofia.brown2476@example.com,05/09/2024,131562.00,USD,completed,5,CA
TX-0002477,C-00077,Ethan Wilson,ethan.wilson2477@example.com,06/02/2024,135678.00,USD,pending,6,GB
TX-0002478,C-00078,Zoe Garcia,zoe.garcia2478@example.com,07/07/2024,52481.00,USD,refunded,7,AU
TX-0002479,C-00079,Mateo Nguyen,mateo.nguyen2479@example.com,08/12/2024,97855.00,USD,cancelled,8,DE
TX-0002480,C-00080,Ava Patel,ava.patel2480@example.com,09/05/2024,24516.00,USD,completed,1,US
TX-0002481,C-00081,Noah Kim,noah.kim2481@example.com,10/10/2024,143743.00,USD,pending,2,CA
TX-0002482,C-00082,Mia Martin,mia.martin2482@example.com,11/03/2024,137796.00,USD,refunded,3,GB
TX-0002483,C-00083,Liam Smith,liam.smith2483@example.com,12/08/2024,231702.00,USD,unknown,4,AU
TX-0002484,C-00084,Sofia Brown,sofia.brown2484@example.com,01/01/2024,68490.00,USD,completed,5,DE
TX-0002485,C-00085,Ethan Wilson,ethan.wilson2485@example.com,02/06/2024,80347.00,USD,pending,6,US
TX-0002486,C-00086,  ZOE GARCIA  ,zoe.garcia2486@example.com,03/11/2024,35421.00,USD,refunded,7,CA
TX-0002487,C-00087,Mateo Nguyen,mateo.nguyen2487@example.com,04/04/2024,71252.00,USD,cancelled,8,GB
TX-0002488,C-00088,Ava Patel,ava.patel2488@example.com,05/09/2024,108127.00,USD,completed,1,AU
TX-0002489,C-00089,Noah Kim,noah.kim2489@example.com,06/02/2024,195280.00,USD,pending,2,de
TX-0002490,C-00090,Mia Martin,mia.martin2490@example.com,07/07/2024,20217.00,USD,refunded,3,US
TX-0002491,C-00091,Liam Smith,liam.smith2491@example.com,08/12/2024,12076.00,USD,cancelled,4,CA
TX-0002492,C-00092,Sofia Brown,sofia.brown.invalid,09/05/2024,28586.00,USD,completed,5,GB
TX-0002493,C-00093,Ethan Wilson,ethan.wilson2493@example.com,10/10/2024,87727.00,USD,pending,6,AU
TX-0002494,C-00094,Zoe Garcia,zoe.garcia2494@example.com,11/03/2024,231617.00,USD,refunded,7,DE
TX-0002495,C-00095,Mateo Nguyen,mateo.nguyen2495@example.com,12/08/2024,76490.00,USD,cancelled,8,US
TX-0002496,C-00096,Ava Patel,ava.patel2496@example.com,01/01/2024,15253.00,USD,completed,1,CA
TX-0002497,C-00097,Noah Kim,noah.kim2497@example.com,02/06/2024,186651.00,USD,pending,2,GB
TX-0002498,C-00098,Mia Martin,mia.martin2498@example.com,03/11/2024,196302.00,USD,refunded,3,AU
TX-0002499,C-00099,Liam Smith,liam.smith2499@example.com,04/04/2024,144694.00,USD,cancelled,4,DE
TX-0002500,C-00100,Sofia Brown,sofia.brown2500@example.com,05/09/2024,236489.00,USD,completed,5,US
TX-0002501,C-00101,Ethan Wilson,ethan.wilson2501@example.com,06/02/2024,204526.00,USD,pending,6,CA
TX-0002502,C-00102,Zoe Garcia,zoe.garcia2502@example.com,07/07/2024,184270.00,USD,refunded,7,GB
TX-0002503,C-00103,Mateo Nguyen,mateo.nguyen2503@example.com,08/12/2024,218536.00,USD,cancelled,8,AU
TX-0002504,C-00104,Ava Patel,ava.patel2504@example.com,09/05/2024,54206.00,USD,completed,1,DE
TX-0002505,C-00105,Noah Kim,noah.kim2505@example.com,10/10/2024,89797.00,USD,pending,2,US
TX-0002506,C-00106,Mia Martin,mia.martin2506@example.com,11/03/2024,89929.00,USD,refunded,3,CA
TX-0002507,C-00107,Liam Smith,liam.smith2507@example.com,12/08/2024,57289.00,USD,cancelled,4,GB
TX-0002508,C-00108,Sofia Brown,sofia.brown2508@example.com,01/01/2024,838.00,USD,completed,5,AU
TX-0002509,C-00109,Ethan Wilson,ethan.wilson2509@example.com,02/06/2024,7259.00,USD,pending,6,DE
TX-0002510,C-00110,Zoe Garcia,zoe.garcia2510@example.com,03/11/2024,97625.00,USD,refunded,7,US
TX-0002511,C-00111,Mateo Nguyen,mateo.nguyen2511@example.com,04/04/2024,212647.00,USD,cancelled,8,CA
TX-0002512,C-00112,Ava Patel,ava.patel2512@example.com,05/09/2024,228703.00,USD,COMPLETE,1,GB
TX-0002513,C-00113,Noah Kim,noah.kim2513@example.com,06/02/2024,42731.00,USD,pending,2,AU
TX-0002514,C-00114,Mia Martin,mia.martin2514@example.com,07/07/2024,154430.00,USD,refunded,3,DE
TX-0002515,C-00115,Liam Smith,liam.smith2515@example.com,08/12/2024,135053.00,USD,cancelled,4,US
TX-0002516,C-00116,Sofia Brown,sofia.brown2516@example.com,09/05/2024,18860.00,USD,completed,5,CA
TX-0002517,C-00117,Ethan Wilson,ethan.wilson2517@example.com,10/10/2024,90246.00,USD,pending,6,GB
TX-0002518,C-00118,Zoe Garcia,zoe.garcia2518@example.com,11/03/2024,194774.00,USD,refunded,7,AU
TX-0002519,C-00119,Mateo Nguyen,mateo.nguyen2519@example.com,12/08/2024,184462.00,USD,cancelled,8,DE
TX-0002520,C-00120,Ava Patel,ava.patel2520@example.com,01/01/2024,178638.00,USD,completed,1,US
TX-0002521,C-00121,Noah Kim,noah.kim2521@example.com,02/06/2024,70234.00,USD,pending,2,CA
TX-0002522,C-00122,Mia Martin,,03/11/2024,17268.00,USD,refunded,3,GB
TX-0002523,C-00123,Liam Smith,liam.smith2523@example.com,04/04/2024,100650.00,USD,cancelled,4,AU
TX-0002524,C-00124,Sofia Brown,sofia.brown2524@example.com,05/09/2024,134344.00,USD,completed,5,DE
TX-0002525,C-00125,Ethan Wilson,ethan.wilson2525@example.com,06/02/2024,123393.00,USD,pending,6,US
TX-0002526,C-00126,Zoe Garcia,zoe.garcia2526@example.com,07/07/2024,139120.00,USD,refunded,7,CA
TX-0002527,C-00127,Mateo Nguyen,mateo.nguyen2527@example.com,08/12/2024,241679.00,USD,cancelled,8,GB
TX-0002528,C-00128,Ava Patel,ava.patel2528@example.com,09/05/2024,233262.00,USD,completed,1,AU
TX-0002529,C-00129,Noah Kim,noah.kim2529@example.com,10/10/2024,168825.00,USD,pending,2,DE
TX-0002530,C-00130,Mia Martin,mia.martin2530@example.com,11/03/2024,190568.00,USD,refunded,3,US
TX-0002531,C-00131,Liam Smith,liam.smith2531@example.com,12/08/2024,36249.00,USD,cancelled,4,CA
TX-0002532,C-00132,Sofia Brown,sofia.brown2532@example.com,01/01/2024,-5887.00,USD,completed,5,GB
TX-0002533,C-00133,Ethan Wilson,ethan.wilson2533@example.com,02/06/2024,220202.00,usd,pending,6,AU
TX-0002534,C-00134,Zoe Garcia,zoe.garcia2534@example.com,03/11/2024,99811.00, USD ,refunded,7,DE
TX-0002535,C-00135,Mateo Nguyen,mateo.nguyen2535@example.com,04/04/2024,18651.00,USD,cancelled,8,US
TX-0002536,C-00136,Ava Patel,ava.patel2536@example.com,05/09/2024,108363.00,USD,completed,1,CA
TX-0002537,C-00137,Noah Kim,noah.kim2537@example.com,06/02/2024,221425.00,USD,pending,2,GB
TX-0002538,C-00138,Mia Martin,mia.martin2538@example.com,07/07/2024,19922.00,USD,refunded,3,AU
TX-0002539,C-00139,Liam Smith,liam.smith2539@example.com,08/12/2024,13013.00,USD,cancelled,4,DE
TX-0002540,C-00140,sofia brown,sofia.brown2540@example.com,09/05/2024,62963.00,USD,completed,5,US
TX-0002541,C-00141,Ethan Wilson,ethan.wilson2541@example.com,10/10/2024,200288.00,USD,pending,6,CA
TX-0002542,C-00142,Zoe Garcia,zoe.garcia2542@example.com,11/03/2024,146713.00,USD,refunded,7,GB
TX-0002543,C-00143,Mateo Nguyen,mateo.nguyen2543@example.com,12/08/2024,198316.00,USD,cancelled,8,AU
TX-0002544,C-00144,Ava Patel,ava.patel2544@example.com,01/01/2024,75133.00,USD,completed,1,DE
TX-0002545,C-00145,Noah Kim,noah.kim2545@example.com,02/06/2024,198352.00,USD,pending,2,US
TX-0002546,C-00146,Mia Martin,mia.martin2546@example.com,03/11/2024,224271.00,USD,refunded,3,CA
TX-0002547,C-00147,Liam Smith,liam.smith2547@example.com,04/04/2024,120551.00,USD,cancelled,4,GB
TX-0002548,C-00148,Sofia Brown,sofia.brown2548@example.com,05/09/2024,183737.00,USD,completed,5,AU
TX-0002549,C-00149,Ethan Wilson,ethan.wilson2549@example.com,06/02/2024,35513.00,USD,pending,6,DE
TX-0002550,C-00150,Zoe Garcia,zoe.garcia2550@example.com,07/07/2024,46344.00,USD,refunded,7,US
TX-0002551,C-00151,Mateo Nguyen,mateo.nguyen2551@example.com,08/12/2024,38038.00,USD,cancelled,8,CA
TX-0002552,C-00152,Ava Patel,ava.patel2552@example.com,09/05/2024,245834.00,USD,completed,1,GB
TX-0002553,C-00153,Noah Kim,noah.kim2553@example.com,10/10/2024,55094.00,USD,pending,2,AU
TX-0002554,C-00154,Mia Martin,mia.martin2554@example.com,11/03/2024,201203.00,USD,refunded,3,DE
TX-0002555,C-00155,Liam Smith,liam.smith2555@example.com,12/08/2024,11605.00,USD,cancelled,4,US
TX-0002556,C-00156,Sofia Brown,sofia.brown2556@example.com,01/01/2024,157177.00,USD,completed,5,CA
TX-0002557,C-00157,Ethan Wilson,ethan.wilson2557@example.com,02/06/2024,52254.00,USD,pending,6,GB
TX-0002558,C-00158,Zoe Garcia,zoe.garcia2558@example.com,03/11/2024,24786.00,USD,refunded,7,AU
TX-0002559,C-00159,Mateo Nguyen,mateo.nguyen2559@example.com,04/04/2024,200890.00,USD,cancelled,8,DE
TX-0002560,C-00160,Ava Patel,ava.patel2560@example.com,05/09/2024,185204.00,USD,completed,1,US
TX-0002561,C-00161,Noah Kim,noah.kim2561@example.com,06/02/2024,78608.00,USD,pending,2,CA
TX-0002562,C-00162,Mia Martin,mia.martin2562@example.com,07/07/2024,242066.00,USD,refunded,3,GB
TX-0002563,C-00163,Liam Smith,liam.smith2563@example.com,08/12/2024,78480.00,USD,cancelled,4,AU
TX-0002564,C-00164,Sofia Brown,sofia.brown2564@example.com,09/05/2024,67818.00,USD,completed,5,DE
TX-0002565,C-00165,Ethan Wilson,ethan.wilson2565@example.com,10/10/2024,43470.00,USD,pending,6,US
TX-0002566,C-00166,Zoe Garcia,zoe.garcia2566@example.com,11/03/2024,179108.00,USD,refunded,7,CA
TX-0002567,C-00167,Mateo Nguyen,mateo.nguyen2567@example.com,12/08/2024,30304.00,USD,cancelled,8,GB
TX-0002568,C-00168,Ava Patel,ava.patel2568@example.com,01/01/2024,43861.00,USD,completed,1,AU
TX-0002569,C-00169,Noah Kim,noah.kim2569@example.com,02/06/2024,144479.00,USD,pending,2,DE
TX-0002570,C-00170,Mia Martin,mia.martin2570@example.com,03/11/2024,248162.00,USD,refunded,3,US
TX-0002571,C-00171,Liam Smith,liam.smith2571@example.com,04/04/2024,116941.00,USD,cancelled,4,CA
TX-0002572,C-00172,Sofia Brown,sofia.brown2572@example.com,05/09/2024,73133.00,USD,completed,5,GB
TX-0002573,C-00173,Ethan Wilson,ethan.wilson2573@example.com,06/02/2024,140096.00,USD,pending,6,AU
TX-0002574,C-00174,Zoe Garcia,zoe.garcia2574@example.com,07/07/2024,184158.00,USD,refunded,7,DE
TX-0002575,C-00175,Mateo Nguyen,mateo.nguyen2575@example.com,08/12/2024,224159.00,USD,cancelled,8,US
TX-0002576,C-00176,Ava Patel,ava.patel2576@example.com,09/05/2024,217347.00,USD,completed,1,CA
TX-0002577,C-00177,Noah Kim,noah.kim2577@example.com,10/10/2024,39822.00,USD,pending,2,GB
TX-0002578,C-00178,Mia Martin,mia.martin2578@example.com,11/03/2024,219622.00,USD,refunded,3,AU
TX-0002579,C-00179,Liam Smith,liam.smith2579@example.com,12/08/2024,101762.00,USD,cancelled,4,DE
TX-0002580,C-00180,Sofia Brown,sofia.brown2580@example.com,01/01/2024,236188.00,USD,completed,5,US
TX-0002581,C-00181,Ethan Wilson,ethan.wilson.invalid,02/06/2024,86173.00,USD,pending,6,CA
TX-0002582,C-00182,Zoe Garcia,zoe.garcia2582@example.com,03/11/2024,14334.00,USD,refunded,7,GB
TX-0002583,C-00183,Mateo Nguyen,mateo.nguyen2583@example.com,04/04/2024,91519.00,USD,cancelled,8,AU
TX-0002584,C-00184,Ava Patel,ava.patel2584@example.com,05/09/2024,220210.00,USD,completed,1,DE
TX-0002585,C-00185,Noah Kim,noah.kim2585@example.com,06/02/2024,90521.00,USD,pending,2,US
TX-0002586,C-00186,Mia Martin,mia.martin2586@example.com,07/07/2024,65324.00,USD,refunded,3,CA
TX-0002587,C-00187,Liam Smith,liam.smith2587@example.com,08/12/2024,62995.00,USD,cancelled,4,GB
TX-0002588,C-00188,Sofia Brown,sofia.brown2588@example.com,09/05/2024,35056.00,USD,completed,5,AU
TX-0002589,C-00189,Ethan Wilson,ethan.wilson2589@example.com,10/10/2024,103084.00,USD,pending,6,DE
TX-0002590,C-00190,Zoe Garcia,zoe.garcia2590@example.com,11/03/2024,167733.00,USD,refunded,7,US
TX-0002591,C-00191,Mateo Nguyen,mateo.nguyen2591@example.com,12/08/2024,96851.00,USD,cancelled,8,CA
TX-0002592,C-00192,Ava Patel,ava.patel2592@example.com,01/01/2024,133556.00,USD,completed,1,GB
TX-0002593,C-00193,Noah Kim,noah.kim2593@example.com,02/06/2024,236789.00,USD,pending,2,AU
TX-0002594,C-00194,Mia Martin,mia.martin2594@example.com,03/11/2024,179072.00,USD,refunded,3,DE
TX-0002595,C-00195,Liam Smith,liam.smith2595@example.com,04/04/2024,23636.00,USD,cancelled,4,USA
TX-0002596,C-00196,Sofia Brown,sofia.brown2596@example.com,05/09/2024,32934.00,USD,completed,5,CA
TX-0002597,C-00197,Ethan Wilson,ethan.wilson2597@example.com,06/02/2024,232092.00,USD,pending,6,GB
TX-0002598,C-00198,Zoe Garcia,zoe.garcia2598@example.com,07/07/2024,94321.00,USD,refunded,7,AU
TX-0002599,C-00199,  MATEO NGUYEN  ,mateo.nguyen2599@example.com,08/12/2024,247835.00,USD,cancelled,8,DE
TX-0002600,C-00200,Ava Patel,ava.patel2600@example.com,09/05/2024,199558.00,USD,completed,1,US
TX-0002601,C-00201,Noah Kim,noah.kim2601@example.com,10/10/2024,160715.00,USD,pending,2,CA
TX-0002602,C-00202,Mia Martin,mia.martin2602@example.com,11/03/2024,183674.00,USD,refunded,3,GB
TX-0002603,C-00203,Liam Smith,liam.smith2603@example.com,12/08/2024,152083.00,USD,cancelled,4,AU
TX-0002604,C-00204,Sofia Brown,sofia.brown2604@example.com,01/01/2024,45622.00,USD,completed,5,DE
TX-0002605,C-00205,Ethan Wilson,ethan.wilson2605@example.com,02/06/2024,21054.00,USD,pending,6,US
TX-0002606,C-00206,Zoe Garcia,zoe.garcia2606@example.com,03/11/2024,191797.00,USD,refunded,7,CA
TX-0002607,C-00207,Mateo Nguyen,mateo.nguyen2607@example.com,04/04/2024,215675.00,USD,cancelled,8,GB
TX-0002608,C-00208,Ava Patel,ava.patel2608@example.com,05/09/2024,55596.00,USD,completed,1,AU
TX-0002609,C-00209,Noah Kim,noah.kim2609@example.com,06/02/2024,108045.00,USD,pending,2,DE
TX-0002610,C-00210,Mia Martin,mia.martin2610@example.com,07/07/2024,208717.00,USD,refunded,3,US
TX-0002611,C-00211,Liam Smith,liam.smith2611@example.com,08/12/2024,59451.00,USD,cancelled,4,CA
TX-0002612,C-00212,Sofia Brown,sofia.brown2612@example.com,09/05/2024,242548.00,USD,completed,5,GB
TX-0002613,C-00213,Ethan Wilson,ethan.wilson2613@example.com,10/10/2024,228643.00,USD,pending,6,AU
TX-0002614,C-00214,Zoe Garcia,zoe.garcia2614@example.com,11/03/2024,60775.00,USD,refunded,7,DE
TX-0002615,C-00215,Mateo Nguyen,mateo.nguyen2615@example.com,12/08/2024,212023.00,USD,cancelled,8,US
TX-0002616,C-00216,Ava Patel,ava.patel2616@example.com,01/01/2024,17756.00,USD,completed,1,CA
TX-0002617,C-00217,Noah Kim,noah.kim2617@example.com,02/06/2024,33201.00,USD,pending,2,GB
TX-0002618,C-00218,Mia Martin,mia.martin2618@example.com,03/11/2024,10281.00,USD,refunded,3,AU
TX-0002619,C-00219,Liam Smith,,04/04/2024,111418.00,USD,cancelled,4,DE
TX-0002620,C-00220,Sofia Brown,sofia.brown2620@example.com,05/09/2024,3912.00,USD,completed,5,us
TX-0002621,C-00221,Ethan Wilson,ethan.wilson2621@example.com,06/02/2024,74897.00,USD,pending,6,CA
TX-0002622,C-00222,Zoe Garcia,zoe.garcia2622@example.com,07/07/2024,102868.00,USD,refunded,7,GB
TX-0002623,C-00223,Mateo Nguyen,mateo.nguyen2623@example.com,08/12/2024,16607.00,USD,cancelled,8,AU
TX-0002624,C-00224,Ava Patel,ava.patel2624@example.com,09/05/2024,244773.00,USD,completed,1,DE
TX-0002625,C-00225,Noah Kim,noah.kim2625@example.com,10/10/2024,183696.00,USD,pending,2,US
TX-0002626,C-00226,Mia Martin,mia.martin2626@example.com,11/03/2024,191640.00,USD,refunded,3,CA
TX-0002627,C-00227,Liam Smith,liam.smith2627@example.com,12/08/2024,238121.00,USD,cancelled,4,GB
TX-0002628,C-00228,Sofia Brown,sofia.brown2628@example.com,01/01/2024,10586.00,USD,completed,5,AU
TX-0002629,C-00229,Ethan Wilson,ethan.wilson2629@example.com,02/06/2024,149638.00,USD,pending,6,DE
TX-0002630,C-00230,Zoe Garcia,zoe.garcia2630@example.com,03/11/2024,179715.00,USD,refunded,7,US
TX-0002631,C-00231,Mateo Nguyen,mateo.nguyen2631@example.com,04/04/2024,10275.00,USD,cancelled,8,CA
TX-0002632,C-00232,Ava Patel,ava.patel2632@example.com,05/09/2024,227627.00,USD,completed,1,GB
TX-0002633,C-00233,Noah Kim,noah.kim2633@example.com,06/02/2024,110853.00,USD,pending,2,AU
TX-0002634,C-00234,Mia Martin,mia.martin2634@example.com,07/07/2024,104992.00,USD,refunded,3,DE
TX-0002635,C-00235,Liam Smith,liam.smith2635@example.com,08/12/2024,46187.00,USD,cancelled,4,US
TX-0002636,C-00236,Sofia Brown,sofia.brown2636@example.com,09/05/2024,169202.00,USD,completed,5,CA
TX-0002637,C-00237,Ethan Wilson,ethan.wilson2637@example.com,10/10/2024,166417.00,USD,pending,6,GB
TX-0002638,C-00238,Zoe Garcia,zoe.garcia2638@example.com,11/03/2024,60336.00,USD,refunded,7,AU
TX-0002639,C-00239,Mateo Nguyen,mateo.nguyen2639@example.com,12/08/2024,3753.00,USD,cancelled,8,DE
TX-0002640,C-00240,Ava Patel,ava.patel2640@example.com,01/01/2024,91496.00,USD,completed,1,US
TX-0002641,C-00241,Noah Kim,noah.kim2641@example.com,02/06/2024,162361.00,USD,pending,2,CA
TX-0002642,C-00242,Mia Martin,mia.martin2642@example.com,03/11/2024,19670.00,USD,refunded,3,GB
TX-0002643,C-00243,Liam Smith,liam.smith2643@example.com,04/04/2024,244624.00,USD,cancelled,4,AU
TX-0002644,C-00244,Sofia Brown,sofia.brown2644@example.com,05/09/2024,49471.00,USD,completed,5,DE
TX-0002645,C-00245,Ethan Wilson,ethan.wilson2645@example.com,06/02/2024,99482.00,USD,pending,6,US
TX-0002646,C-00246,Zoe Garcia,zoe.garcia2646@example.com,07/07/2024,136451.00,USD,refunded,7,CA
TX-0002647,C-00247,Mateo Nguyen,mateo.nguyen2647@example.com,08/12/2024,170064.00,USD,cancelled,8,GB
TX-0002648,C-00248,Ava Patel,ava.patel2648@example.com,09/05/2024,49018.00,USD,completed,1,AU
TX-0002649,C-00249,Noah Kim,noah.kim2649@example.com,10/10/2024,110580.00,USD,pending,2,DE
TX-0002650,C-00250,Mia Martin,mia.martin2650@example.com,11/03/2024,170029.00,USD,refunded,3,US
TX-0002651,C-00251,Liam Smith,liam.smith2651@example.com,12/08/2024,152344.00,USD,cancelled,4,CA
TX-0002652,C-00252,Sofia Brown,sofia.brown2652@example.com,01/01/2024,29561.00,USD,completed,5,GB
TX-0002653,C-00253,Ethan Wilson,ethan.wilson2653@example.com,02/06/2024,181158.00,USD,pending,6,AU
TX-0002654,C-00254,Zoe Garcia,zoe.garcia2654@example.com,03/11/2024,188299.00,USD,refunded,7,DE
TX-0002655,C-00255,Mateo Nguyen,mateo.nguyen2655@example.com,04/04/2024,189487.00,USD,cancelled,8,US
TX-0002656,C-00256,Ava Patel,ava.patel2656@example.com,05/09/2024,133678.00,USD,completed,1,CA
TX-0002657,C-00257,Noah Kim,noah.kim2657@example.com,06/02/2024,31184.00,USD,pending,2,GB
TX-0002658,C-00258,Mia Martin,mia.martin2658@example.com,07/07/2024,136925.00,USD,refunded,3,AU
TX-0002659,C-00259,Liam Smith,liam.smith2659@example.com,08/12/2024,220277.00,USD,cancelled,4,DE
TX-0002660,C-00260,Sofia Brown,sofia.brown2660@example.com,09/05/2024,236563.00,USD,completed,5,US
TX-0002661,C-00261,Ethan Wilson,ethan.wilson2661@example.com,10/10/2024,32579.00,USD,pending,6,CA
TX-0002662,C-00262,Zoe Garcia,zoe.garcia2662@example.com,11/03/2024,148439.00,USD,refunded,7,GB
TX-0002663,C-00263,Mateo Nguyen,mateo.nguyen2663@example.com,12/08/2024,54226.00,USD,cancelled,8,AU
TX-0002664,C-00264,Ava Patel,ava.patel2664@example.com,01/01/2024,246053.00,USD,completed,1,DE
TX-0002665,C-00265,Noah Kim,noah.kim2665@example.com,02/06/2024,77791.00,USD,pending,2,US
TX-0002666,C-00266,Mia Martin,mia.martin2666@example.com,03/11/2024,16479.00,USD,refunded,3,CA
TX-0002667,C-00267,liam smith,liam.smith2667@example.com,04/04/2024,2961.00,USD,cancelled,4,GB
TX-0002668,C-00268,Sofia Brown,sofia.brown2668@example.com,05/09/2024,9717.00,USD,completed,5,AU
TX-0002669,C-00269,Ethan Wilson,ethan.wilson2669@example.com,06/02/2024,177954.00,USD,COMPLETE,6,DE
TX-0002670,C-00270,Zoe Garcia,zoe.garcia.invalid,07/07/2024,82270.00,USD,refunded,7,US
TX-0002671,C-00271,Mateo Nguyen,mateo.nguyen2671@example.com,08/12/2024,175713.00,USD,cancelled,8,CA
TX-0002672,C-00272,Ava Patel,ava.patel2672@example.com,09/05/2024,199256.00,USD,completed,1,GB
TX-0002673,C-00273,Noah Kim,noah.kim2673@example.com,10/10/2024,130352.00,USD,pending,2,AU
TX-0002674,C-00274,Mia Martin,mia.martin2674@example.com,11/03/2024,162723.00,USD,unknown,3,DE
TX-0002675,C-00275,Liam Smith,liam.smith2675@example.com,12/08/2024,36254.00,USD,cancelled,4,US
TX-0002676,C-00276,Sofia Brown,sofia.brown2676@example.com,01/01/2024,,USD,completed,5,CA
TX-0002677,C-00277,Ethan Wilson,ethan.wilson2677@example.com,02/06/2024,75016.00,USD,pending,6,GB
TX-0002678,C-00278,Zoe Garcia,zoe.garcia2678@example.com,03/11/2024,32630.00,USD,refunded,7,AU
TX-0002679,C-00279,Mateo Nguyen,mateo.nguyen2679@example.com,04/04/2024,181197.00,USD,cancelled,8,DE
TX-0002680,C-00280,Ava Patel,ava.patel2680@example.com,05/09/2024,43966.00,USD,completed,1,US
TX-0002681,C-00281,Noah Kim,noah.kim2681@example.com,06/02/2024,154273.00,USD,pending,2,CA
TX-0002682,C-00282,Mia Martin,mia.martin2682@example.com,07/07/2024,172012.00,usd,refunded,3,GB
TX-0002683,C-00283,Liam Smith,liam.smith2683@example.com,08/12/2024,161284.00,USD,cancelled,4,AU
TX-0002684,C-00284,Sofia Brown,sofia.brown2684@example.com,09/05/2024,214166.00,USD,completed,5,DE
TX-0002685,C-00285,Ethan Wilson,ethan.wilson2685@example.com,10/10/2024,159817.00,USD,pending,6,US
TX-0002686,C-00286,Zoe Garcia,zoe.garcia2686@example.com,11/03/2024,144709.00,USD,refunded,7,CA
TX-0002687,C-00287,Mateo Nguyen,mateo.nguyen2687@example.com,12/08/2024,178752.00,USD,cancelled,8,GB
TX-0002688,C-00288,Ava Patel,ava.patel2688@example.com,01/01/2024,176263.00,USD,completed,1,AU
TX-0002689,C-00289,Noah Kim,noah.kim2689@example.com,02/06/2024,208522.00,USD,pending,2,DE
TX-0002690,C-00290,Mia Martin,mia.martin2690@example.com,03/11/2024,50874.00,USD,refunded,3,US
TX-0002691,C-00291,Liam Smith,liam.smith2691@example.com,04/04/2024,85832.00,USD,cancelled,4,CA
TX-0002692,C-00292,Sofia Brown,sofia.brown2692@example.com,05/09/2024,222058.00,USD,completed,5,GB
TX-0002693,C-00293,Ethan Wilson,ethan.wilson2693@example.com,06/02/2024,78519.00,USD,pending,6,AU
TX-0002694,C-00294,Zoe Garcia,zoe.garcia2694@example.com,07/07/2024,22970.00,USD,refunded,7,DE
TX-0002695,C-00295,Mateo Nguyen,mateo.nguyen2695@example.com,08/12/2024,56990.00,USD,cancelled,8,US
TX-0002696,C-00296,Ava Patel,ava.patel2696@example.com,09/05/2024,154909.00,USD,completed,1,CA
TX-0002697,C-00297,Noah Kim,noah.kim2697@example.com,10/10/2024,135527.00,USD,pending,2,GB
TX-0002698,C-00298,Mia Martin,mia.martin2698@example.com,11/03/2024,207512.00,USD,refunded,3,AU
TX-0002699,C-00299,Liam Smith,liam.smith2699@example.com,12/08/2024,206977.00,USD,cancelled,4,DE
TX-0002700,C-00300,Sofia Brown,sofia.brown2700@example.com,01/01/2024,66732.00,USD,completed,5,US
TX-0002701,C-00301,Ethan Wilson,ethan.wilson2701@example.com,02/06/2024,199146.00,USD,pending,6,CA
TX-0002702,C-00302,Zoe Garcia,zoe.garcia2702@example.com,03/11/2024,166675.00,USD,refunded,7,GB
TX-0002703,C-00303,Mateo Nguyen,mateo.nguyen2703@example.com,04/04/2024,2334.00,USD,cancelled,8,AU
TX-0002704,C-00304,Ava Patel,ava.patel2704@example.com,05/09/2024,219594.00,USD,completed,1,DE
TX-0002705,C-00305,Noah Kim,noah.kim2705@example.com,06/02/2024,204127.00,USD,pending,2,US
TX-0002706,C-00306,Mia Martin,mia.martin2706@example.com,07/07/2024,198639.00,USD,refunded,3,CA
TX-0002707,C-00307,Liam Smith,liam.smith2707@example.com,08/12/2024,47029.00,USD,cancelled,4,GB
TX-0002708,C-00308,Sofia Brown,sofia.brown2708@example.com,09/05/2024,177713.00,USD,completed,5,AU
TX-0002709,C-00309,Ethan Wilson,ethan.wilson2709@example.com,10/10/2024,58859.00,USD,pending,6,DE
TX-0002710,C-00310,Zoe Garcia,zoe.garcia2710@example.com,11/03/2024,86796.00,USD,refunded,7,US
TX-0002711,C-00311,Mateo Nguyen,mateo.nguyen2711@example.com,12/08/2024,243167.00,USD,cancelled,8,CA
TX-0002712,C-00312,  AVA PATEL  ,ava.patel2712@example.com,01/01/2024,118315.00,USD,completed,1,GB
TX-0002713,C-00313,Noah Kim,noah.kim2713@example.com,02/06/2024,73332.00,USD,pending,2,AU
TX-0002714,C-00314,Mia Martin,mia.martin2714@example.com,03/11/2024,224622.00,USD,refunded,3,DE
TX-0002715,C-00315,Liam Smith,liam.smith2715@example.com,04/04/2024,248915.00, USD ,cancelled,4,US
TX-0002716,C-00316,Sofia Brown,,05/09/2024,228897.00,USD,completed,5,CA
TX-0002717,C-00317,Ethan Wilson,ethan.wilson2717@example.com,06/02/2024,135808.00,USD,pending,6,GB
TX-0002718,C-00318,Zoe Garcia,zoe.garcia2718@example.com,07/07/2024,69119.00,USD,refunded,7,AU
TX-0002719,C-00319,Mateo Nguyen,mateo.nguyen2719@example.com,08/12/2024,97638.00,USD,cancelled,8,DE
TX-0002720,C-00320,Ava Patel,ava.patel2720@example.com,09/05/2024,97519.00,USD,completed,1,US
TX-0002721,C-00321,Noah Kim,noah.kim2721@example.com,10/10/2024,194751.00,USD,pending,2,CA
TX-0002722,C-00322,Mia Martin,mia.martin2722@example.com,11/03/2024,70024.00,USD,refunded,3,GB
TX-0002723,C-00323,Liam Smith,liam.smith2723@example.com,12/08/2024,244543.00,USD,cancelled,4,AU
TX-0002724,C-00324,Sofia Brown,sofia.brown2724@example.com,01/01/2024,245089.00,USD,completed,5,DE
TX-0002725,C-00325,Ethan Wilson,ethan.wilson2725@example.com,02/06/2024,229811.00,USD,pending,6,US
TX-0002726,C-00326,Zoe Garcia,zoe.garcia2726@example.com,03/11/2024,180483.00,USD,refunded,7,CA
TX-0002727,C-00327,Mateo Nguyen,mateo.nguyen2727@example.com,04/04/2024,98086.00,USD,cancelled,8,GB
TX-0002728,C-00328,Ava Patel,ava.patel2728@example.com,05/09/2024,43962.00,USD,completed,1,AU
TX-0002729,C-00329,Noah Kim,noah.kim2729@example.com,06/02/2024,100854.00,USD,pending,2,DE
TX-0002730,C-00330,Mia Martin,mia.martin2730@example.com,07/07/2024,192099.00,USD,refunded,3,US
TX-0002731,C-00331,Liam Smith,liam.smith2731@example.com,08/12/2024,181718.00,USD,cancelled,4,CA
TX-0002732,C-00332,Sofia Brown,sofia.brown2732@example.com,09/05/2024,141731.00,USD,completed,5,GB
TX-0002733,C-00333,Ethan Wilson,ethan.wilson2733@example.com,10/10/2024,224882.00,USD,pending,6,AU
TX-0002734,C-00334,Zoe Garcia,zoe.garcia2734@example.com,11/03/2024,100847.00,USD,refunded,7,DE
TX-0002735,C-00335,Mateo Nguyen,mateo.nguyen2735@example.com,12/08/2024,76423.00,USD,cancelled,8,US
TX-0002736,C-00336,Ava Patel,ava.patel2736@example.com,01/01/2024,133323.00,USD,completed,1,CA
TX-0002737,C-00337,Noah Kim,noah.kim2737@example.com,02/06/2024,121710.00,USD,pending,2,GB
TX-0002738,C-00338,Mia Martin,mia.martin2738@example.com,03/11/2024,225783.00,USD,refunded,3,AU
TX-0002739,C-00339,Liam Smith,liam.smith2739@example.com,04/04/2024,28364.00,USD,cancelled,4,DE
TX-0002740,C-00340,Sofia Brown,sofia.brown2740@example.com,05/09/2024,94302.00,USD,completed,5,US
TX-0002741,C-00341,Ethan Wilson,ethan.wilson2741@example.com,06/02/2024,196864.00,USD,pending,6,CA
TX-0002742,C-00342,Zoe Garcia,zoe.garcia2742@example.com,07/07/2024,154766.00,USD,refunded,7,GB
TX-0002743,C-00343,Mateo Nguyen,mateo.nguyen2743@example.com,08/12/2024,-8759.00,USD,cancelled,8,AU
TX-0002744,C-00344,Ava Patel,ava.patel2744@example.com,09/05/2024,135777.00,USD,completed,1,DE
TX-0002745,C-00345,Noah Kim,noah.kim2745@example.com,10/10/2024,56278.00,USD,pending,2,US
TX-0002746,C-00346,Mia Martin,mia.martin2746@example.com,11/03/2024,144058.00,USD,refunded,3,CA
TX-0002747,C-00347,Liam Smith,liam.smith2747@example.com,12/08/2024,31685.00,USD,cancelled,4,GB
TX-0002748,C-00348,Sofia Brown,sofia.brown2748@example.com,01/01/2024,56671.00,USD,completed,5,AU
TX-0002749,C-00349,Ethan Wilson,ethan.wilson2749@example.com,02/06/2024,229904.00,USD,pending,6,DE
TX-0002750,C-00350,Zoe Garcia,zoe.garcia2750@example.com,03/11/2024,52779.00,USD,refunded,7,US
TX-0002751,C-00351,Mateo Nguyen,mateo.nguyen2751@example.com,04/04/2024,215498.00,USD,cancelled,8,ca
TX-0002752,C-00352,Ava Patel,ava.patel2752@example.com,05/09/2024,223902.00,USD,completed,1,GB
TX-0002753,C-00353,Noah Kim,noah.kim2753@example.com,06/02/2024,88005.00,USD,pending,2,AU
TX-0002754,C-00354,Mia Martin,mia.martin2754@example.com,07/07/2024,176082.00,USD,refunded,3,DE
TX-0002755,C-00355,Liam Smith,liam.smith2755@example.com,08/12/2024,154112.00,USD,cancelled,4,US
TX-0002756,C-00356,Sofia Brown,sofia.brown2756@example.com,09/05/2024,239818.00,USD,completed,5,CA
TX-0002757,C-00357,Ethan Wilson,ethan.wilson2757@example.com,10/10/2024,207141.00,USD,pending,6,GB
TX-0002758,C-00358,Zoe Garcia,zoe.garcia2758@example.com,11/03/2024,196592.00,USD,refunded,7,AU
TX-0002759,C-00359,Mateo Nguyen,mateo.nguyen.invalid,12/08/2024,122079.00,USD,cancelled,8,DE
TX-0002760,C-00360,Ava Patel,ava.patel2760@example.com,01/01/2024,60200.00,USD,completed,1,US
TX-0002761,C-00361,Noah Kim,noah.kim2761@example.com,02/06/2024,201863.00,USD,pending,2,CA
TX-0002762,C-00362,Mia Martin,mia.martin2762@example.com,03/11/2024,119527.00,USD,refunded,3,GB
TX-0002763,C-00363,Liam Smith,liam.smith2763@example.com,04/04/2024,194140.00,USD,cancelled,4,AU
TX-0002764,C-00364,Sofia Brown,sofia.brown2764@example.com,05/09/2024,82211.00,USD,completed,5,DE
TX-0002765,C-00365,Ethan Wilson,ethan.wilson2765@example.com,06/02/2024,175304.00,USD,pending,6,US
TX-0002766,C-00366,Zoe Garcia,zoe.garcia2766@example.com,07/07/2024,210173.00,USD,refunded,7,CA
TX-0002767,C-00367,Mateo Nguyen,mateo.nguyen2767@example.com,08/12/2024,59951.00,USD,cancelled,8,GB
TX-0002768,C-00368,Ava Patel,ava.patel2768@example.com,09/05/2024,63147.00,USD,completed,1,USA
TX-0002769,C-00369,Noah Kim,noah.kim2769@example.com,10/10/2024,197698.00,USD,pending,2,DE
TX-0002770,C-00370,Mia Martin,mia.martin2770@example.com,11/03/2024,127191.00,USD,refunded,3,US
TX-0002771,C-00371,Liam Smith,liam.smith2771@example.com,12/08/2024,33826.00,USD,cancelled,4,CA
TX-0002772,C-00372,Sofia Brown,sofia.brown2772@example.com,01/01/2024,145040.00,USD,completed,5,GB
TX-0002773,C-00373,Ethan Wilson,ethan.wilson2773@example.com,02/06/2024,104637.00,USD,pending,6,AU
TX-0002774,C-00374,Zoe Garcia,zoe.garcia2774@example.com,03/11/2024,146627.00,USD,refunded,7,DE
TX-0002775,C-00375,Mateo Nguyen,mateo.nguyen2775@example.com,04/04/2024,25782.00,USD,cancelled,8,US
TX-0002776,C-00376,Ava Patel,ava.patel2776@example.com,05/09/2024,25971.00,USD,completed,1,CA
TX-0002777,C-00377,Noah Kim,noah.kim2777@example.com,06/02/2024,68998.00,USD,pending,2,GB
TX-0002778,C-00378,Mia Martin,mia.martin2778@example.com,07/07/2024,235144.00,USD,refunded,3,AU
TX-0002779,C-00379,Liam Smith,liam.smith2779@example.com,08/12/2024,202790.00,USD,cancelled,4,DE
TX-0002780,C-00380,Sofia Brown,sofia.brown2780@example.com,09/05/2024,182480.00,USD,completed,5,US
TX-0002781,C-00381,Ethan Wilson,ethan.wilson2781@example.com,10/10/2024,110587.00,USD,pending,6,CA
TX-0002782,C-00382,Zoe Garcia,zoe.garcia2782@example.com,11/03/2024,143799.00,USD,refunded,7,GB
TX-0002783,C-00383,Mateo Nguyen,mateo.nguyen2783@example.com,12/08/2024,145493.00,USD,cancelled,8,AU
TX-0002784,C-00384,Ava Patel,ava.patel2784@example.com,01/01/2024,124123.00,USD,completed,1,DE
TX-0002785,C-00385,Noah Kim,noah.kim2785@example.com,02/06/2024,157456.00,USD,pending,2,US
TX-0002786,C-00386,Mia Martin,mia.martin2786@example.com,03/11/2024,134156.00,USD,refunded,3,CA
TX-0002787,C-00387,Liam Smith,liam.smith2787@example.com,04/04/2024,94710.00,USD,cancelled,4,GB
TX-0002788,C-00388,Sofia Brown,sofia.brown2788@example.com,05/09/2024,223835.00,USD,completed,5,AU
TX-0002789,C-00389,Ethan Wilson,ethan.wilson2789@example.com,06/02/2024,157332.00,USD,pending,6,DE
TX-0002790,C-00390,Zoe Garcia,zoe.garcia2790@example.com,07/07/2024,46363.00,USD,refunded,7,US
TX-0002791,C-00391,Mateo Nguyen,mateo.nguyen2791@example.com,08/12/2024,34230.00,USD,cancelled,8,CA
TX-0002792,C-00392,Ava Patel,ava.patel2792@example.com,09/05/2024,2674.00,USD,completed,1,GB
TX-0002793,C-00393,Noah Kim,noah.kim2793@example.com,10/10/2024,164498.00,USD,pending,2,AU
TX-0002794,C-00394,mia martin,mia.martin2794@example.com,11/03/2024,108226.00,USD,refunded,3,DE
TX-0002795,C-00395,Liam Smith,liam.smith2795@example.com,12/08/2024,30190.00,USD,cancelled,4,US
TX-0002796,C-00396,Sofia Brown,sofia.brown2796@example.com,01/01/2024,59471.00,USD,completed,5,CA
TX-0002797,C-00397,Ethan Wilson,ethan.wilson2797@example.com,02/06/2024,31465.00,USD,pending,6,GB
TX-0002798,C-00398,Zoe Garcia,zoe.garcia2798@example.com,03/11/2024,141906.00,USD,refunded,7,AU
TX-0002799,C-00399,Mateo Nguyen,mateo.nguyen2799@example.com,04/04/2024,74035.00,USD,cancelled,8,DE
TX-0002800,C-00400,Ava Patel,ava.patel2800@example.com,05/09/2024,85496.00,USD,completed,1,US
TX-0002801,C-00401,Noah Kim,noah.kim2801@example.com,06/02/2024,26450.00,USD,pending,2,CA
TX-0002802,C-00402,Mia Martin,mia.martin2802@example.com,07/07/2024,49821.00,USD,refunded,3,GB
TX-0002803,C-00403,Liam Smith,liam.smith2803@example.com,08/12/2024,122139.00,USD,cancelled,4,AU
TX-0002804,C-00404,Sofia Brown,sofia.brown2804@example.com,09/05/2024,23696.00,USD,completed,5,DE
TX-0002805,C-00405,Ethan Wilson,ethan.wilson2805@example.com,10/10/2024,25372.00,USD,pending,6,US
TX-0002806,C-00406,Zoe Garcia,zoe.garcia2806@example.com,11/03/2024,120508.00,USD,refunded,7,CA
TX-0002807,C-00407,Mateo Nguyen,mateo.nguyen2807@example.com,12/08/2024,31636.00,USD,cancelled,8,GB
TX-0002808,C-00408,Ava Patel,ava.patel2808@example.com,01/01/2024,171917.00,USD,completed,1,AU
TX-0002809,C-00409,Noah Kim,noah.kim2809@example.com,02/06/2024,71971.00,USD,pending,2,DE
TX-0002810,C-00410,Mia Martin,mia.martin2810@example.com,03/11/2024,223858.00,USD,refunded,3,US
TX-0002811,C-00411,Liam Smith,liam.smith2811@example.com,04/04/2024,153860.00,USD,cancelled,4,CA
TX-0002812,C-00412,Sofia Brown,sofia.brown2812@example.com,05/09/2024,232249.00,USD,completed,5,GB
TX-0002813,C-00413,Ethan Wilson,,06/02/2024,57151.00,USD,pending,6,AU
TX-0002814,C-00414,Zoe Garcia,zoe.garcia2814@example.com,07/07/2024,4926.00,USD,refunded,7,DE
TX-0002815,C-00415,Mateo Nguyen,mateo.nguyen2815@example.com,08/12/2024,206176.00,USD,cancelled,8,US
TX-0002816,C-00416,Ava Patel,ava.patel2816@example.com,09/05/2024,170946.00,USD,completed,1,CA
TX-0002817,C-00417,Noah Kim,noah.kim2817@example.com,10/10/2024,102201.00,USD,pending,2,GB
TX-0002818,C-00418,Mia Martin,mia.martin2818@example.com,11/03/2024,160339.00,USD,refunded,3,AU
TX-0002819,C-00419,Liam Smith,liam.smith2819@example.com,12/08/2024,106156.00,USD,cancelled,4,DE
TX-0002820,C-00420,Sofia Brown,sofia.brown2820@example.com,01/01/2024,173175.00,USD,completed,5,US
TX-0002821,C-00421,Ethan Wilson,ethan.wilson2821@example.com,02/06/2024,14406.00,USD,pending,6,CA
TX-0002822,C-00422,Zoe Garcia,zoe.garcia2822@example.com,03/11/2024,219363.00,USD,refunded,7,GB
TX-0002823,C-00423,Mateo Nguyen,mateo.nguyen2823@example.com,04/04/2024,21511.00,USD,cancelled,8,AU
TX-0002824,C-00424,Ava Patel,ava.patel2824@example.com,05/09/2024,64968.00,USD,completed,1,DE
TX-0002825,C-00425,  NOAH KIM  ,noah.kim2825@example.com,06/02/2024,115513.00,USD,pending,2,US
TX-0002826,C-00426,Mia Martin,mia.martin2826@example.com,07/07/2024,59908.00,USD,COMPLETE,3,CA
TX-0002827,C-00427,Liam Smith,liam.smith2827@example.com,08/12/2024,101658.00,USD,cancelled,4,GB
TX-0002828,C-00428,Sofia Brown,sofia.brown2828@example.com,09/05/2024,188244.00,USD,completed,5,AU
TX-0002829,C-00429,Ethan Wilson,ethan.wilson2829@example.com,10/10/2024,203982.00,USD,pending,6,DE
TX-0002830,C-00430,Zoe Garcia,zoe.garcia2830@example.com,11/03/2024,35686.00,USD,refunded,7,US
TX-0002831,C-00431,Mateo Nguyen,mateo.nguyen2831@example.com,12/08/2024,72898.00,usd,cancelled,8,CA
TX-0002832,C-00432,Ava Patel,ava.patel2832@example.com,01/01/2024,223397.00,USD,completed,1,GB
TX-0002833,C-00433,Noah Kim,noah.kim2833@example.com,02/06/2024,205253.00,USD,pending,2,AU
TX-0002834,C-00434,Mia Martin,mia.martin2834@example.com,03/11/2024,121522.00,USD,refunded,3,DE
TX-0002835,C-00435,Liam Smith,liam.smith2835@example.com,04/04/2024,81139.00,USD,cancelled,4,US
TX-0002836,C-00436,Sofia Brown,sofia.brown2836@example.com,05/09/2024,175980.00,USD,completed,5,CA
TX-0002837,C-00437,Ethan Wilson,ethan.wilson2837@example.com,06/02/2024,9950.00,USD,pending,6,GB
TX-0002838,C-00438,Zoe Garcia,zoe.garcia2838@example.com,07/07/2024,162449.00,USD,refunded,7,AU
TX-0002839,C-00439,Mateo Nguyen,mateo.nguyen2839@example.com,08/12/2024,192068.00,USD,cancelled,8,DE
TX-0002840,C-00440,Ava Patel,ava.patel2840@example.com,09/05/2024,178324.00,USD,completed,1,US
TX-0002841,C-00441,Noah Kim,noah.kim2841@example.com,10/10/2024,138963.00,USD,pending,2,CA
TX-0002842,C-00442,Mia Martin,mia.martin2842@example.com,11/03/2024,205454.00,USD,refunded,3,GB
TX-0002843,C-00443,Liam Smith,liam.smith2843@example.com,12/08/2024,171367.00,USD,cancelled,4,AU
TX-0002844,C-00444,Sofia Brown,sofia.brown2844@example.com,01/01/2024,42371.00,USD,completed,5,DE
TX-0002845,C-00445,Ethan Wilson,ethan.wilson2845@example.com,02/06/2024,34815.00,USD,pending,6,US
TX-0002846,C-00446,Zoe Garcia,zoe.garcia2846@example.com,03/11/2024,7936.00,USD,refunded,7,CA
TX-0002847,C-00447,Mateo Nguyen,mateo.nguyen2847@example.com,04/04/2024,166274.00,USD,cancelled,8,GB
TX-0002848,C-00448,Ava Patel,ava.patel.invalid,05/09/2024,57801.00,USD,completed,1,AU
TX-0002849,C-00449,Noah Kim,noah.kim2849@example.com,06/02/2024,52253.00,USD,pending,2,DE
TX-0002850,C-00450,Mia Martin,mia.martin2850@example.com,07/07/2024,151143.00,USD,refunded,3,US
TX-0002851,C-00451,Liam Smith,liam.smith2851@example.com,08/12/2024,139047.00,USD,cancelled,4,CA
TX-0002852,C-00452,Sofia Brown,sofia.brown2852@example.com,09/05/2024,70749.00,USD,completed,5,GB
TX-0002853,C-00453,Ethan Wilson,ethan.wilson2853@example.com,10/10/2024,159831.00,USD,pending,6,AU
TX-0002854,C-00454,Zoe Garcia,zoe.garcia2854@example.com,11/03/2024,19479.00,USD,refunded,7,DE
TX-0002855,C-00455,Mateo Nguyen,mateo.nguyen2855@example.com,12/08/2024,120641.00,USD,cancelled,8,US
TX-0002856,C-00456,Ava Patel,ava.patel2856@example.com,01/01/2024,207668.00,USD,completed,1,CA
TX-0002857,C-00457,Noah Kim,noah.kim2857@example.com,02/06/2024,138158.00,USD,pending,2,GB
TX-0002858,C-00458,Mia Martin,mia.martin2858@example.com,03/11/2024,232790.00,USD,refunded,3,AU
TX-0002859,C-00459,Liam Smith,liam.smith2859@example.com,04/04/2024,59607.00,USD,cancelled,4,DE
TX-0002860,C-00460,Sofia Brown,sofia.brown2860@example.com,05/09/2024,211198.00,USD,completed,5,US
TX-0002861,C-00461,Ethan Wilson,ethan.wilson2861@example.com,06/02/2024,225853.00,USD,pending,6,CA
TX-0002862,C-00462,Zoe Garcia,zoe.garcia2862@example.com,07/07/2024,25108.00,USD,refunded,7,GB
TX-0002863,C-00463,Mateo Nguyen,mateo.nguyen2863@example.com,08/12/2024,142050.00,USD,cancelled,8,AU
TX-0002864,C-00464,Ava Patel,ava.patel2864@example.com,09/05/2024,139277.00,USD,completed,1,DE
TX-0002865,C-00465,Noah Kim,noah.kim2865@example.com,10/10/2024,211375.00,USD,unknown,2,US
TX-0002866,C-00466,Mia Martin,mia.martin2866@example.com,11/03/2024,234959.00,USD,refunded,3,CA
TX-0002867,C-00467,Liam Smith,liam.smith2867@example.com,12/08/2024,222468.00,USD,cancelled,4,GB
TX-0002868,C-00468,Sofia Brown,sofia.brown2868@example.com,01/01/2024,117679.00,USD,completed,5,AU
TX-0002869,C-00469,Ethan Wilson,ethan.wilson2869@example.com,02/06/2024,74093.00,USD,pending,6,DE
TX-0002870,C-00470,Zoe Garcia,zoe.garcia2870@example.com,03/11/2024,72286.00,USD,refunded,7,US
TX-0002871,C-00471,Mateo Nguyen,mateo.nguyen2871@example.com,04/04/2024,242598.00,USD,cancelled,8,CA
TX-0002872,C-00472,Ava Patel,ava.patel2872@example.com,05/09/2024,157896.00,USD,completed,1,GB
TX-0002873,C-00473,Noah Kim,noah.kim2873@example.com,06/02/2024,30244.00,USD,pending,2,AU
TX-0002874,C-00474,Mia Martin,mia.martin2874@example.com,07/07/2024,105523.00,USD,refunded,3,DE
TX-0002875,C-00475,Liam Smith,liam.smith2875@example.com,08/12/2024,195045.00,USD,cancelled,4,US
TX-0002876,C-00476,Sofia Brown,sofia.brown2876@example.com,09/05/2024,115406.00,USD,completed,5,CA
TX-0002877,C-00477,Ethan Wilson,ethan.wilson2877@example.com,10/10/2024,37948.00,USD,pending,6,GB
TX-0002878,C-00478,Zoe Garcia,zoe.garcia2878@example.com,11/03/2024,230625.00,USD,refunded,7,AU
TX-0002879,C-00479,Mateo Nguyen,mateo.nguyen2879@example.com,12/08/2024,90523.00,USD,cancelled,8,DE
TX-0002880,C-00480,Ava Patel,ava.patel2880@example.com,01/01/2024,194885.00,USD,completed,1,US
TX-0002881,C-00481,Noah Kim,noah.kim2881@example.com,02/06/2024,37017.00,USD,pending,2,CA
TX-0002882,C-00482,Mia Martin,mia.martin2882@example.com,03/11/2024,79631.00,USD,refunded,3,gb
TX-0002883,C-00483,Liam Smith,liam.smith2883@example.com,04/04/2024,47821.00,USD,cancelled,4,AU
TX-0002884,C-00484,Sofia Brown,sofia.brown2884@example.com,05/09/2024,57709.00,USD,completed,5,DE
TX-0002885,C-00485,Ethan Wilson,ethan.wilson2885@example.com,06/02/2024,133050.00,USD,pending,6,US
TX-0002886,C-00486,Zoe Garcia,zoe.garcia2886@example.com,07/07/2024,68173.00,USD,refunded,7,CA
TX-0002887,C-00487,Mateo Nguyen,mateo.nguyen2887@example.com,08/12/2024,204985.00,USD,cancelled,8,GB
TX-0002888,C-00488,Ava Patel,ava.patel2888@example.com,09/05/2024,91578.00,USD,completed,1,AU
TX-0002889,C-00489,Noah Kim,noah.kim2889@example.com,10/10/2024,135672.00,USD,pending,2,DE
TX-0002890,C-00490,Mia Martin,mia.martin2890@example.com,11/03/2024,33592.00,USD,refunded,3,US
TX-0002891,C-00491,Liam Smith,liam.smith2891@example.com,12/08/2024,227436.00,USD,cancelled,4,CA
TX-0002892,C-00492,Sofia Brown,sofia.brown2892@example.com,01/01/2024,137489.00,USD,completed,5,GB
TX-0002893,C-00493,Ethan Wilson,ethan.wilson2893@example.com,02/06/2024,201690.00,USD,pending,6,AU
TX-0002894,C-00494,Zoe Garcia,zoe.garcia2894@example.com,03/11/2024,111248.00,USD,refunded,7,DE
TX-0002895,C-00495,Mateo Nguyen,mateo.nguyen2895@example.com,04/04/2024,36835.00,USD,cancelled,8,US
TX-0002896,C-00496,Ava Patel,ava.patel2896@example.com,05/09/2024,182343.00, USD ,completed,1,CA
TX-0002897,C-00497,Noah Kim,noah.kim2897@example.com,06/02/2024,248225.00,USD,pending,2,GB
TX-0002898,C-00498,Mia Martin,mia.martin2898@example.com,07/07/2024,44827.00,USD,refunded,3,AU
TX-0002899,C-00499,Liam Smith,liam.smith2899@example.com,08/12/2024,,USD,cancelled,4,DE
TX-0002900,C-00500,Sofia Brown,sofia.brown2900@example.com,09/05/2024,176436.00,USD,completed,5,US
TX-0002901,C-00501,Ethan Wilson,ethan.wilson2901@example.com,10/10/2024,199288.00,USD,pending,6,CA
TX-0002902,C-00502,Zoe Garcia,zoe.garcia2902@example.com,11/03/2024,65984.00,USD,refunded,7,GB
TX-0002903,C-00503,Mateo Nguyen,mateo.nguyen2903@example.com,12/08/2024,98180.00,USD,cancelled,8,AU
TX-0002904,C-00504,Ava Patel,ava.patel2904@example.com,01/01/2024,9604.00,USD,completed,1,DE
TX-0002905,C-00505,Noah Kim,noah.kim2905@example.com,02/06/2024,111403.00,USD,pending,2,US
TX-0002906,C-00506,Mia Martin,mia.martin2906@example.com,03/11/2024,202347.00,USD,refunded,3,CA
TX-0002907,C-00507,Liam Smith,liam.smith2907@example.com,04/04/2024,4627.00,USD,cancelled,4,GB
TX-0002908,C-00508,Sofia Brown,sofia.brown2908@example.com,05/09/2024,95024.00,USD,completed,5,AU
TX-0002909,C-00509,Ethan Wilson,ethan.wilson2909@example.com,06/02/2024,223174.00,USD,pending,6,DE
TX-0002910,C-00510,Zoe Garcia,,07/07/2024,6764.00,USD,refunded,7,US
TX-0002911,C-00511,Mateo Nguyen,mateo.nguyen2911@example.com,08/12/2024,47895.00,USD,cancelled,8,CA
TX-0002912,C-00512,Ava Patel,ava.patel2912@example.com,09/05/2024,7488.00,USD,completed,1,GB
TX-0002913,C-00513,Noah Kim,noah.kim2913@example.com,10/10/2024,218067.00,USD,pending,2,AU
TX-0002914,C-00514,Mia Martin,mia.martin2914@example.com,11/03/2024,122168.00,USD,refunded,3,DE
TX-0002915,C-00515,Liam Smith,liam.smith2915@example.com,12/08/2024,157519.00,USD,cancelled,4,US
TX-0002916,C-00516,Sofia Brown,sofia.brown2916@example.com,01/01/2024,50077.00,USD,completed,5,CA
TX-0002917,C-00517,Ethan Wilson,ethan.wilson2917@example.com,02/06/2024,215692.00,USD,pending,6,GB
TX-0002918,C-00518,Zoe Garcia,zoe.garcia2918@example.com,03/11/2024,191117.00,USD,refunded,7,AU
TX-0002919,C-00519,Mateo Nguyen,mateo.nguyen2919@example.com,04/04/2024,173160.00,USD,cancelled,8,DE
TX-0002920,C-00520,Ava Patel,ava.patel2920@example.com,05/09/2024,239216.00,USD,completed,1,US
TX-0002921,C-00521,noah kim,noah.kim2921@example.com,06/02/2024,43631.00,USD,pending,2,CA
TX-0002922,C-00522,Mia Martin,mia.martin2922@example.com,07/07/2024,33671.00,USD,refunded,3,GB
TX-0002923,C-00523,Liam Smith,liam.smith2923@example.com,08/12/2024,178930.00,USD,cancelled,4,AU
TX-0002924,C-00524,Sofia Brown,sofia.brown2924@example.com,09/05/2024,134942.00,USD,completed,5,DE
TX-0002925,C-00525,Ethan Wilson,ethan.wilson2925@example.com,10/10/2024,81327.00,USD,pending,6,US
TX-0002926,C-00526,Zoe Garcia,zoe.garcia2926@example.com,11/03/2024,185491.00,USD,refunded,7,CA
TX-0002927,C-00527,Mateo Nguyen,mateo.nguyen2927@example.com,12/08/2024,90251.00,USD,cancelled,8,GB
TX-0002928,C-00528,Ava Patel,ava.patel2928@example.com,01/01/2024,248941.00,USD,completed,1,AU
TX-0002929,C-00529,Noah Kim,noah.kim2929@example.com,02/06/2024,71665.00,USD,pending,2,DE
TX-0002930,C-00530,Mia Martin,mia.martin2930@example.com,03/11/2024,138195.00,USD,refunded,3,US
TX-0002931,C-00531,Liam Smith,liam.smith2931@example.com,04/04/2024,193438.00,USD,cancelled,4,CA
TX-0002932,C-00532,Sofia Brown,sofia.brown2932@example.com,05/09/2024,145086.00,USD,completed,5,GB
TX-0002933,C-00533,Ethan Wilson,ethan.wilson2933@example.com,06/02/2024,131107.00,USD,pending,6,AU
TX-0002934,C-00534,Zoe Garcia,zoe.garcia2934@example.com,07/07/2024,32626.00,USD,refunded,7,DE
TX-0002935,C-00535,Mateo Nguyen,mateo.nguyen2935@example.com,08/12/2024,93138.00,USD,cancelled,8,US
TX-0002936,C-00536,Ava Patel,ava.patel2936@example.com,09/05/2024,65809.00,USD,completed,1,CA
TX-0002937,C-00537,Noah Kim,noah.kim.invalid,10/10/2024,51361.00,USD,pending,2,GB
TX-0002938,C-00538,  MIA MARTIN  ,mia.martin2938@example.com,11/03/2024,121635.00,USD,refunded,3,AU
TX-0002939,C-00539,Liam Smith,liam.smith2939@example.com,12/08/2024,1196.00,USD,cancelled,4,DE
TX-0002940,C-00540,Sofia Brown,sofia.brown2940@example.com,01/01/2024,58279.00,USD,completed,5,US
TX-0002941,C-00541,Ethan Wilson,ethan.wilson2941@example.com,02/06/2024,61816.00,USD,pending,6,USA
TX-0002942,C-00542,Zoe Garcia,zoe.garcia2942@example.com,03/11/2024,19729.00,USD,refunded,7,GB
TX-0002943,C-00543,Mateo Nguyen,mateo.nguyen2943@example.com,04/04/2024,143568.00,USD,cancelled,8,AU
TX-0002944,C-00544,Ava Patel,ava.patel2944@example.com,05/09/2024,42401.00,USD,completed,1,DE
TX-0002945,C-00545,Noah Kim,noah.kim2945@example.com,06/02/2024,222511.00,USD,pending,2,US
TX-0002946,C-00546,Mia Martin,mia.martin2946@example.com,07/07/2024,133103.00,USD,refunded,3,CA
TX-0002947,C-00547,Liam Smith,liam.smith2947@example.com,08/12/2024,17040.00,USD,cancelled,4,GB
TX-0002948,C-00548,Sofia Brown,sofia.brown2948@example.com,09/05/2024,127698.00,USD,completed,5,AU
TX-0002949,C-00549,Ethan Wilson,ethan.wilson2949@example.com,10/10/2024,27181.00,USD,pending,6,DE
TX-0002950,C-00550,Zoe Garcia,zoe.garcia2950@example.com,11/03/2024,129425.00,USD,refunded,7,US
TX-0002951,C-00551,Mateo Nguyen,mateo.nguyen2951@example.com,12/08/2024,8941.00,USD,cancelled,8,CA
TX-0002952,C-00552,Ava Patel,ava.patel2952@example.com,01/01/2024,133989.00,USD,completed,1,GB
TX-0002953,C-00553,Noah Kim,noah.kim2953@example.com,02/06/2024,46457.00,USD,pending,2,AU
TX-0002954,C-00554,Mia Martin,mia.martin2954@example.com,03/11/2024,-4385.00,USD,refunded,3,DE
TX-0002955,C-00555,Liam Smith,liam.smith2955@example.com,04/04/2024,177081.00,USD,cancelled,4,US
TX-0002956,C-00556,Sofia Brown,sofia.brown2956@example.com,05/09/2024,158010.00,USD,completed,5,CA
TX-0002957,C-00557,Ethan Wilson,ethan.wilson2957@example.com,06/02/2024,100584.00,USD,pending,6,GB
TX-0002958,C-00558,Zoe Garcia,zoe.garcia2958@example.com,07/07/2024,126682.00,USD,refunded,7,AU
TX-0002959,C-00559,Mateo Nguyen,mateo.nguyen2959@example.com,08/12/2024,114390.00,USD,cancelled,8,DE
TX-0002960,C-00560,Ava Patel,ava.patel2960@example.com,09/05/2024,110032.00,USD,completed,1,US
TX-0002961,C-00561,Noah Kim,noah.kim2961@example.com,10/10/2024,30184.00,USD,pending,2,CA
TX-0002962,C-00562,Mia Martin,mia.martin2962@example.com,11/03/2024,76805.00,USD,refunded,3,GB
TX-0002963,C-00563,Liam Smith,liam.smith2963@example.com,12/08/2024,133039.00,USD,cancelled,4,AU
TX-0002964,C-00564,Sofia Brown,sofia.brown2964@example.com,01/01/2024,199917.00,USD,completed,5,DE
TX-0002965,C-00565,Ethan Wilson,ethan.wilson2965@example.com,02/06/2024,113234.00,USD,pending,6,US
TX-0002966,C-00566,Zoe Garcia,zoe.garcia2966@example.com,03/11/2024,103129.00,USD,refunded,7,CA
TX-0002967,C-00567,Mateo Nguyen,mateo.nguyen2967@example.com,04/04/2024,3933.00,USD,cancelled,8,GB
TX-0002968,C-00568,Ava Patel,ava.patel2968@example.com,05/09/2024,157882.00,USD,completed,1,AU
TX-0002969,C-00569,Noah Kim,noah.kim2969@example.com,06/02/2024,224803.00,USD,pending,2,DE
TX-0002970,C-00570,Mia Martin,mia.martin2970@example.com,07/07/2024,230590.00,USD,refunded,3,US
TX-0002971,C-00571,Liam Smith,liam.smith2971@example.com,08/12/2024,105597.00,USD,cancelled,4,CA
TX-0002972,C-00572,Sofia Brown,sofia.brown2972@example.com,09/05/2024,43408.00,USD,completed,5,GB
TX-0002973,C-00573,Ethan Wilson,ethan.wilson2973@example.com,10/10/2024,238024.00,USD,pending,6,AU
TX-0002974,C-00574,Zoe Garcia,zoe.garcia2974@example.com,11/03/2024,128715.00,USD,refunded,7,DE
TX-0002975,C-00575,Mateo Nguyen,mateo.nguyen2975@example.com,12/08/2024,102623.00,USD,cancelled,8,US
TX-0002976,C-00576,Ava Patel,ava.patel2976@example.com,01/01/2024,149170.00,USD,completed,1,CA
TX-0002977,C-00577,Noah Kim,noah.kim2977@example.com,02/06/2024,85348.00,USD,pending,2,GB
TX-0002978,C-00578,Mia Martin,mia.martin2978@example.com,03/11/2024,64042.00,USD,refunded,3,AU
TX-0002979,C-00579,Liam Smith,liam.smith2979@example.com,04/04/2024,43077.00,USD,cancelled,4,DE
TX-0002980,C-00580,Sofia Brown,sofia.brown2980@example.com,05/09/2024,94061.00,usd,completed,5,US
TX-0002981,C-00581,Ethan Wilson,ethan.wilson2981@example.com,06/02/2024,83999.00,USD,pending,6,CA
TX-0002982,C-00582,Zoe Garcia,zoe.garcia2982@example.com,07/07/2024,87861.00,USD,refunded,7,GB
TX-0002983,C-00583,Mateo Nguyen,mateo.nguyen2983@example.com,08/12/2024,194081.00,USD,COMPLETE,8,AU
TX-0002984,C-00584,Ava Patel,ava.patel2984@example.com,09/05/2024,103802.00,USD,completed,1,DE
TX-0002985,C-00585,Noah Kim,noah.kim2985@example.com,10/10/2024,185879.00,USD,pending,2,US
TX-0002986,C-00586,Mia Martin,mia.martin2986@example.com,11/03/2024,191135.00,USD,refunded,3,CA
TX-0002987,C-00587,Liam Smith,liam.smith2987@example.com,12/08/2024,204582.00,USD,cancelled,4,GB
TX-0002988,C-00588,Sofia Brown,sofia.brown2988@example.com,01/01/2024,206428.00,USD,completed,5,AU
TX-0002989,C-00589,Ethan Wilson,ethan.wilson2989@example.com,02/06/2024,155842.00,USD,pending,6,DE
TX-0002990,C-00590,Zoe Garcia,zoe.garcia2990@example.com,03/11/2024,110222.00,USD,refunded,7,US
TX-0002991,C-00591,Mateo Nguyen,mateo.nguyen2991@example.com,04/04/2024,179367.00,USD,cancelled,8,CA
TX-0002992,C-00592,Ava Patel,ava.patel2992@example.com,05/09/2024,27592.00,USD,completed,1,GB
TX-0002993,C-00593,Noah Kim,noah.kim2993@example.com,06/02/2024,64229.00,USD,pending,2,AU
TX-0002994,C-00594,Mia Martin,mia.martin2994@example.com,07/07/2024,168853.00,USD,refunded,3,DE
TX-0002995,C-00595,Liam Smith,liam.smith2995@example.com,08/12/2024,204165.00,USD,cancelled,4,US
TX-0002996,C-00596,Sofia Brown,sofia.brown2996@example.com,09/05/2024,84401.00,USD,completed,5,CA
TX-0002997,C-00597,Ethan Wilson,ethan.wilson2997@example.com,10/10/2024,122031.00,USD,pending,6,GB
TX-0002998,C-00598,Zoe Garcia,zoe.garcia2998@example.com,11/03/2024,106903.00,USD,refunded,7,AU
TX-0002999,C-00599,Mateo Nguyen,mateo.nguyen2999@example.com,12/08/2024,223930.00,USD,cancelled,8,DE
TX-0003000,C-00600,Ava Patel,ava.patel3000@example.com,01/01/2024,109573.00,USD,completed,1,US
TX-0003001,C-00601,Noah Kim,noah.kim3001@example.com,02/06/2024,180033.00,USD,pending,2,CA
TX-0003002,C-00602,Mia Martin,mia.martin3002@example.com,03/11/2024,218992.00,USD,refunded,3,GB
TX-0003003,C-00603,Liam Smith,liam.smith3003@example.com,04/04/2024,14093.00,USD,cancelled,4,AU
TX-0003004,C-00604,Sofia Brown,sofia.brown3004@example.com,05/09/2024,228870.00,USD,completed,5,DE
TX-0003005,C-00605,Ethan Wilson,ethan.wilson3005@example.com,06/02/2024,11882.00,USD,pending,6,US
TX-0003006,C-00606,Zoe Garcia,zoe.garcia3006@example.com,07/07/2024,171873.00,USD,refunded,7,CA
TX-0003007,C-00607,Mateo Nguyen,,08/12/2024,22283.00,USD,cancelled,8,GB
TX-0003008,C-00608,Ava Patel,ava.patel3008@example.com,09/05/2024,32292.00,USD,completed,1,AU
TX-0003009,C-00609,Noah Kim,noah.kim3009@example.com,10/10/2024,76501.00,USD,pending,2,DE
TX-0003010,C-00610,Mia Martin,mia.martin3010@example.com,11/03/2024,11988.00,USD,refunded,3,US
TX-0003011,C-00611,Liam Smith,liam.smith3011@example.com,12/08/2024,233912.00,USD,cancelled,4,CA
TX-0003012,C-00612,Sofia Brown,sofia.brown3012@example.com,01/01/2024,116017.00,USD,completed,5,GB
TX-0003013,C-00613,Ethan Wilson,ethan.wilson3013@example.com,02/06/2024,217063.00,USD,pending,6,au
TX-0003014,C-00614,Zoe Garcia,zoe.garcia3014@example.com,03/11/2024,86161.00,USD,refunded,7,DE
TX-0003015,C-00615,Mateo Nguyen,mateo.nguyen3015@example.com,04/04/2024,80641.00,USD,cancelled,8,US
TX-0003016,C-00616,Ava Patel,ava.patel3016@example.com,05/09/2024,171962.00,USD,completed,1,CA
TX-0003017,C-00617,Noah Kim,noah.kim3017@example.com,06/02/2024,53515.00,USD,pending,2,GB
TX-0003018,C-00618,Mia Martin,mia.martin3018@example.com,07/07/2024,78944.00,USD,refunded,3,AU
TX-0003019,C-00619,Liam Smith,liam.smith3019@example.com,08/12/2024,29455.00,USD,cancelled,4,DE
TX-0003020,C-00620,Sofia Brown,sofia.brown3020@example.com,09/05/2024,67948.00,USD,completed,5,US
TX-0003021,C-00621,Ethan Wilson,ethan.wilson3021@example.com,10/10/2024,183103.00,USD,pending,6,CA
TX-0003022,C-00622,Zoe Garcia,zoe.garcia3022@example.com,11/03/2024,11378.00,USD,refunded,7,GB
TX-0003023,C-00623,Mateo Nguyen,mateo.nguyen3023@example.com,12/08/2024,14079.00,USD,cancelled,8,AU
TX-0003024,C-00624,Ava Patel,ava.patel3024@example.com,01/01/2024,146525.00,USD,completed,1,DE
TX-0003025,C-00625,Noah Kim,noah.kim3025@example.com,02/06/2024,160732.00,USD,pending,2,US
TX-0003026,C-00626,Mia Martin,mia.martin.invalid,03/11/2024,220000.00,USD,refunded,3,CA
TX-0003027,C-00627,Liam Smith,liam.smith3027@example.com,04/04/2024,86150.00,USD,cancelled,4,GB
TX-0003028,C-00628,Sofia Brown,sofia.brown3028@example.com,05/09/2024,24721.00,USD,completed,5,AU
TX-0003029,C-00629,Ethan Wilson,ethan.wilson3029@example.com,06/02/2024,2371.00,USD,pending,6,DE
TX-0003030,C-00630,Zoe Garcia,zoe.garcia3030@example.com,07/07/2024,67009.00,USD,refunded,7,US
TX-0003031,C-00631,Mateo Nguyen,mateo.nguyen3031@example.com,08/12/2024,114071.00,USD,cancelled,8,CA
TX-0003032,C-00632,Ava Patel,ava.patel3032@example.com,09/05/2024,246175.00,USD,completed,1,GB
TX-0003033,C-00633,Noah Kim,noah.kim3033@example.com,10/10/2024,200081.00,USD,pending,2,AU
TX-0003034,C-00634,Mia Martin,mia.martin3034@example.com,11/03/2024,14514.00,USD,refunded,3,DE
TX-0003035,C-00635,Liam Smith,liam.smith3035@example.com,12/08/2024,177317.00,USD,cancelled,4,US
TX-0003036,C-00636,Sofia Brown,sofia.brown3036@example.com,01/01/2024,48987.00,USD,completed,5,CA
TX-0003037,C-00637,Ethan Wilson,ethan.wilson3037@example.com,02/06/2024,226147.00,USD,pending,6,GB
TX-0003038,C-00638,Zoe Garcia,zoe.garcia3038@example.com,03/11/2024,207162.00,USD,refunded,7,AU
TX-0003039,C-00639,Mateo Nguyen,mateo.nguyen3039@example.com,04/04/2024,49414.00,USD,cancelled,8,DE
TX-0003040,C-00640,Ava Patel,ava.patel3040@example.com,05/09/2024,218994.00,USD,completed,1,US
TX-0003041,C-00641,Noah Kim,noah.kim3041@example.com,06/02/2024,170351.00,USD,pending,2,CA
TX-0003042,C-00642,Mia Martin,mia.martin3042@example.com,07/07/2024,244836.00,USD,refunded,3,GB
TX-0003043,C-00643,Liam Smith,liam.smith3043@example.com,08/12/2024,69632.00,USD,cancelled,4,AU
TX-0003044,C-00644,Sofia Brown,sofia.brown3044@example.com,09/05/2024,52755.00,USD,completed,5,DE
TX-0003045,C-00645,Ethan Wilson,ethan.wilson3045@example.com,10/10/2024,178453.00,USD,pending,6,US
TX-0003046,C-00646,Zoe Garcia,zoe.garcia3046@example.com,11/03/2024,19364.00,USD,refunded,7,CA
TX-0003047,C-00647,Mateo Nguyen,mateo.nguyen3047@example.com,12/08/2024,38018.00,USD,cancelled,8,GB
TX-0003048,C-00648,ava patel,ava.patel3048@example.com,01/01/2024,111278.00,USD,completed,1,AU
TX-0003049,C-00649,Noah Kim,noah.kim3049@example.com,02/06/2024,131633.00,USD,pending,2,DE
TX-0003050,C-00650,Mia Martin,mia.martin3050@example.com,03/11/2024,218029.00,USD,refunded,3,US
TX-0003051,C-00651,  LIAM SMITH  ,liam.smith3051@example.com,04/04/2024,203023.00,USD,cancelled,4,CA
TX-0003052,C-00652,Sofia Brown,sofia.brown3052@example.com,05/09/2024,228633.00,USD,completed,5,GB
TX-0003053,C-00653,Ethan Wilson,ethan.wilson3053@example.com,06/02/2024,20887.00,USD,pending,6,AU
TX-0003054,C-00654,Zoe Garcia,zoe.garcia3054@example.com,07/07/2024,88375.00,USD,refunded,7,DE
TX-0003055,C-00655,Mateo Nguyen,mateo.nguyen3055@example.com,08/12/2024,236119.00,USD,cancelled,8,US
TX-0003056,C-00656,Ava Patel,ava.patel3056@example.com,09/05/2024,125397.00,USD,unknown,1,CA
TX-0003057,C-00657,Noah Kim,noah.kim3057@example.com,10/10/2024,74989.00,USD,pending,2,GB
TX-0003058,C-00658,Mia Martin,mia.martin3058@example.com,11/03/2024,55083.00,USD,refunded,3,AU
TX-0003059,C-00659,Liam Smith,liam.smith3059@example.com,12/08/2024,133790.00,USD,cancelled,4,DE
TX-0003060,C-00660,Sofia Brown,sofia.brown3060@example.com,01/01/2024,177455.00,USD,completed,5,US
TX-0003061,C-00661,Ethan Wilson,ethan.wilson3061@example.com,02/06/2024,42499.00,USD,pending,6,CA
TX-0003062,C-00662,Zoe Garcia,zoe.garcia3062@example.com,03/11/2024,105400.00,USD,refunded,7,GB
TX-0003063,C-00663,Mateo Nguyen,mateo.nguyen3063@example.com,04/04/2024,52627.00,USD,cancelled,8,AU
TX-0003064,C-00664,Ava Patel,ava.patel3064@example.com,05/09/2024,131970.00,USD,completed,1,DE
TX-0003065,C-00665,Noah Kim,noah.kim3065@example.com,06/02/2024,183696.00,USD,pending,2,US
TX-0003066,C-00666,Mia Martin,mia.martin3066@example.com,07/07/2024,248975.00,USD,refunded,3,CA
TX-0003067,C-00667,Liam Smith,liam.smith3067@example.com,08/12/2024,97363.00,USD,cancelled,4,GB
TX-0003068,C-00668,Sofia Brown,sofia.brown3068@example.com,09/05/2024,138102.00,USD,completed,5,AU
TX-0003069,C-00669,Ethan Wilson,ethan.wilson3069@example.com,10/10/2024,248835.00,USD,pending,6,DE
TX-0003070,C-00670,Zoe Garcia,zoe.garcia3070@example.com,11/03/2024,161311.00,USD,refunded,7,US
TX-0003071,C-00671,Mateo Nguyen,mateo.nguyen3071@example.com,12/08/2024,219899.00,USD,cancelled,8,CA
TX-0003072,C-00672,Ava Patel,ava.patel3072@example.com,01/01/2024,137307.00,USD,completed,1,GB
TX-0003073,C-00673,Noah Kim,noah.kim3073@example.com,02/06/2024,103935.00,USD,pending,2,AU
TX-0003074,C-00674,Mia Martin,mia.martin3074@example.com,03/11/2024,179002.00,USD,refunded,3,DE
TX-0003075,C-00675,Liam Smith,liam.smith3075@example.com,04/04/2024,50508.00,USD,cancelled,4,US
TX-0003076,C-00676,Sofia Brown,sofia.brown3076@example.com,05/09/2024,145198.00,USD,completed,5,CA
TX-0003077,C-00677,Ethan Wilson,ethan.wilson3077@example.com,06/02/2024,77520.00, USD ,pending,6,GB
TX-0003078,C-00678,Zoe Garcia,zoe.garcia3078@example.com,07/07/2024,167458.00,USD,refunded,7,AU
TX-0003079,C-00679,Mateo Nguyen,mateo.nguyen3079@example.com,08/12/2024,100527.00,USD,cancelled,8,DE
TX-0003080,C-00680,Ava Patel,ava.patel3080@example.com,09/05/2024,50671.00,USD,completed,1,US
TX-0003081,C-00681,Noah Kim,noah.kim3081@example.com,10/10/2024,91931.00,USD,pending,2,CA
TX-0003082,C-00682,Mia Martin,mia.martin3082@example.com,11/03/2024,91372.00,USD,refunded,3,GB
TX-0003083,C-00683,Liam Smith,liam.smith3083@example.com,12/08/2024,181787.00,USD,cancelled,4,AU
TX-0003084,C-00684,Sofia Brown,sofia.brown3084@example.com,01/01/2024,227714.00,USD,completed,5,DE
TX-0003085,C-00685,Ethan Wilson,ethan.wilson3085@example.com,02/06/2024,109021.00,USD,pending,6,US
TX-0003086,C-00686,Zoe Garcia,zoe.garcia3086@example.com,03/11/2024,65956.00,USD,refunded,7,CA
TX-0003087,C-00687,Mateo Nguyen,mateo.nguyen3087@example.com,04/04/2024,58664.00,USD,cancelled,8,GB
TX-0003088,C-00688,Ava Patel,ava.patel3088@example.com,05/09/2024,20369.00,USD,completed,1,AU
TX-0003089,C-00689,Noah Kim,noah.kim3089@example.com,06/02/2024,50594.00,USD,pending,2,DE
TX-0003090,C-00690,Mia Martin,mia.martin3090@example.com,07/07/2024,37818.00,USD,refunded,3,US
TX-0003091,C-00691,Liam Smith,liam.smith3091@example.com,08/12/2024,64963.00,USD,cancelled,4,CA
TX-0003092,C-00692,Sofia Brown,sofia.brown3092@example.com,09/05/2024,31319.00,USD,completed,5,GB
TX-0003093,C-00693,Ethan Wilson,ethan.wilson3093@example.com,10/10/2024,78936.00,USD,pending,6,AU
TX-0003094,C-00694,Zoe Garcia,zoe.garcia3094@example.com,11/03/2024,203146.00,USD,refunded,7,DE
TX-0003095,C-00695,Mateo Nguyen,mateo.nguyen3095@example.com,12/08/2024,94659.00,USD,cancelled,8,US
TX-0003096,C-00696,Ava Patel,ava.patel3096@example.com,01/01/2024,241266.00,USD,completed,1,CA
TX-0003097,C-00697,Noah Kim,noah.kim3097@example.com,02/06/2024,4582.00,USD,pending,2,GB
TX-0003098,C-00698,Mia Martin,mia.martin3098@example.com,03/11/2024,20129.00,USD,refunded,3,AU
TX-0003099,C-00699,Liam Smith,liam.smith3099@example.com,04/04/2024,224821.00,USD,cancelled,4,DE
TX-0003100,C-00700,Sofia Brown,sofia.brown3100@example.com,05/09/2024,11721.00,USD,completed,5,US
TX-0003101,C-00701,Ethan Wilson,ethan.wilson3101@example.com,06/02/2024,102684.00,USD,pending,6,CA
TX-0003102,C-00702,Zoe Garcia,zoe.garcia3102@example.com,07/07/2024,88604.00,USD,refunded,7,GB
TX-0003103,C-00703,Mateo Nguyen,mateo.nguyen3103@example.com,08/12/2024,199397.00,USD,cancelled,8,AU
TX-0003104,C-00704,Ava Patel,,09/05/2024,59194.00,USD,completed,1,DE
TX-0003105,C-00705,Noah Kim,noah.kim3105@example.com,10/10/2024,118697.00,USD,pending,2,US
TX-0003106,C-00706,Mia Martin,mia.martin3106@example.com,11/03/2024,113854.00,USD,refunded,3,CA
TX-0003107,C-00707,Liam Smith,liam.smith3107@example.com,12/08/2024,218156.00,USD,cancelled,4,GB
TX-0003108,C-00708,Sofia Brown,sofia.brown3108@example.com,01/01/2024,18439.00,USD,completed,5,AU
TX-0003109,C-00709,Ethan Wilson,ethan.wilson3109@example.com,02/06/2024,87908.00,USD,pending,6,DE
TX-0003110,C-00710,Zoe Garcia,zoe.garcia3110@example.com,03/11/2024,114025.00,USD,refunded,7,US
TX-0003111,C-00711,Mateo Nguyen,mateo.nguyen3111@example.com,04/04/2024,108661.00,USD,cancelled,8,CA
TX-0003112,C-00712,Ava Patel,ava.patel3112@example.com,05/09/2024,13558.00,USD,completed,1,GB
TX-0003113,C-00713,Noah Kim,noah.kim3113@example.com,06/02/2024,186486.00,USD,pending,2,AU
TX-0003114,C-00714,Mia Martin,mia.martin3114@example.com,07/07/2024,217365.00,USD,refunded,3,USA
TX-0003115,C-00715,Liam Smith,liam.smith.invalid,08/12/2024,128749.00,USD,cancelled,4,US
TX-0003116,C-00716,Sofia Brown,sofia.brown3116@example.com,09/05/2024,43899.00,USD,completed,5,CA
TX-0003117,C-00717,Ethan Wilson,ethan.wilson3117@example.com,10/10/2024,91023.00,USD,pending,6,GB
TX-0003118,C-00718,Zoe Garcia,zoe.garcia3118@example.com,11/03/2024,153216.00,USD,refunded,7,AU
TX-0003119,C-00719,Mateo Nguyen,mateo.nguyen3119@example.com,12/08/2024,34290.00,USD,cancelled,8,DE
TX-0003120,C-00720,Ava Patel,ava.patel3120@example.com,01/01/2024,80464.00,USD,completed,1,US
TX-0003121,C-00721,Noah Kim,noah.kim3121@example.com,02/06/2024,121203.00,USD,pending,2,CA
TX-0003122,C-00722,Mia Martin,mia.martin3122@example.com,03/11/2024,,USD,refunded,3,GB
TX-0003123,C-00723,Liam Smith,liam.smith3123@example.com,04/04/2024,101320.00,USD,cancelled,4,AU
TX-0003124,C-00724,Sofia Brown,sofia.brown3124@example.com,05/09/2024,164528.00,USD,completed,5,DE
TX-0003125,C-00725,Ethan Wilson,ethan.wilson3125@example.com,06/02/2024,134472.00,USD,pending,6,US
TX-0003126,C-00726,Zoe Garcia,zoe.garcia3126@example.com,07/07/2024,139052.00,USD,refunded,7,CA
TX-0003127,C-00727,Mateo Nguyen,mateo.nguyen3127@example.com,08/12/2024,108402.00,USD,cancelled,8,GB
TX-0003128,C-00728,Ava Patel,ava.patel3128@example.com,09/05/2024,164831.00,USD,completed,1,AU
TX-0003129,C-00729,Noah Kim,noah.kim3129@example.com,10/10/2024,83336.00,usd,pending,2,DE
TX-0003130,C-00730,Mia Martin,mia.martin3130@example.com,11/03/2024,206208.00,USD,refunded,3,US
TX-0003131,C-00731,Liam Smith,liam.smith3131@example.com,12/08/2024,11682.00,USD,cancelled,4,CA
TX-0003132,C-00732,Sofia Brown,sofia.brown3132@example.com,01/01/2024,235540.00,USD,completed,5,GB
TX-0003133,C-00733,Ethan Wilson,ethan.wilson3133@example.com,02/06/2024,115983.00,USD,pending,6,AU
TX-0003134,C-00734,Zoe Garcia,zoe.garcia3134@example.com,03/11/2024,156857.00,USD,refunded,7,DE
TX-0003135,C-00735,Mateo Nguyen,mateo.nguyen3135@example.com,04/04/2024,72659.00,USD,cancelled,8,US
TX-0003136,C-00736,Ava Patel,ava.patel3136@example.com,05/09/2024,231208.00,USD,completed,1,CA
TX-0003137,C-00737,Noah Kim,noah.kim3137@example.com,06/02/2024,123301.00,USD,pending,2,GB
TX-0003138,C-00738,Mia Martin,mia.martin3138@example.com,07/07/2024,120362.00,USD,refunded,3,AU
TX-0003139,C-00739,Liam Smith,liam.smith3139@example.com,08/12/2024,204652.00,USD,cancelled,4,DE
TX-0003140,C-00740,Sofia Brown,sofia.brown3140@example.com,09/05/2024,113855.00,USD,COMPLETE,5,US
TX-0003141,C-00741,Ethan Wilson,ethan.wilson3141@example.com,10/10/2024,39666.00,USD,pending,6,CA
TX-0003142,C-00742,Zoe Garcia,zoe.garcia3142@example.com,11/03/2024,122253.00,USD,refunded,7,GB
TX-0003143,C-00743,Mateo Nguyen,mateo.nguyen3143@example.com,12/08/2024,215991.00,USD,cancelled,8,AU
TX-0003144,C-00744,Ava Patel,ava.patel3144@example.com,01/01/2024,59833.00,USD,completed,1,de
TX-0003145,C-00745,Noah Kim,noah.kim3145@example.com,02/06/2024,57925.00,USD,pending,2,US
TX-0003146,C-00746,Mia Martin,mia.martin3146@example.com,03/11/2024,28186.00,USD,refunded,3,CA
TX-0003147,C-00747,Liam Smith,liam.smith3147@example.com,04/04/2024,153719.00,USD,cancelled,4,GB
TX-0003148,C-00748,Sofia Brown,sofia.brown3148@example.com,05/09/2024,245419.00,USD,completed,5,AU
TX-0003149,C-00749,Ethan Wilson,ethan.wilson3149@example.com,06/02/2024,106623.00,USD,pending,6,DE
TX-0003150,C-00750,Zoe Garcia,zoe.garcia3150@example.com,07/07/2024,121692.00,USD,refunded,7,US
TX-0003151,C-00751,Mateo Nguyen,mateo.nguyen3151@example.com,08/12/2024,56052.00,USD,cancelled,8,CA
TX-0003152,C-00752,Ava Patel,ava.patel3152@example.com,09/05/2024,3435.00,USD,completed,1,GB
TX-0003153,C-00753,Noah Kim,noah.kim3153@example.com,10/10/2024,119674.00,USD,pending,2,AU
TX-0003154,C-00754,Mia Martin,mia.martin3154@example.com,11/03/2024,16390.00,USD,refunded,3,DE
TX-0003155,C-00755,Liam Smith,liam.smith3155@example.com,12/08/2024,139198.00,USD,cancelled,4,US
TX-0003156,C-00756,Sofia Brown,sofia.brown3156@example.com,01/01/2024,5602.00,USD,completed,5,CA
TX-0003157,C-00757,Ethan Wilson,ethan.wilson3157@example.com,02/06/2024,125589.00,USD,pending,6,GB
TX-0003158,C-00758,Zoe Garcia,zoe.garcia3158@example.com,03/11/2024,159189.00,USD,refunded,7,AU
TX-0003159,C-00759,Mateo Nguyen,mateo.nguyen3159@example.com,04/04/2024,99771.00,USD,cancelled,8,DE
TX-0003160,C-00760,Ava Patel,ava.patel3160@example.com,05/09/2024,171208.00,USD,completed,1,US
TX-0003161,C-00761,Noah Kim,noah.kim3161@example.com,06/02/2024,184238.00,USD,pending,2,CA
TX-0003162,C-00762,Mia Martin,mia.martin3162@example.com,07/07/2024,28948.00,USD,refunded,3,GB
TX-0003163,C-00763,Liam Smith,liam.smith3163@example.com,08/12/2024,30222.00,USD,cancelled,4,AU
TX-0003164,C-00764,  SOFIA BROWN  ,sofia.brown3164@example.com,09/05/2024,180143.00,USD,completed,5,DE
TX-0003165,C-00765,Ethan Wilson,ethan.wilson3165@example.com,10/10/2024,-4358.00,USD,pending,6,US
TX-0003166,C-00766,Zoe Garcia,zoe.garcia3166@example.com,11/03/2024,27465.00,USD,refunded,7,CA
TX-0003167,C-00767,Mateo Nguyen,mateo.nguyen3167@example.com,12/08/2024,143833.00,USD,cancelled,8,GB
TX-0003168,C-00768,Ava Patel,ava.patel3168@example.com,01/01/2024,93336.00,USD,completed,1,AU
TX-0003169,C-00769,Noah Kim,noah.kim3169@example.com,02/06/2024,103941.00,USD,pending,2,DE
TX-0003170,C-00770,Mia Martin,mia.martin3170@example.com,03/11/2024,236258.00,USD,refunded,3,US
TX-0003171,C-00771,Liam Smith,liam.smith3171@example.com,04/04/2024,112137.00,USD,cancelled,4,CA
TX-0003172,C-00772,Sofia Brown,sofia.brown3172@example.com,05/09/2024,8396.00,USD,completed,5,GB
TX-0003173,C-00773,Ethan Wilson,ethan.wilson3173@example.com,06/02/2024,75753.00,USD,pending,6,AU
TX-0003174,C-00774,Zoe Garcia,zoe.garcia3174@example.com,07/07/2024,224651.00,USD,refunded,7,DE
TX-0003175,C-00775,mateo nguyen,mateo.nguyen3175@example.com,08/12/2024,242770.00,USD,cancelled,8,US
TX-0003176,C-00776,Ava Patel,ava.patel3176@example.com,09/05/2024,45957.00,USD,completed,1,CA
TX-0003177,C-00777,Noah Kim,noah.kim3177@example.com,10/10/2024,130607.00,USD,pending,2,GB
TX-0003178,C-00778,Mia Martin,mia.martin3178@example.com,11/03/2024,78828.00,USD,refunded,3,AU
TX-0003179,C-00779,Liam Smith,liam.smith3179@example.com,12/08/2024,70487.00,USD,cancelled,4,DE
TX-0003180,C-00780,Sofia Brown,sofia.brown3180@example.com,01/01/2024,87957.00,USD,completed,5,US
TX-0003181,C-00781,Ethan Wilson,ethan.wilson3181@example.com,02/06/2024,212867.00,USD,pending,6,CA
TX-0003182,C-00782,Zoe Garcia,zoe.garcia3182@example.com,03/11/2024,147465.00,USD,refunded,7,GB
TX-0003183,C-00783,Mateo Nguyen,mateo.nguyen3183@example.com,04/04/2024,108427.00,USD,cancelled,8,AU
TX-0003184,C-00784,Ava Patel,ava.patel3184@example.com,05/09/2024,227954.00,USD,completed,1,DE
TX-0003185,C-00785,Noah Kim,noah.kim3185@example.com,06/02/2024,153113.00,USD,pending,2,US
TX-0003186,C-00786,Mia Martin,mia.martin3186@example.com,07/07/2024,65233.00,USD,refunded,3,CA
TX-0003187,C-00787,Liam Smith,liam.smith3187@example.com,08/12/2024,214281.00,USD,cancelled,4,GB
TX-0003188,C-00788,Sofia Brown,sofia.brown3188@example.com,09/05/2024,101546.00,USD,completed,5,AU
TX-0003189,C-00789,Ethan Wilson,ethan.wilson3189@example.com,10/10/2024,172210.00,USD,pending,6,DE
TX-0003190,C-00790,Zoe Garcia,zoe.garcia3190@example.com,11/03/2024,45583.00,USD,refunded,7,US
TX-0003191,C-00791,Mateo Nguyen,mateo.nguyen3191@example.com,12/08/2024,157512.00,USD,cancelled,8,CA
TX-0003192,C-00792,Ava Patel,ava.patel3192@example.com,01/01/2024,83083.00,USD,completed,1,GB
TX-0003193,C-00793,Noah Kim,noah.kim3193@example.com,02/06/2024,101273.00,USD,pending,2,AU
TX-0003194,C-00794,Mia Martin,mia.martin3194@example.com,03/11/2024,156380.00,USD,refunded,3,DE
TX-0003195,C-00795,Liam Smith,liam.smith3195@example.com,04/04/2024,60371.00,USD,cancelled,4,US
TX-0003196,C-00796,Sofia Brown,sofia.brown3196@example.com,05/09/2024,158581.00,USD,completed,5,CA
TX-0003197,C-00797,Ethan Wilson,ethan.wilson3197@example.com,06/02/2024,206681.00,USD,pending,6,GB
TX-0003198,C-00798,Zoe Garcia,zoe.garcia3198@example.com,07/07/2024,99846.00,USD,refunded,7,AU
TX-0003199,C-00799,Mateo Nguyen,mateo.nguyen3199@example.com,08/12/2024,53806.00,USD,cancelled,8,DE
TX-0003200,C-00800,Ava Patel,ava.patel3200@example.com,09/05/2024,25254.00,USD,completed,1,US
TX-0003201,C-00801,Noah Kim,,10/10/2024,134169.00,USD,pending,2,CA
TX-0003202,C-00802,Mia Martin,mia.martin3202@example.com,11/03/2024,43668.00,USD,refunded,3,GB
TX-0003203,C-00803,Liam Smith,liam.smith3203@example.com,12/08/2024,225568.00,USD,cancelled,4,AU
TX-0003204,C-00804,Sofia Brown,sofia.brown.invalid,01/01/2024,134433.00,USD,completed,5,DE
TX-0003205,C-00805,Ethan Wilson,ethan.wilson3205@example.com,02/06/2024,172282.00,USD,pending,6,US
TX-0003206,C-00806,Zoe Garcia,zoe.garcia3206@example.com,03/11/2024,211788.00,USD,refunded,7,CA
TX-0003207,C-00807,Mateo Nguyen,mateo.nguyen3207@example.com,04/04/2024,227239.00,USD,cancelled,8,GB
TX-0003208,C-00808,Ava Patel,ava.patel3208@example.com,05/09/2024,177948.00,USD,completed,1,AU
TX-0003209,C-00809,Noah Kim,noah.kim3209@example.com,06/02/2024,112421.00,USD,pending,2,DE
TX-0003210,C-00810,Mia Martin,mia.martin3210@example.com,07/07/2024,213237.00,USD,refunded,3,US
TX-0003211,C-00811,Liam Smith,liam.smith3211@example.com,08/12/2024,208816.00,USD,cancelled,4,CA
TX-0003212,C-00812,Sofia Brown,sofia.brown3212@example.com,09/05/2024,247630.00,USD,completed,5,GB
TX-0003213,C-00813,Ethan Wilson,ethan.wilson3213@example.com,10/10/2024,233482.00,USD,pending,6,AU
TX-0003214,C-00814,Zoe Garcia,zoe.garcia3214@example.com,11/03/2024,189208.00,USD,refunded,7,DE
TX-0003215,C-00815,Mateo Nguyen,mateo.nguyen3215@example.com,12/08/2024,159638.00,USD,cancelled,8,US
TX-0003216,C-00816,Ava Patel,ava.patel3216@example.com,01/01/2024,159291.00,USD,completed,1,CA
TX-0003217,C-00817,Noah Kim,noah.kim3217@example.com,02/06/2024,191344.00,USD,pending,2,GB
TX-0003218,C-00818,Mia Martin,mia.martin3218@example.com,03/11/2024,124461.00,USD,refunded,3,AU
TX-0003219,C-00819,Liam Smith,liam.smith3219@example.com,04/04/2024,144167.00,USD,cancelled,4,DE
TX-0003220,C-00820,Sofia Brown,sofia.brown3220@example.com,05/09/2024,198861.00,USD,completed,5,US
TX-0003221,C-00821,Ethan Wilson,ethan.wilson3221@example.com,06/02/2024,27957.00,USD,pending,6,CA
TX-0003222,C-00822,Zoe Garcia,zoe.garcia3222@example.com,07/07/2024,33737.00,USD,refunded,7,GB
TX-0003223,C-00823,Mateo Nguyen,mateo.nguyen3223@example.com,08/12/2024,205285.00,USD,cancelled,8,AU
TX-0003224,C-00824,Ava Patel,ava.patel3224@example.com,09/05/2024,159263.00,USD,completed,1,DE
TX-0003225,C-00825,Noah Kim,noah.kim3225@example.com,10/10/2024,6975.00,USD,pending,2,US
TX-0003226,C-00826,Mia Martin,mia.martin3226@example.com,11/03/2024,67215.00,USD,refunded,3,CA
TX-0003227,C-00827,Liam Smith,liam.smith3227@example.com,12/08/2024,58470.00,USD,cancelled,4,GB
TX-0003228,C-00828,Sofia Brown,sofia.brown3228@example.com,01/01/2024,247180.00,USD,completed,5,AU
TX-0003229,C-00829,Ethan Wilson,ethan.wilson3229@example.com,02/06/2024,142785.00,USD,pending,6,DE
TX-0003230,C-00830,Zoe Garcia,zoe.garcia3230@example.com,03/11/2024,5649.00,USD,refunded,7,US
TX-0003231,C-00831,Mateo Nguyen,mateo.nguyen3231@example.com,04/04/2024,4213.00,USD,cancelled,8,CA
TX-0003232,C-00832,Ava Patel,ava.patel3232@example.com,05/09/2024,34910.00,USD,completed,1,GB
TX-0003233,C-00833,Noah Kim,noah.kim3233@example.com,06/02/2024,219402.00,USD,pending,2,AU
TX-0003234,C-00834,Mia Martin,mia.martin3234@example.com,07/07/2024,4314.00,USD,refunded,3,DE
TX-0003235,C-00835,Liam Smith,liam.smith3235@example.com,08/12/2024,8190.00,USD,cancelled,4,US
TX-0003236,C-00836,Sofia Brown,sofia.brown3236@example.com,09/05/2024,55863.00,USD,completed,5,CA
TX-0003237,C-00837,Ethan Wilson,ethan.wilson3237@example.com,10/10/2024,229461.00,USD,pending,6,GB
TX-0003238,C-00838,Zoe Garcia,zoe.garcia3238@example.com,11/03/2024,15211.00,USD,refunded,7,AU
TX-0003239,C-00839,Mateo Nguyen,mateo.nguyen3239@example.com,12/08/2024,188290.00,USD,cancelled,8,DE
TX-0003240,C-00840,Ava Patel,ava.patel3240@example.com,01/01/2024,158046.00,USD,completed,1,US
TX-0003241,C-00841,Noah Kim,noah.kim3241@example.com,02/06/2024,132819.00,USD,pending,2,CA
TX-0003242,C-00842,Mia Martin,mia.martin3242@example.com,03/11/2024,157416.00,USD,refunded,3,GB
TX-0003243,C-00843,Liam Smith,liam.smith3243@example.com,04/04/2024,34637.00,USD,cancelled,4,AU
TX-0003244,C-00844,Sofia Brown,sofia.brown3244@example.com,05/09/2024,197210.00,USD,completed,5,DE
TX-0003245,C-00845,Ethan Wilson,ethan.wilson3245@example.com,06/02/2024,60093.00,USD,pending,6,US
TX-0003246,C-00846,Zoe Garcia,zoe.garcia3246@example.com,07/07/2024,125304.00,USD,refunded,7,CA
TX-0003247,C-00847,Mateo Nguyen,mateo.nguyen3247@example.com,08/12/2024,194937.00,USD,unknown,8,GB
TX-0003248,C-00848,Ava Patel,ava.patel3248@example.com,09/05/2024,18511.00,USD,completed,1,AU
TX-0003249,C-00849,Noah Kim,noah.kim3249@example.com,10/10/2024,9676.00,USD,pending,2,DE
TX-0003250,C-00850,Mia Martin,mia.martin3250@example.com,11/03/2024,152236.00,USD,refunded,3,US
TX-0003251,C-00851,Liam Smith,liam.smith3251@example.com,12/08/2024,90617.00,USD,cancelled,4,CA
TX-0003252,C-00852,Sofia Brown,sofia.brown3252@example.com,01/01/2024,131961.00,USD,completed,5,GB
TX-0003253,C-00853,Ethan Wilson,ethan.wilson3253@example.com,02/06/2024,96468.00,USD,pending,6,AU
TX-0003254,C-00854,Zoe Garcia,zoe.garcia3254@example.com,03/11/2024,213570.00,USD,refunded,7,DE
TX-0003255,C-00855,Mateo Nguyen,mateo.nguyen3255@example.com,04/04/2024,158863.00,USD,cancelled,8,US
TX-0003256,C-00856,Ava Patel,ava.patel3256@example.com,05/09/2024,1304.00,USD,completed,1,CA
TX-0003257,C-00857,Noah Kim,noah.kim3257@example.com,06/02/2024,239097.00,USD,pending,2,GB
TX-0003258,C-00858,Mia Martin,mia.martin3258@example.com,07/07/2024,88184.00, USD ,refunded,3,AU
TX-0003259,C-00859,Liam Smith,liam.smith3259@example.com,08/12/2024,38941.00,USD,cancelled,4,DE
TX-0003260,C-00860,Sofia Brown,sofia.brown3260@example.com,09/05/2024,231198.00,USD,completed,5,US
TX-0003261,C-00861,Ethan Wilson,ethan.wilson3261@example.com,10/10/2024,13747.00,USD,pending,6,CA
TX-0003262,C-00862,Zoe Garcia,zoe.garcia3262@example.com,11/03/2024,112266.00,USD,refunded,7,GB
TX-0003263,C-00863,Mateo Nguyen,mateo.nguyen3263@example.com,12/08/2024,178899.00,USD,cancelled,8,AU
TX-0003264,C-00864,Ava Patel,ava.patel3264@example.com,01/01/2024,202317.00,USD,completed,1,DE
TX-0003265,C-00865,Noah Kim,noah.kim3265@example.com,02/06/2024,177548.00,USD,pending,2,US
TX-0003266,C-00866,Mia Martin,mia.martin3266@example.com,03/11/2024,238511.00,USD,refunded,3,CA
TX-0003267,C-00867,Liam Smith,liam.smith3267@example.com,04/04/2024,225944.00,USD,cancelled,4,GB
TX-0003268,C-00868,Sofia Brown,sofia.brown3268@example.com,05/09/2024,220326.00,USD,completed,5,AU
TX-0003269,C-00869,Ethan Wilson,ethan.wilson3269@example.com,06/02/2024,195722.00,USD,pending,6,DE
TX-0003270,C-00870,Zoe Garcia,zoe.garcia3270@example.com,07/07/2024,19040.00,USD,refunded,7,US
TX-0003271,C-00871,Mateo Nguyen,mateo.nguyen3271@example.com,08/12/2024,223936.00,USD,cancelled,8,CA
TX-0003272,C-00872,Ava Patel,ava.patel3272@example.com,09/05/2024,232130.00,USD,completed,1,GB
TX-0003273,C-00873,Noah Kim,noah.kim3273@example.com,10/10/2024,85155.00,USD,pending,2,AU
TX-0003274,C-00874,Mia Martin,mia.martin3274@example.com,11/03/2024,72149.00,USD,refunded,3,DE
TX-0003275,C-00875,Liam Smith,liam.smith3275@example.com,12/08/2024,165566.00,USD,cancelled,4,us
TX-0003276,C-00876,Sofia Brown,sofia.brown3276@example.com,01/01/2024,127724.00,USD,completed,5,CA
TX-0003277,C-00877,  ETHAN WILSON  ,ethan.wilson3277@example.com,02/06/2024,202286.00,USD,pending,6,GB
TX-0003278,C-00878,Zoe Garcia,zoe.garcia3278@example.com,03/11/2024,14458.00,usd,refunded,7,AU
TX-0003279,C-00879,Mateo Nguyen,mateo.nguyen3279@example.com,04/04/2024,223169.00,USD,cancelled,8,DE
TX-0003280,C-00880,Ava Patel,ava.patel3280@example.com,05/09/2024,1046.00,USD,completed,1,US
TX-0003281,C-00881,Noah Kim,noah.kim3281@example.com,06/02/2024,161291.00,USD,pending,2,CA
TX-0003282,C-00882,Mia Martin,mia.martin3282@example.com,07/07/2024,1386.00,USD,refunded,3,GB
TX-0003283,C-00883,Liam Smith,liam.smith3283@example.com,08/12/2024,201727.00,USD,cancelled,4,AU
TX-0003284,C-00884,Sofia Brown,sofia.brown3284@example.com,09/05/2024,224820.00,USD,completed,5,DE
TX-0003285,C-00885,Ethan Wilson,ethan.wilson3285@example.com,10/10/2024,61513.00,USD,pending,6,US
TX-0003286,C-00886,Zoe Garcia,zoe.garcia3286@example.com,11/03/2024,202161.00,USD,refunded,7,CA
TX-0003287,C-00887,Mateo Nguyen,mateo.nguyen3287@example.com,12/08/2024,56507.00,USD,cancelled,8,USA
TX-0003288,C-00888,Ava Patel,ava.patel3288@example.com,01/01/2024,210433.00,USD,completed,1,AU
TX-0003289,C-00889,Noah Kim,noah.kim3289@example.com,02/06/2024,205278.00,USD,pending,2,DE
TX-0003290,C-00890,Mia Martin,mia.martin3290@example.com,03/11/2024,189532.00,USD,refunded,3,US
TX-0003291,C-00891,Liam Smith,liam.smith3291@example.com,04/04/2024,84203.00,USD,cancelled,4,CA
TX-0003292,C-00892,Sofia Brown,sofia.brown3292@example.com,05/09/2024,155732.00,USD,completed,5,GB
TX-0003293,C-00893,Ethan Wilson,ethan.wilson.invalid,06/02/2024,108171.00,USD,pending,6,AU
TX-0003294,C-00894,Zoe Garcia,zoe.garcia3294@example.com,07/07/2024,64210.00,USD,refunded,7,DE
TX-0003295,C-00895,Mateo Nguyen,mateo.nguyen3295@example.com,08/12/2024,233025.00,USD,cancelled,8,US
TX-0003296,C-00896,Ava Patel,ava.patel3296@example.com,09/05/2024,31921.00,USD,completed,1,CA
TX-0003297,C-00897,Noah Kim,noah.kim3297@example.com,10/10/2024,53335.00,USD,COMPLETE,2,GB
TX-0003298,C-00898,Mia Martin,,11/03/2024,248222.00,USD,refunded,3,AU
TX-0003299,C-00899,Liam Smith,liam.smith3299@example.com,12/08/2024,29475.00,USD,cancelled,4,DE
TX-0003300,C-00900,Sofia Brown,sofia.brown3300@example.com,01/01/2024,155356.00,USD,completed,5,US
TX-0003301,C-00901,Ethan Wilson,ethan.wilson3301@example.com,02/06/2024,139506.00,USD,pending,6,CA
TX-0003302,C-00902,zoe garcia,zoe.garcia3302@example.com,03/11/2024,20676.00,USD,refunded,7,GB
TX-0003303,C-00903,Mateo Nguyen,mateo.nguyen3303@example.com,04/04/2024,201367.00,USD,cancelled,8,AU
TX-0003304,C-00904,Ava Patel,ava.patel3304@example.com,05/09/2024,145119.00,USD,completed,1,DE
TX-0003305,C-00905,Noah Kim,noah.kim3305@example.com,06/02/2024,135654.00,USD,pending,2,US
TX-0003306,C-00906,Mia Martin,mia.martin3306@example.com,07/07/2024,18583.00,USD,refunded,3,CA
TX-0003307,C-00907,Liam Smith,liam.smith3307@example.com,08/12/2024,229082.00,USD,cancelled,4,GB
TX-0003308,C-00908,Sofia Brown,sofia.brown3308@example.com,09/05/2024,106172.00,USD,completed,5,AU
TX-0003309,C-00909,Ethan Wilson,ethan.wilson3309@example.com,10/10/2024,112729.00,USD,pending,6,DE
TX-0003310,C-00910,Zoe Garcia,zoe.garcia3310@example.com,11/03/2024,104865.00,USD,refunded,7,US
TX-0003311,C-00911,Mateo Nguyen,mateo.nguyen3311@example.com,12/08/2024,192729.00,USD,cancelled,8,CA
TX-0003312,C-00912,Ava Patel,ava.patel3312@example.com,01/01/2024,240648.00,USD,completed,1,GB
TX-0003313,C-00913,Noah Kim,noah.kim3313@example.com,02/06/2024,24303.00,USD,pending,2,AU
TX-0003314,C-00914,Mia Martin,mia.martin3314@example.com,03/11/2024,230537.00,USD,refunded,3,DE
TX-0003315,C-00915,Liam Smith,liam.smith3315@example.com,04/04/2024,130912.00,USD,cancelled,4,US
TX-0003316,C-00916,Sofia Brown,sofia.brown3316@example.com,05/09/2024,15315.00,USD,completed,5,CA
TX-0003317,C-00917,Ethan Wilson,ethan.wilson3317@example.com,06/02/2024,113241.00,USD,pending,6,GB
TX-0003318,C-00918,Zoe Garcia,zoe.garcia3318@example.com,07/07/2024,35539.00,USD,refunded,7,AU
TX-0003319,C-00919,Mateo Nguyen,mateo.nguyen3319@example.com,08/12/2024,173460.00,USD,cancelled,8,DE
TX-0003320,C-00920,Ava Patel,ava.patel3320@example.com,09/05/2024,56447.00,USD,completed,1,US
TX-0003321,C-00921,Noah Kim,noah.kim3321@example.com,10/10/2024,161746.00,USD,pending,2,CA
TX-0003322,C-00922,Mia Martin,mia.martin3322@example.com,11/03/2024,246498.00,USD,refunded,3,GB
TX-0003323,C-00923,Liam Smith,liam.smith3323@example.com,12/08/2024,56374.00,USD,cancelled,4,AU
TX-0003324,C-00924,Sofia Brown,sofia.brown3324@example.com,01/01/2024,83021.00,USD,completed,5,DE
TX-0003325,C-00925,Ethan Wilson,ethan.wilson3325@example.com,02/06/2024,56885.00,USD,pending,6,US
TX-0003326,C-00926,Zoe Garcia,zoe.garcia3326@example.com,03/11/2024,221173.00,USD,refunded,7,CA
TX-0003327,C-00927,Mateo Nguyen,mateo.nguyen3327@example.com,04/04/2024,232233.00,USD,cancelled,8,GB
TX-0003328,C-00928,Ava Patel,ava.patel3328@example.com,05/09/2024,219386.00,USD,completed,1,AU
TX-0003329,C-00929,Noah Kim,noah.kim3329@example.com,06/02/2024,215357.00,USD,pending,2,DE
TX-0003330,C-00930,Mia Martin,mia.martin3330@example.com,07/07/2024,24207.00,USD,refunded,3,US
TX-0003331,C-00931,Liam Smith,liam.smith3331@example.com,08/12/2024,172444.00,USD,cancelled,4,CA
TX-0003332,C-00932,Sofia Brown,sofia.brown3332@example.com,09/05/2024,67810.00,USD,completed,5,GB
TX-0003333,C-00933,Ethan Wilson,ethan.wilson3333@example.com,10/10/2024,38568.00,USD,pending,6,AU
TX-0003334,C-00934,Zoe Garcia,zoe.garcia3334@example.com,11/03/2024,133351.00,USD,refunded,7,DE
TX-0003335,C-00935,Mateo Nguyen,mateo.nguyen3335@example.com,12/08/2024,217013.00,USD,cancelled,8,US
TX-0003336,C-00936,Ava Patel,ava.patel3336@example.com,01/01/2024,31432.00,USD,completed,1,CA
TX-0003337,C-00937,Noah Kim,noah.kim3337@example.com,02/06/2024,64320.00,USD,pending,2,GB
TX-0003338,C-00938,Mia Martin,mia.martin3338@example.com,03/11/2024,231478.00,USD,refunded,3,AU
TX-0003339,C-00939,Liam Smith,liam.smith3339@example.com,04/04/2024,35520.00,USD,cancelled,4,DE
TX-0003340,C-00940,Sofia Brown,sofia.brown3340@example.com,05/09/2024,143058.00,USD,completed,5,US
TX-0003341,C-00941,Ethan Wilson,ethan.wilson3341@example.com,06/02/2024,96312.00,USD,pending,6,CA
TX-0003342,C-00942,Zoe Garcia,zoe.garcia3342@example.com,07/07/2024,22749.00,USD,refunded,7,GB
TX-0003343,C-00943,Mateo Nguyen,mateo.nguyen3343@example.com,08/12/2024,246403.00,USD,cancelled,8,AU
TX-0003344,C-00944,Ava Patel,ava.patel3344@example.com,09/05/2024,160165.00,USD,completed,1,DE
TX-0003345,C-00945,Noah Kim,noah.kim3345@example.com,10/10/2024,,USD,pending,2,US
TX-0003346,C-00946,Mia Martin,mia.martin3346@example.com,11/03/2024,67121.00,USD,refunded,3,CA
TX-0003347,C-00947,Liam Smith,liam.smith3347@example.com,12/08/2024,208374.00,USD,cancelled,4,GB
TX-0003348,C-00948,Sofia Brown,sofia.brown3348@example.com,01/01/2024,136512.00,USD,completed,5,AU
TX-0003349,C-00949,Ethan Wilson,ethan.wilson3349@example.com,02/06/2024,156318.00,USD,pending,6,DE
TX-0003350,C-00950,Zoe Garcia,zoe.garcia3350@example.com,03/11/2024,76638.00,USD,refunded,7,US
TX-0003351,C-00951,Mateo Nguyen,mateo.nguyen3351@example.com,04/04/2024,74152.00,USD,cancelled,8,CA
TX-0003352,C-00952,Ava Patel,ava.patel3352@example.com,05/09/2024,118325.00,USD,completed,1,GB
TX-0003353,C-00953,Noah Kim,noah.kim3353@example.com,06/02/2024,195756.00,USD,pending,2,AU
TX-0003354,C-00954,Mia Martin,mia.martin3354@example.com,07/07/2024,97412.00,USD,refunded,3,DE
TX-0003355,C-00955,Liam Smith,liam.smith3355@example.com,08/12/2024,214978.00,USD,cancelled,4,US
TX-0003356,C-00956,Sofia Brown,sofia.brown3356@example.com,09/05/2024,63032.00,USD,completed,5,CA
TX-0003357,C-00957,Ethan Wilson,ethan.wilson3357@example.com,10/10/2024,79015.00,USD,pending,6,GB
TX-0003358,C-00958,Zoe Garcia,zoe.garcia3358@example.com,11/03/2024,203756.00,USD,refunded,7,AU
TX-0003359,C-00959,Mateo Nguyen,mateo.nguyen3359@example.com,12/08/2024,150800.00,USD,cancelled,8,DE
TX-0003360,C-00960,Ava Patel,ava.patel3360@example.com,01/01/2024,132922.00,USD,completed,1,US
TX-0003361,C-00961,Noah Kim,noah.kim3361@example.com,02/06/2024,121917.00,USD,pending,2,CA
TX-0003362,C-00962,Mia Martin,mia.martin3362@example.com,03/11/2024,169364.00,USD,refunded,3,GB
TX-0003363,C-00963,Liam Smith,liam.smith3363@example.com,04/04/2024,120108.00,USD,cancelled,4,AU
TX-0003364,C-00964,Sofia Brown,sofia.brown3364@example.com,05/09/2024,198985.00,USD,completed,5,DE
TX-0003365,C-00965,Ethan Wilson,ethan.wilson3365@example.com,06/02/2024,64298.00,USD,pending,6,US
TX-0003366,C-00966,Zoe Garcia,zoe.garcia3366@example.com,07/07/2024,41430.00,USD,refunded,7,CA
TX-0003367,C-00967,Mateo Nguyen,mateo.nguyen3367@example.com,08/12/2024,114741.00,USD,cancelled,8,GB
TX-0003368,C-00968,Ava Patel,ava.patel3368@example.com,09/05/2024,61811.00,USD,completed,1,AU
TX-0003369,C-00969,Noah Kim,noah.kim3369@example.com,10/10/2024,149211.00,USD,pending,2,DE
TX-0003370,C-00970,Mia Martin,mia.martin3370@example.com,11/03/2024,24537.00,USD,refunded,3,US
TX-0003371,C-00971,Liam Smith,liam.smith3371@example.com,12/08/2024,135135.00,USD,cancelled,4,CA
TX-0003372,C-00972,Sofia Brown,sofia.brown3372@example.com,01/01/2024,23688.00,USD,completed,5,GB
TX-0003373,C-00973,Ethan Wilson,ethan.wilson3373@example.com,02/06/2024,210744.00,USD,pending,6,AU
TX-0003374,C-00974,Zoe Garcia,zoe.garcia3374@example.com,03/11/2024,91648.00,USD,refunded,7,DE
TX-0003375,C-00975,Mateo Nguyen,mateo.nguyen3375@example.com,04/04/2024,123521.00,USD,cancelled,8,US
TX-0003376,C-00976,Ava Patel,ava.patel3376@example.com,05/09/2024,-6972.00,USD,completed,1,CA
TX-0003377,C-00977,Noah Kim,noah.kim3377@example.com,06/02/2024,188679.00,USD,pending,2,GB
TX-0003378,C-00978,Mia Martin,mia.martin3378@example.com,07/07/2024,202008.00,USD,refunded,3,AU
TX-0003379,C-00979,Liam Smith,liam.smith3379@example.com,08/12/2024,99990.00,USD,cancelled,4,DE
TX-0003380,C-00980,Sofia Brown,sofia.brown3380@example.com,09/05/2024,152898.00,USD,completed,5,US
TX-0003381,C-00981,Ethan Wilson,ethan.wilson3381@example.com,10/10/2024,238899.00,USD,pending,6,CA
TX-0003382,C-00982,Zoe Garcia,zoe.garcia.invalid,11/03/2024,232430.00,USD,refunded,7,GB
TX-0003383,C-00983,Mateo Nguyen,mateo.nguyen3383@example.com,12/08/2024,248646.00,USD,cancelled,8,AU
TX-0003384,C-00984,Ava Patel,ava.patel3384@example.com,01/01/2024,170591.00,USD,completed,1,DE
TX-0003385,C-00985,Noah Kim,noah.kim3385@example.com,02/06/2024,94009.00,USD,pending,2,US
TX-0003386,C-00986,Mia Martin,mia.martin3386@example.com,03/11/2024,63210.00,USD,refunded,3,CA
TX-0003387,C-00987,Liam Smith,liam.smith3387@example.com,04/04/2024,105594.00,USD,cancelled,4,GB
TX-0003388,C-00988,Sofia Brown,sofia.brown3388@example.com,05/09/2024,101936.00,USD,completed,5,AU
TX-0003389,C-00989,Ethan Wilson,ethan.wilson3389@example.com,06/02/2024,106397.00,USD,pending,6,DE
TX-0003390,C-00990,  ZOE GARCIA  ,zoe.garcia3390@example.com,07/07/2024,229440.00,USD,refunded,7,US
TX-0003391,C-00991,Mateo Nguyen,mateo.nguyen3391@example.com,08/12/2024,29763.00,USD,cancelled,8,CA
TX-0003392,C-00992,Ava Patel,ava.patel3392@example.com,09/05/2024,105177.00,USD,completed,1,GB
TX-0003393,C-00993,Noah Kim,noah.kim3393@example.com,10/10/2024,201868.00,USD,pending,2,AU
TX-0003394,C-00994,Mia Martin,mia.martin3394@example.com,11/03/2024,180169.00,USD,refunded,3,DE
TX-0003395,C-00995,Liam Smith,,12/08/2024,117189.00,USD,cancelled,4,US
TX-0003396,C-00996,Sofia Brown,sofia.brown3396@example.com,01/01/2024,201448.00,USD,completed,5,CA
TX-0003397,C-00997,Ethan Wilson,ethan.wilson3397@example.com,02/06/2024,62545.00,USD,pending,6,GB
TX-0003398,C-00998,Zoe Garcia,zoe.garcia3398@example.com,03/11/2024,98260.00,USD,refunded,7,AU
TX-0003399,C-00999,Mateo Nguyen,mateo.nguyen3399@example.com,04/04/2024,126408.00,USD,cancelled,8,DE
TX-0003400,C-01000,Ava Patel,ava.patel3400@example.com,05/09/2024,81534.00,USD,completed,1,US
TX-0003401,C-01001,Noah Kim,noah.kim3401@example.com,06/02/2024,181101.00,USD,pending,2,CA
TX-0003402,C-01002,Mia Martin,mia.martin3402@example.com,07/07/2024,167899.00,USD,refunded,3,GB
TX-0003403,C-01003,Liam Smith,liam.smith3403@example.com,08/12/2024,180178.00,USD,cancelled,4,AU
TX-0003404,C-01004,Sofia Brown,sofia.brown3404@example.com,09/05/2024,158988.00,USD,completed,5,DE
TX-0003405,C-01005,Ethan Wilson,ethan.wilson3405@example.com,10/10/2024,77169.00,USD,pending,6,US
TX-0003406,C-01006,Zoe Garcia,zoe.garcia3406@example.com,11/03/2024,117370.00,USD,refunded,7,ca
TX-0003407,C-01007,Mateo Nguyen,mateo.nguyen3407@example.com,12/08/2024,147147.00,USD,cancelled,8,GB
TX-0003408,C-01008,Ava Patel,ava.patel3408@example.com,01/01/2024,148679.00,USD,completed,1,AU
TX-0003409,C-01009,Noah Kim,noah.kim3409@example.com,02/06/2024,22957.00,USD,pending,2,DE
TX-0003410,C-01010,Mia Martin,mia.martin3410@example.com,03/11/2024,205521.00,USD,refunded,3,US
TX-0003411,C-01011,Liam Smith,liam.smith3411@example.com,04/04/2024,78193.00,USD,cancelled,4,CA
TX-0003412,C-01012,Sofia Brown,sofia.brown3412@example.com,05/09/2024,123720.00,USD,completed,5,GB
TX-0003413,C-01013,Ethan Wilson,ethan.wilson3413@example.com,06/02/2024,118781.00,USD,pending,6,AU
TX-0003414,C-01014,Zoe Garcia,zoe.garcia3414@example.com,07/07/2024,118014.00,USD,refunded,7,DE
TX-0003415,C-01015,Mateo Nguyen,mateo.nguyen3415@example.com,08/12/2024,32568.00,USD,cancelled,8,US
TX-0003416,C-01016,Ava Patel,ava.patel3416@example.com,09/05/2024,230176.00,USD,completed,1,CA
TX-0003417,C-01017,Noah Kim,noah.kim3417@example.com,10/10/2024,149054.00,USD,pending,2,GB
TX-0003418,C-01018,Mia Martin,mia.martin3418@example.com,11/03/2024,191717.00,USD,refunded,3,AU
TX-0003419,C-01019,Liam Smith,liam.smith3419@example.com,12/08/2024,147233.00,USD,cancelled,4,DE
TX-0003420,C-01020,Sofia Brown,sofia.brown3420@example.com,01/01/2024,214836.00,USD,completed,5,US
TX-0003421,C-01021,Ethan Wilson,ethan.wilson3421@example.com,02/06/2024,170258.00,USD,pending,6,CA
TX-0003422,C-01022,Zoe Garcia,zoe.garcia3422@example.com,03/11/2024,125948.00,USD,refunded,7,GB
TX-0003423,C-01023,Mateo Nguyen,mateo.nguyen3423@example.com,04/04/2024,175058.00,USD,cancelled,8,AU
TX-0003424,C-01024,Ava Patel,ava.patel3424@example.com,05/09/2024,67428.00,USD,completed,1,DE
TX-0003425,C-01025,Noah Kim,noah.kim3425@example.com,06/02/2024,182921.00,USD,pending,2,US
TX-0003426,C-01026,Mia Martin,mia.martin3426@example.com,07/07/2024,161034.00,USD,refunded,3,CA
TX-0003427,C-01027,Liam Smith,liam.smith3427@example.com,08/12/2024,247032.00,usd,cancelled,4,GB
TX-0003428,C-01028,Sofia Brown,sofia.brown3428@example.com,09/05/2024,231793.00,USD,completed,5,AU
TX-0003429,C-01029,ethan wilson,ethan.wilson3429@example.com,10/10/2024,136149.00,USD,pending,6,DE
TX-0003430,C-01030,Zoe Garcia,zoe.garcia3430@example.com,11/03/2024,238353.00,USD,refunded,7,US
TX-0003431,C-01031,Mateo Nguyen,mateo.nguyen3431@example.com,12/08/2024,178496.00,USD,cancelled,8,CA
TX-0003432,C-01032,Ava Patel,ava.patel3432@example.com,01/01/2024,113017.00,USD,completed,1,GB
TX-0003433,C-01033,Noah Kim,noah.kim3433@example.com,02/06/2024,19154.00,USD,pending,2,AU
TX-0003434,C-01034,Mia Martin,mia.martin3434@example.com,03/11/2024,43891.00,USD,refunded,3,DE
TX-0003435,C-01035,Liam Smith,liam.smith3435@example.com,04/04/2024,14642.00,USD,cancelled,4,US
TX-0003436,C-01036,Sofia Brown,sofia.brown3436@example.com,05/09/2024,23626.00,USD,completed,5,CA
TX-0003437,C-01037,Ethan Wilson,ethan.wilson3437@example.com,06/02/2024,62093.00,USD,pending,6,GB
TX-0003438,C-01038,Zoe Garcia,zoe.garcia3438@example.com,07/07/2024,139302.00,USD,unknown,7,AU
TX-0003439,C-01039,Mateo Nguyen,mateo.nguyen3439@example.com,08/12/2024,63533.00, USD ,cancelled,8,DE
TX-0003440,C-01040,Ava Patel,ava.patel3440@example.com,09/05/2024,53990.00,USD,completed,1,US
TX-0003441,C-01041,Noah Kim,noah.kim3441@example.com,10/10/2024,63183.00,USD,pending,2,CA
TX-0003442,C-01042,Mia Martin,mia.martin3442@example.com,11/03/2024,246478.00,USD,refunded,3,GB
TX-0003443,C-01043,Liam Smith,liam.smith3443@example.com,12/08/2024,200184.00,USD,cancelled,4,AU
TX-0003444,C-01044,Sofia Brown,sofia.brown3444@example.com,01/01/2024,33078.00,USD,completed,5,DE
TX-0003445,C-01045,Ethan Wilson,ethan.wilson3445@example.com,02/06/2024,152454.00,USD,pending,6,US
TX-0003446,C-01046,Zoe Garcia,zoe.garcia3446@example.com,03/11/2024,198956.00,USD,refunded,7,CA
TX-0003447,C-01047,Mateo Nguyen,mateo.nguyen3447@example.com,04/04/2024,235059.00,USD,cancelled,8,GB
TX-0003448,C-01048,Ava Patel,ava.patel3448@example.com,05/09/2024,197198.00,USD,completed,1,AU
TX-0003449,C-01049,Noah Kim,noah.kim3449@example.com,06/02/2024,198284.00,USD,pending,2,DE
TX-0003450,C-01050,Mia Martin,mia.martin3450@example.com,07/07/2024,177982.00,USD,refunded,3,US
TX-0003451,C-01051,Liam Smith,liam.smith3451@example.com,08/12/2024,194914.00,USD,cancelled,4,CA
TX-0003452,C-01052,Sofia Brown,sofia.brown3452@example.com,09/05/2024,206064.00,USD,completed,5,GB
TX-0003453,C-01053,Ethan Wilson,ethan.wilson3453@example.com,10/10/2024,140973.00,USD,pending,6,AU
TX-0003454,C-01054,Zoe Garcia,zoe.garcia3454@example.com,11/03/2024,188740.00,USD,COMPLETE,7,DE
TX-0003455,C-01055,Mateo Nguyen,mateo.nguyen3455@example.com,12/08/2024,100554.00,USD,cancelled,8,US
TX-0003456,C-01056,Ava Patel,ava.patel3456@example.com,01/01/2024,224479.00,USD,completed,1,CA
TX-0003457,C-01057,Noah Kim,noah.kim3457@example.com,02/06/2024,101590.00,USD,pending,2,GB
TX-0003458,C-01058,Mia Martin,mia.martin3458@example.com,03/11/2024,131945.00,USD,refunded,3,AU
TX-0003459,C-01059,Liam Smith,liam.smith3459@example.com,04/04/2024,209312.00,USD,cancelled,4,DE
TX-0003460,C-01060,Sofia Brown,sofia.brown3460@example.com,05/09/2024,205706.00,USD,completed,5,USA
TX-0003461,C-01061,Ethan Wilson,ethan.wilson3461@example.com,06/02/2024,163397.00,USD,pending,6,CA
TX-0003462,C-01062,Zoe Garcia,zoe.garcia3462@example.com,07/07/2024,119181.00,USD,refunded,7,GB
TX-0003463,C-01063,Mateo Nguyen,mateo.nguyen3463@example.com,08/12/2024,138111.00,USD,cancelled,8,AU
TX-0003464,C-01064,Ava Patel,ava.patel3464@example.com,09/05/2024,42500.00,USD,completed,1,DE
TX-0003465,C-01065,Noah Kim,noah.kim3465@example.com,10/10/2024,158462.00,USD,pending,2,US
TX-0003466,C-01066,Mia Martin,mia.martin3466@example.com,11/03/2024,20849.00,USD,refunded,3,CA
TX-0003467,C-01067,Liam Smith,liam.smith3467@example.com,12/08/2024,216507.00,USD,cancelled,4,GB
TX-0003468,C-01068,Sofia Brown,sofia.brown3468@example.com,01/01/2024,95754.00,USD,completed,5,AU
TX-0003469,C-01069,Ethan Wilson,ethan.wilson3469@example.com,02/06/2024,234691.00,USD,pending,6,DE
TX-0003470,C-01070,Zoe Garcia,zoe.garcia3470@example.com,03/11/2024,124443.00,USD,refunded,7,US
TX-0003471,C-01071,Mateo Nguyen,mateo.nguyen.invalid,04/04/2024,75205.00,USD,cancelled,8,CA
TX-0003472,C-01072,Ava Patel,ava.patel3472@example.com,05/09/2024,203153.00,USD,completed,1,GB
TX-0003473,C-01073,Noah Kim,noah.kim3473@example.com,06/02/2024,244326.00,USD,pending,2,AU
TX-0003474,C-01074,Mia Martin,mia.martin3474@example.com,07/07/2024,174632.00,USD,refunded,3,DE
TX-0003475,C-01075,Liam Smith,liam.smith3475@example.com,08/12/2024,18952.00,USD,cancelled,4,US
TX-0003476,C-01076,Sofia Brown,sofia.brown3476@example.com,09/05/2024,213704.00,USD,completed,5,CA
TX-0003477,C-01077,Ethan Wilson,ethan.wilson3477@example.com,10/10/2024,44452.00,USD,pending,6,GB
TX-0003478,C-01078,Zoe Garcia,zoe.garcia3478@example.com,11/03/2024,192783.00,USD,refunded,7,AU
TX-0003479,C-01079,Mateo Nguyen,mateo.nguyen3479@example.com,12/08/2024,44446.00,USD,cancelled,8,DE
TX-0003480,C-01080,Ava Patel,ava.patel3480@example.com,01/01/2024,223490.00,USD,completed,1,US
TX-0003481,C-01081,Noah Kim,noah.kim3481@example.com,02/06/2024,60228.00,USD,pending,2,CA
TX-0003482,C-01082,Mia Martin,mia.martin3482@example.com,03/11/2024,128976.00,USD,refunded,3,GB
TX-0003483,C-01083,Liam Smith,liam.smith3483@example.com,04/04/2024,225685.00,USD,cancelled,4,AU
TX-0003484,C-01084,Sofia Brown,sofia.brown3484@example.com,05/09/2024,23538.00,USD,completed,5,DE
TX-0003485,C-01085,Ethan Wilson,ethan.wilson3485@example.com,06/02/2024,238334.00,USD,pending,6,US
TX-0003486,C-01086,Zoe Garcia,zoe.garcia3486@example.com,07/07/2024,16083.00,USD,refunded,7,CA
TX-0003487,C-01087,Mateo Nguyen,mateo.nguyen3487@example.com,08/12/2024,145207.00,USD,cancelled,8,GB
TX-0003488,C-01088,Ava Patel,ava.patel3488@example.com,09/05/2024,26661.00,USD,completed,1,AU
TX-0003489,C-01089,Noah Kim,noah.kim3489@example.com,10/10/2024,19958.00,USD,pending,2,DE
TX-0003490,C-01090,Mia Martin,mia.martin3490@example.com,11/03/2024,161247.00,USD,refunded,3,US
TX-0003491,C-01091,Liam Smith,liam.smith3491@example.com,12/08/2024,64069.00,USD,cancelled,4,CA
TX-0003492,C-01092,Sofia Brown,,01/01/2024,10116.00,USD,completed,5,GB
TX-0003493,C-01093,Ethan Wilson,ethan.wilson3493@example.com,02/06/2024,88821.00,USD,pending,6,AU
TX-0003494,C-01094,Zoe Garcia,zoe.garcia3494@example.com,03/11/2024,75316.00,USD,refunded,7,DE
TX-0003495,C-01095,Mateo Nguyen,mateo.nguyen3495@example.com,04/04/2024,35169.00,USD,cancelled,8,US
TX-0003496,C-01096,Ava Patel,ava.patel3496@example.com,05/09/2024,109963.00,USD,completed,1,CA
TX-0003497,C-01097,Noah Kim,noah.kim3497@example.com,06/02/2024,32654.00,USD,pending,2,GB
TX-0003498,C-01098,Mia Martin,mia.martin3498@example.com,07/07/2024,233770.00,USD,refunded,3,AU
TX-0003499,C-01099,Liam Smith,liam.smith3499@example.com,08/12/2024,216194.00,USD,cancelled,4,DE
TX-0003500,C-01100,Sofia Brown,sofia.brown3500@example.com,09/05/2024,197283.00,USD,completed,5,US
TX-0003501,C-01101,Ethan Wilson,ethan.wilson3501@example.com,10/10/2024,16803.00,USD,pending,6,CA
TX-0003502,C-01102,Zoe Garcia,zoe.garcia3502@example.com,11/03/2024,123129.00,USD,refunded,7,GB
TX-0003503,C-01103,  MATEO NGUYEN  ,mateo.nguyen3503@example.com,12/08/2024,197340.00,USD,cancelled,8,AU
TX-0003504,C-01104,Ava Patel,ava.patel3504@example.com,01/01/2024,101671.00,USD,completed,1,DE
TX-0003505,C-01105,Noah Kim,noah.kim3505@example.com,02/06/2024,79355.00,USD,pending,2,US
TX-0003506,C-01106,Mia Martin,mia.martin3506@example.com,03/11/2024,89550.00,USD,refunded,3,CA
TX-0003507,C-01107,Liam Smith,liam.smith3507@example.com,04/04/2024,232446.00,USD,cancelled,4,GB
TX-0003508,C-01108,Sofia Brown,sofia.brown3508@example.com,05/09/2024,186208.00,USD,completed,5,AU
TX-0003509,C-01109,Ethan Wilson,ethan.wilson3509@example.com,06/02/2024,208750.00,USD,pending,6,DE
TX-0003510,C-01110,Zoe Garcia,zoe.garcia3510@example.com,07/07/2024,217557.00,USD,refunded,7,US
TX-0003511,C-01111,Mateo Nguyen,mateo.nguyen3511@example.com,08/12/2024,81985.00,USD,cancelled,8,CA
TX-0003512,C-01112,Ava Patel,ava.patel3512@example.com,09/05/2024,48698.00,USD,completed,1,GB
TX-0003513,C-01113,Noah Kim,noah.kim3513@example.com,10/10/2024,221192.00,USD,pending,2,AU
TX-0003514,C-01114,Mia Martin,mia.martin3514@example.com,11/03/2024,50668.00,USD,refunded,3,DE
TX-0003515,C-01115,Liam Smith,liam.smith3515@example.com,12/08/2024,20459.00,USD,cancelled,4,US
TX-0003516,C-01116,Sofia Brown,sofia.brown3516@example.com,01/01/2024,14562.00,USD,completed,5,CA
TX-0003517,C-01117,Ethan Wilson,ethan.wilson3517@example.com,02/06/2024,130449.00,USD,pending,6,GB
TX-0003518,C-01118,Zoe Garcia,zoe.garcia3518@example.com,03/11/2024,216479.00,USD,refunded,7,AU
TX-0003519,C-01119,Mateo Nguyen,mateo.nguyen3519@example.com,04/04/2024,36421.00,USD,cancelled,8,DE
TX-0003520,C-01120,Ava Patel,ava.patel3520@example.com,05/09/2024,90622.00,USD,completed,1,US
TX-0003521,C-01121,Noah Kim,noah.kim3521@example.com,06/02/2024,248517.00,USD,pending,2,CA
TX-0003522,C-01122,Mia Martin,mia.martin3522@example.com,07/07/2024,210315.00,USD,refunded,3,GB
TX-0003523,C-01123,Liam Smith,liam.smith3523@example.com,08/12/2024,225102.00,USD,cancelled,4,AU
TX-0003524,C-01124,Sofia Brown,sofia.brown3524@example.com,09/05/2024,71365.00,USD,completed,5,DE
TX-0003525,C-01125,Ethan Wilson,ethan.wilson3525@example.com,10/10/2024,196955.00,USD,pending,6,US
TX-0003526,C-01126,Zoe Garcia,zoe.garcia3526@example.com,11/03/2024,44632.00,USD,refunded,7,CA
TX-0003527,C-01127,Mateo Nguyen,mateo.nguyen3527@example.com,12/08/2024,149722.00,USD,cancelled,8,GB
TX-0003528,C-01128,Ava Patel,ava.patel3528@example.com,01/01/2024,90397.00,USD,completed,1,AU
TX-0003529,C-01129,Noah Kim,noah.kim3529@example.com,02/06/2024,141736.00,USD,pending,2,DE
TX-0003530,C-01130,Mia Martin,mia.martin3530@example.com,03/11/2024,52272.00,USD,refunded,3,US
TX-0003531,C-01131,Liam Smith,liam.smith3531@example.com,04/04/2024,132348.00,USD,cancelled,4,CA
TX-0003532,C-01132,Sofia Brown,sofia.brown3532@example.com,05/09/2024,91825.00,USD,completed,5,GB
TX-0003533,C-01133,Ethan Wilson,ethan.wilson3533@example.com,06/02/2024,134656.00,USD,pending,6,AU
TX-0003534,C-01134,Zoe Garcia,zoe.garcia3534@example.com,07/07/2024,129114.00,USD,refunded,7,DE
TX-0003535,C-01135,Mateo Nguyen,mateo.nguyen3535@example.com,08/12/2024,229391.00,USD,cancelled,8,US
TX-0003536,C-01136,Ava Patel,ava.patel3536@example.com,09/05/2024,84967.00,USD,completed,1,CA
TX-0003537,C-01137,Noah Kim,noah.kim3537@example.com,10/10/2024,160155.00,USD,pending,2,gb
TX-0003538,C-01138,Mia Martin,mia.martin3538@example.com,11/03/2024,79452.00,USD,refunded,3,AU
TX-0003539,C-01139,Liam Smith,liam.smith3539@example.com,12/08/2024,74459.00,USD,cancelled,4,DE
TX-0003540,C-01140,Sofia Brown,sofia.brown3540@example.com,01/01/2024,59846.00,USD,completed,5,US
TX-0003541,C-01141,Ethan Wilson,ethan.wilson3541@example.com,02/06/2024,3039.00,USD,pending,6,CA
TX-0003542,C-01142,Zoe Garcia,zoe.garcia3542@example.com,03/11/2024,124916.00,USD,refunded,7,GB
TX-0003543,C-01143,Mateo Nguyen,mateo.nguyen3543@example.com,04/04/2024,51238.00,USD,cancelled,8,AU
TX-0003544,C-01144,Ava Patel,ava.patel3544@example.com,05/09/2024,134486.00,USD,completed,1,DE
TX-0003545,C-01145,Noah Kim,noah.kim3545@example.com,06/02/2024,126847.00,USD,pending,2,US
TX-0003546,C-01146,Mia Martin,mia.martin3546@example.com,07/07/2024,191907.00,USD,refunded,3,CA
TX-0003547,C-01147,Liam Smith,liam.smith3547@example.com,08/12/2024,38948.00,USD,cancelled,4,GB
TX-0003548,C-01148,Sofia Brown,sofia.brown3548@example.com,09/05/2024,197170.00,USD,completed,5,AU
TX-0003549,C-01149,Ethan Wilson,ethan.wilson3549@example.com,10/10/2024,18121.00,USD,pending,6,DE
TX-0003550,C-01150,Zoe Garcia,zoe.garcia3550@example.com,11/03/2024,159959.00,USD,refunded,7,US
TX-0003551,C-01151,Mateo Nguyen,mateo.nguyen3551@example.com,12/08/2024,118559.00,USD,cancelled,8,CA
TX-0003552,C-01152,Ava Patel,ava.patel3552@example.com,01/01/2024,151883.00,USD,completed,1,GB
TX-0003553,C-01153,Noah Kim,noah.kim3553@example.com,02/06/2024,239714.00,USD,pending,2,AU
TX-0003554,C-01154,Mia Martin,mia.martin3554@example.com,03/11/2024,150810.00,USD,refunded,3,DE
TX-0003555,C-01155,Liam Smith,liam.smith3555@example.com,04/04/2024,47619.00,USD,cancelled,4,US
TX-0003556,C-01156,sofia brown,sofia.brown3556@example.com,05/09/2024,28341.00,USD,completed,5,CA
TX-0003557,C-01157,Ethan Wilson,ethan.wilson3557@example.com,06/02/2024,54932.00,USD,pending,6,GB
TX-0003558,C-01158,Zoe Garcia,zoe.garcia3558@example.com,07/07/2024,229910.00,USD,refunded,7,AU
TX-0003559,C-01159,Mateo Nguyen,mateo.nguyen3559@example.com,08/12/2024,204800.00,USD,cancelled,8,DE
TX-0003560,C-01160,Ava Patel,ava.patel.invalid,09/05/2024,131512.00,USD,completed,1,US
TX-0003561,C-01161,Noah Kim,noah.kim3561@example.com,10/10/2024,33584.00,USD,pending,2,CA
TX-0003562,C-01162,Mia Martin,mia.martin3562@example.com,11/03/2024,113843.00,USD,refunded,3,GB
TX-0003563,C-01163,Liam Smith,liam.smith3563@example.com,12/08/2024,77538.00,USD,cancelled,4,AU
TX-0003564,C-01164,Sofia Brown,sofia.brown3564@example.com,01/01/2024,246654.00,USD,completed,5,DE
TX-0003565,C-01165,Ethan Wilson,ethan.wilson3565@example.com,02/06/2024,170258.00,USD,pending,6,US
TX-0003566,C-01166,Zoe Garcia,zoe.garcia3566@example.com,03/11/2024,69169.00,USD,refunded,7,CA
TX-0003567,C-01167,Mateo Nguyen,mateo.nguyen3567@example.com,04/04/2024,102956.00,USD,cancelled,8,GB
TX-0003568,C-01168,Ava Patel,ava.patel3568@example.com,05/09/2024,,USD,completed,1,AU
TX-0003569,C-01169,Noah Kim,noah.kim3569@example.com,06/02/2024,7495.00,USD,pending,2,DE
TX-0003570,C-01170,Mia Martin,mia.martin3570@example.com,07/07/2024,37254.00,USD,refunded,3,US
TX-0003571,C-01171,Liam Smith,liam.smith3571@example.com,08/12/2024,220347.00,USD,cancelled,4,CA
TX-0003572,C-01172,Sofia Brown,sofia.brown3572@example.com,09/05/2024,82827.00,USD,completed,5,GB
TX-0003573,C-01173,Ethan Wilson,ethan.wilson3573@example.com,10/10/2024,143322.00,USD,pending,6,AU
TX-0003574,C-01174,Zoe Garcia,zoe.garcia3574@example.com,11/03/2024,182209.00,USD,refunded,7,DE
TX-0003575,C-01175,Mateo Nguyen,mateo.nguyen3575@example.com,12/08/2024,202941.00,USD,cancelled,8,US
TX-0003576,C-01176,Ava Patel,ava.patel3576@example.com,01/01/2024,186924.00,usd,completed,1,CA
TX-0003577,C-01177,Noah Kim,noah.kim3577@example.com,02/06/2024,53177.00,USD,pending,2,GB
TX-0003578,C-01178,Mia Martin,mia.martin3578@example.com,03/11/2024,217876.00,USD,refunded,3,AU
TX-0003579,C-01179,Liam Smith,liam.smith3579@example.com,04/04/2024,76626.00,USD,cancelled,4,DE
TX-0003580,C-01180,Sofia Brown,sofia.brown3580@example.com,05/09/2024,11921.00,USD,completed,5,US
TX-0003581,C-01181,Ethan Wilson,ethan.wilson3581@example.com,06/02/2024,14276.00,USD,pending,6,CA
TX-0003582,C-01182,Zoe Garcia,zoe.garcia3582@example.com,07/07/2024,169179.00,USD,refunded,7,GB
TX-0003583,C-01183,Mateo Nguyen,mateo.nguyen3583@example.com,08/12/2024,67423.00,USD,cancelled,8,AU
TX-0003584,C-01184,Ava Patel,ava.patel3584@example.com,09/05/2024,48518.00,USD,completed,1,DE
TX-0003585,C-01185,Noah Kim,noah.kim3585@example.com,10/10/2024,138002.00,USD,pending,2,US
TX-0003586,C-01186,Mia Martin,mia.martin3586@example.com,11/03/2024,236753.00,USD,refunded,3,CA
TX-0003587,C-01187,Liam Smith,liam.smith3587@example.com,12/08/2024,-3817.00,USD,cancelled,4,GB
TX-0003588,C-01188,Sofia Brown,sofia.brown3588@example.com,01/01/2024,211350.00,USD,completed,5,AU
TX-0003589,C-01189,Ethan Wilson,,02/06/2024,129144.00,USD,pending,6,DE
TX-0003590,C-01190,Zoe Garcia,zoe.garcia3590@example.com,03/11/2024,154416.00,USD,refunded,7,US
TX-0003591,C-01191,Mateo Nguyen,mateo.nguyen3591@example.com,04/04/2024,189386.00,USD,cancelled,8,CA
TX-0003592,C-01192,Ava Patel,ava.patel3592@example.com,05/09/2024,180317.00,USD,completed,1,GB
TX-0003593,C-01193,Noah Kim,noah.kim3593@example.com,06/02/2024,225919.00,USD,pending,2,AU
TX-0003594,C-01194,Mia Martin,mia.martin3594@example.com,07/07/2024,38344.00,USD,refunded,3,DE
TX-0003595,C-01195,Liam Smith,liam.smith3595@example.com,08/12/2024,239679.00,USD,cancelled,4,US
TX-0003596,C-01196,Sofia Brown,sofia.brown3596@example.com,09/05/2024,62586.00,USD,completed,5,CA
TX-0003597,C-01197,Ethan Wilson,ethan.wilson3597@example.com,10/10/2024,163733.00,USD,pending,6,GB
TX-0003598,C-01198,Zoe Garcia,zoe.garcia3598@example.com,11/03/2024,177222.00,USD,refunded,7,AU
TX-0003599,C-01199,Mateo Nguyen,mateo.nguyen3599@example.com,12/08/2024,44271.00,USD,cancelled,8,DE
TX-0003600,C-01200,Ava Patel,ava.patel3600@example.com,01/01/2024,51429.00,USD,completed,1,US
TX-0003601,C-01201,Noah Kim,noah.kim3601@example.com,02/06/2024,173467.00,USD,pending,2,CA
TX-0003602,C-01202,Mia Martin,mia.martin3602@example.com,03/11/2024,82531.00,USD,refunded,3,GB
TX-0003603,C-01203,Liam Smith,liam.smith3603@example.com,04/04/2024,127013.00,USD,cancelled,4,AU
TX-0003604,C-01204,Sofia Brown,sofia.brown3604@example.com,05/09/2024,676.00,USD,completed,5,DE
TX-0003605,C-01205,Ethan Wilson,ethan.wilson3605@example.com,06/02/2024,67458.00,USD,pending,6,US
TX-0003606,C-01206,Zoe Garcia,zoe.garcia3606@example.com,07/07/2024,6104.00,USD,refunded,7,CA
TX-0003607,C-01207,Mateo Nguyen,mateo.nguyen3607@example.com,08/12/2024,142299.00,USD,cancelled,8,GB
TX-0003608,C-01208,Ava Patel,ava.patel3608@example.com,09/05/2024,225397.00,USD,completed,1,AU
TX-0003609,C-01209,Noah Kim,noah.kim3609@example.com,10/10/2024,6616.00,USD,pending,2,DE
TX-0003610,C-01210,Mia Martin,mia.martin3610@example.com,11/03/2024,337.00,USD,refunded,3,US
TX-0003611,C-01211,Liam Smith,liam.smith3611@example.com,12/08/2024,134580.00,USD,COMPLETE,4,CA
TX-0003612,C-01212,Sofia Brown,sofia.brown3612@example.com,01/01/2024,36119.00,USD,completed,5,GB
TX-0003613,C-01213,Ethan Wilson,ethan.wilson3613@example.com,02/06/2024,25205.00,USD,pending,6,AU
TX-0003614,C-01214,Zoe Garcia,zoe.garcia3614@example.com,03/11/2024,144823.00,USD,refunded,7,DE
TX-0003615,C-01215,Mateo Nguyen,mateo.nguyen3615@example.com,04/04/2024,60898.00,USD,cancelled,8,US
TX-0003616,C-01216,  AVA PATEL  ,ava.patel3616@example.com,05/09/2024,211516.00,USD,completed,1,CA
TX-0003617,C-01217,Noah Kim,noah.kim3617@example.com,06/02/2024,103502.00,USD,pending,2,GB
TX-0003618,C-01218,Mia Martin,mia.martin3618@example.com,07/07/2024,104722.00,USD,refunded,3,AU
TX-0003619,C-01219,Liam Smith,liam.smith3619@example.com,08/12/2024,166812.00,USD,cancelled,4,DE
TX-0003620,C-01220,Sofia Brown,sofia.brown3620@example.com,09/05/2024,69937.00, USD ,completed,5,US
TX-0003621,C-01221,Ethan Wilson,ethan.wilson3621@example.com,10/10/2024,94028.00,USD,pending,6,CA
TX-0003622,C-01222,Zoe Garcia,zoe.garcia3622@example.com,11/03/2024,185278.00,USD,refunded,7,GB
TX-0003623,C-01223,Mateo Nguyen,mateo.nguyen3623@example.com,12/08/2024,237338.00,USD,cancelled,8,AU
TX-0003624,C-01224,Ava Patel,ava.patel3624@example.com,01/01/2024,240126.00,USD,completed,1,DE
TX-0003625,C-01225,Noah Kim,noah.kim3625@example.com,02/06/2024,237791.00,USD,pending,2,US
TX-0003626,C-01226,Mia Martin,mia.martin3626@example.com,03/11/2024,23054.00,USD,refunded,3,CA
TX-0003627,C-01227,Liam Smith,liam.smith3627@example.com,04/04/2024,147293.00,USD,cancelled,4,GB
TX-0003628,C-01228,Sofia Brown,sofia.brown3628@example.com,05/09/2024,130692.00,USD,completed,5,AU
TX-0003629,C-01229,Ethan Wilson,ethan.wilson3629@example.com,06/02/2024,90373.00,USD,unknown,6,DE
TX-0003630,C-01230,Zoe Garcia,zoe.garcia3630@example.com,07/07/2024,125799.00,USD,refunded,7,US
TX-0003631,C-01231,Mateo Nguyen,mateo.nguyen3631@example.com,08/12/2024,58686.00,USD,cancelled,8,CA
TX-0003632,C-01232,Ava Patel,ava.patel3632@example.com,09/05/2024,239675.00,USD,completed,1,GB
TX-0003633,C-01233,Noah Kim,noah.kim3633@example.com,10/10/2024,59408.00,USD,pending,2,USA
TX-0003634,C-01234,Mia Martin,mia.martin3634@example.com,11/03/2024,20077.00,USD,refunded,3,DE
TX-0003635,C-01235,Liam Smith,liam.smith3635@example.com,12/08/2024,36017.00,USD,cancelled,4,US
TX-0003636,C-01236,Sofia Brown,sofia.brown3636@example.com,01/01/2024,149641.00,USD,completed,5,CA
TX-0003637,C-01237,Ethan Wilson,ethan.wilson3637@example.com,02/06/2024,188104.00,USD,pending,6,GB
TX-0003638,C-01238,Zoe Garcia,zoe.garcia3638@example.com,03/11/2024,142276.00,USD,refunded,7,AU
TX-0003639,C-01239,Mateo Nguyen,mateo.nguyen3639@example.com,04/04/2024,171313.00,USD,cancelled,8,DE
TX-0003640,C-01240,Ava Patel,ava.patel3640@example.com,05/09/2024,184753.00,USD,completed,1,US
TX-0003641,C-01241,Noah Kim,noah.kim3641@example.com,06/02/2024,177543.00,USD,pending,2,CA
TX-0003642,C-01242,Mia Martin,mia.martin3642@example.com,07/07/2024,36907.00,USD,refunded,3,GB
TX-0003643,C-01243,Liam Smith,liam.smith3643@example.com,08/12/2024,52526.00,USD,cancelled,4,AU
TX-0003644,C-01244,Sofia Brown,sofia.brown3644@example.com,09/05/2024,127132.00,USD,completed,5,DE
TX-0003645,C-01245,Ethan Wilson,ethan.wilson3645@example.com,10/10/2024,244043.00,USD,pending,6,US
TX-0003646,C-01246,Zoe Garcia,zoe.garcia3646@example.com,11/03/2024,99370.00,USD,refunded,7,CA
TX-0003647,C-01247,Mateo Nguyen,mateo.nguyen3647@example.com,12/08/2024,82290.00,USD,cancelled,8,GB
TX-0003648,C-01248,Ava Patel,ava.patel3648@example.com,01/01/2024,226839.00,USD,completed,1,AU
TX-0003649,C-01249,Noah Kim,noah.kim.invalid,02/06/2024,112341.00,USD,pending,2,DE
TX-0003650,C-01250,Mia Martin,mia.martin3650@example.com,03/11/2024,209505.00,USD,refunded,3,US
TX-0003651,C-01251,Liam Smith,liam.smith3651@example.com,04/04/2024,2154.00,USD,cancelled,4,CA
TX-0003652,C-01252,Sofia Brown,sofia.brown3652@example.com,05/09/2024,240090.00,USD,completed,5,GB
TX-0003653,C-01253,Ethan Wilson,ethan.wilson3653@example.com,06/02/2024,245203.00,USD,pending,6,AU
TX-0003654,C-01254,Zoe Garcia,zoe.garcia3654@example.com,07/07/2024,148744.00,USD,refunded,7,DE
TX-0003655,C-01255,Mateo Nguyen,mateo.nguyen3655@example.com,08/12/2024,8625.00,USD,cancelled,8,US
TX-0003656,C-01256,Ava Patel,ava.patel3656@example.com,09/05/2024,213943.00,USD,completed,1,CA
TX-0003657,C-01257,Noah Kim,noah.kim3657@example.com,10/10/2024,9711.00,USD,pending,2,GB
TX-0003658,C-01258,Mia Martin,mia.martin3658@example.com,11/03/2024,138552.00,USD,refunded,3,AU
TX-0003659,C-01259,Liam Smith,liam.smith3659@example.com,12/08/2024,70248.00,USD,cancelled,4,DE
TX-0003660,C-01260,Sofia Brown,sofia.brown3660@example.com,01/01/2024,180013.00,USD,completed,5,US
TX-0003661,C-01261,Ethan Wilson,ethan.wilson3661@example.com,02/06/2024,142955.00,USD,pending,6,CA
TX-0003662,C-01262,Zoe Garcia,zoe.garcia3662@example.com,03/11/2024,154970.00,USD,refunded,7,GB
TX-0003663,C-01263,Mateo Nguyen,mateo.nguyen3663@example.com,04/04/2024,243211.00,USD,cancelled,8,AU
TX-0003664,C-01264,Ava Patel,ava.patel3664@example.com,05/09/2024,119019.00,USD,completed,1,DE
TX-0003665,C-01265,Noah Kim,noah.kim3665@example.com,06/02/2024,205266.00,USD,pending,2,US
TX-0003666,C-01266,Mia Martin,mia.martin3666@example.com,07/07/2024,202578.00,USD,refunded,3,CA
TX-0003667,C-01267,Liam Smith,liam.smith3667@example.com,08/12/2024,25645.00,USD,cancelled,4,GB
TX-0003668,C-01268,Sofia Brown,sofia.brown3668@example.com,09/05/2024,627.00,USD,completed,5,au
TX-0003669,C-01269,Ethan Wilson,ethan.wilson3669@example.com,10/10/2024,149344.00,USD,pending,6,DE
TX-0003670,C-01270,Zoe Garcia,zoe.garcia3670@example.com,11/03/2024,137025.00,USD,refunded,7,US
TX-0003671,C-01271,Mateo Nguyen,mateo.nguyen3671@example.com,12/08/2024,2384.00,USD,cancelled,8,CA
TX-0003672,C-01272,Ava Patel,ava.patel3672@example.com,01/01/2024,195150.00,USD,completed,1,GB
TX-0003673,C-01273,Noah Kim,noah.kim3673@example.com,02/06/2024,118048.00,USD,pending,2,AU
TX-0003674,C-01274,Mia Martin,mia.martin3674@example.com,03/11/2024,155049.00,USD,refunded,3,DE
TX-0003675,C-01275,Liam Smith,liam.smith3675@example.com,04/04/2024,93103.00,USD,cancelled,4,US
TX-0003676,C-01276,Sofia Brown,sofia.brown3676@example.com,05/09/2024,25480.00,USD,completed,5,CA
TX-0003677,C-01277,Ethan Wilson,ethan.wilson3677@example.com,06/02/2024,249257.00,USD,pending,6,GB
TX-0003678,C-01278,Zoe Garcia,zoe.garcia3678@example.com,07/07/2024,111979.00,USD,refunded,7,AU
TX-0003679,C-01279,Mateo Nguyen,mateo.nguyen3679@example.com,08/12/2024,182336.00,USD,cancelled,8,DE
TX-0003680,C-01280,Ava Patel,ava.patel3680@example.com,09/05/2024,166455.00,USD,completed,1,US
TX-0003681,C-01281,Noah Kim,noah.kim3681@example.com,10/10/2024,39067.00,USD,pending,2,CA
TX-0003682,C-01282,Mia Martin,mia.martin3682@example.com,11/03/2024,2000.00,USD,refunded,3,GB
TX-0003683,C-01283,liam smith,liam.smith3683@example.com,12/08/2024,211710.00,USD,cancelled,4,AU
TX-0003684,C-01284,Sofia Brown,sofia.brown3684@example.com,01/01/2024,160603.00,USD,completed,5,DE
TX-0003685,C-01285,Ethan Wilson,ethan.wilson3685@example.com,02/06/2024,231880.00,USD,pending,6,US
TX-0003686,C-01286,Zoe Garcia,,03/11/2024,79164.00,USD,refunded,7,CA
TX-0003687,C-01287,Mateo Nguyen,mateo.nguyen3687@example.com,04/04/2024,63095.00,USD,cancelled,8,GB
TX-0003688,C-01288,Ava Patel,ava.patel3688@example.com,05/09/2024,117614.00,USD,completed,1,AU
TX-0003689,C-01289,Noah Kim,noah.kim3689@example.com,06/02/2024,84330.00,USD,pending,2,DE
TX-0003690,C-01290,Mia Martin,mia.martin3690@example.com,07/07/2024,53074.00,USD,refunded,3,US
TX-0003691,C-01291,Liam Smith,liam.smith3691@example.com,08/12/2024,241292.00,USD,cancelled,4,CA
TX-0003692,C-01292,Sofia Brown,sofia.brown3692@example.com,09/05/2024,178039.00,USD,completed,5,GB
TX-0003693,C-01293,Ethan Wilson,ethan.wilson3693@example.com,10/10/2024,101132.00,USD,pending,6,AU
TX-0003694,C-01294,Zoe Garcia,zoe.garcia3694@example.com,11/03/2024,196137.00,USD,refunded,7,DE
TX-0003695,C-01295,Mateo Nguyen,mateo.nguyen3695@example.com,12/08/2024,153443.00,USD,cancelled,8,US
TX-0003696,C-01296,Ava Patel,ava.patel3696@example.com,01/01/2024,89281.00,USD,completed,1,CA
TX-0003697,C-01297,Noah Kim,noah.kim3697@example.com,02/06/2024,131022.00,USD,pending,2,GB
TX-0003698,C-01298,Mia Martin,mia.martin3698@example.com,03/11/2024,222643.00,USD,refunded,3,AU
TX-0003699,C-01299,Liam Smith,liam.smith3699@example.com,04/04/2024,104379.00,USD,cancelled,4,DE
TX-0003700,C-01300,Sofia Brown,sofia.brown3700@example.com,05/09/2024,248391.00,USD,completed,5,US
TX-0003701,C-01301,Ethan Wilson,ethan.wilson3701@example.com,06/02/2024,211213.00,USD,pending,6,CA
TX-0003702,C-01302,Zoe Garcia,zoe.garcia3702@example.com,07/07/2024,93100.00,USD,refunded,7,GB
TX-0003703,C-01303,Mateo Nguyen,mateo.nguyen3703@example.com,08/12/2024,146836.00,USD,cancelled,8,AU
TX-0003704,C-01304,Ava Patel,ava.patel3704@example.com,09/05/2024,83835.00,USD,completed,1,DE
TX-0003705,C-01305,Noah Kim,noah.kim3705@example.com,10/10/2024,141250.00,USD,pending,2,US
TX-0003706,C-01306,Mia Martin,mia.martin3706@example.com,11/03/2024,129711.00,USD,refunded,3,CA
TX-0003707,C-01307,Liam Smith,liam.smith3707@example.com,12/08/2024,134438.00,USD,cancelled,4,GB
TX-0003708,C-01308,Sofia Brown,sofia.brown3708@example.com,01/01/2024,223258.00,USD,completed,5,AU
TX-0003709,C-01309,Ethan Wilson,ethan.wilson3709@example.com,02/06/2024,132475.00,USD,pending,6,DE
TX-0003710,C-01310,Zoe Garcia,zoe.garcia3710@example.com,03/11/2024,123479.00,USD,refunded,7,US
TX-0003711,C-01311,Mateo Nguyen,mateo.nguyen3711@example.com,04/04/2024,79769.00,USD,cancelled,8,CA
TX-0003712,C-01312,Ava Patel,ava.patel3712@example.com,05/09/2024,210674.00,USD,completed,1,GB
TX-0003713,C-01313,Noah Kim,noah.kim3713@example.com,06/02/2024,2405.00,USD,pending,2,AU
TX-0003714,C-01314,Mia Martin,mia.martin3714@example.com,07/07/2024,80415.00,USD,refunded,3,DE
TX-0003715,C-01315,Liam Smith,liam.smith3715@example.com,08/12/2024,21985.00,USD,cancelled,4,US
TX-0003716,C-01316,Sofia Brown,sofia.brown3716@example.com,09/05/2024,159138.00,USD,completed,5,CA
TX-0003717,C-01317,Ethan Wilson,ethan.wilson3717@example.com,10/10/2024,199351.00,USD,pending,6,GB
TX-0003718,C-01318,Zoe Garcia,zoe.garcia3718@example.com,11/03/2024,52125.00,USD,refunded,7,AU
TX-0003719,C-01319,Mateo Nguyen,mateo.nguyen3719@example.com,12/08/2024,5047.00,USD,cancelled,8,DE
TX-0003720,C-01320,Ava Patel,ava.patel3720@example.com,01/01/2024,52253.00,USD,completed,1,US
TX-0003721,C-01321,Noah Kim,noah.kim3721@example.com,02/06/2024,66905.00,USD,pending,2,CA
TX-0003722,C-01322,Mia Martin,mia.martin3722@example.com,03/11/2024,207518.00,USD,refunded,3,GB
TX-0003723,C-01323,Liam Smith,liam.smith3723@example.com,04/04/2024,17309.00,USD,cancelled,4,AU
TX-0003724,C-01324,Sofia Brown,sofia.brown3724@example.com,05/09/2024,121145.00,USD,completed,5,DE
TX-0003725,C-01325,Ethan Wilson,ethan.wilson3725@example.com,06/02/2024,56372.00,usd,pending,6,US
TX-0003726,C-01326,Zoe Garcia,zoe.garcia3726@example.com,07/07/2024,150415.00,USD,refunded,7,CA
TX-0003727,C-01327,Mateo Nguyen,mateo.nguyen3727@example.com,08/12/2024,112432.00,USD,cancelled,8,GB
TX-0003728,C-01328,Ava Patel,ava.patel3728@example.com,09/05/2024,44114.00,USD,completed,1,AU
TX-0003729,C-01329,  NOAH KIM  ,noah.kim3729@example.com,10/10/2024,249881.00,USD,pending,2,DE
TX-0003730,C-01330,Mia Martin,mia.martin3730@example.com,11/03/2024,81036.00,USD,refunded,3,US
TX-0003731,C-01331,Liam Smith,liam.smith3731@example.com,12/08/2024,187824.00,USD,cancelled,4,CA
TX-0003732,C-01332,Sofia Brown,sofia.brown3732@example.com,01/01/2024,13075.00,USD,completed,5,GB
TX-0003733,C-01333,Ethan Wilson,ethan.wilson3733@example.com,02/06/2024,200086.00,USD,pending,6,AU
TX-0003734,C-01334,Zoe Garcia,zoe.garcia3734@example.com,03/11/2024,35406.00,USD,refunded,7,DE
TX-0003735,C-01335,Mateo Nguyen,mateo.nguyen3735@example.com,04/04/2024,43462.00,USD,cancelled,8,US
TX-0003736,C-01336,Ava Patel,ava.patel3736@example.com,05/09/2024,207882.00,USD,completed,1,CA
TX-0003737,C-01337,Noah Kim,noah.kim3737@example.com,06/02/2024,89745.00,USD,pending,2,GB
TX-0003738,C-01338,Mia Martin,mia.martin.invalid,07/07/2024,173066.00,USD,refunded,3,AU
TX-0003739,C-01339,Liam Smith,liam.smith3739@example.com,08/12/2024,112809.00,USD,cancelled,4,DE
TX-0003740,C-01340,Sofia Brown,sofia.brown3740@example.com,09/05/2024,35375.00,USD,completed,5,US
TX-0003741,C-01341,Ethan Wilson,ethan.wilson3741@example.com,10/10/2024,176628.00,USD,pending,6,CA
TX-0003742,C-01342,Zoe Garcia,zoe.garcia3742@example.com,11/03/2024,159400.00,USD,refunded,7,GB
TX-0003743,C-01343,Mateo Nguyen,mateo.nguyen3743@example.com,12/08/2024,57321.00,USD,cancelled,8,AU
TX-0003744,C-01344,Ava Patel,ava.patel3744@example.com,01/01/2024,128177.00,USD,completed,1,DE
TX-0003745,C-01345,Noah Kim,noah.kim3745@example.com,02/06/2024,131924.00,USD,pending,2,US
TX-0003746,C-01346,Mia Martin,mia.martin3746@example.com,03/11/2024,50230.00,USD,refunded,3,CA
TX-0003747,C-01347,Liam Smith,liam.smith3747@example.com,04/04/2024,169924.00,USD,cancelled,4,GB
TX-0003748,C-01348,Sofia Brown,sofia.brown3748@example.com,05/09/2024,127724.00,USD,completed,5,AU
TX-0003749,C-01349,Ethan Wilson,ethan.wilson3749@example.com,06/02/2024,10043.00,USD,pending,6,DE
TX-0003750,C-01350,Zoe Garcia,zoe.garcia3750@example.com,07/07/2024,34614.00,USD,refunded,7,US
TX-0003751,C-01351,Mateo Nguyen,mateo.nguyen3751@example.com,08/12/2024,31788.00,USD,cancelled,8,CA
TX-0003752,C-01352,Ava Patel,ava.patel3752@example.com,09/05/2024,248555.00,USD,completed,1,GB
TX-0003753,C-01353,Noah Kim,noah.kim3753@example.com,10/10/2024,48772.00,USD,pending,2,AU
TX-0003754,C-01354,Mia Martin,mia.martin3754@example.com,11/03/2024,153269.00,USD,refunded,3,DE
TX-0003755,C-01355,Liam Smith,liam.smith3755@example.com,12/08/2024,48717.00,USD,cancelled,4,US
TX-0003756,C-01356,Sofia Brown,sofia.brown3756@example.com,01/01/2024,213889.00,USD,completed,5,CA
TX-0003757,C-01357,Ethan Wilson,ethan.wilson3757@example.com,02/06/2024,211713.00,USD,pending,6,GB
TX-0003758,C-01358,Zoe Garcia,zoe.garcia3758@example.com,03/11/2024,29321.00,USD,refunded,7,AU
TX-0003759,C-01359,Mateo Nguyen,mateo.nguyen3759@example.com,04/04/2024,159724.00,USD,cancelled,8,DE
TX-0003760,C-01360,Ava Patel,ava.patel3760@example.com,05/09/2024,107177.00,USD,completed,1,US
TX-0003761,C-01361,Noah Kim,noah.kim3761@example.com,06/02/2024,80299.00,USD,pending,2,CA
TX-0003762,C-01362,Mia Martin,mia.martin3762@example.com,07/07/2024,15708.00,USD,refunded,3,GB
TX-0003763,C-01363,Liam Smith,liam.smith3763@example.com,08/12/2024,204205.00,USD,cancelled,4,AU
TX-0003764,C-01364,Sofia Brown,sofia.brown3764@example.com,09/05/2024,239470.00,USD,completed,5,DE
TX-0003765,C-01365,Ethan Wilson,ethan.wilson3765@example.com,10/10/2024,44089.00,USD,pending,6,US
TX-0003766,C-01366,Zoe Garcia,zoe.garcia3766@example.com,11/03/2024,182431.00,USD,refunded,7,CA
TX-0003767,C-01367,Mateo Nguyen,mateo.nguyen3767@example.com,12/08/2024,1816.00,USD,cancelled,8,GB
TX-0003768,C-01368,Ava Patel,ava.patel3768@example.com,01/01/2024,196930.00,USD,COMPLETE,1,AU
TX-0003769,C-01369,Noah Kim,noah.kim3769@example.com,02/06/2024,227216.00,USD,pending,2,DE
TX-0003770,C-01370,Mia Martin,mia.martin3770@example.com,03/11/2024,139426.00,USD,refunded,3,US
TX-0003771,C-01371,Liam Smith,liam.smith3771@example.com,04/04/2024,11603.00,USD,cancelled,4,CA
TX-0003772,C-01372,Sofia Brown,sofia.brown3772@example.com,05/09/2024,156267.00,USD,completed,5,GB
TX-0003773,C-01373,Ethan Wilson,ethan.wilson3773@example.com,06/02/2024,126091.00,USD,pending,6,AU
TX-0003774,C-01374,Zoe Garcia,zoe.garcia3774@example.com,07/07/2024,232683.00,USD,refunded,7,DE
TX-0003775,C-01375,Mateo Nguyen,mateo.nguyen3775@example.com,08/12/2024,54502.00,USD,cancelled,8,US
TX-0003776,C-01376,Ava Patel,ava.patel3776@example.com,09/05/2024,109315.00,USD,completed,1,CA
TX-0003777,C-01377,Noah Kim,noah.kim3777@example.com,10/10/2024,172916.00,USD,pending,2,GB
TX-0003778,C-01378,Mia Martin,mia.martin3778@example.com,11/03/2024,6356.00,USD,refunded,3,AU
TX-0003779,C-01379,Liam Smith,liam.smith3779@example.com,12/08/2024,110542.00,USD,cancelled,4,DE
TX-0003780,C-01380,Sofia Brown,sofia.brown3780@example.com,01/01/2024,181131.00,USD,completed,5,US
TX-0003781,C-01381,Ethan Wilson,ethan.wilson3781@example.com,02/06/2024,95363.00,USD,pending,6,CA
TX-0003782,C-01382,Zoe Garcia,zoe.garcia3782@example.com,03/11/2024,43220.00,USD,refunded,7,GB
TX-0003783,C-01383,Mateo Nguyen,,04/04/2024,113732.00,USD,cancelled,8,AU
TX-0003784,C-01384,Ava Patel,ava.patel3784@example.com,05/09/2024,150732.00,USD,completed,1,DE
TX-0003785,C-01385,Noah Kim,noah.kim3785@example.com,06/02/2024,84410.00,USD,pending,2,US
TX-0003786,C-01386,Mia Martin,mia.martin3786@example.com,07/07/2024,129579.00,USD,refunded,3,CA
TX-0003787,C-01387,Liam Smith,liam.smith3787@example.com,08/12/2024,243848.00,USD,cancelled,4,GB
TX-0003788,C-01388,Sofia Brown,sofia.brown3788@example.com,09/05/2024,8490.00,USD,completed,5,AU
TX-0003789,C-01389,Ethan Wilson,ethan.wilson3789@example.com,10/10/2024,149089.00,USD,pending,6,DE
TX-0003790,C-01390,Zoe Garcia,zoe.garcia3790@example.com,11/03/2024,122565.00,USD,refunded,7,US
TX-0003791,C-01391,Mateo Nguyen,mateo.nguyen3791@example.com,12/08/2024,,USD,cancelled,8,CA
TX-0003792,C-01392,Ava Patel,ava.patel3792@example.com,01/01/2024,89576.00,USD,completed,1,GB
TX-0003793,C-01393,Noah Kim,noah.kim3793@example.com,02/06/2024,196884.00,USD,pending,2,AU
TX-0003794,C-01394,Mia Martin,mia.martin3794@example.com,03/11/2024,214458.00,USD,refunded,3,DE
TX-0003795,C-01395,Liam Smith,liam.smith3795@example.com,04/04/2024,247846.00,USD,cancelled,4,US
TX-0003796,C-01396,Sofia Brown,sofia.brown3796@example.com,05/09/2024,85097.00,USD,completed,5,CA
TX-0003797,C-01397,Ethan Wilson,ethan.wilson3797@example.com,06/02/2024,10333.00,USD,pending,6,GB
TX-0003798,C-01398,Zoe Garcia,zoe.garcia3798@example.com,07/07/2024,-1162.00,USD,refunded,7,AU
TX-0003799,C-01399,Mateo Nguyen,mateo.nguyen3799@example.com,08/12/2024,173018.00,USD,cancelled,8,de
TX-0003800,C-01400,Ava Patel,ava.patel3800@example.com,09/05/2024,12722.00,USD,completed,1,US
TX-0003801,C-01401,Noah Kim,noah.kim3801@example.com,10/10/2024,65008.00, USD ,pending,2,CA
TX-0003802,C-01402,Mia Martin,mia.martin3802@example.com,11/03/2024,53932.00,USD,refunded,3,GB
TX-0003803,C-01403,Liam Smith,liam.smith3803@example.com,12/08/2024,67184.00,USD,cancelled,4,AU
TX-0003804,C-01404,Sofia Brown,sofia.brown3804@example.com,01/01/2024,180836.00,USD,completed,5,DE
TX-0003805,C-01405,Ethan Wilson,ethan.wilson3805@example.com,02/06/2024,224551.00,USD,pending,6,US
TX-0003806,C-01406,Zoe Garcia,zoe.garcia3806@example.com,03/11/2024,44200.00,USD,refunded,7,USA
TX-0003807,C-01407,Mateo Nguyen,mateo.nguyen3807@example.com,04/04/2024,113862.00,USD,cancelled,8,GB
TX-0003808,C-01408,Ava Patel,ava.patel3808@example.com,05/09/2024,89133.00,USD,completed,1,AU
TX-0003809,C-01409,Noah Kim,noah.kim3809@example.com,06/02/2024,131637.00,USD,pending,2,DE
TX-0003810,C-01410,mia martin,mia.martin3810@example.com,07/07/2024,71274.00,USD,refunded,3,US
TX-0003811,C-01411,Liam Smith,liam.smith3811@example.com,08/12/2024,217962.00,USD,cancelled,4,CA
TX-0003812,C-01412,Sofia Brown,sofia.brown3812@example.com,09/05/2024,191893.00,USD,completed,5,GB
TX-0003813,C-01413,Ethan Wilson,ethan.wilson3813@example.com,10/10/2024,15764.00,USD,pending,6,AU
TX-0003814,C-01414,Zoe Garcia,zoe.garcia3814@example.com,11/03/2024,129791.00,USD,refunded,7,DE
TX-0003815,C-01415,Mateo Nguyen,mateo.nguyen3815@example.com,12/08/2024,137019.00,USD,cancelled,8,US
TX-0003816,C-01416,Ava Patel,ava.patel3816@example.com,01/01/2024,187849.00,USD,completed,1,CA
TX-0003817,C-01417,Noah Kim,noah.kim3817@example.com,02/06/2024,194511.00,USD,pending,2,GB
TX-0003818,C-01418,Mia Martin,mia.martin3818@example.com,03/11/2024,32182.00,USD,refunded,3,AU
TX-0003819,C-01419,Liam Smith,liam.smith3819@example.com,04/04/2024,211302.00,USD,cancelled,4,DE
TX-0003820,C-01420,Sofia Brown,sofia.brown3820@example.com,05/09/2024,156396.00,USD,unknown,5,US
TX-0003821,C-01421,Ethan Wilson,ethan.wilson3821@example.com,06/02/2024,167552.00,USD,pending,6,CA
TX-0003822,C-01422,Zoe Garcia,zoe.garcia3822@example.com,07/07/2024,109645.00,USD,refunded,7,GB
TX-0003823,C-01423,Mateo Nguyen,mateo.nguyen3823@example.com,08/12/2024,203800.00,USD,cancelled,8,AU
TX-0003824,C-01424,Ava Patel,ava.patel3824@example.com,09/05/2024,109148.00,USD,completed,1,DE
TX-0003825,C-01425,Noah Kim,noah.kim3825@example.com,10/10/2024,245256.00,USD,pending,2,US
TX-0003826,C-01426,Mia Martin,mia.martin3826@example.com,11/03/2024,143033.00,USD,refunded,3,CA
TX-0003827,C-01427,Liam Smith,liam.smith.invalid,12/08/2024,2672.00,USD,cancelled,4,GB
TX-0003828,C-01428,Sofia Brown,sofia.brown3828@example.com,01/01/2024,183774.00,USD,completed,5,AU
TX-0003829,C-01429,Ethan Wilson,ethan.wilson3829@example.com,02/06/2024,112795.00,USD,pending,6,DE
TX-0003830,C-01430,Zoe Garcia,zoe.garcia3830@example.com,03/11/2024,181193.00,USD,refunded,7,US
TX-0003831,C-01431,Mateo Nguyen,mateo.nguyen3831@example.com,04/04/2024,28382.00,USD,cancelled,8,CA
TX-0003832,C-01432,Ava Patel,ava.patel3832@example.com,05/09/2024,196522.00,USD,completed,1,GB
TX-0003833,C-01433,Noah Kim,noah.kim3833@example.com,06/02/2024,159155.00,USD,pending,2,AU
TX-0003834,C-01434,Mia Martin,mia.martin3834@example.com,07/07/2024,54807.00,USD,refunded,3,DE
TX-0003835,C-01435,Liam Smith,liam.smith3835@example.com,08/12/2024,210224.00,USD,cancelled,4,US
TX-0003836,C-01436,Sofia Brown,sofia.brown3836@example.com,09/05/2024,122771.00,USD,completed,5,CA
TX-0003837,C-01437,Ethan Wilson,ethan.wilson3837@example.com,10/10/2024,45708.00,USD,pending,6,GB
TX-0003838,C-01438,Zoe Garcia,zoe.garcia3838@example.com,11/03/2024,131214.00,USD,refunded,7,AU
TX-0003839,C-01439,Mateo Nguyen,mateo.nguyen3839@example.com,12/08/2024,44965.00,USD,cancelled,8,DE
TX-0003840,C-01440,Ava Patel,ava.patel3840@example.com,01/01/2024,142647.00,USD,completed,1,US
TX-0003841,C-01441,Noah Kim,noah.kim3841@example.com,02/06/2024,214919.00,USD,pending,2,CA
TX-0003842,C-01442,  MIA MARTIN  ,mia.martin3842@example.com,03/11/2024,124243.00,USD,refunded,3,GB
TX-0003843,C-01443,Liam Smith,liam.smith3843@example.com,04/04/2024,123621.00,USD,cancelled,4,AU
TX-0003844,C-01444,Sofia Brown,sofia.brown3844@example.com,05/09/2024,8964.00,USD,completed,5,DE
TX-0003845,C-01445,Ethan Wilson,ethan.wilson3845@example.com,06/02/2024,4308.00,USD,pending,6,US
TX-0003846,C-01446,Zoe Garcia,zoe.garcia3846@example.com,07/07/2024,208684.00,USD,refunded,7,CA
TX-0003847,C-01447,Mateo Nguyen,mateo.nguyen3847@example.com,08/12/2024,137454.00,USD,cancelled,8,GB
TX-0003848,C-01448,Ava Patel,ava.patel3848@example.com,09/05/2024,61534.00,USD,completed,1,AU
TX-0003849,C-01449,Noah Kim,noah.kim3849@example.com,10/10/2024,215220.00,USD,pending,2,DE
TX-0003850,C-01450,Mia Martin,mia.martin3850@example.com,11/03/2024,56451.00,USD,refunded,3,US
TX-0003851,C-01451,Liam Smith,liam.smith3851@example.com,12/08/2024,114725.00,USD,cancelled,4,CA
TX-0003852,C-01452,Sofia Brown,sofia.brown3852@example.com,01/01/2024,13472.00,USD,completed,5,GB
TX-0003853,C-01453,Ethan Wilson,ethan.wilson3853@example.com,02/06/2024,83967.00,USD,pending,6,AU
TX-0003854,C-01454,Zoe Garcia,zoe.garcia3854@example.com,03/11/2024,148263.00,USD,refunded,7,DE
TX-0003855,C-01455,Mateo Nguyen,mateo.nguyen3855@example.com,04/04/2024,121970.00,USD,cancelled,8,US
TX-0003856,C-01456,Ava Patel,ava.patel3856@example.com,05/09/2024,72179.00,USD,completed,1,CA
TX-0003857,C-01457,Noah Kim,noah.kim3857@example.com,06/02/2024,127980.00,USD,pending,2,GB
TX-0003858,C-01458,Mia Martin,mia.martin3858@example.com,07/07/2024,242115.00,USD,refunded,3,AU
TX-0003859,C-01459,Liam Smith,liam.smith3859@example.com,08/12/2024,142396.00,USD,cancelled,4,DE
TX-0003860,C-01460,Sofia Brown,sofia.brown3860@example.com,09/05/2024,114274.00,USD,completed,5,US
TX-0003861,C-01461,Ethan Wilson,ethan.wilson3861@example.com,10/10/2024,23313.00,USD,pending,6,CA
TX-0003862,C-01462,Zoe Garcia,zoe.garcia3862@example.com,11/03/2024,187318.00,USD,refunded,7,GB
TX-0003863,C-01463,Mateo Nguyen,mateo.nguyen3863@example.com,12/08/2024,241187.00,USD,cancelled,8,AU
TX-0003864,C-01464,Ava Patel,ava.patel3864@example.com,01/01/2024,156450.00,USD,completed,1,DE
TX-0003865,C-01465,Noah Kim,noah.kim3865@example.com,02/06/2024,103186.00,USD,pending,2,US
TX-0003866,C-01466,Mia Martin,mia.martin3866@example.com,03/11/2024,31871.00,USD,refunded,3,CA
TX-0003867,C-01467,Liam Smith,liam.smith3867@example.com,04/04/2024,181879.00,USD,cancelled,4,GB
TX-0003868,C-01468,Sofia Brown,sofia.brown3868@example.com,05/09/2024,223499.00,USD,completed,5,AU
TX-0003869,C-01469,Ethan Wilson,ethan.wilson3869@example.com,06/02/2024,240230.00,USD,pending,6,DE
TX-0003870,C-01470,Zoe Garcia,zoe.garcia3870@example.com,07/07/2024,46050.00,USD,refunded,7,US
TX-0003871,C-01471,Mateo Nguyen,mateo.nguyen3871@example.com,08/12/2024,246350.00,USD,cancelled,8,CA
TX-0003872,C-01472,Ava Patel,ava.patel3872@example.com,09/05/2024,107210.00,USD,completed,1,GB
TX-0003873,C-01473,Noah Kim,noah.kim3873@example.com,10/10/2024,247784.00,USD,pending,2,AU
TX-0003874,C-01474,Mia Martin,mia.martin3874@example.com,11/03/2024,171639.00,usd,refunded,3,DE
TX-0003875,C-01475,Liam Smith,liam.smith3875@example.com,12/08/2024,50726.00,USD,cancelled,4,US
TX-0003876,C-01476,Sofia Brown,sofia.brown3876@example.com,01/01/2024,158287.00,USD,completed,5,CA
TX-0003877,C-01477,Ethan Wilson,ethan.wilson3877@example.com,02/06/2024,97111.00,USD,pending,6,GB
TX-0003878,C-01478,Zoe Garcia,zoe.garcia3878@example.com,03/11/2024,10755.00,USD,refunded,7,AU
TX-0003879,C-01479,Mateo Nguyen,mateo.nguyen3879@example.com,04/04/2024,39769.00,USD,cancelled,8,DE
TX-0003880,C-01480,Ava Patel,,05/09/2024,190220.00,USD,completed,1,US
TX-0003881,C-01481,Noah Kim,noah.kim3881@example.com,06/02/2024,5292.00,USD,pending,2,CA
TX-0003882,C-01482,Mia Martin,mia.martin3882@example.com,07/07/2024,108135.00,USD,refunded,3,GB
TX-0003883,C-01483,Liam Smith,liam.smith3883@example.com,08/12/2024,198579.00,USD,cancelled,4,AU
TX-0003884,C-01484,Sofia Brown,sofia.brown3884@example.com,09/05/2024,148497.00,USD,completed,5,DE
TX-0003885,C-01485,Ethan Wilson,ethan.wilson3885@example.com,10/10/2024,131844.00,USD,pending,6,US
TX-0003886,C-01486,Zoe Garcia,zoe.garcia3886@example.com,11/03/2024,155552.00,USD,refunded,7,CA
TX-0003887,C-01487,Mateo Nguyen,mateo.nguyen3887@example.com,12/08/2024,215258.00,USD,cancelled,8,GB
TX-0003888,C-01488,Ava Patel,ava.patel3888@example.com,01/01/2024,206907.00,USD,completed,1,AU
TX-0003889,C-01489,Noah Kim,noah.kim3889@example.com,02/06/2024,210364.00,USD,pending,2,DE
TX-0003890,C-01490,Mia Martin,mia.martin3890@example.com,03/11/2024,218920.00,USD,refunded,3,US
TX-0003891,C-01491,Liam Smith,liam.smith3891@example.com,04/04/2024,67777.00,USD,cancelled,4,CA
TX-0003892,C-01492,Sofia Brown,sofia.brown3892@example.com,05/09/2024,49700.00,USD,completed,5,GB
TX-0003893,C-01493,Ethan Wilson,ethan.wilson3893@example.com,06/02/2024,223875.00,USD,pending,6,AU
TX-0003894,C-01494,Zoe Garcia,zoe.garcia3894@example.com,07/07/2024,56569.00,USD,refunded,7,DE
TX-0003895,C-01495,Mateo Nguyen,mateo.nguyen3895@example.com,08/12/2024,179259.00,USD,cancelled,8,US
TX-0003896,C-01496,Ava Patel,ava.patel3896@example.com,09/05/2024,143803.00,USD,completed,1,CA
TX-0003897,C-01497,Noah Kim,noah.kim3897@example.com,10/10/2024,218873.00,USD,pending,2,GB
TX-0003898,C-01498,Mia Martin,mia.martin3898@example.com,11/03/2024,187693.00,USD,refunded,3,AU
TX-0003899,C-01499,Liam Smith,liam.smith3899@example.com,12/08/2024,194102.00,USD,cancelled,4,DE
TX-0003900,C-01500,Sofia Brown,sofia.brown3900@example.com,01/01/2024,161655.00,USD,completed,5,US
TX-0003901,C-01501,Ethan Wilson,ethan.wilson3901@example.com,02/06/2024,40067.00,USD,pending,6,CA
TX-0003902,C-01502,Zoe Garcia,zoe.garcia3902@example.com,03/11/2024,182018.00,USD,refunded,7,GB
TX-0003903,C-01503,Mateo Nguyen,mateo.nguyen3903@example.com,04/04/2024,127011.00,USD,cancelled,8,AU
TX-0003904,C-01504,Ava Patel,ava.patel3904@example.com,05/09/2024,83015.00,USD,completed,1,DE
TX-0003905,C-01505,Noah Kim,noah.kim3905@example.com,06/02/2024,176964.00,USD,pending,2,US
TX-0003906,C-01506,Mia Martin,mia.martin3906@example.com,07/07/2024,176747.00,USD,refunded,3,CA
TX-0003907,C-01507,Liam Smith,liam.smith3907@example.com,08/12/2024,148017.00,USD,cancelled,4,GB
TX-0003908,C-01508,Sofia Brown,sofia.brown3908@example.com,09/05/2024,82705.00,USD,completed,5,AU
TX-0003909,C-01509,Ethan Wilson,ethan.wilson3909@example.com,10/10/2024,9281.00,USD,pending,6,DE
TX-0003910,C-01510,Zoe Garcia,zoe.garcia3910@example.com,11/03/2024,225965.00,USD,refunded,7,US
TX-0003911,C-01511,Mateo Nguyen,mateo.nguyen3911@example.com,12/08/2024,85222.00,USD,cancelled,8,CA
TX-0003912,C-01512,Ava Patel,ava.patel3912@example.com,01/01/2024,247652.00,USD,completed,1,GB
TX-0003913,C-01513,Noah Kim,noah.kim3913@example.com,02/06/2024,163734.00,USD,pending,2,AU
TX-0003914,C-01514,Mia Martin,mia.martin3914@example.com,03/11/2024,125585.00,USD,refunded,3,DE
TX-0003915,C-01515,Liam Smith,liam.smith3915@example.com,04/04/2024,190328.00,USD,cancelled,4,US
TX-0003916,C-01516,Sofia Brown,sofia.brown.invalid,05/09/2024,65732.00,USD,completed,5,CA
TX-0003917,C-01517,Ethan Wilson,ethan.wilson3917@example.com,06/02/2024,104096.00,USD,pending,6,GB
TX-0003918,C-01518,Zoe Garcia,zoe.garcia3918@example.com,07/07/2024,237829.00,USD,refunded,7,AU
TX-0003919,C-01519,Mateo Nguyen,mateo.nguyen3919@example.com,08/12/2024,100496.00,USD,cancelled,8,DE
TX-0003920,C-01520,Ava Patel,ava.patel3920@example.com,09/05/2024,122578.00,USD,completed,1,US
TX-0003921,C-01521,Noah Kim,noah.kim3921@example.com,10/10/2024,167867.00,USD,pending,2,CA
TX-0003922,C-01522,Mia Martin,mia.martin3922@example.com,11/03/2024,69994.00,USD,refunded,3,GB
TX-0003923,C-01523,Liam Smith,liam.smith3923@example.com,12/08/2024,242991.00,USD,cancelled,4,AU
TX-0003924,C-01524,Sofia Brown,sofia.brown3924@example.com,01/01/2024,232084.00,USD,completed,5,DE
TX-0003925,C-01525,Ethan Wilson,ethan.wilson3925@example.com,02/06/2024,194695.00,USD,COMPLETE,6,US
TX-0003926,C-01526,Zoe Garcia,zoe.garcia3926@example.com,03/11/2024,191263.00,USD,refunded,7,CA
TX-0003927,C-01527,Mateo Nguyen,mateo.nguyen3927@example.com,04/04/2024,116091.00,USD,cancelled,8,GB
TX-0003928,C-01528,Ava Patel,ava.patel3928@example.com,05/09/2024,105965.00,USD,completed,1,AU
TX-0003929,C-01529,Noah Kim,noah.kim3929@example.com,06/02/2024,224211.00,USD,pending,2,DE
TX-0003930,C-01530,Mia Martin,mia.martin3930@example.com,07/07/2024,235590.00,USD,refunded,3,us
TX-0003931,C-01531,Liam Smith,liam.smith3931@example.com,08/12/2024,149255.00,USD,cancelled,4,CA
TX-0003932,C-01532,Sofia Brown,sofia.brown3932@example.com,09/05/2024,60074.00,USD,completed,5,GB
TX-0003933,C-01533,Ethan Wilson,ethan.wilson3933@example.com,10/10/2024,216136.00,USD,pending,6,AU
TX-0003934,C-01534,Zoe Garcia,zoe.garcia3934@example.com,11/03/2024,123652.00,USD,refunded,7,DE
TX-0003935,C-01535,Mateo Nguyen,mateo.nguyen3935@example.com,12/08/2024,154726.00,USD,cancelled,8,US
TX-0003936,C-01536,Ava Patel,ava.patel3936@example.com,01/01/2024,39720.00,USD,completed,1,CA
TX-0003937,C-01537,noah kim,noah.kim3937@example.com,02/06/2024,143171.00,USD,pending,2,GB
TX-0003938,C-01538,Mia Martin,mia.martin3938@example.com,03/11/2024,69300.00,USD,refunded,3,AU
TX-0003939,C-01539,Liam Smith,liam.smith3939@example.com,04/04/2024,128929.00,USD,cancelled,4,DE
TX-0003940,C-01540,Sofia Brown,sofia.brown3940@example.com,05/09/2024,212932.00,USD,completed,5,US
TX-0003941,C-01541,Ethan Wilson,ethan.wilson3941@example.com,06/02/2024,163264.00,USD,pending,6,CA
TX-0003942,C-01542,Zoe Garcia,zoe.garcia3942@example.com,07/07/2024,145374.00,USD,refunded,7,GB
TX-0003943,C-01543,Mateo Nguyen,mateo.nguyen3943@example.com,08/12/2024,78194.00,USD,cancelled,8,AU
TX-0003944,C-01544,Ava Patel,ava.patel3944@example.com,09/05/2024,58393.00,USD,completed,1,DE
TX-0003945,C-01545,Noah Kim,noah.kim3945@example.com,10/10/2024,42334.00,USD,pending,2,US
TX-0003946,C-01546,Mia Martin,mia.martin3946@example.com,11/03/2024,167954.00,USD,refunded,3,CA
TX-0003947,C-01547,Liam Smith,liam.smith3947@example.com,12/08/2024,149718.00,USD,cancelled,4,GB
TX-0003948,C-01548,Sofia Brown,sofia.brown3948@example.com,01/01/2024,145290.00,USD,completed,5,AU
TX-0003949,C-01549,Ethan Wilson,ethan.wilson3949@example.com,02/06/2024,51697.00,USD,pending,6,DE
TX-0003950,C-01550,Zoe Garcia,zoe.garcia3950@example.com,03/11/2024,138351.00,USD,refunded,7,US
TX-0003951,C-01551,Mateo Nguyen,mateo.nguyen3951@example.com,04/04/2024,44138.00,USD,cancelled,8,CA
TX-0003952,C-01552,Ava Patel,ava.patel3952@example.com,05/09/2024,24323.00,USD,completed,1,GB
TX-0003953,C-01553,Noah Kim,noah.kim3953@example.com,06/02/2024,186091.00,USD,pending,2,AU
TX-0003954,C-01554,Mia Martin,mia.martin3954@example.com,07/07/2024,172227.00,USD,refunded,3,DE
TX-0003955,C-01555,  LIAM SMITH  ,liam.smith3955@example.com,08/12/2024,105031.00,USD,cancelled,4,US
TX-0003956,C-01556,Sofia Brown,sofia.brown3956@example.com,09/05/2024,75478.00,USD,completed,5,CA
TX-0003957,C-01557,Ethan Wilson,ethan.wilson3957@example.com,10/10/2024,248509.00,USD,pending,6,GB
TX-0003958,C-01558,Zoe Garcia,zoe.garcia3958@example.com,11/03/2024,114433.00,USD,refunded,7,AU
TX-0003959,C-01559,Mateo Nguyen,mateo.nguyen3959@example.com,12/08/2024,206325.00,USD,cancelled,8,DE
TX-0003960,C-01560,Ava Patel,ava.patel3960@example.com,01/01/2024,69312.00,USD,completed,1,US
TX-0003961,C-01561,Noah Kim,noah.kim3961@example.com,02/06/2024,141991.00,USD,pending,2,CA
TX-0003962,C-01562,Mia Martin,mia.martin3962@example.com,03/11/2024,205938.00,USD,refunded,3,GB
TX-0003963,C-01563,Liam Smith,liam.smith3963@example.com,04/04/2024,70897.00,USD,cancelled,4,AU
TX-0003964,C-01564,Sofia Brown,sofia.brown3964@example.com,05/09/2024,173006.00,USD,completed,5,DE
TX-0003965,C-01565,Ethan Wilson,ethan.wilson3965@example.com,06/02/2024,67505.00,USD,pending,6,US
TX-0003966,C-01566,Zoe Garcia,zoe.garcia3966@example.com,07/07/2024,208437.00,USD,refunded,7,CA
TX-0003967,C-01567,Mateo Nguyen,mateo.nguyen3967@example.com,08/12/2024,25846.00,USD,cancelled,8,GB
TX-0003968,C-01568,Ava Patel,ava.patel3968@example.com,09/05/2024,206713.00,USD,completed,1,AU
TX-0003969,C-01569,Noah Kim,noah.kim3969@example.com,10/10/2024,108381.00,USD,pending,2,DE
TX-0003970,C-01570,Mia Martin,mia.martin3970@example.com,11/03/2024,242649.00,USD,refunded,3,US
TX-0003971,C-01571,Liam Smith,liam.smith3971@example.com,12/08/2024,134643.00,USD,cancelled,4,CA
TX-0003972,C-01572,Sofia Brown,sofia.brown3972@example.com,01/01/2024,176353.00,USD,completed,5,GB
TX-0003973,C-01573,Ethan Wilson,ethan.wilson3973@example.com,02/06/2024,27119.00,USD,pending,6,AU
TX-0003974,C-01574,Zoe Garcia,zoe.garcia3974@example.com,03/11/2024,85798.00,USD,refunded,7,DE
TX-0003975,C-01575,Mateo Nguyen,mateo.nguyen3975@example.com,04/04/2024,226310.00,USD,cancelled,8,US
TX-0003976,C-01576,Ava Patel,ava.patel3976@example.com,05/09/2024,1322.00,USD,completed,1,CA
TX-0003977,C-01577,Noah Kim,,06/02/2024,243103.00,USD,pending,2,GB
TX-0003978,C-01578,Mia Martin,mia.martin3978@example.com,07/07/2024,27618.00,USD,refunded,3,AU
TX-0003979,C-01579,Liam Smith,liam.smith3979@example.com,08/12/2024,163042.00,USD,cancelled,4,USA
TX-0003980,C-01580,Sofia Brown,sofia.brown3980@example.com,09/05/2024,34208.00,USD,completed,5,US
TX-0003981,C-01581,Ethan Wilson,ethan.wilson3981@example.com,10/10/2024,37193.00,USD,pending,6,CA
TX-0003982,C-01582,Zoe Garcia,zoe.garcia3982@example.com,11/03/2024,34257.00, USD ,refunded,7,GB
TX-0003983,C-01583,Mateo Nguyen,mateo.nguyen3983@example.com,12/08/2024,219939.00,USD,cancelled,8,AU
TX-0003984,C-01584,Ava Patel,ava.patel3984@example.com,01/01/2024,90391.00,USD,completed,1,DE
TX-0003985,C-01585,Noah Kim,noah.kim3985@example.com,02/06/2024,165257.00,USD,pending,2,US
TX-0003986,C-01586,Mia Martin,mia.martin3986@example.com,03/11/2024,137847.00,USD,refunded,3,CA
TX-0003987,C-01587,Liam Smith,liam.smith3987@example.com,04/04/2024,150991.00,USD,cancelled,4,GB
TX-0003988,C-01588,Sofia Brown,sofia.brown3988@example.com,05/09/2024,169796.00,USD,completed,5,AU
TX-0003989,C-01589,Ethan Wilson,ethan.wilson3989@example.com,06/02/2024,74948.00,USD,pending,6,DE
TX-0003990,C-01590,Zoe Garcia,zoe.garcia3990@example.com,07/07/2024,52673.00,USD,refunded,7,US
TX-0003991,C-01591,Mateo Nguyen,mateo.nguyen3991@example.com,08/12/2024,136747.00,USD,cancelled,8,CA
TX-0003992,C-01592,Ava Patel,ava.patel3992@example.com,09/05/2024,46174.00,USD,completed,1,GB
TX-0003993,C-01593,Noah Kim,noah.kim3993@example.com,10/10/2024,206922.00,USD,pending,2,AU
TX-0003994,C-01594,Mia Martin,mia.martin3994@example.com,11/03/2024,96378.00,USD,refunded,3,DE
TX-0003995,C-01595,Liam Smith,liam.smith3995@example.com,12/08/2024,26315.00,USD,cancelled,4,US
TX-0003996,C-01596,Sofia Brown,sofia.brown3996@example.com,01/01/2024,5906.00,USD,completed,5,CA
TX-0003997,C-01597,Ethan Wilson,ethan.wilson3997@example.com,02/06/2024,177448.00,USD,pending,6,GB
TX-0003998,C-01598,Zoe Garcia,zoe.garcia3998@example.com,03/11/2024,170276.00,USD,refunded,7,AU
TX-0003999,C-01599,Mateo Nguyen,mateo.nguyen3999@example.com,04/04/2024,132964.00,USD,cancelled,8,DE
TX-0004000,C-01600,Ava Patel,ava.patel4000@example.com,05/09/2024,79617.00,USD,completed,1,US
TX-0004001,C-01601,Noah Kim,noah.kim4001@example.com,06/02/2024,162683.00,USD,pending,2,CA
TX-0004002,C-01602,Mia Martin,mia.martin4002@example.com,07/07/2024,95376.00,USD,refunded,3,GB
TX-0004003,C-01603,Liam Smith,liam.smith4003@example.com,08/12/2024,100744.00,USD,cancelled,4,AU
TX-0004004,C-01604,Sofia Brown,sofia.brown4004@example.com,09/05/2024,226163.00,USD,completed,5,DE
TX-0004005,C-01605,Ethan Wilson,ethan.wilson.invalid,10/10/2024,43798.00,USD,pending,6,US
TX-0004006,C-01606,Zoe Garcia,zoe.garcia4006@example.com,11/03/2024,78041.00,USD,refunded,7,CA
TX-0004007,C-01607,Mateo Nguyen,mateo.nguyen4007@example.com,12/08/2024,180133.00,USD,cancelled,8,GB
TX-0004008,C-01608,Ava Patel,ava.patel4008@example.com,01/01/2024,107154.00,USD,completed,1,AU
TX-0004009,C-01609,Noah Kim,noah.kim4009@example.com,02/06/2024,-8999.00,USD,pending,2,DE
TX-0004010,C-01610,Mia Martin,mia.martin4010@example.com,03/11/2024,37995.00,USD,refunded,3,US
TX-0004011,C-01611,Liam Smith,liam.smith4011@example.com,04/04/2024,34735.00,USD,unknown,4,CA
TX-0004012,C-01612,Sofia Brown,sofia.brown4012@example.com,05/09/2024,129356.00,USD,completed,5,GB
TX-0004013,C-01613,Ethan Wilson,ethan.wilson4013@example.com,06/02/2024,50015.00,USD,pending,6,AU
TX-0004014,C-01614,Zoe Garcia,zoe.garcia4014@example.com,07/07/2024,,USD,refunded,7,DE
TX-0004015,C-01615,Mateo Nguyen,mateo.nguyen4015@example.com,08/12/2024,77660.00,USD,cancelled,8,US
TX-0004016,C-01616,Ava Patel,ava.patel4016@example.com,09/05/2024,82203.00,USD,completed,1,CA
TX-0004017,C-01617,Noah Kim,noah.kim4017@example.com,10/10/2024,211904.00,USD,pending,2,GB
TX-0004018,C-01618,Mia Martin,mia.martin4018@example.com,11/03/2024,52451.00,USD,refunded,3,AU
TX-0004019,C-01619,Liam Smith,liam.smith4019@example.com,12/08/2024,140202.00,USD,cancelled,4,DE
TX-0004020,C-01620,Sofia Brown,sofia.brown4020@example.com,01/01/2024,112260.00,USD,completed,5,US
TX-0004021,C-01621,Ethan Wilson,ethan.wilson4021@example.com,02/06/2024,106577.00,USD,pending,6,CA
TX-0004022,C-01622,Zoe Garcia,zoe.garcia4022@example.com,03/11/2024,182226.00,USD,refunded,7,GB
TX-0004023,C-01623,Mateo Nguyen,mateo.nguyen4023@example.com,04/04/2024,246393.00,usd,cancelled,8,AU
TX-0004024,C-01624,Ava Patel,ava.patel4024@example.com,05/09/2024,55634.00,USD,completed,1,DE
TX-0004025,C-01625,Noah Kim,noah.kim4025@example.com,06/02/2024,121036.00,USD,pending,2,US
TX-0004026,C-01626,Mia Martin,mia.martin4026@example.com,07/07/2024,115631.00,USD,refunded,3,CA
TX-0004027,C-01627,Liam Smith,liam.smith4027@example.com,08/12/2024,47091.00,USD,cancelled,4,GB
TX-0004028,C-01628,Sofia Brown,sofia.brown4028@example.com,09/05/2024,23457.00,USD,completed,5,AU
TX-0004029,C-01629,Ethan Wilson,ethan.wilson4029@example.com,10/10/2024,964.00,USD,pending,6,DE
TX-0004030,C-01630,Zoe Garcia,zoe.garcia4030@example.com,11/03/2024,37964.00,USD,refunded,7,US
TX-0004031,C-01631,Mateo Nguyen,mateo.nguyen4031@example.com,12/08/2024,116373.00,USD,cancelled,8,CA
TX-0004032,C-01632,Ava Patel,ava.patel4032@example.com,01/01/2024,146389.00,USD,completed,1,GB
TX-0004033,C-01633,Noah Kim,noah.kim4033@example.com,02/06/2024,90232.00,USD,pending,2,AU
TX-0004034,C-01634,Mia Martin,mia.martin4034@example.com,03/11/2024,130853.00,USD,refunded,3,DE
TX-0004035,C-01635,Liam Smith,liam.smith4035@example.com,04/04/2024,28470.00,USD,cancelled,4,US
TX-0004036,C-01636,Sofia Brown,sofia.brown4036@example.com,05/09/2024,239938.00,USD,completed,5,CA
TX-0004037,C-01637,Ethan Wilson,ethan.wilson4037@example.com,06/02/2024,96318.00,USD,pending,6,GB
TX-0004038,C-01638,Zoe Garcia,zoe.garcia4038@example.com,07/07/2024,234622.00,USD,refunded,7,AU
TX-0004039,C-01639,Mateo Nguyen,mateo.nguyen4039@example.com,08/12/2024,85723.00,USD,cancelled,8,DE
TX-0004040,C-01640,Ava Patel,ava.patel4040@example.com,09/05/2024,198273.00,USD,completed,1,US
TX-0004041,C-01641,Noah Kim,noah.kim4041@example.com,10/10/2024,3033.00,USD,pending,2,CA
TX-0004042,C-01642,Mia Martin,mia.martin4042@example.com,11/03/2024,89501.00,USD,refunded,3,GB
TX-0004043,C-01643,Liam Smith,liam.smith4043@example.com,12/08/2024,58897.00,USD,cancelled,4,AU
TX-0004044,C-01644,Sofia Brown,sofia.brown4044@example.com,01/01/2024,135426.00,USD,completed,5,DE
TX-0004045,C-01645,Ethan Wilson,ethan.wilson4045@example.com,02/06/2024,214914.00,USD,pending,6,US
TX-0004046,C-01646,Zoe Garcia,zoe.garcia4046@example.com,03/11/2024,93688.00,USD,refunded,7,CA
TX-0004047,C-01647,Mateo Nguyen,mateo.nguyen4047@example.com,04/04/2024,99009.00,USD,cancelled,8,GB
TX-0004048,C-01648,Ava Patel,ava.patel4048@example.com,05/09/2024,233929.00,USD,completed,1,AU
TX-0004049,C-01649,Noah Kim,noah.kim4049@example.com,06/02/2024,75452.00,USD,pending,2,DE
TX-0004050,C-01650,Mia Martin,mia.martin4050@example.com,07/07/2024,179809.00,USD,refunded,3,US
TX-0004051,C-01651,Liam Smith,liam.smith4051@example.com,08/12/2024,85893.00,USD,cancelled,4,CA
TX-0004052,C-01652,Sofia Brown,sofia.brown4052@example.com,09/05/2024,19285.00,USD,completed,5,GB
TX-0004053,C-01653,Ethan Wilson,ethan.wilson4053@example.com,10/10/2024,115588.00,USD,pending,6,AU
TX-0004054,C-01654,Zoe Garcia,zoe.garcia4054@example.com,11/03/2024,159377.00,USD,refunded,7,DE
TX-0004055,C-01655,Mateo Nguyen,mateo.nguyen4055@example.com,12/08/2024,101452.00,USD,cancelled,8,US
TX-0004056,C-01656,Ava Patel,ava.patel4056@example.com,01/01/2024,76777.00,USD,completed,1,CA
TX-0004057,C-01657,Noah Kim,noah.kim4057@example.com,02/06/2024,47649.00,USD,pending,2,GB
TX-0004058,C-01658,Mia Martin,mia.martin4058@example.com,03/11/2024,209837.00,USD,refunded,3,AU
TX-0004059,C-01659,Liam Smith,liam.smith4059@example.com,04/04/2024,112499.00,USD,cancelled,4,DE
TX-0004060,C-01660,Sofia Brown,sofia.brown4060@example.com,05/09/2024,44331.00,USD,completed,5,US
TX-0004061,C-01661,Ethan Wilson,ethan.wilson4061@example.com,06/02/2024,37878.00,USD,pending,6,ca
TX-0004062,C-01662,Zoe Garcia,zoe.garcia4062@example.com,07/07/2024,230912.00,USD,refunded,7,GB
TX-0004063,C-01663,Mateo Nguyen,mateo.nguyen4063@example.com,08/12/2024,17476.00,USD,cancelled,8,AU
TX-0004064,C-01664,ava patel,ava.patel4064@example.com,09/05/2024,248399.00,USD,completed,1,DE
TX-0004065,C-01665,Noah Kim,noah.kim4065@example.com,10/10/2024,246823.00,USD,pending,2,US
TX-0004066,C-01666,Mia Martin,mia.martin4066@example.com,11/03/2024,3275.00,USD,refunded,3,CA
TX-0004067,C-01667,Liam Smith,liam.smith4067@example.com,12/08/2024,47832.00,USD,cancelled,4,GB
TX-0004068,C-01668,  SOFIA BROWN  ,sofia.brown4068@example.com,01/01/2024,2121.00,USD,completed,5,AU
TX-0004069,C-01669,Ethan Wilson,ethan.wilson4069@example.com,02/06/2024,188812.00,USD,pending,6,DE
TX-0004070,C-01670,Zoe Garcia,zoe.garcia4070@example.com,03/11/2024,169260.00,USD,refunded,7,US
TX-0004071,C-01671,Mateo Nguyen,mateo.nguyen4071@example.com,04/04/2024,104709.00,USD,cancelled,8,CA
TX-0004072,C-01672,Ava Patel,ava.patel4072@example.com,05/09/2024,127086.00,USD,completed,1,GB
TX-0004073,C-01673,Noah Kim,noah.kim4073@example.com,06/02/2024,14655.00,USD,pending,2,AU
TX-0004074,C-01674,Mia Martin,,07/07/2024,244878.00,USD,refunded,3,DE
TX-0004075,C-01675,Liam Smith,liam.smith4075@example.com,08/12/2024,49848.00,USD,cancelled,4,US
TX-0004076,C-01676,Sofia Brown,sofia.brown4076@example.com,09/05/2024,158380.00,USD,completed,5,CA
TX-0004077,C-01677,Ethan Wilson,ethan.wilson4077@example.com,10/10/2024,62744.00,USD,pending,6,GB
TX-0004078,C-01678,Zoe Garcia,zoe.garcia4078@example.com,11/03/2024,95347.00,USD,refunded,7,AU
TX-0004079,C-01679,Mateo Nguyen,mateo.nguyen4079@example.com,12/08/2024,197643.00,USD,cancelled,8,DE
TX-0004080,C-01680,Ava Patel,ava.patel4080@example.com,01/01/2024,130556.00,USD,completed,1,US
TX-0004081,C-01681,Noah Kim,noah.kim4081@example.com,02/06/2024,113924.00,USD,pending,2,CA
TX-0004082,C-01682,Mia Martin,mia.martin4082@example.com,03/11/2024,165884.00,USD,COMPLETE,3,GB
TX-0004083,C-01683,Liam Smith,liam.smith4083@example.com,04/04/2024,121297.00,USD,cancelled,4,AU
TX-0004084,C-01684,Sofia Brown,sofia.brown4084@example.com,05/09/2024,23133.00,USD,completed,5,DE
TX-0004085,C-01685,Ethan Wilson,ethan.wilson4085@example.com,06/02/2024,78327.00,USD,pending,6,US
TX-0004086,C-01686,Zoe Garcia,zoe.garcia4086@example.com,07/07/2024,39824.00,USD,refunded,7,CA
TX-0004087,C-01687,Mateo Nguyen,mateo.nguyen4087@example.com,08/12/2024,25615.00,USD,cancelled,8,GB
TX-0004088,C-01688,Ava Patel,ava.patel4088@example.com,09/05/2024,121982.00,USD,completed,1,AU
TX-0004089,C-01689,Noah Kim,noah.kim4089@example.com,10/10/2024,197758.00,USD,pending,2,DE
TX-0004090,C-01690,Mia Martin,mia.martin4090@example.com,11/03/2024,233376.00,USD,refunded,3,US
TX-0004091,C-01691,Liam Smith,liam.smith4091@example.com,12/08/2024,190943.00,USD,cancelled,4,CA
TX-0004092,C-01692,Sofia Brown,sofia.brown4092@example.com,01/01/2024,135599.00,USD,completed,5,GB
TX-0004093,C-01693,Ethan Wilson,ethan.wilson4093@example.com,02/06/2024,200487.00,USD,pending,6,AU
TX-0004094,C-01694,Zoe Garcia,zoe.garcia.invalid,03/11/2024,49198.00,USD,refunded,7,DE
TX-0004095,C-01695,Mateo Nguyen,mateo.nguyen4095@example.com,04/04/2024,211760.00,USD,cancelled,8,US
TX-0004096,C-01696,Ava Patel,ava.patel4096@example.com,05/09/2024,42768.00,USD,completed,1,CA
TX-0004097,C-01697,Noah Kim,noah.kim4097@example.com,06/02/2024,221013.00,USD,pending,2,GB
TX-0004098,C-01698,Mia Martin,mia.martin4098@example.com,07/07/2024,151768.00,USD,refunded,3,AU
TX-0004099,C-01699,Liam Smith,liam.smith4099@example.com,08/12/2024,216398.00,USD,cancelled,4,DE
TX-0004100,C-01700,Sofia Brown,sofia.brown4100@example.com,09/05/2024,88266.00,USD,completed,5,US
TX-0004101,C-01701,Ethan Wilson,ethan.wilson4101@example.com,10/10/2024,113687.00,USD,pending,6,CA
TX-0004102,C-01702,Zoe Garcia,zoe.garcia4102@example.com,11/03/2024,22185.00,USD,refunded,7,GB
TX-0004103,C-01703,Mateo Nguyen,mateo.nguyen4103@example.com,12/08/2024,55295.00,USD,cancelled,8,AU
TX-0004104,C-01704,Ava Patel,ava.patel4104@example.com,01/01/2024,206283.00,USD,completed,1,DE
TX-0004105,C-01705,Noah Kim,noah.kim4105@example.com,02/06/2024,237807.00,USD,pending,2,US
TX-0004106,C-01706,Mia Martin,mia.martin4106@example.com,03/11/2024,83158.00,USD,refunded,3,CA
TX-0004107,C-01707,Liam Smith,liam.smith4107@example.com,04/04/2024,62937.00,USD,cancelled,4,GB
TX-0004108,C-01708,Sofia Brown,sofia.brown4108@example.com,05/09/2024,190373.00,USD,completed,5,AU
TX-0004109,C-01709,Ethan Wilson,ethan.wilson4109@example.com,06/02/2024,89448.00,USD,pending,6,DE
TX-0004110,C-01710,Zoe Garcia,zoe.garcia4110@example.com,07/07/2024,181652.00,USD,refunded,7,US
TX-0004111,C-01711,Mateo Nguyen,mateo.nguyen4111@example.com,08/12/2024,27320.00,USD,cancelled,8,CA
TX-0004112,C-01712,Ava Patel,ava.patel4112@example.com,09/05/2024,91166.00,USD,completed,1,GB
TX-0004113,C-01713,Noah Kim,noah.kim4113@example.com,10/10/2024,131456.00,USD,pending,2,AU
TX-0004114,C-01714,Mia Martin,mia.martin4114@example.com,11/03/2024,205600.00,USD,refunded,3,DE
TX-0004115,C-01715,Liam Smith,liam.smith4115@example.com,12/08/2024,139624.00,USD,cancelled,4,US
TX-0004116,C-01716,Sofia Brown,sofia.brown4116@example.com,01/01/2024,52192.00,USD,completed,5,CA
TX-0004117,C-01717,Ethan Wilson,ethan.wilson4117@example.com,02/06/2024,187294.00,USD,pending,6,GB
TX-0004118,C-01718,Zoe Garcia,zoe.garcia4118@example.com,03/11/2024,62618.00,USD,refunded,7,AU
TX-0004119,C-01719,Mateo Nguyen,mateo.nguyen4119@example.com,04/04/2024,160576.00,USD,cancelled,8,DE
TX-0004120,C-01720,Ava Patel,ava.patel4120@example.com,05/09/2024,133244.00,USD,completed,1,US
TX-0004121,C-01721,Noah Kim,noah.kim4121@example.com,06/02/2024,68263.00,USD,pending,2,CA
TX-0004122,C-01722,Mia Martin,mia.martin4122@example.com,07/07/2024,131947.00,USD,refunded,3,GB
TX-0004123,C-01723,Liam Smith,liam.smith4123@example.com,08/12/2024,38640.00,USD,cancelled,4,AU
TX-0004124,C-01724,Sofia Brown,sofia.brown4124@example.com,09/05/2024,87123.00,USD,completed,5,DE
TX-0004125,C-01725,Ethan Wilson,ethan.wilson4125@example.com,10/10/2024,236920.00,USD,pending,6,US
TX-0004126,C-01726,Zoe Garcia,zoe.garcia4126@example.com,11/03/2024,183715.00,USD,refunded,7,CA
TX-0004127,C-01727,Mateo Nguyen,mateo.nguyen4127@example.com,12/08/2024,103433.00,USD,cancelled,8,GB
TX-0004128,C-01728,Ava Patel,ava.patel4128@example.com,01/01/2024,212203.00,USD,completed,1,AU
TX-0004129,C-01729,Noah Kim,noah.kim4129@example.com,02/06/2024,195249.00,USD,pending,2,DE
TX-0004130,C-01730,Mia Martin,mia.martin4130@example.com,03/11/2024,83358.00,USD,refunded,3,US
TX-0004131,C-01731,Liam Smith,liam.smith4131@example.com,04/04/2024,115293.00,USD,cancelled,4,CA
TX-0004132,C-01732,Sofia Brown,sofia.brown4132@example.com,05/09/2024,16438.00,USD,completed,5,GB
TX-0004133,C-01733,Ethan Wilson,ethan.wilson4133@example.com,06/02/2024,90099.00,USD,pending,6,AU
TX-0004134,C-01734,Zoe Garcia,zoe.garcia4134@example.com,07/07/2024,86507.00,USD,refunded,7,DE
TX-0004135,C-01735,Mateo Nguyen,mateo.nguyen4135@example.com,08/12/2024,12811.00,USD,cancelled,8,US
TX-0004136,C-01736,Ava Patel,ava.patel4136@example.com,09/05/2024,138692.00,USD,completed,1,CA
TX-0004137,C-01737,Noah Kim,noah.kim4137@example.com,10/10/2024,68017.00,USD,pending,2,GB
TX-0004138,C-01738,Mia Martin,mia.martin4138@example.com,11/03/2024,61060.00,USD,refunded,3,AU
TX-0004139,C-01739,Liam Smith,liam.smith4139@example.com,12/08/2024,98433.00,USD,cancelled,4,DE
TX-0004140,C-01740,Sofia Brown,sofia.brown4140@example.com,01/01/2024,4615.00,USD,completed,5,US
TX-0004141,C-01741,Ethan Wilson,ethan.wilson4141@example.com,02/06/2024,243005.00,USD,pending,6,CA
TX-0004142,C-01742,Zoe Garcia,zoe.garcia4142@example.com,03/11/2024,78662.00,USD,refunded,7,GB
TX-0004143,C-01743,Mateo Nguyen,mateo.nguyen4143@example.com,04/04/2024,147753.00,USD,cancelled,8,AU
TX-0004144,C-01744,Ava Patel,ava.patel4144@example.com,05/09/2024,205614.00,USD,completed,1,DE
TX-0004145,C-01745,Noah Kim,noah.kim4145@example.com,06/02/2024,89857.00,USD,pending,2,US
TX-0004146,C-01746,Mia Martin,mia.martin4146@example.com,07/07/2024,165105.00,USD,refunded,3,CA
TX-0004147,C-01747,Liam Smith,liam.smith4147@example.com,08/12/2024,59048.00,USD,cancelled,4,GB
TX-0004148,C-01748,Sofia Brown,sofia.brown4148@example.com,09/05/2024,29894.00,USD,completed,5,AU
TX-0004149,C-01749,Ethan Wilson,ethan.wilson4149@example.com,10/10/2024,190862.00,USD,pending,6,DE
TX-0004150,C-01750,Zoe Garcia,zoe.garcia4150@example.com,11/03/2024,15555.00,USD,refunded,7,US
TX-0004151,C-01751,Mateo Nguyen,mateo.nguyen4151@example.com,12/08/2024,230465.00,USD,cancelled,8,CA
TX-0004152,C-01752,Ava Patel,ava.patel4152@example.com,01/01/2024,210662.00,USD,completed,1,USA
TX-0004153,C-01753,Noah Kim,noah.kim4153@example.com,02/06/2024,137567.00,USD,pending,2,AU
TX-0004154,C-01754,Mia Martin,mia.martin4154@example.com,03/11/2024,39350.00,USD,refunded,3,DE
TX-0004155,C-01755,Liam Smith,liam.smith4155@example.com,04/04/2024,165719.00,USD,cancelled,4,US
TX-0004156,C-01756,Sofia Brown,sofia.brown4156@example.com,05/09/2024,241552.00,USD,completed,5,CA
TX-0004157,C-01757,Ethan Wilson,ethan.wilson4157@example.com,06/02/2024,36799.00,USD,pending,6,GB
TX-0004158,C-01758,Zoe Garcia,zoe.garcia4158@example.com,07/07/2024,189152.00,USD,refunded,7,AU
TX-0004159,C-01759,Mateo Nguyen,mateo.nguyen4159@example.com,08/12/2024,75382.00,USD,cancelled,8,DE
TX-0004160,C-01760,Ava Patel,ava.patel4160@example.com,09/05/2024,121226.00,USD,completed,1,US
TX-0004161,C-01761,Noah Kim,noah.kim4161@example.com,10/10/2024,178110.00,USD,pending,2,CA
TX-0004162,C-01762,Mia Martin,mia.martin4162@example.com,11/03/2024,51585.00,USD,refunded,3,GB
TX-0004163,C-01763,Liam Smith,liam.smith4163@example.com,12/08/2024,79788.00, USD ,cancelled,4,AU
TX-0004164,C-01764,Sofia Brown,sofia.brown4164@example.com,01/01/2024,206237.00,USD,completed,5,DE
TX-0004165,C-01765,Ethan Wilson,ethan.wilson4165@example.com,02/06/2024,125370.00,USD,pending,6,US
TX-0004166,C-01766,Zoe Garcia,zoe.garcia4166@example.com,03/11/2024,133839.00,USD,refunded,7,CA
TX-0004167,C-01767,Mateo Nguyen,mateo.nguyen4167@example.com,04/04/2024,112012.00,USD,cancelled,8,GB
TX-0004168,C-01768,Ava Patel,ava.patel4168@example.com,05/09/2024,66958.00,USD,completed,1,AU
TX-0004169,C-01769,Noah Kim,noah.kim4169@example.com,06/02/2024,143266.00,USD,pending,2,DE
TX-0004170,C-01770,Mia Martin,mia.martin4170@example.com,07/07/2024,198567.00,USD,refunded,3,US
TX-0004171,C-01771,Liam Smith,,08/12/2024,80617.00,USD,cancelled,4,CA
TX-0004172,C-01772,Sofia Brown,sofia.brown4172@example.com,09/05/2024,126044.00,usd,completed,5,GB
TX-0004173,C-01773,Ethan Wilson,ethan.wilson4173@example.com,10/10/2024,158758.00,USD,pending,6,AU
TX-0004174,C-01774,Zoe Garcia,zoe.garcia4174@example.com,11/03/2024,217643.00,USD,refunded,7,DE
TX-0004175,C-01775,Mateo Nguyen,mateo.nguyen4175@example.com,12/08/2024,208458.00,USD,cancelled,8,US
TX-0004176,C-01776,Ava Patel,ava.patel4176@example.com,01/01/2024,23621.00,USD,completed,1,CA
TX-0004177,C-01777,Noah Kim,noah.kim4177@example.com,02/06/2024,240232.00,USD,pending,2,GB
TX-0004178,C-01778,Mia Martin,mia.martin4178@example.com,03/11/2024,131504.00,USD,refunded,3,AU
TX-0004179,C-01779,Liam Smith,liam.smith4179@example.com,04/04/2024,207961.00,USD,cancelled,4,DE
TX-0004180,C-01780,Sofia Brown,sofia.brown4180@example.com,05/09/2024,182897.00,USD,completed,5,US
TX-0004181,C-01781,  ETHAN WILSON  ,ethan.wilson4181@example.com,06/02/2024,233125.00,USD,pending,6,CA
TX-0004182,C-01782,Zoe Garcia,zoe.garcia4182@example.com,07/07/2024,189099.00,USD,refunded,7,GB
TX-0004183,C-01783,Mateo Nguyen,mateo.nguyen.invalid,08/12/2024,175427.00,USD,cancelled,8,AU
TX-0004184,C-01784,Ava Patel,ava.patel4184@example.com,09/05/2024,137724.00,USD,completed,1,DE
TX-0004185,C-01785,Noah Kim,noah.kim4185@example.com,10/10/2024,81153.00,USD,pending,2,US
TX-0004186,C-01786,Mia Martin,mia.martin4186@example.com,11/03/2024,42562.00,USD,refunded,3,CA
TX-0004187,C-01787,Liam Smith,liam.smith4187@example.com,12/08/2024,18514.00,USD,cancelled,4,GB
TX-0004188,C-01788,Sofia Brown,sofia.brown4188@example.com,01/01/2024,117021.00,USD,completed,5,AU
TX-0004189,C-01789,Ethan Wilson,ethan.wilson4189@example.com,02/06/2024,145581.00,USD,pending,6,DE
TX-0004190,C-01790,Zoe Garcia,zoe.garcia4190@example.com,03/11/2024,175406.00,USD,refunded,7,US
TX-0004191,C-01791,mateo nguyen,mateo.nguyen4191@example.com,04/04/2024,45226.00,USD,cancelled,8,CA
TX-0004192,C-01792,Ava Patel,ava.patel4192@example.com,05/09/2024,157009.00,USD,completed,1,gb
TX-0004193,C-01793,Noah Kim,noah.kim4193@example.com,06/02/2024,206151.00,USD,pending,2,AU
TX-0004194,C-01794,Mia Martin,mia.martin4194@example.com,07/07/2024,135005.00,USD,refunded,3,DE
TX-0004195,C-01795,Liam Smith,liam.smith4195@example.com,08/12/2024,99184.00,USD,cancelled,4,US
TX-0004196,C-01796,Sofia Brown,sofia.brown4196@example.com,09/05/2024,171597.00,USD,completed,5,CA
TX-0004197,C-01797,Ethan Wilson,ethan.wilson4197@example.com,10/10/2024,89354.00,USD,pending,6,GB
TX-0004198,C-01798,Zoe Garcia,zoe.garcia4198@example.com,11/03/2024,35030.00,USD,refunded,7,AU
TX-0004199,C-01799,Mateo Nguyen,mateo.nguyen4199@example.com,12/08/2024,105168.00,USD,cancelled,8,DE
TX-0004200,C-01800,Ava Patel,ava.patel4200@example.com,01/01/2024,163977.00,USD,completed,1,US
TX-0004201,C-01801,Noah Kim,noah.kim4201@example.com,02/06/2024,209976.00,USD,pending,2,CA
TX-0004202,C-01802,Mia Martin,mia.martin4202@example.com,03/11/2024,121331.00,USD,unknown,3,GB
TX-0004203,C-01803,Liam Smith,liam.smith4203@example.com,04/04/2024,8469.00,USD,cancelled,4,AU
TX-0004204,C-01804,Sofia Brown,sofia.brown4204@example.com,05/09/2024,126607.00,USD,completed,5,DE
TX-0004205,C-01805,Ethan Wilson,ethan.wilson4205@example.com,06/02/2024,227097.00,USD,pending,6,US
TX-0004206,C-01806,Zoe Garcia,zoe.garcia4206@example.com,07/07/2024,175325.00,USD,refunded,7,CA
TX-0004207,C-01807,Mateo Nguyen,mateo.nguyen4207@example.com,08/12/2024,139440.00,USD,cancelled,8,GB
TX-0004208,C-01808,Ava Patel,ava.patel4208@example.com,09/05/2024,5768.00,USD,completed,1,AU
TX-0004209,C-01809,Noah Kim,noah.kim4209@example.com,10/10/2024,115250.00,USD,pending,2,DE
TX-0004210,C-01810,Mia Martin,mia.martin4210@example.com,11/03/2024,19265.00,USD,refunded,3,US
TX-0004211,C-01811,Liam Smith,liam.smith4211@example.com,12/08/2024,41254.00,USD,cancelled,4,CA
TX-0004212,C-01812,Sofia Brown,sofia.brown4212@example.com,01/01/2024,50683.00,USD,completed,5,GB
TX-0004213,C-01813,Ethan Wilson,ethan.wilson4213@example.com,02/06/2024,157569.00,USD,pending,6,AU
TX-0004214,C-01814,Zoe Garcia,zoe.garcia4214@example.com,03/11/2024,100524.00,USD,refunded,7,DE
TX-0004215,C-01815,Mateo Nguyen,mateo.nguyen4215@example.com,04/04/2024,140127.00,USD,cancelled,8,US
TX-0004216,C-01816,Ava Patel,ava.patel4216@example.com,05/09/2024,60000.00,USD,completed,1,CA
TX-0004217,C-01817,Noah Kim,noah.kim4217@example.com,06/02/2024,112573.00,USD,pending,2,GB
TX-0004218,C-01818,Mia Martin,mia.martin4218@example.com,07/07/2024,85846.00,USD,refunded,3,AU
TX-0004219,C-01819,Liam Smith,liam.smith4219@example.com,08/12/2024,150717.00,USD,cancelled,4,DE
TX-0004220,C-01820,Sofia Brown,sofia.brown4220@example.com,09/05/2024,-9904.00,USD,completed,5,US
TX-0004221,C-01821,Ethan Wilson,ethan.wilson4221@example.com,10/10/2024,181272.00,USD,pending,6,CA
TX-0004222,C-01822,Zoe Garcia,zoe.garcia4222@example.com,11/03/2024,179198.00,USD,refunded,7,GB
TX-0004223,C-01823,Mateo Nguyen,mateo.nguyen4223@example.com,12/08/2024,134427.00,USD,cancelled,8,AU
TX-0004224,C-01824,Ava Patel,ava.patel4224@example.com,01/01/2024,156536.00,USD,completed,1,DE
TX-0004225,C-01825,Noah Kim,noah.kim4225@example.com,02/06/2024,212337.00,USD,pending,2,US
TX-0004226,C-01826,Mia Martin,mia.martin4226@example.com,03/11/2024,143367.00,USD,refunded,3,CA
TX-0004227,C-01827,Liam Smith,liam.smith4227@example.com,04/04/2024,69299.00,USD,cancelled,4,GB
TX-0004228,C-01828,Sofia Brown,sofia.brown4228@example.com,05/09/2024,182370.00,USD,completed,5,AU
TX-0004229,C-01829,Ethan Wilson,ethan.wilson4229@example.com,06/02/2024,137325.00,USD,pending,6,DE
TX-0004230,C-01830,Zoe Garcia,zoe.garcia4230@example.com,07/07/2024,45276.00,USD,refunded,7,US
TX-0004231,C-01831,Mateo Nguyen,mateo.nguyen4231@example.com,08/12/2024,166572.00,USD,cancelled,8,CA
TX-0004232,C-01832,Ava Patel,ava.patel4232@example.com,09/05/2024,20789.00,USD,completed,1,GB
TX-0004233,C-01833,Noah Kim,noah.kim4233@example.com,10/10/2024,248259.00,USD,pending,2,AU
TX-0004234,C-01834,Mia Martin,mia.martin4234@example.com,11/03/2024,72416.00,USD,refunded,3,DE
TX-0004235,C-01835,Liam Smith,liam.smith4235@example.com,12/08/2024,147357.00,USD,cancelled,4,US
TX-0004236,C-01836,Sofia Brown,sofia.brown4236@example.com,01/01/2024,116685.00,USD,completed,5,CA
TX-0004237,C-01837,Ethan Wilson,ethan.wilson4237@example.com,02/06/2024,,USD,pending,6,GB
TX-0004238,C-01838,Zoe Garcia,zoe.garcia4238@example.com,03/11/2024,108046.00,USD,refunded,7,AU
TX-0004239,C-01839,Mateo Nguyen,mateo.nguyen4239@example.com,04/04/2024,147792.00,USD,COMPLETE,8,DE
TX-0004240,C-01840,Ava Patel,ava.patel4240@example.com,05/09/2024,218995.00,USD,completed,1,US
TX-0004241,C-01841,Noah Kim,noah.kim4241@example.com,06/02/2024,68511.00,USD,pending,2,CA
TX-0004242,C-01842,Mia Martin,mia.martin4242@example.com,07/07/2024,232449.00,USD,refunded,3,GB
TX-0004243,C-01843,Liam Smith,liam.smith4243@example.com,08/12/2024,9293.00,USD,cancelled,4,AU
TX-0004244,C-01844,Sofia Brown,sofia.brown4244@example.com,09/05/2024,49945.00,USD,completed,5,DE
TX-0004245,C-01845,Ethan Wilson,ethan.wilson4245@example.com,10/10/2024,125241.00,USD,pending,6,US
TX-0004246,C-01846,Zoe Garcia,zoe.garcia4246@example.com,11/03/2024,181736.00,USD,refunded,7,CA
TX-0004247,C-01847,Mateo Nguyen,mateo.nguyen4247@example.com,12/08/2024,118150.00,USD,cancelled,8,GB
TX-0004248,C-01848,Ava Patel,ava.patel4248@example.com,01/01/2024,176546.00,USD,completed,1,AU
TX-0004249,C-01849,Noah Kim,noah.kim4249@example.com,02/06/2024,126426.00,USD,pending,2,DE
TX-0004250,C-01850,Mia Martin,mia.martin4250@example.com,03/11/2024,218200.00,USD,refunded,3,US
TX-0004251,C-01851,Liam Smith,liam.smith4251@example.com,04/04/2024,163591.00,USD,cancelled,4,CA
TX-0004252,C-01852,Sofia Brown,sofia.brown4252@example.com,05/09/2024,200734.00,USD,completed,5,GB
TX-0004253,C-01853,Ethan Wilson,ethan.wilson4253@example.com,06/02/2024,168456.00,USD,pending,6,AU
TX-0004254,C-01854,Zoe Garcia,zoe.garcia4254@example.com,07/07/2024,209302.00,USD,refunded,7,DE
TX-0004255,C-01855,Mateo Nguyen,mateo.nguyen4255@example.com,08/12/2024,177111.00,USD,cancelled,8,US
TX-0004256,C-01856,Ava Patel,ava.patel4256@example.com,09/05/2024,241593.00,USD,completed,1,CA
TX-0004257,C-01857,Noah Kim,noah.kim4257@example.com,10/10/2024,23076.00,USD,pending,2,GB
TX-0004258,C-01858,Mia Martin,mia.martin4258@example.com,11/03/2024,221855.00,USD,refunded,3,AU
TX-0004259,C-01859,Liam Smith,liam.smith4259@example.com,12/08/2024,110203.00,USD,cancelled,4,DE
TX-0004260,C-01860,Sofia Brown,sofia.brown4260@example.com,01/01/2024,175501.00,USD,completed,5,US
TX-0004261,C-01861,Ethan Wilson,ethan.wilson4261@example.com,02/06/2024,93909.00,USD,pending,6,CA
TX-0004262,C-01862,Zoe Garcia,zoe.garcia4262@example.com,03/11/2024,111804.00,USD,refunded,7,GB
TX-0004263,C-01863,Mateo Nguyen,mateo.nguyen4263@example.com,04/04/2024,62154.00,USD,cancelled,8,AU
TX-0004264,C-01864,Ava Patel,ava.patel4264@example.com,05/09/2024,203614.00,USD,completed,1,DE
TX-0004265,C-01865,Noah Kim,noah.kim4265@example.com,06/02/2024,188427.00,USD,pending,2,US
TX-0004266,C-01866,Mia Martin,mia.martin4266@example.com,07/07/2024,231153.00,USD,refunded,3,CA
TX-0004267,C-01867,Liam Smith,liam.smith4267@example.com,08/12/2024,128482.00,USD,cancelled,4,GB
TX-0004268,C-01868,Sofia Brown,,09/05/2024,65930.00,USD,completed,5,AU
TX-0004269,C-01869,Ethan Wilson,ethan.wilson4269@example.com,10/10/2024,215902.00,USD,pending,6,DE
TX-0004270,C-01870,Zoe Garcia,zoe.garcia4270@example.com,11/03/2024,223132.00,USD,refunded,7,US
TX-0004271,C-01871,Mateo Nguyen,mateo.nguyen4271@example.com,12/08/2024,206326.00,USD,cancelled,8,CA
TX-0004272,C-01872,Ava Patel,ava.patel.invalid,01/01/2024,135561.00,USD,completed,1,GB
TX-0004273,C-01873,Noah Kim,noah.kim4273@example.com,02/06/2024,60805.00,USD,pending,2,AU
TX-0004274,C-01874,Mia Martin,mia.martin4274@example.com,03/11/2024,167565.00,USD,refunded,3,DE
TX-0004275,C-01875,Liam Smith,liam.smith4275@example.com,04/04/2024,89262.00,USD,cancelled,4,US
TX-0004276,C-01876,Sofia Brown,sofia.brown4276@example.com,05/09/2024,7922.00,USD,completed,5,CA
TX-0004277,C-01877,Ethan Wilson,ethan.wilson4277@example.com,06/02/2024,6370.00,USD,pending,6,GB
TX-0004278,C-01878,Zoe Garcia,zoe.garcia4278@example.com,07/07/2024,161866.00,USD,refunded,7,AU
TX-0004279,C-01879,Mateo Nguyen,mateo.nguyen4279@example.com,08/12/2024,18895.00,USD,cancelled,8,DE
TX-0004280,C-01880,Ava Patel,ava.patel4280@example.com,09/05/2024,11935.00,USD,completed,1,US
TX-0004281,C-01881,Noah Kim,noah.kim4281@example.com,10/10/2024,15163.00,USD,pending,2,CA
TX-0004282,C-01882,Mia Martin,mia.martin4282@example.com,11/03/2024,199020.00,USD,refunded,3,GB
TX-0004283,C-01883,Liam Smith,liam.smith4283@example.com,12/08/2024,4446.00,USD,cancelled,4,AU
TX-0004284,C-01884,Sofia Brown,sofia.brown4284@example.com,01/01/2024,230306.00,USD,completed,5,DE
TX-0004285,C-01885,Ethan Wilson,ethan.wilson4285@example.com,02/06/2024,116643.00,USD,pending,6,US
TX-0004286,C-01886,Zoe Garcia,zoe.garcia4286@example.com,03/11/2024,120544.00,USD,refunded,7,CA
TX-0004287,C-01887,Mateo Nguyen,mateo.nguyen4287@example.com,04/04/2024,190476.00,USD,cancelled,8,GB
TX-0004288,C-01888,Ava Patel,ava.patel4288@example.com,05/09/2024,27470.00,USD,completed,1,AU
TX-0004289,C-01889,Noah Kim,noah.kim4289@example.com,06/02/2024,57182.00,USD,pending,2,DE
TX-0004290,C-01890,Mia Martin,mia.martin4290@example.com,07/07/2024,215234.00,USD,refunded,3,US
TX-0004291,C-01891,Liam Smith,liam.smith4291@example.com,08/12/2024,67130.00,USD,cancelled,4,CA
TX-0004292,C-01892,Sofia Brown,sofia.brown4292@example.com,09/05/2024,139416.00,USD,completed,5,GB
TX-0004293,C-01893,Ethan Wilson,ethan.wilson4293@example.com,10/10/2024,135040.00,USD,pending,6,AU
TX-0004294,C-01894,  ZOE GARCIA  ,zoe.garcia4294@example.com,11/03/2024,242003.00,USD,refunded,7,DE
TX-0004295,C-01895,Mateo Nguyen,mateo.nguyen4295@example.com,12/08/2024,89244.00,USD,cancelled,8,US
TX-0004296,C-01896,Ava Patel,ava.patel4296@example.com,01/01/2024,63419.00,USD,completed,1,CA
TX-0004297,C-01897,Noah Kim,noah.kim4297@example.com,02/06/2024,80723.00,USD,pending,2,GB
TX-0004298,C-01898,Mia Martin,mia.martin4298@example.com,03/11/2024,68535.00,USD,refunded,3,AU
TX-0004299,C-01899,Liam Smith,liam.smith4299@example.com,04/04/2024,200849.00,USD,cancelled,4,DE
TX-0004300,C-01900,Sofia Brown,sofia.brown4300@example.com,05/09/2024,839.00,USD,completed,5,US
TX-0004301,C-01901,Ethan Wilson,ethan.wilson4301@example.com,06/02/2024,113934.00,USD,pending,6,CA
TX-0004302,C-01902,Zoe Garcia,zoe.garcia4302@example.com,07/07/2024,2079.00,USD,refunded,7,GB
TX-0004303,C-01903,Mateo Nguyen,mateo.nguyen4303@example.com,08/12/2024,215831.00,USD,cancelled,8,AU
TX-0004304,C-01904,Ava Patel,ava.patel4304@example.com,09/05/2024,120937.00,USD,completed,1,DE
TX-0004305,C-01905,Noah Kim,noah.kim4305@example.com,10/10/2024,225093.00,USD,pending,2,US
TX-0004306,C-01906,Mia Martin,mia.martin4306@example.com,11/03/2024,230630.00,USD,refunded,3,CA
TX-0004307,C-01907,Liam Smith,liam.smith4307@example.com,12/08/2024,102626.00,USD,cancelled,4,GB
TX-0004308,C-01908,Sofia Brown,sofia.brown4308@example.com,01/01/2024,175044.00,USD,completed,5,AU
TX-0004309,C-01909,Ethan Wilson,ethan.wilson4309@example.com,02/06/2024,81361.00,USD,pending,6,DE
TX-0004310,C-01910,Zoe Garcia,zoe.garcia4310@example.com,03/11/2024,247047.00,USD,refunded,7,US
TX-0004311,C-01911,Mateo Nguyen,mateo.nguyen4311@example.com,04/04/2024,170888.00,USD,cancelled,8,CA
TX-0004312,C-01912,Ava Patel,ava.patel4312@example.com,05/09/2024,144850.00,USD,completed,1,GB
TX-0004313,C-01913,Noah Kim,noah.kim4313@example.com,06/02/2024,198791.00,USD,pending,2,AU
TX-0004314,C-01914,Mia Martin,mia.martin4314@example.com,07/07/2024,53491.00,USD,refunded,3,DE
TX-0004315,C-01915,Liam Smith,liam.smith4315@example.com,08/12/2024,93918.00,USD,cancelled,4,US
TX-0004316,C-01916,Sofia Brown,sofia.brown4316@example.com,09/05/2024,105823.00,USD,completed,5,CA
TX-0004317,C-01917,Ethan Wilson,ethan.wilson4317@example.com,10/10/2024,93663.00,USD,pending,6,GB
TX-0004318,C-01918,zoe garcia,zoe.garcia4318@example.com,11/03/2024,203382.00,USD,refunded,7,AU
TX-0004319,C-01919,Mateo Nguyen,mateo.nguyen4319@example.com,12/08/2024,115347.00,USD,cancelled,8,DE
TX-0004320,C-01920,Ava Patel,ava.patel4320@example.com,01/01/2024,200401.00,USD,completed,1,US
TX-0004321,C-01921,Noah Kim,noah.kim4321@example.com,02/06/2024,170664.00,usd,pending,2,CA
TX-0004322,C-01922,Mia Martin,mia.martin4322@example.com,03/11/2024,153981.00,USD,refunded,3,GB
TX-0004323,C-01923,Liam Smith,liam.smith4323@example.com,04/04/2024,3822.00,USD,cancelled,4,au
TX-0004324,C-01924,Sofia Brown,sofia.brown4324@example.com,05/09/2024,163160.00,USD,completed,5,DE
TX-0004325,C-01925,Ethan Wilson,ethan.wilson4325@example.com,06/02/2024,198210.00,USD,pending,6,USA
TX-0004326,C-01926,Zoe Garcia,zoe.garcia4326@example.com,07/07/2024,115411.00,USD,refunded,7,CA
TX-0004327,C-01927,Mateo Nguyen,mateo.nguyen4327@example.com,08/12/2024,49423.00,USD,cancelled,8,GB
TX-0004328,C-01928,Ava Patel,ava.patel4328@example.com,09/05/2024,111363.00,USD,completed,1,AU
TX-0004329,C-01929,Noah Kim,noah.kim4329@example.com,10/10/2024,97537.00,USD,pending,2,DE
TX-0004330,C-01930,Mia Martin,mia.martin4330@example.com,11/03/2024,23732.00,USD,refunded,3,US
TX-0004331,C-01931,Liam Smith,liam.smith4331@example.com,12/08/2024,101599.00,USD,cancelled,4,CA
TX-0004332,C-01932,Sofia Brown,sofia.brown4332@example.com,01/01/2024,206788.00,USD,completed,5,GB
TX-0004333,C-01933,Ethan Wilson,ethan.wilson4333@example.com,02/06/2024,30596.00,USD,pending,6,AU
TX-0004334,C-01934,Zoe Garcia,zoe.garcia4334@example.com,03/11/2024,19783.00,USD,refunded,7,DE
TX-0004335,C-01935,Mateo Nguyen,mateo.nguyen4335@example.com,04/04/2024,178046.00,USD,cancelled,8,US
TX-0004336,C-01936,Ava Patel,ava.patel4336@example.com,05/09/2024,187245.00,USD,completed,1,CA
TX-0004337,C-01937,Noah Kim,noah.kim4337@example.com,06/02/2024,233114.00,USD,pending,2,GB
TX-0004338,C-01938,Mia Martin,mia.martin4338@example.com,07/07/2024,118789.00,USD,refunded,3,AU
TX-0004339,C-01939,Liam Smith,liam.smith4339@example.com,08/12/2024,710.00,USD,cancelled,4,DE
TX-0004340,C-01940,Sofia Brown,sofia.brown4340@example.com,09/05/2024,236737.00,USD,completed,5,US
TX-0004341,C-01941,Ethan Wilson,ethan.wilson4341@example.com,10/10/2024,108117.00,USD,pending,6,CA
TX-0004342,C-01942,Zoe Garcia,zoe.garcia4342@example.com,11/03/2024,210595.00,USD,refunded,7,GB
TX-0004343,C-01943,Mateo Nguyen,mateo.nguyen4343@example.com,12/08/2024,170686.00,USD,cancelled,8,AU
TX-0004344,C-01944,Ava Patel,ava.patel4344@example.com,01/01/2024,240533.00, USD ,completed,1,DE
TX-0004345,C-01945,Noah Kim,noah.kim4345@example.com,02/06/2024,104456.00,USD,pending,2,US
TX-0004346,C-01946,Mia Martin,mia.martin4346@example.com,03/11/2024,30708.00,USD,refunded,3,CA
TX-0004347,C-01947,Liam Smith,liam.smith4347@example.com,04/04/2024,7971.00,USD,cancelled,4,GB
TX-0004348,C-01948,Sofia Brown,sofia.brown4348@example.com,05/09/2024,245818.00,USD,completed,5,AU
TX-0004349,C-01949,Ethan Wilson,ethan.wilson4349@example.com,06/02/2024,229582.00,USD,pending,6,DE
TX-0004350,C-01950,Zoe Garcia,zoe.garcia4350@example.com,07/07/2024,219368.00,USD,refunded,7,US
TX-0004351,C-01951,Mateo Nguyen,mateo.nguyen4351@example.com,08/12/2024,174702.00,USD,cancelled,8,CA
TX-0004352,C-01952,Ava Patel,ava.patel4352@example.com,09/05/2024,181524.00,USD,completed,1,GB
TX-0004353,C-01953,Noah Kim,noah.kim4353@example.com,10/10/2024,182591.00,USD,pending,2,AU
TX-0004354,C-01954,Mia Martin,mia.martin4354@example.com,11/03/2024,213779.00,USD,refunded,3,DE
TX-0004355,C-01955,Liam Smith,liam.smith4355@example.com,12/08/2024,5098.00,USD,cancelled,4,US
TX-0004356,C-01956,Sofia Brown,sofia.brown4356@example.com,01/01/2024,47653.00,USD,completed,5,CA
TX-0004357,C-01957,Ethan Wilson,ethan.wilson4357@example.com,02/06/2024,168164.00,USD,pending,6,GB
TX-0004358,C-01958,Zoe Garcia,zoe.garcia4358@example.com,03/11/2024,172087.00,USD,refunded,7,AU
TX-0004359,C-01959,Mateo Nguyen,mateo.nguyen4359@example.com,04/04/2024,73352.00,USD,cancelled,8,DE
TX-0004360,C-01960,Ava Patel,ava.patel4360@example.com,05/09/2024,172325.00,USD,completed,1,US
TX-0004361,C-01961,Noah Kim,noah.kim.invalid,06/02/2024,197308.00,USD,pending,2,CA
TX-0004362,C-01962,Mia Martin,mia.martin4362@example.com,07/07/2024,57923.00,USD,refunded,3,GB
TX-0004363,C-01963,Liam Smith,liam.smith4363@example.com,08/12/2024,181539.00,USD,cancelled,4,AU
TX-0004364,C-01964,Sofia Brown,sofia.brown4364@example.com,09/05/2024,62845.00,USD,completed,5,DE
TX-0004365,C-01965,Ethan Wilson,,10/10/2024,228768.00,USD,pending,6,US
TX-0004366,C-01966,Zoe Garcia,zoe.garcia4366@example.com,11/03/2024,228393.00,USD,refunded,7,CA
TX-0004367,C-01967,Mateo Nguyen,mateo.nguyen4367@example.com,12/08/2024,59814.00,USD,cancelled,8,GB
TX-0004368,C-01968,Ava Patel,ava.patel4368@example.com,01/01/2024,172798.00,USD,completed,1,AU
TX-0004369,C-01969,Noah Kim,noah.kim4369@example.com,02/06/2024,196126.00,USD,pending,2,DE
TX-0004370,C-01970,Mia Martin,mia.martin4370@example.com,03/11/2024,231277.00,USD,refunded,3,US
TX-0004371,C-01971,Liam Smith,liam.smith4371@example.com,04/04/2024,246518.00,USD,cancelled,4,CA
TX-0004372,C-01972,Sofia Brown,sofia.brown4372@example.com,05/09/2024,75017.00,USD,completed,5,GB
TX-0004373,C-01973,Ethan Wilson,ethan.wilson4373@example.com,06/02/2024,202764.00,USD,pending,6,AU
TX-0004374,C-01974,Zoe Garcia,zoe.garcia4374@example.com,07/07/2024,136513.00,USD,refunded,7,DE
TX-0004375,C-01975,Mateo Nguyen,mateo.nguyen4375@example.com,08/12/2024,197488.00,USD,cancelled,8,US
TX-0004376,C-01976,Ava Patel,ava.patel4376@example.com,09/05/2024,211793.00,USD,completed,1,CA
TX-0004377,C-01977,Noah Kim,noah.kim4377@example.com,10/10/2024,75362.00,USD,pending,2,GB
TX-0004378,C-01978,Mia Martin,mia.martin4378@example.com,11/03/2024,113561.00,USD,refunded,3,AU
TX-0004379,C-01979,Liam Smith,liam.smith4379@example.com,12/08/2024,245595.00,USD,cancelled,4,DE
TX-0004380,C-01980,Sofia Brown,sofia.brown4380@example.com,01/01/2024,195515.00,USD,completed,5,US
TX-0004381,C-01981,Ethan Wilson,ethan.wilson4381@example.com,02/06/2024,60072.00,USD,pending,6,CA
TX-0004382,C-01982,Zoe Garcia,zoe.garcia4382@example.com,03/11/2024,48900.00,USD,refunded,7,GB
TX-0004383,C-01983,Mateo Nguyen,mateo.nguyen4383@example.com,04/04/2024,133428.00,USD,cancelled,8,AU
TX-0004384,C-01984,Ava Patel,ava.patel4384@example.com,05/09/2024,77243.00,USD,completed,1,DE
TX-0004385,C-01985,Noah Kim,noah.kim4385@example.com,06/02/2024,119866.00,USD,pending,2,US
TX-0004386,C-01986,Mia Martin,mia.martin4386@example.com,07/07/2024,41093.00,USD,refunded,3,CA
TX-0004387,C-01987,Liam Smith,liam.smith4387@example.com,08/12/2024,9844.00,USD,cancelled,4,GB
TX-0004388,C-01988,Sofia Brown,sofia.brown4388@example.com,09/05/2024,142171.00,USD,completed,5,AU
TX-0004389,C-01989,Ethan Wilson,ethan.wilson4389@example.com,10/10/2024,88717.00,USD,pending,6,DE
TX-0004390,C-01990,Zoe Garcia,zoe.garcia4390@example.com,11/03/2024,53688.00,USD,refunded,7,US
TX-0004391,C-01991,Mateo Nguyen,mateo.nguyen4391@example.com,12/08/2024,10612.00,USD,cancelled,8,CA
TX-0004392,C-01992,Ava Patel,ava.patel4392@example.com,01/01/2024,213664.00,USD,completed,1,GB
TX-0004393,C-01993,Noah Kim,noah.kim4393@example.com,02/06/2024,55338.00,USD,unknown,2,AU
TX-0004394,C-01994,Mia Martin,mia.martin4394@example.com,03/11/2024,125031.00,USD,refunded,3,DE
TX-0004395,C-01995,Liam Smith,liam.smith4395@example.com,04/04/2024,3553.00,USD,cancelled,4,US
TX-0004396,C-01996,Sofia Brown,sofia.brown4396@example.com,05/09/2024,37079.00,USD,COMPLETE,5,CA
TX-0004397,C-01997,Ethan Wilson,ethan.wilson4397@example.com,06/02/2024,141326.00,USD,pending,6,GB
TX-0004398,C-01998,Zoe Garcia,zoe.garcia4398@example.com,07/07/2024,128250.00,USD,refunded,7,AU
TX-0004399,C-01999,Mateo Nguyen,mateo.nguyen4399@example.com,08/12/2024,178829.00,USD,cancelled,8,DE
TX-0004400,C-02000,Ava Patel,ava.patel4400@example.com,09/05/2024,200628.00,USD,completed,1,US
TX-0004401,C-02001,Noah Kim,noah.kim4401@example.com,10/10/2024,197197.00,USD,pending,2,CA
TX-0004402,C-02002,Mia Martin,mia.martin4402@example.com,11/03/2024,10215.00,USD,refunded,3,GB
TX-0004403,C-02003,Liam Smith,liam.smith4403@example.com,12/08/2024,38962.00,USD,cancelled,4,AU
TX-0004404,C-02004,Sofia Brown,sofia.brown4404@example.com,01/01/2024,244586.00,USD,completed,5,DE
TX-0004405,C-02005,Ethan Wilson,ethan.wilson4405@example.com,02/06/2024,229338.00,USD,pending,6,US
TX-0004406,C-02006,Zoe Garcia,zoe.garcia4406@example.com,03/11/2024,176748.00,USD,refunded,7,CA
TX-0004407,C-02007,  MATEO NGUYEN  ,mateo.nguyen4407@example.com,04/04/2024,58351.00,USD,cancelled,8,GB
TX-0004408,C-02008,Ava Patel,ava.patel4408@example.com,05/09/2024,18514.00,USD,completed,1,AU
TX-0004409,C-02009,Noah Kim,noah.kim4409@example.com,06/02/2024,9867.00,USD,pending,2,DE
TX-0004410,C-02010,Mia Martin,mia.martin4410@example.com,07/07/2024,86174.00,USD,refunded,3,US
TX-0004411,C-02011,Liam Smith,liam.smith4411@example.com,08/12/2024,101043.00,USD,cancelled,4,CA
TX-0004412,C-02012,Sofia Brown,sofia.brown4412@example.com,09/05/2024,23757.00,USD,completed,5,GB
TX-0004413,C-02013,Ethan Wilson,ethan.wilson4413@example.com,10/10/2024,53261.00,USD,pending,6,AU
TX-0004414,C-02014,Zoe Garcia,zoe.garcia4414@example.com,11/03/2024,70457.00,USD,refunded,7,DE
TX-0004415,C-02015,Mateo Nguyen,mateo.nguyen4415@example.com,12/08/2024,84528.00,USD,cancelled,8,US
TX-0004416,C-02016,Ava Patel,ava.patel4416@example.com,01/01/2024,157605.00,USD,completed,1,CA
TX-0004417,C-02017,Noah Kim,noah.kim4417@example.com,02/06/2024,166544.00,USD,pending,2,GB
TX-0004418,C-02018,Mia Martin,mia.martin4418@example.com,03/11/2024,150712.00,USD,refunded,3,AU
TX-0004419,C-02019,Liam Smith,liam.smith4419@example.com,04/04/2024,2095.00,USD,cancelled,4,DE
TX-0004420,C-02020,Sofia Brown,sofia.brown4420@example.com,05/09/2024,111634.00,USD,completed,5,US
TX-0004421,C-02021,Ethan Wilson,ethan.wilson4421@example.com,06/02/2024,82954.00,USD,pending,6,CA
TX-0004422,C-02022,Zoe Garcia,zoe.garcia4422@example.com,07/07/2024,66572.00,USD,refunded,7,GB
TX-0004423,C-02023,Mateo Nguyen,mateo.nguyen4423@example.com,08/12/2024,207063.00,USD,cancelled,8,AU
TX-0004424,C-02024,Ava Patel,ava.patel4424@example.com,09/05/2024,60447.00,USD,completed,1,DE
TX-0004425,C-02025,Noah Kim,noah.kim4425@example.com,10/10/2024,8519.00,USD,pending,2,US
TX-0004426,C-02026,Mia Martin,mia.martin4426@example.com,11/03/2024,143205.00,USD,refunded,3,CA
TX-0004427,C-02027,Liam Smith,liam.smith4427@example.com,12/08/2024,111353.00,USD,cancelled,4,GB
TX-0004428,C-02028,Sofia Brown,sofia.brown4428@example.com,01/01/2024,23939.00,USD,completed,5,AU
TX-0004429,C-02029,Ethan Wilson,ethan.wilson4429@example.com,02/06/2024,44184.00,USD,pending,6,DE
TX-0004430,C-02030,Zoe Garcia,zoe.garcia4430@example.com,03/11/2024,17712.00,USD,refunded,7,US
TX-0004431,C-02031,Mateo Nguyen,mateo.nguyen4431@example.com,04/04/2024,-6547.00,USD,cancelled,8,CA
TX-0004432,C-02032,Ava Patel,ava.patel4432@example.com,05/09/2024,172625.00,USD,completed,1,GB
TX-0004433,C-02033,Noah Kim,noah.kim4433@example.com,06/02/2024,4538.00,USD,pending,2,AU
TX-0004434,C-02034,Mia Martin,mia.martin4434@example.com,07/07/2024,44635.00,USD,refunded,3,DE
TX-0004435,C-02035,Liam Smith,liam.smith4435@example.com,08/12/2024,103227.00,USD,cancelled,4,US
TX-0004436,C-02036,Sofia Brown,sofia.brown4436@example.com,09/05/2024,128880.00,USD,completed,5,CA
TX-0004437,C-02037,Ethan Wilson,ethan.wilson4437@example.com,10/10/2024,14317.00,USD,pending,6,GB
TX-0004438,C-02038,Zoe Garcia,zoe.garcia4438@example.com,11/03/2024,221526.00,USD,refunded,7,AU
TX-0004439,C-02039,Mateo Nguyen,mateo.nguyen4439@example.com,12/08/2024,169870.00,USD,cancelled,8,DE
TX-0004440,C-02040,Ava Patel,ava.patel4440@example.com,01/01/2024,38947.00,USD,completed,1,US
TX-0004441,C-02041,Noah Kim,noah.kim4441@example.com,02/06/2024,214639.00,USD,pending,2,CA
TX-0004442,C-02042,Mia Martin,mia.martin4442@example.com,03/11/2024,51916.00,USD,refunded,3,GB
TX-0004443,C-02043,Liam Smith,liam.smith4443@example.com,04/04/2024,67304.00,USD,cancelled,4,AU
TX-0004444,C-02044,Sofia Brown,sofia.brown4444@example.com,05/09/2024,236655.00,USD,completed,5,DE
TX-0004445,C-02045,ethan wilson,ethan.wilson4445@example.com,06/02/2024,76453.00,USD,pending,6,US
TX-0004446,C-02046,Zoe Garcia,zoe.garcia4446@example.com,07/07/2024,58562.00,USD,refunded,7,CA
TX-0004447,C-02047,Mateo Nguyen,mateo.nguyen4447@example.com,08/12/2024,213305.00,USD,cancelled,8,GB
TX-0004448,C-02048,Ava Patel,ava.patel4448@example.com,09/05/2024,129748.00,USD,completed,1,AU
TX-0004449,C-02049,Noah Kim,noah.kim4449@example.com,10/10/2024,121412.00,USD,pending,2,DE
TX-0004450,C-02050,Mia Martin,mia.martin.invalid,11/03/2024,10727.00,USD,refunded,3,US
TX-0004451,C-02051,Liam Smith,liam.smith4451@example.com,12/08/2024,159578.00,USD,cancelled,4,CA
TX-0004452,C-02052,Sofia Brown,sofia.brown4452@example.com,01/01/2024,101086.00,USD,completed,5,GB
TX-0004453,C-02053,Ethan Wilson,ethan.wilson4453@example.com,02/06/2024,41616.00,USD,pending,6,AU
TX-0004454,C-02054,Zoe Garcia,zoe.garcia4454@example.com,03/11/2024,75696.00,USD,refunded,7,de
TX-0004455,C-02055,Mateo Nguyen,mateo.nguyen4455@example.com,04/04/2024,177638.00,USD,cancelled,8,US
TX-0004456,C-02056,Ava Patel,ava.patel4456@example.com,05/09/2024,12045.00,USD,completed,1,CA
TX-0004457,C-02057,Noah Kim,noah.kim4457@example.com,06/02/2024,68051.00,USD,pending,2,GB
TX-0004458,C-02058,Mia Martin,mia.martin4458@example.com,07/07/2024,89831.00,USD,refunded,3,AU
TX-0004459,C-02059,Liam Smith,liam.smith4459@example.com,08/12/2024,178162.00,USD,cancelled,4,DE
TX-0004460,C-02060,Sofia Brown,sofia.brown4460@example.com,09/05/2024,,USD,completed,5,US
TX-0004461,C-02061,Ethan Wilson,ethan.wilson4461@example.com,10/10/2024,91420.00,USD,pending,6,CA
TX-0004462,C-02062,Zoe Garcia,,11/03/2024,159412.00,USD,refunded,7,GB
TX-0004463,C-02063,Mateo Nguyen,mateo.nguyen4463@example.com,12/08/2024,134642.00,USD,cancelled,8,AU
TX-0004464,C-02064,Ava Patel,ava.patel4464@example.com,01/01/2024,242904.00,USD,completed,1,DE
TX-0004465,C-02065,Noah Kim,noah.kim4465@example.com,02/06/2024,177560.00,USD,pending,2,US
TX-0004466,C-02066,Mia Martin,mia.martin4466@example.com,03/11/2024,180737.00,USD,refunded,3,CA
TX-0004467,C-02067,Liam Smith,liam.smith4467@example.com,04/04/2024,117280.00,USD,cancelled,4,GB
TX-0004468,C-02068,Sofia Brown,sofia.brown4468@example.com,05/09/2024,79333.00,USD,completed,5,AU
TX-0004469,C-02069,Ethan Wilson,ethan.wilson4469@example.com,06/02/2024,213955.00,USD,pending,6,DE
TX-0004470,C-02070,Zoe Garcia,zoe.garcia4470@example.com,07/07/2024,41792.00,usd,refunded,7,US
TX-0004471,C-02071,Mateo Nguyen,mateo.nguyen4471@example.com,08/12/2024,73166.00,USD,cancelled,8,CA
TX-0004472,C-02072,Ava Patel,ava.patel4472@example.com,09/05/2024,11761.00,USD,completed,1,GB
TX-0004473,C-02073,Noah Kim,noah.kim4473@example.com,10/10/2024,233292.00,USD,pending,2,AU
TX-0004474,C-02074,Mia Martin,mia.martin4474@example.com,11/03/2024,242158.00,USD,refunded,3,DE
TX-0004475,C-02075,Liam Smith,liam.smith4475@example.com,12/08/2024,95152.00,USD,cancelled,4,US
TX-0004476,C-02076,Sofia Brown,sofia.brown4476@example.com,01/01/2024,8721.00,USD,completed,5,CA
TX-0004477,C-02077,Ethan Wilson,ethan.wilson4477@example.com,02/06/2024,69652.00,USD,pending,6,GB
TX-0004478,C-02078,Zoe Garcia,zoe.garcia4478@example.com,03/11/2024,243019.00,USD,refunded,7,AU
TX-0004479,C-02079,Mateo Nguyen,mateo.nguyen4479@example.com,04/04/2024,60516.00,USD,cancelled,8,DE
TX-0004480,C-02080,Ava Patel,ava.patel4480@example.com,05/09/2024,199695.00,USD,completed,1,US
TX-0004481,C-02081,Noah Kim,noah.kim4481@example.com,06/02/2024,162717.00,USD,pending,2,CA
TX-0004482,C-02082,Mia Martin,mia.martin4482@example.com,07/07/2024,192302.00,USD,refunded,3,GB
TX-0004483,C-02083,Liam Smith,liam.smith4483@example.com,08/12/2024,163903.00,USD,cancelled,4,AU
TX-0004484,C-02084,Sofia Brown,sofia.brown4484@example.com,09/05/2024,1165.00,USD,completed,5,DE
TX-0004485,C-02085,Ethan Wilson,ethan.wilson4485@example.com,10/10/2024,243508.00,USD,pending,6,US
TX-0004486,C-02086,Zoe Garcia,zoe.garcia4486@example.com,11/03/2024,94995.00,USD,refunded,7,CA
TX-0004487,C-02087,Mateo Nguyen,mateo.nguyen4487@example.com,12/08/2024,201614.00,USD,cancelled,8,GB
TX-0004488,C-02088,Ava Patel,ava.patel4488@example.com,01/01/2024,84325.00,USD,completed,1,AU
TX-0004489,C-02089,Noah Kim,noah.kim4489@example.com,02/06/2024,65461.00,USD,pending,2,DE
TX-0004490,C-02090,Mia Martin,mia.martin4490@example.com,03/11/2024,76802.00,USD,refunded,3,US
TX-0004491,C-02091,Liam Smith,liam.smith4491@example.com,04/04/2024,82278.00,USD,cancelled,4,CA
TX-0004492,C-02092,Sofia Brown,sofia.brown4492@example.com,05/09/2024,42555.00,USD,completed,5,GB
TX-0004493,C-02093,Ethan Wilson,ethan.wilson4493@example.com,06/02/2024,207243.00,USD,pending,6,AU
TX-0004494,C-02094,Zoe Garcia,zoe.garcia4494@example.com,07/07/2024,206591.00,USD,refunded,7,DE
TX-0004495,C-02095,Mateo Nguyen,mateo.nguyen4495@example.com,08/12/2024,151164.00,USD,cancelled,8,US
TX-0004496,C-02096,Ava Patel,ava.patel4496@example.com,09/05/2024,62389.00,USD,completed,1,CA
TX-0004497,C-02097,Noah Kim,noah.kim4497@example.com,10/10/2024,166086.00,USD,pending,2,GB
TX-0004498,C-02098,Mia Martin,mia.martin4498@example.com,11/03/2024,173694.00,USD,refunded,3,USA
TX-0004499,C-02099,Liam Smith,liam.smith4499@example.com,12/08/2024,99214.00,USD,cancelled,4,DE
TX-0004500,C-02100,Sofia Brown,sofia.brown4500@example.com,01/01/2024,132043.00,USD,completed,5,US
TX-0004501,C-02101,Ethan Wilson,ethan.wilson4501@example.com,02/06/2024,237097.00,USD,pending,6,CA
TX-0004502,C-02102,Zoe Garcia,zoe.garcia4502@example.com,03/11/2024,17714.00,USD,refunded,7,GB
TX-0004503,C-02103,Mateo Nguyen,mateo.nguyen4503@example.com,04/04/2024,144187.00,USD,cancelled,8,AU
TX-0004504,C-02104,Ava Patel,ava.patel4504@example.com,05/09/2024,30937.00,USD,completed,1,DE
TX-0004505,C-02105,Noah Kim,noah.kim4505@example.com,06/02/2024,193870.00,USD,pending,2,US
TX-0004506,C-02106,Mia Martin,mia.martin4506@example.com,07/07/2024,112608.00,USD,refunded,3,CA
TX-0004507,C-02107,Liam Smith,liam.smith4507@example.com,08/12/2024,45146.00,USD,cancelled,4,GB
TX-0004508,C-02108,Sofia Brown,sofia.brown4508@example.com,09/05/2024,78037.00,USD,completed,5,AU
TX-0004509,C-02109,Ethan Wilson,ethan.wilson4509@example.com,10/10/2024,30443.00,USD,pending,6,DE
TX-0004510,C-02110,Zoe Garcia,zoe.garcia4510@example.com,11/03/2024,137128.00,USD,refunded,7,US
TX-0004511,C-02111,Mateo Nguyen,mateo.nguyen4511@example.com,12/08/2024,135432.00,USD,cancelled,8,CA
TX-0004512,C-02112,Ava Patel,ava.patel4512@example.com,01/01/2024,116020.00,USD,completed,1,GB
TX-0004513,C-02113,Noah Kim,noah.kim4513@example.com,02/06/2024,84811.00,USD,pending,2,AU
TX-0004514,C-02114,Mia Martin,mia.martin4514@example.com,03/11/2024,222596.00,USD,refunded,3,DE
TX-0004515,C-02115,Liam Smith,liam.smith4515@example.com,04/04/2024,99372.00,USD,cancelled,4,US
TX-0004516,C-02116,Sofia Brown,sofia.brown4516@example.com,05/09/2024,157712.00,USD,completed,5,CA
TX-0004517,C-02117,Ethan Wilson,ethan.wilson4517@example.com,06/02/2024,188113.00,USD,pending,6,GB
TX-0004518,C-02118,Zoe Garcia,zoe.garcia4518@example.com,07/07/2024,20813.00,USD,refunded,7,AU
TX-0004519,C-02119,Mateo Nguyen,mateo.nguyen4519@example.com,08/12/2024,142274.00,USD,cancelled,8,DE
TX-0004520,C-02120,  AVA PATEL  ,ava.patel4520@example.com,09/05/2024,173652.00,USD,completed,1,US
TX-0004521,C-02121,Noah Kim,noah.kim4521@example.com,10/10/2024,245378.00,USD,pending,2,CA
TX-0004522,C-02122,Mia Martin,mia.martin4522@example.com,11/03/2024,91968.00,USD,refunded,3,GB
TX-0004523,C-02123,Liam Smith,liam.smith4523@example.com,12/08/2024,714.00,USD,cancelled,4,AU
TX-0004524,C-02124,Sofia Brown,sofia.brown4524@example.com,01/01/2024,122940.00,USD,completed,5,DE
TX-0004525,C-02125,Ethan Wilson,ethan.wilson4525@example.com,02/06/2024,35723.00, USD ,pending,6,US
TX-0004526,C-02126,Zoe Garcia,zoe.garcia4526@example.com,03/11/2024,170611.00,USD,refunded,7,CA
TX-0004527,C-02127,Mateo Nguyen,mateo.nguyen4527@example.com,04/04/2024,78010.00,USD,cancelled,8,GB
TX-0004528,C-02128,Ava Patel,ava.patel4528@example.com,05/09/2024,56473.00,USD,completed,1,AU
TX-0004529,C-02129,Noah Kim,noah.kim4529@example.com,06/02/2024,60072.00,USD,pending,2,DE
TX-0004530,C-02130,Mia Martin,mia.martin4530@example.com,07/07/2024,49129.00,USD,refunded,3,US
TX-0004531,C-02131,Liam Smith,liam.smith4531@example.com,08/12/2024,75043.00,USD,cancelled,4,CA
TX-0004532,C-02132,Sofia Brown,sofia.brown4532@example.com,09/05/2024,39478.00,USD,completed,5,GB
TX-0004533,C-02133,Ethan Wilson,ethan.wilson4533@example.com,10/10/2024,169533.00,USD,pending,6,AU
TX-0004534,C-02134,Zoe Garcia,zoe.garcia4534@example.com,11/03/2024,118512.00,USD,refunded,7,DE
TX-0004535,C-02135,Mateo Nguyen,mateo.nguyen4535@example.com,12/08/2024,89851.00,USD,cancelled,8,US
TX-0004536,C-02136,Ava Patel,ava.patel4536@example.com,01/01/2024,13149.00,USD,completed,1,CA
TX-0004537,C-02137,Noah Kim,noah.kim4537@example.com,02/06/2024,84779.00,USD,pending,2,GB
TX-0004538,C-02138,Mia Martin,mia.martin4538@example.com,03/11/2024,173471.00,USD,refunded,3,AU
TX-0004539,C-02139,Liam Smith,liam.smith.invalid,04/04/2024,113667.00,USD,cancelled,4,DE
TX-0004540,C-02140,Sofia Brown,sofia.brown4540@example.com,05/09/2024,232067.00,USD,completed,5,US
TX-0004541,C-02141,Ethan Wilson,ethan.wilson4541@example.com,06/02/2024,111444.00,USD,pending,6,CA
TX-0004542,C-02142,Zoe Garcia,zoe.garcia4542@example.com,07/07/2024,164634.00,USD,refunded,7,GB
TX-0004543,C-02143,Mateo Nguyen,mateo.nguyen4543@example.com,08/12/2024,18719.00,USD,cancelled,8,AU
TX-0004544,C-02144,Ava Patel,ava.patel4544@example.com,09/05/2024,115135.00,USD,completed,1,DE
TX-0004545,C-02145,Noah Kim,noah.kim4545@example.com,10/10/2024,242579.00,USD,pending,2,US
TX-0004546,C-02146,Mia Martin,mia.martin4546@example.com,11/03/2024,25508.00,USD,refunded,3,CA
TX-0004547,C-02147,Liam Smith,liam.smith4547@example.com,12/08/2024,207130.00,USD,cancelled,4,GB
TX-0004548,C-02148,Sofia Brown,sofia.brown4548@example.com,01/01/2024,42581.00,USD,completed,5,AU
TX-0004549,C-02149,Ethan Wilson,ethan.wilson4549@example.com,02/06/2024,31532.00,USD,pending,6,DE
TX-0004550,C-02150,Zoe Garcia,zoe.garcia4550@example.com,03/11/2024,39177.00,USD,refunded,7,US
TX-0004551,C-02151,Mateo Nguyen,mateo.nguyen4551@example.com,04/04/2024,1534.00,USD,cancelled,8,CA
TX-0004552,C-02152,Ava Patel,ava.patel4552@example.com,05/09/2024,224370.00,USD,completed,1,GB
TX-0004553,C-02153,Noah Kim,noah.kim4553@example.com,06/02/2024,86323.00,USD,COMPLETE,2,AU
TX-0004554,C-02154,Mia Martin,mia.martin4554@example.com,07/07/2024,194005.00,USD,refunded,3,DE
TX-0004555,C-02155,Liam Smith,liam.smith4555@example.com,08/12/2024,114732.00,USD,cancelled,4,US
TX-0004556,C-02156,Sofia Brown,sofia.brown4556@example.com,09/05/2024,46391.00,USD,completed,5,CA
TX-0004557,C-02157,Ethan Wilson,ethan.wilson4557@example.com,10/10/2024,36995.00,USD,pending,6,GB
TX-0004558,C-02158,Zoe Garcia,zoe.garcia4558@example.com,11/03/2024,195220.00,USD,refunded,7,AU
TX-0004559,C-02159,Mateo Nguyen,,12/08/2024,151407.00,USD,cancelled,8,DE
TX-0004560,C-02160,Ava Patel,ava.patel4560@example.com,01/01/2024,237712.00,USD,completed,1,US
TX-0004561,C-02161,Noah Kim,noah.kim4561@example.com,02/06/2024,230929.00,USD,pending,2,CA
TX-0004562,C-02162,Mia Martin,mia.martin4562@example.com,03/11/2024,39400.00,USD,refunded,3,GB
TX-0004563,C-02163,Liam Smith,liam.smith4563@example.com,04/04/2024,59516.00,USD,cancelled,4,AU
TX-0004564,C-02164,Sofia Brown,sofia.brown4564@example.com,05/09/2024,119028.00,USD,completed,5,DE
TX-0004565,C-02165,Ethan Wilson,ethan.wilson4565@example.com,06/02/2024,109653.00,USD,pending,6,US
TX-0004566,C-02166,Zoe Garcia,zoe.garcia4566@example.com,07/07/2024,7025.00,USD,refunded,7,CA
TX-0004567,C-02167,Mateo Nguyen,mateo.nguyen4567@example.com,08/12/2024,70609.00,USD,cancelled,8,GB
TX-0004568,C-02168,Ava Patel,ava.patel4568@example.com,09/05/2024,174994.00,USD,completed,1,AU
TX-0004569,C-02169,Noah Kim,noah.kim4569@example.com,10/10/2024,11867.00,USD,pending,2,DE
TX-0004570,C-02170,Mia Martin,mia.martin4570@example.com,11/03/2024,22455.00,USD,refunded,3,US
TX-0004571,C-02171,Liam Smith,liam.smith4571@example.com,12/08/2024,12450.00,USD,cancelled,4,CA
TX-0004572,C-02172,sofia brown,sofia.brown4572@example.com,01/01/2024,244993.00,USD,completed,5,GB
TX-0004573,C-02173,Ethan Wilson,ethan.wilson4573@example.com,02/06/2024,58058.00,USD,pending,6,AU
TX-0004574,C-02174,Zoe Garcia,zoe.garcia4574@example.com,03/11/2024,115577.00,USD,refunded,7,DE
TX-0004575,C-02175,Mateo Nguyen,mateo.nguyen4575@example.com,04/04/2024,123716.00,USD,cancelled,8,US
TX-0004576,C-02176,Ava Patel,ava.patel4576@example.com,05/09/2024,112554.00,USD,completed,1,CA
TX-0004577,C-02177,Noah Kim,noah.kim4577@example.com,06/02/2024,65375.00,USD,pending,2,GB
TX-0004578,C-02178,Mia Martin,mia.martin4578@example.com,07/07/2024,70275.00,USD,refunded,3,AU
TX-0004579,C-02179,Liam Smith,liam.smith4579@example.com,08/12/2024,52754.00,USD,cancelled,4,DE
TX-0004580,C-02180,Sofia Brown,sofia.brown4580@example.com,09/05/2024,191712.00,USD,completed,5,US
TX-0004581,C-02181,Ethan Wilson,ethan.wilson4581@example.com,10/10/2024,19256.00,USD,pending,6,CA
TX-0004582,C-02182,Zoe Garcia,zoe.garcia4582@example.com,11/03/2024,244687.00,USD,refunded,7,GB
TX-0004583,C-02183,Mateo Nguyen,mateo.nguyen4583@example.com,12/08/2024,8981.00,USD,cancelled,8,AU
TX-0004584,C-02184,Ava Patel,ava.patel4584@example.com,01/01/2024,53639.00,USD,unknown,1,DE
TX-0004585,C-02185,Noah Kim,noah.kim4585@example.com,02/06/2024,85482.00,USD,pending,2,us
TX-0004586,C-02186,Mia Martin,mia.martin4586@example.com,03/11/2024,41436.00,USD,refunded,3,CA
TX-0004587,C-02187,Liam Smith,liam.smith4587@example.com,04/04/2024,174443.00,USD,cancelled,4,GB
TX-0004588,C-02188,Sofia Brown,sofia.brown4588@example.com,05/09/2024,5913.00,USD,completed,5,AU
TX-0004589,C-02189,Ethan Wilson,ethan.wilson4589@example.com,06/02/2024,176174.00,USD,pending,6,DE
TX-0004590,C-02190,Zoe Garcia,zoe.garcia4590@example.com,07/07/2024,10777.00,USD,refunded,7,US
TX-0004591,C-02191,Mateo Nguyen,mateo.nguyen4591@example.com,08/12/2024,169744.00,USD,cancelled,8,CA
TX-0004592,C-02192,Ava Patel,ava.patel4592@example.com,09/05/2024,145567.00,USD,completed,1,GB
TX-0004593,C-02193,Noah Kim,noah.kim4593@example.com,10/10/2024,141535.00,USD,pending,2,AU
TX-0004594,C-02194,Mia Martin,mia.martin4594@example.com,11/03/2024,17752.00,USD,refunded,3,DE
TX-0004595,C-02195,Liam Smith,liam.smith4595@example.com,12/08/2024,23598.00,USD,cancelled,4,US
TX-0004596,C-02196,Sofia Brown,sofia.brown4596@example.com,01/01/2024,1194.00,USD,completed,5,CA
TX-0004597,C-02197,Ethan Wilson,ethan.wilson4597@example.com,02/06/2024,68813.00,USD,pending,6,GB
TX-0004598,C-02198,Zoe Garcia,zoe.garcia4598@example.com,03/11/2024,86262.00,USD,refunded,7,AU
TX-0004599,C-02199,Mateo Nguyen,mateo.nguyen4599@example.com,04/04/2024,148587.00,USD,cancelled,8,DE
TX-0004600,C-02200,Ava Patel,ava.patel4600@example.com,05/09/2024,149703.00,USD,completed,1,US
TX-0004601,C-02201,Noah Kim,noah.kim4601@example.com,06/02/2024,187575.00,USD,pending,2,CA
TX-0004602,C-02202,Mia Martin,mia.martin4602@example.com,07/07/2024,38004.00,USD,refunded,3,GB
TX-0004603,C-02203,Liam Smith,liam.smith4603@example.com,08/12/2024,241172.00,USD,cancelled,4,AU
TX-0004604,C-02204,Sofia Brown,sofia.brown4604@example.com,09/05/2024,203784.00,USD,completed,5,DE
TX-0004605,C-02205,Ethan Wilson,ethan.wilson4605@example.com,10/10/2024,56250.00,USD,pending,6,US
TX-0004606,C-02206,Zoe Garcia,zoe.garcia4606@example.com,11/03/2024,245664.00,USD,refunded,7,CA
TX-0004607,C-02207,Mateo Nguyen,mateo.nguyen4607@example.com,12/08/2024,1228.00,USD,cancelled,8,GB
TX-0004608,C-02208,Ava Patel,ava.patel4608@example.com,01/01/2024,124136.00,USD,completed,1,AU
TX-0004609,C-02209,Noah Kim,noah.kim4609@example.com,02/06/2024,67312.00,USD,pending,2,DE
TX-0004610,C-02210,Mia Martin,mia.martin4610@example.com,03/11/2024,66140.00,USD,refunded,3,US
TX-0004611,C-02211,Liam Smith,liam.smith4611@example.com,04/04/2024,3212.00,USD,cancelled,4,CA
TX-0004612,C-02212,Sofia Brown,sofia.brown4612@example.com,05/09/2024,86886.00,USD,completed,5,GB
TX-0004613,C-02213,Ethan Wilson,ethan.wilson4613@example.com,06/02/2024,118764.00,USD,pending,6,AU
TX-0004614,C-02214,Zoe Garcia,zoe.garcia4614@example.com,07/07/2024,245096.00,USD,refunded,7,DE
TX-0004615,C-02215,Mateo Nguyen,mateo.nguyen4615@example.com,08/12/2024,23606.00,USD,cancelled,8,US
TX-0004616,C-02216,Ava Patel,ava.patel4616@example.com,09/05/2024,149628.00,USD,completed,1,CA
TX-0004617,C-02217,Noah Kim,noah.kim4617@example.com,10/10/2024,161774.00,USD,pending,2,GB
TX-0004618,C-02218,Mia Martin,mia.martin4618@example.com,11/03/2024,3070.00,USD,refunded,3,AU
TX-0004619,C-02219,Liam Smith,liam.smith4619@example.com,12/08/2024,222862.00,usd,cancelled,4,DE
TX-0004620,C-02220,Sofia Brown,sofia.brown4620@example.com,01/01/2024,48365.00,USD,completed,5,US
TX-0004621,C-02221,Ethan Wilson,ethan.wilson4621@example.com,02/06/2024,181026.00,USD,pending,6,CA
TX-0004622,C-02222,Zoe Garcia,zoe.garcia4622@example.com,03/11/2024,140030.00,USD,refunded,7,GB
TX-0004623,C-02223,Mateo Nguyen,mateo.nguyen4623@example.com,04/04/2024,132826.00,USD,cancelled,8,AU
TX-0004624,C-02224,Ava Patel,ava.patel4624@example.com,05/09/2024,153999.00,USD,completed,1,DE
TX-0004625,C-02225,Noah Kim,noah.kim4625@example.com,06/02/2024,99502.00,USD,pending,2,US
TX-0004626,C-02226,Mia Martin,mia.martin4626@example.com,07/07/2024,3500.00,USD,refunded,3,CA
TX-0004627,C-02227,Liam Smith,liam.smith4627@example.com,08/12/2024,39733.00,USD,cancelled,4,GB
TX-0004628,C-02228,Sofia Brown,sofia.brown.invalid,09/05/2024,155521.00,USD,completed,5,AU
TX-0004629,C-02229,Ethan Wilson,ethan.wilson4629@example.com,10/10/2024,33980.00,USD,pending,6,DE
TX-0004630,C-02230,Zoe Garcia,zoe.garcia4630@example.com,11/03/2024,217229.00,USD,refunded,7,US
TX-0004631,C-02231,Mateo Nguyen,mateo.nguyen4631@example.com,12/08/2024,217573.00,USD,cancelled,8,CA
TX-0004632,C-02232,Ava Patel,ava.patel4632@example.com,01/01/2024,216111.00,USD,completed,1,GB
TX-0004633,C-02233,  NOAH KIM  ,noah.kim4633@example.com,02/06/2024,30131.00,USD,pending,2,AU
TX-0004634,C-02234,Mia Martin,mia.martin4634@example.com,03/11/2024,65872.00,USD,refunded,3,DE
TX-0004635,C-02235,Liam Smith,liam.smith4635@example.com,04/04/2024,109549.00,USD,cancelled,4,US
TX-0004636,C-02236,Sofia Brown,sofia.brown4636@example.com,05/09/2024,217529.00,USD,completed,5,CA
TX-0004637,C-02237,Ethan Wilson,ethan.wilson4637@example.com,06/02/2024,234275.00,USD,pending,6,GB
TX-0004638,C-02238,Zoe Garcia,zoe.garcia4638@example.com,07/07/2024,36973.00,USD,refunded,7,AU
TX-0004639,C-02239,Mateo Nguyen,mateo.nguyen4639@example.com,08/12/2024,61097.00,USD,cancelled,8,DE
TX-0004640,C-02240,Ava Patel,ava.patel4640@example.com,09/05/2024,248086.00,USD,completed,1,US
TX-0004641,C-02241,Noah Kim,noah.kim4641@example.com,10/10/2024,143507.00,USD,pending,2,CA
TX-0004642,C-02242,Mia Martin,mia.martin4642@example.com,11/03/2024,-2128.00,USD,refunded,3,GB
TX-0004643,C-02243,Liam Smith,liam.smith4643@example.com,12/08/2024,109880.00,USD,cancelled,4,AU
TX-0004644,C-02244,Sofia Brown,sofia.brown4644@example.com,01/01/2024,146819.00,USD,completed,5,DE
TX-0004645,C-02245,Ethan Wilson,ethan.wilson4645@example.com,02/06/2024,244894.00,USD,pending,6,US
TX-0004646,C-02246,Zoe Garcia,zoe.garcia4646@example.com,03/11/2024,5613.00,USD,refunded,7,CA
TX-0004647,C-02247,Mateo Nguyen,mateo.nguyen4647@example.com,04/04/2024,20761.00,USD,cancelled,8,GB
TX-0004648,C-02248,Ava Patel,ava.patel4648@example.com,05/09/2024,234296.00,USD,completed,1,AU
TX-0004649,C-02249,Noah Kim,noah.kim4649@example.com,06/02/2024,230823.00,USD,pending,2,DE
TX-0004650,C-02250,Mia Martin,mia.martin4650@example.com,07/07/2024,149404.00,USD,refunded,3,US
TX-0004651,C-02251,Liam Smith,liam.smith4651@example.com,08/12/2024,107104.00,USD,cancelled,4,CA
TX-0004652,C-02252,Sofia Brown,sofia.brown4652@example.com,09/05/2024,37227.00,USD,completed,5,GB
TX-0004653,C-02253,Ethan Wilson,ethan.wilson4653@example.com,10/10/2024,102623.00,USD,pending,6,AU
TX-0004654,C-02254,Zoe Garcia,zoe.garcia4654@example.com,11/03/2024,117728.00,USD,refunded,7,DE
TX-0004655,C-02255,Mateo Nguyen,mateo.nguyen4655@example.com,12/08/2024,10074.00,USD,cancelled,8,US
TX-0004656,C-02256,Ava Patel,,01/01/2024,233396.00,USD,completed,1,CA
TX-0004657,C-02257,Noah Kim,noah.kim4657@example.com,02/06/2024,59506.00,USD,pending,2,GB
TX-0004658,C-02258,Mia Martin,mia.martin4658@example.com,03/11/2024,43649.00,USD,refunded,3,AU
TX-0004659,C-02259,Liam Smith,liam.smith4659@example.com,04/04/2024,206982.00,USD,cancelled,4,DE
TX-0004660,C-02260,Sofia Brown,sofia.brown4660@example.com,05/09/2024,76955.00,USD,completed,5,US
TX-0004661,C-02261,Ethan Wilson,ethan.wilson4661@example.com,06/02/2024,26020.00,USD,pending,6,CA
TX-0004662,C-02262,Zoe Garcia,zoe.garcia4662@example.com,07/07/2024,234957.00,USD,refunded,7,GB
TX-0004663,C-02263,Mateo Nguyen,mateo.nguyen4663@example.com,08/12/2024,52606.00,USD,cancelled,8,AU
TX-0004664,C-02264,Ava Patel,ava.patel4664@example.com,09/05/2024,227598.00,USD,completed,1,DE
TX-0004665,C-02265,Noah Kim,noah.kim4665@example.com,10/10/2024,198745.00,USD,pending,2,US
TX-0004666,C-02266,Mia Martin,mia.martin4666@example.com,11/03/2024,103291.00,USD,refunded,3,CA
TX-0004667,C-02267,Liam Smith,liam.smith4667@example.com,12/08/2024,74093.00,USD,cancelled,4,GB
TX-0004668,C-02268,Sofia Brown,sofia.brown4668@example.com,01/01/2024,236510.00,USD,completed,5,AU
TX-0004669,C-02269,Ethan Wilson,ethan.wilson4669@example.com,02/06/2024,113781.00,USD,pending,6,DE
TX-0004670,C-02270,Zoe Garcia,zoe.garcia4670@example.com,03/11/2024,8537.00,USD,refunded,7,US
TX-0004671,C-02271,Mateo Nguyen,mateo.nguyen4671@example.com,04/04/2024,179430.00,USD,cancelled,8,USA
TX-0004672,C-02272,Ava Patel,ava.patel4672@example.com,05/09/2024,144955.00,USD,completed,1,GB
TX-0004673,C-02273,Noah Kim,noah.kim4673@example.com,06/02/2024,164455.00,USD,pending,2,AU
TX-0004674,C-02274,Mia Martin,mia.martin4674@example.com,07/07/2024,43024.00,USD,refunded,3,DE
TX-0004675,C-02275,Liam Smith,liam.smith4675@example.com,08/12/2024,193478.00,USD,cancelled,4,US
TX-0004676,C-02276,Sofia Brown,sofia.brown4676@example.com,09/05/2024,237563.00,USD,completed,5,CA
TX-0004677,C-02277,Ethan Wilson,ethan.wilson4677@example.com,10/10/2024,156325.00,USD,pending,6,GB
TX-0004678,C-02278,Zoe Garcia,zoe.garcia4678@example.com,11/03/2024,83239.00,USD,refunded,7,AU
TX-0004679,C-02279,Mateo Nguyen,mateo.nguyen4679@example.com,12/08/2024,14874.00,USD,cancelled,8,DE
TX-0004680,C-02280,Ava Patel,ava.patel4680@example.com,01/01/2024,164142.00,USD,completed,1,US
TX-0004681,C-02281,Noah Kim,noah.kim4681@example.com,02/06/2024,222862.00,USD,pending,2,CA
TX-0004682,C-02282,Mia Martin,mia.martin4682@example.com,03/11/2024,158875.00,USD,refunded,3,GB
TX-0004683,C-02283,Liam Smith,liam.smith4683@example.com,04/04/2024,,USD,cancelled,4,AU
TX-0004684,C-02284,Sofia Brown,sofia.brown4684@example.com,05/09/2024,45898.00,USD,completed,5,DE
TX-0004685,C-02285,Ethan Wilson,ethan.wilson4685@example.com,06/02/2024,112256.00,USD,pending,6,US
TX-0004686,C-02286,Zoe Garcia,zoe.garcia4686@example.com,07/07/2024,67620.00,USD,refunded,7,CA
TX-0004687,C-02287,Mateo Nguyen,mateo.nguyen4687@example.com,08/12/2024,193628.00,USD,cancelled,8,GB
TX-0004688,C-02288,Ava Patel,ava.patel4688@example.com,09/05/2024,156993.00,USD,completed,1,AU
TX-0004689,C-02289,Noah Kim,noah.kim4689@example.com,10/10/2024,32306.00,USD,pending,2,DE
TX-0004690,C-02290,Mia Martin,mia.martin4690@example.com,11/03/2024,135048.00,USD,refunded,3,US
TX-0004691,C-02291,Liam Smith,liam.smith4691@example.com,12/08/2024,78553.00,USD,cancelled,4,CA
TX-0004692,C-02292,Sofia Brown,sofia.brown4692@example.com,01/01/2024,86850.00,USD,completed,5,GB
TX-0004693,C-02293,Ethan Wilson,ethan.wilson4693@example.com,02/06/2024,228943.00,USD,pending,6,AU
TX-0004694,C-02294,Zoe Garcia,zoe.garcia4694@example.com,03/11/2024,185616.00,USD,refunded,7,DE
TX-0004695,C-02295,Mateo Nguyen,mateo.nguyen4695@example.com,04/04/2024,233138.00,USD,cancelled,8,US
TX-0004696,C-02296,Ava Patel,ava.patel4696@example.com,05/09/2024,2197.00,USD,completed,1,CA
TX-0004697,C-02297,Noah Kim,noah.kim4697@example.com,06/02/2024,32972.00,USD,pending,2,GB
TX-0004698,C-02298,Mia Martin,mia.martin4698@example.com,07/07/2024,41560.00,USD,refunded,3,AU
TX-0004699,C-02299,liam smith,liam.smith4699@example.com,08/12/2024,1361.00,USD,cancelled,4,DE
TX-0004700,C-02300,Sofia Brown,sofia.brown4700@example.com,09/05/2024,105894.00,USD,completed,5,US
TX-0004701,C-02301,Ethan Wilson,ethan.wilson4701@example.com,10/10/2024,116896.00,USD,pending,6,CA
TX-0004702,C-02302,Zoe Garcia,zoe.garcia4702@example.com,11/03/2024,195141.00,USD,refunded,7,GB
TX-0004703,C-02303,Mateo Nguyen,mateo.nguyen4703@example.com,12/08/2024,233050.00,USD,cancelled,8,AU
TX-0004704,C-02304,Ava Patel,ava.patel4704@example.com,01/01/2024,226818.00,USD,completed,1,DE
TX-0004705,C-02305,Noah Kim,noah.kim4705@example.com,02/06/2024,103920.00,USD,pending,2,US
TX-0004706,C-02306,Mia Martin,mia.martin4706@example.com,03/11/2024,56576.00, USD ,refunded,3,CA
TX-0004707,C-02307,Liam Smith,liam.smith4707@example.com,04/04/2024,175062.00,USD,cancelled,4,GB
TX-0004708,C-02308,Sofia Brown,sofia.brown4708@example.com,05/09/2024,86698.00,USD,completed,5,AU
TX-0004709,C-02309,Ethan Wilson,ethan.wilson4709@example.com,06/02/2024,219132.00,USD,pending,6,DE
TX-0004710,C-02310,Zoe Garcia,zoe.garcia4710@example.com,07/07/2024,70131.00,USD,COMPLETE,7,US
TX-0004711,C-02311,Mateo Nguyen,mateo.nguyen4711@example.com,08/12/2024,244505.00,USD,cancelled,8,CA
TX-0004712,C-02312,Ava Patel,ava.patel4712@example.com,09/05/2024,215515.00,USD,completed,1,GB
TX-0004713,C-02313,Noah Kim,noah.kim4713@example.com,10/10/2024,218677.00,USD,pending,2,AU
TX-0004714,C-02314,Mia Martin,mia.martin4714@example.com,11/03/2024,129366.00,USD,refunded,3,DE
TX-0004715,C-02315,Liam Smith,liam.smith4715@example.com,12/08/2024,159014.00,USD,cancelled,4,US
TX-0004716,C-02316,Sofia Brown,sofia.brown4716@example.com,01/01/2024,222654.00,USD,completed,5,ca
TX-0004717,C-02317,Ethan Wilson,ethan.wilson.invalid,02/06/2024,192589.00,USD,pending,6,GB
TX-0004718,C-02318,Zoe Garcia,zoe.garcia4718@example.com,03/11/2024,40478.00,USD,refunded,7,AU
TX-0004719,C-02319,Mateo Nguyen,mateo.nguyen4719@example.com,04/04/2024,129660.00,USD,cancelled,8,DE
TX-0004720,C-02320,Ava Patel,ava.patel4720@example.com,05/09/2024,94685.00,USD,completed,1,US
TX-0004721,C-02321,Noah Kim,noah.kim4721@example.com,06/02/2024,58584.00,USD,pending,2,CA
TX-0004722,C-02322,Mia Martin,mia.martin4722@example.com,07/07/2024,110631.00,USD,refunded,3,GB
TX-0004723,C-02323,Liam Smith,liam.smith4723@example.com,08/12/2024,159364.00,USD,cancelled,4,AU
TX-0004724,C-02324,Sofia Brown,sofia.brown4724@example.com,09/05/2024,175504.00,USD,completed,5,DE
TX-0004725,C-02325,Ethan Wilson,ethan.wilson4725@example.com,10/10/2024,90086.00,USD,pending,6,US
TX-0004726,C-02326,Zoe Garcia,zoe.garcia4726@example.com,11/03/2024,158037.00,USD,refunded,7,CA
TX-0004727,C-02327,Mateo Nguyen,mateo.nguyen4727@example.com,12/08/2024,33707.00,USD,cancelled,8,GB
TX-0004728,C-02328,Ava Patel,ava.patel4728@example.com,01/01/2024,1234.00,USD,completed,1,AU
TX-0004729,C-02329,Noah Kim,noah.kim4729@example.com,02/06/2024,12899.00,USD,pending,2,DE
TX-0004730,C-02330,Mia Martin,mia.martin4730@example.com,03/11/2024,237664.00,USD,refunded,3,US
TX-0004731,C-02331,Liam Smith,liam.smith4731@example.com,04/04/2024,189019.00,USD,cancelled,4,CA
TX-0004732,C-02332,Sofia Brown,sofia.brown4732@example.com,05/09/2024,171947.00,USD,completed,5,GB
TX-0004733,C-02333,Ethan Wilson,ethan.wilson4733@example.com,06/02/2024,211281.00,USD,pending,6,AU
TX-0004734,C-02334,Zoe Garcia,zoe.garcia4734@example.com,07/07/2024,66256.00,USD,refunded,7,DE
TX-0004735,C-02335,Mateo Nguyen,mateo.nguyen4735@example.com,08/12/2024,51268.00,USD,cancelled,8,US
TX-0004736,C-02336,Ava Patel,ava.patel4736@example.com,09/05/2024,138261.00,USD,completed,1,CA
TX-0004737,C-02337,Noah Kim,noah.kim4737@example.com,10/10/2024,101342.00,USD,pending,2,GB
TX-0004738,C-02338,Mia Martin,mia.martin4738@example.com,11/03/2024,182572.00,USD,refunded,3,AU
TX-0004739,C-02339,Liam Smith,liam.smith4739@example.com,12/08/2024,39692.00,USD,cancelled,4,DE
TX-0004740,C-02340,Sofia Brown,sofia.brown4740@example.com,01/01/2024,133986.00,USD,completed,5,US
TX-0004741,C-02341,Ethan Wilson,ethan.wilson4741@example.com,02/06/2024,123825.00,USD,pending,6,CA
TX-0004742,C-02342,Zoe Garcia,zoe.garcia4742@example.com,03/11/2024,70560.00,USD,refunded,7,GB
TX-0004743,C-02343,Mateo Nguyen,mateo.nguyen4743@example.com,04/04/2024,109130.00,USD,cancelled,8,AU
TX-0004744,C-02344,Ava Patel,ava.patel4744@example.com,05/09/2024,109610.00,USD,completed,1,DE
TX-0004745,C-02345,Noah Kim,noah.kim4745@example.com,06/02/2024,249137.00,USD,pending,2,US
TX-0004746,C-02346,  MIA MARTIN  ,mia.martin4746@example.com,07/07/2024,155801.00,USD,refunded,3,CA
TX-0004747,C-02347,Liam Smith,liam.smith4747@example.com,08/12/2024,57680.00,USD,cancelled,4,GB
TX-0004748,C-02348,Sofia Brown,sofia.brown4748@example.com,09/05/2024,173414.00,USD,completed,5,AU
TX-0004749,C-02349,Ethan Wilson,ethan.wilson4749@example.com,10/10/2024,91857.00,USD,pending,6,DE
TX-0004750,C-02350,Zoe Garcia,zoe.garcia4750@example.com,11/03/2024,245289.00,USD,refunded,7,US
TX-0004751,C-02351,Mateo Nguyen,mateo.nguyen4751@example.com,12/08/2024,145251.00,USD,cancelled,8,CA
TX-0004752,C-02352,Ava Patel,ava.patel4752@example.com,01/01/2024,103978.00,USD,completed,1,GB
TX-0004753,C-02353,Noah Kim,,02/06/2024,203032.00,USD,pending,2,AU
TX-0004754,C-02354,Mia Martin,mia.martin4754@example.com,03/11/2024,8354.00,USD,refunded,3,DE
TX-0004755,C-02355,Liam Smith,liam.smith4755@example.com,04/04/2024,1127.00,USD,cancelled,4,US
TX-0004756,C-02356,Sofia Brown,sofia.brown4756@example.com,05/09/2024,224969.00,USD,completed,5,CA
TX-0004757,C-02357,Ethan Wilson,ethan.wilson4757@example.com,06/02/2024,223233.00,USD,pending,6,GB
TX-0004758,C-02358,Zoe Garcia,zoe.garcia4758@example.com,07/07/2024,218416.00,USD,refunded,7,AU
TX-0004759,C-02359,Mateo Nguyen,mateo.nguyen4759@example.com,08/12/2024,222691.00,USD,cancelled,8,DE
TX-0004760,C-02360,Ava Patel,ava.patel4760@example.com,09/05/2024,208218.00,USD,completed,1,US
TX-0004761,C-02361,Noah Kim,noah.kim4761@example.com,10/10/2024,13091.00,USD,pending,2,CA
TX-0004762,C-02362,Mia Martin,mia.martin4762@example.com,11/03/2024,91568.00,USD,refunded,3,GB
TX-0004763,C-02363,Liam Smith,liam.smith4763@example.com,12/08/2024,46301.00,USD,cancelled,4,AU
TX-0004764,C-02364,Sofia Brown,sofia.brown4764@example.com,01/01/2024,144175.00,USD,completed,5,DE
TX-0004765,C-02365,Ethan Wilson,ethan.wilson4765@example.com,02/06/2024,70053.00,USD,pending,6,US
TX-0004766,C-02366,Zoe Garcia,zoe.garcia4766@example.com,03/11/2024,14536.00,USD,refunded,7,CA
TX-0004767,C-02367,Mateo Nguyen,mateo.nguyen4767@example.com,04/04/2024,161150.00,USD,cancelled,8,GB
TX-0004768,C-02368,Ava Patel,ava.patel4768@example.com,05/09/2024,5538.00,usd,completed,1,AU
TX-0004769,C-02369,Noah Kim,noah.kim4769@example.com,06/02/2024,56582.00,USD,pending,2,DE
TX-0004770,C-02370,Mia Martin,mia.martin4770@example.com,07/07/2024,142839.00,USD,refunded,3,US
TX-0004771,C-02371,Liam Smith,liam.smith4771@example.com,08/12/2024,213005.00,USD,cancelled,4,CA
TX-0004772,C-02372,Sofia Brown,sofia.brown4772@example.com,09/05/2024,110827.00,USD,completed,5,GB
TX-0004773,C-02373,Ethan Wilson,ethan.wilson4773@example.com,10/10/2024,10706.00,USD,pending,6,AU
TX-0004774,C-02374,Zoe Garcia,zoe.garcia4774@example.com,11/03/2024,82727.00,USD,refunded,7,DE
TX-0004775,C-02375,Mateo Nguyen,mateo.nguyen4775@example.com,12/08/2024,4887.00,USD,unknown,8,US
TX-0004776,C-02376,Ava Patel,ava.patel4776@example.com,01/01/2024,126657.00,USD,completed,1,CA
TX-0004777,C-02377,Noah Kim,noah.kim4777@example.com,02/06/2024,71778.00,USD,pending,2,GB
TX-0004778,C-02378,Mia Martin,mia.martin4778@example.com,03/11/2024,158152.00,USD,refunded,3,AU
TX-0004779,C-02379,Liam Smith,liam.smith4779@example.com,04/04/2024,14505.00,USD,cancelled,4,DE
TX-0004780,C-02380,Sofia Brown,sofia.brown4780@example.com,05/09/2024,25845.00,USD,completed,5,US
TX-0004781,C-02381,Ethan Wilson,ethan.wilson4781@example.com,06/02/2024,208073.00,USD,pending,6,CA
TX-0004782,C-02382,Zoe Garcia,zoe.garcia4782@example.com,07/07/2024,146644.00,USD,refunded,7,GB
TX-0004783,C-02383,Mateo Nguyen,mateo.nguyen4783@example.com,08/12/2024,210903.00,USD,cancelled,8,AU
TX-0004784,C-02384,Ava Patel,ava.patel4784@example.com,09/05/2024,182469.00,USD,completed,1,DE
TX-0004785,C-02385,Noah Kim,noah.kim4785@example.com,10/10/2024,182504.00,USD,pending,2,US
TX-0004786,C-02386,Mia Martin,mia.martin4786@example.com,11/03/2024,189040.00,USD,refunded,3,CA
TX-0004787,C-02387,Liam Smith,liam.smith4787@example.com,12/08/2024,118200.00,USD,cancelled,4,GB
TX-0004788,C-02388,Sofia Brown,sofia.brown4788@example.com,01/01/2024,17169.00,USD,completed,5,AU
TX-0004789,C-02389,Ethan Wilson,ethan.wilson4789@example.com,02/06/2024,128788.00,USD,pending,6,DE
TX-0004790,C-02390,Zoe Garcia,zoe.garcia4790@example.com,03/11/2024,175153.00,USD,refunded,7,US
TX-0004791,C-02391,Mateo Nguyen,mateo.nguyen4791@example.com,04/04/2024,126885.00,USD,cancelled,8,CA
TX-0004792,C-02392,Ava Patel,ava.patel4792@example.com,05/09/2024,249300.00,USD,completed,1,GB
TX-0004793,C-02393,Noah Kim,noah.kim4793@example.com,06/02/2024,209865.00,USD,pending,2,AU
TX-0004794,C-02394,Mia Martin,mia.martin4794@example.com,07/07/2024,219214.00,USD,refunded,3,DE
TX-0004795,C-02395,Liam Smith,liam.smith4795@example.com,08/12/2024,229547.00,USD,cancelled,4,US
TX-0004796,C-02396,Sofia Brown,sofia.brown4796@example.com,09/05/2024,168966.00,USD,completed,5,CA
TX-0004797,C-02397,Ethan Wilson,ethan.wilson4797@example.com,10/10/2024,156590.00,USD,pending,6,GB
TX-0004798,C-02398,Zoe Garcia,zoe.garcia4798@example.com,11/03/2024,169852.00,USD,refunded,7,AU
TX-0004799,C-02399,Mateo Nguyen,mateo.nguyen4799@example.com,12/08/2024,100834.00,USD,cancelled,8,DE
TX-0004800,C-02400,Ava Patel,ava.patel4800@example.com,01/01/2024,70924.00,USD,completed,1,US
TX-0004801,C-00001,Noah Kim,noah.kim4801@example.com,02/06/2024,174573.00,USD,pending,2,CA
TX-0004802,C-00002,Mia Martin,mia.martin4802@example.com,03/11/2024,82397.00,USD,refunded,3,GB
TX-0004803,C-00003,Liam Smith,liam.smith4803@example.com,04/04/2024,193876.00,USD,cancelled,4,AU
TX-0004804,C-00004,Sofia Brown,sofia.brown4804@example.com,05/09/2024,167412.00,USD,completed,5,DE
TX-0004805,C-00005,Ethan Wilson,ethan.wilson4805@example.com,06/02/2024,42233.00,USD,pending,6,US
TX-0004806,C-00006,Zoe Garcia,zoe.garcia.invalid,07/07/2024,5069.00,USD,refunded,7,CA
TX-0004807,C-00007,Mateo Nguyen,mateo.nguyen4807@example.com,08/12/2024,103928.00,USD,cancelled,8,GB
TX-0004808,C-00008,Ava Patel,ava.patel4808@example.com,09/05/2024,243751.00,USD,completed,1,AU
TX-0004809,C-00009,Noah Kim,noah.kim4809@example.com,10/10/2024,156388.00,USD,pending,2,DE
TX-0004810,C-00010,Mia Martin,mia.martin4810@example.com,11/03/2024,142819.00,USD,refunded,3,US
TX-0004811,C-00011,Liam Smith,liam.smith4811@example.com,12/08/2024,229230.00,USD,cancelled,4,CA
TX-0004812,C-00012,Sofia Brown,sofia.brown4812@example.com,01/01/2024,72737.00,USD,completed,5,GB
TX-0004813,C-00013,Ethan Wilson,ethan.wilson4813@example.com,02/06/2024,72749.00,USD,pending,6,AU
TX-0004814,C-00014,Zoe Garcia,zoe.garcia4814@example.com,03/11/2024,31412.00,USD,refunded,7,DE
TX-0004815,C-00015,Mateo Nguyen,mateo.nguyen4815@example.com,04/04/2024,55959.00,USD,cancelled,8,US
TX-0004816,C-00016,Ava Patel,ava.patel4816@example.com,05/09/2024,49911.00,USD,completed,1,CA
TX-0004817,C-00017,Noah Kim,noah.kim4817@example.com,06/02/2024,121446.00,USD,pending,2,GB
TX-0004818,C-00018,Mia Martin,mia.martin4818@example.com,07/07/2024,17108.00,USD,refunded,3,AU
TX-0004819,C-00019,Liam Smith,liam.smith4819@example.com,08/12/2024,16714.00,USD,cancelled,4,DE
TX-0004820,C-00020,Sofia Brown,sofia.brown4820@example.com,09/05/2024,98584.00,USD,completed,5,US
TX-0004821,C-00021,Ethan Wilson,ethan.wilson4821@example.com,10/10/2024,6523.00,USD,pending,6,CA
TX-0004822,C-00022,Zoe Garcia,zoe.garcia4822@example.com,11/03/2024,18091.00,USD,refunded,7,GB
TX-0004823,C-00023,Mateo Nguyen,mateo.nguyen4823@example.com,12/08/2024,33831.00,USD,cancelled,8,AU
TX-0004824,C-00024,Ava Patel,ava.patel4824@example.com,01/01/2024,125929.00,USD,completed,1,DE
TX-0004825,C-00025,Noah Kim,noah.kim4825@example.com,02/06/2024,149391.00,USD,pending,2,US
TX-0004826,C-00026,mia martin,mia.martin4826@example.com,03/11/2024,72708.00,USD,refunded,3,CA
TX-0004827,C-00027,Liam Smith,liam.smith4827@example.com,04/04/2024,115164.00,USD,cancelled,4,GB
TX-0004828,C-00028,Sofia Brown,sofia.brown4828@example.com,05/09/2024,211386.00,USD,completed,5,AU
TX-0004829,C-00029,Ethan Wilson,ethan.wilson4829@example.com,06/02/2024,187073.00,USD,pending,6,DE
TX-0004830,C-00030,Zoe Garcia,zoe.garcia4830@example.com,07/07/2024,242520.00,USD,refunded,7,US
TX-0004831,C-00031,Mateo Nguyen,mateo.nguyen4831@example.com,08/12/2024,234547.00,USD,cancelled,8,CA
TX-0004832,C-00032,Ava Patel,ava.patel4832@example.com,09/05/2024,109784.00,USD,completed,1,GB
TX-0004833,C-00033,Noah Kim,noah.kim4833@example.com,10/10/2024,159119.00,USD,pending,2,AU
TX-0004834,C-00034,Mia Martin,mia.martin4834@example.com,11/03/2024,173409.00,USD,refunded,3,DE
TX-0004835,C-00035,Liam Smith,liam.smith4835@example.com,12/08/2024,233296.00,USD,cancelled,4,US
TX-0004836,C-00036,Sofia Brown,sofia.brown4836@example.com,01/01/2024,238860.00,USD,completed,5,CA
TX-0004837,C-00037,Ethan Wilson,ethan.wilson4837@example.com,02/06/2024,15151.00,USD,pending,6,GB
TX-0004838,C-00038,Zoe Garcia,zoe.garcia4838@example.com,03/11/2024,98627.00,USD,refunded,7,AU
TX-0004839,C-00039,Mateo Nguyen,mateo.nguyen4839@example.com,04/04/2024,76300.00,USD,cancelled,8,DE
TX-0004840,C-00040,Ava Patel,ava.patel4840@example.com,05/09/2024,128993.00,USD,completed,1,US
TX-0004841,C-00041,Noah Kim,noah.kim4841@example.com,06/02/2024,224033.00,USD,pending,2,CA
TX-0004842,C-00042,Mia Martin,mia.martin4842@example.com,07/07/2024,45140.00,USD,refunded,3,GB
TX-0004843,C-00043,Liam Smith,liam.smith4843@example.com,08/12/2024,194392.00,USD,cancelled,4,AU
TX-0004844,C-00044,Sofia Brown,sofia.brown4844@example.com,09/05/2024,198658.00,USD,completed,5,USA
TX-0004845,C-00045,Ethan Wilson,ethan.wilson4845@example.com,10/10/2024,54907.00,USD,pending,6,US
TX-0004846,C-00046,Zoe Garcia,zoe.garcia4846@example.com,11/03/2024,221695.00,USD,refunded,7,CA
TX-0004847,C-00047,Mateo Nguyen,mateo.nguyen4847@example.com,12/08/2024,128289.00,USD,cancelled,8,gb
TX-0004848,C-00048,Ava Patel,ava.patel4848@example.com,01/01/2024,95123.00,USD,completed,1,AU
TX-0004849,C-00049,Noah Kim,noah.kim4849@example.com,02/06/2024,129604.00,USD,pending,2,DE
TX-0004850,C-00050,Mia Martin,,03/11/2024,129517.00,USD,refunded,3,US
TX-0004851,C-00051,Liam Smith,liam.smith4851@example.com,04/04/2024,150609.00,USD,cancelled,4,CA
TX-0004852,C-00052,Sofia Brown,sofia.brown4852@example.com,05/09/2024,200604.00,USD,completed,5,GB
TX-0004853,C-00053,Ethan Wilson,ethan.wilson4853@example.com,06/02/2024,-9268.00,USD,pending,6,AU
TX-0004854,C-00054,Zoe Garcia,zoe.garcia4854@example.com,07/07/2024,247702.00,USD,refunded,7,DE
TX-0004855,C-00055,Mateo Nguyen,mateo.nguyen4855@example.com,08/12/2024,242248.00,USD,cancelled,8,US
TX-0004856,C-00056,Ava Patel,ava.patel4856@example.com,09/05/2024,45817.00,USD,completed,1,CA
TX-0004857,C-00057,Noah Kim,noah.kim4857@example.com,10/10/2024,170770.00,USD,pending,2,GB
TX-0004858,C-00058,Mia Martin,mia.martin4858@example.com,11/03/2024,91697.00,USD,refunded,3,AU
TX-0004859,C-00059,  LIAM SMITH  ,liam.smith4859@example.com,12/08/2024,2731.00,USD,cancelled,4,DE
TX-0004860,C-00060,Sofia Brown,sofia.brown4860@example.com,01/01/2024,175101.00,USD,completed,5,US
TX-0004861,C-00061,Ethan Wilson,ethan.wilson4861@example.com,02/06/2024,47456.00,USD,pending,6,CA
TX-0004862,C-00062,Zoe Garcia,zoe.garcia4862@example.com,03/11/2024,58748.00,USD,refunded,7,GB
TX-0004863,C-00063,Mateo Nguyen,mateo.nguyen4863@example.com,04/04/2024,24832.00,USD,cancelled,8,AU
TX-0004864,C-00064,Ava Patel,ava.patel4864@example.com,05/09/2024,105008.00,USD,completed,1,DE
TX-0004865,C-00065,Noah Kim,noah.kim4865@example.com,06/02/2024,153813.00,USD,pending,2,US
TX-0004866,C-00066,Mia Martin,mia.martin4866@example.com,07/07/2024,234514.00,USD,refunded,3,CA
TX-0004867,C-00067,Liam Smith,liam.smith4867@example.com,08/12/2024,222229.00,USD,COMPLETE,4,GB
TX-0004868,C-00068,Sofia Brown,sofia.brown4868@example.com,09/05/2024,82335.00,USD,completed,5,AU
TX-0004869,C-00069,Ethan Wilson,ethan.wilson4869@example.com,10/10/2024,175848.00,USD,pending,6,DE
TX-0004870,C-00070,Zoe Garcia,zoe.garcia4870@example.com,11/03/2024,67058.00,USD,refunded,7,US
TX-0004871,C-00071,Mateo Nguyen,mateo.nguyen4871@example.com,12/08/2024,80495.00,USD,cancelled,8,CA
TX-0004872,C-00072,Ava Patel,ava.patel4872@example.com,01/01/2024,129862.00,USD,completed,1,GB
TX-0004873,C-00073,Noah Kim,noah.kim4873@example.com,02/06/2024,94996.00,USD,pending,2,AU
TX-0004874,C-00074,Mia Martin,mia.martin4874@example.com,03/11/2024,120126.00,USD,refunded,3,DE
TX-0004875,C-00075,Liam Smith,liam.smith4875@example.com,04/04/2024,53883.00,USD,cancelled,4,US
TX-0004876,C-00076,Sofia Brown,sofia.brown4876@example.com,05/09/2024,48927.00,USD,completed,5,CA
TX-0004877,C-00077,Ethan Wilson,ethan.wilson4877@example.com,06/02/2024,116093.00,USD,pending,6,GB
TX-0004878,C-00078,Zoe Garcia,zoe.garcia4878@example.com,07/07/2024,210235.00,USD,refunded,7,AU
TX-0004879,C-00079,Mateo Nguyen,mateo.nguyen4879@example.com,08/12/2024,27288.00,USD,cancelled,8,DE
TX-0004880,C-00080,Ava Patel,ava.patel4880@example.com,09/05/2024,240612.00,USD,completed,1,US
TX-0004881,C-00081,Noah Kim,noah.kim4881@example.com,10/10/2024,59933.00,USD,pending,2,CA
TX-0004882,C-00082,Mia Martin,mia.martin4882@example.com,11/03/2024,120132.00,USD,refunded,3,GB
TX-0004883,C-00083,Liam Smith,liam.smith4883@example.com,12/08/2024,221165.00,USD,cancelled,4,AU
TX-0004884,C-00084,Sofia Brown,sofia.brown4884@example.com,01/01/2024,203690.00,USD,completed,5,DE
TX-0004885,C-00085,Ethan Wilson,ethan.wilson4885@example.com,02/06/2024,206103.00,USD,pending,6,US
TX-0004886,C-00086,Zoe Garcia,zoe.garcia4886@example.com,03/11/2024,242164.00,USD,refunded,7,CA
TX-0004887,C-00087,Mateo Nguyen,mateo.nguyen4887@example.com,04/04/2024,111091.00, USD ,cancelled,8,GB
TX-0004888,C-00088,Ava Patel,ava.patel4888@example.com,05/09/2024,195653.00,USD,completed,1,AU
TX-0004889,C-00089,Noah Kim,noah.kim4889@example.com,06/02/2024,226651.00,USD,pending,2,DE
TX-0004890,C-00090,Mia Martin,mia.martin4890@example.com,07/07/2024,101526.00,USD,refunded,3,US
TX-0004891,C-00091,Liam Smith,liam.smith4891@example.com,08/12/2024,200974.00,USD,cancelled,4,CA
TX-0004892,C-00092,Sofia Brown,sofia.brown4892@example.com,09/05/2024,57876.00,USD,completed,5,GB
TX-0004893,C-00093,Ethan Wilson,ethan.wilson4893@example.com,10/10/2024,236184.00,USD,pending,6,AU
TX-0004894,C-00094,Zoe Garcia,zoe.garcia4894@example.com,11/03/2024,141184.00,USD,refunded,7,DE
TX-0004895,C-00095,Mateo Nguyen,mateo.nguyen.invalid,12/08/2024,112406.00,USD,cancelled,8,US
TX-0004896,C-00096,Ava Patel,ava.patel4896@example.com,01/01/2024,131843.00,USD,completed,1,CA
TX-0004897,C-00097,Noah Kim,noah.kim4897@example.com,02/06/2024,18544.00,USD,pending,2,GB
TX-0004898,C-00098,Mia Martin,mia.martin4898@example.com,03/11/2024,53230.00,USD,refunded,3,AU
TX-0004899,C-00099,Liam Smith,liam.smith4899@example.com,04/04/2024,148658.00,USD,cancelled,4,DE
TX-0004900,C-00100,Sofia Brown,sofia.brown4900@example.com,05/09/2024,138613.00,USD,completed,5,US
TX-0004901,C-00101,Ethan Wilson,ethan.wilson4901@example.com,06/02/2024,175694.00,USD,pending,6,CA
TX-0004902,C-00102,Zoe Garcia,zoe.garcia4902@example.com,07/07/2024,94312.00,USD,refunded,7,GB
TX-0004903,C-00103,Mateo Nguyen,mateo.nguyen4903@example.com,08/12/2024,44101.00,USD,cancelled,8,AU
TX-0004904,C-00104,Ava Patel,ava.patel4904@example.com,09/05/2024,66637.00,USD,completed,1,DE
TX-0004905,C-00105,Noah Kim,noah.kim4905@example.com,10/10/2024,144261.00,USD,pending,2,US
TX-0004906,C-00106,Mia Martin,mia.martin4906@example.com,11/03/2024,,USD,refunded,3,CA
TX-0004907,C-00107,Liam Smith,liam.smith4907@example.com,12/08/2024,163838.00,USD,cancelled,4,GB
TX-0004908,C-00108,Sofia Brown,sofia.brown4908@example.com,01/01/2024,115703.00,USD,completed,5,AU
TX-0004909,C-00109,Ethan Wilson,ethan.wilson4909@example.com,02/06/2024,166773.00,USD,pending,6,DE
TX-0004910,C-00110,Zoe Garcia,zoe.garcia4910@example.com,03/11/2024,52196.00,USD,refunded,7,US
TX-0004911,C-00111,Mateo Nguyen,mateo.nguyen4911@example.com,04/04/2024,2131.00,USD,cancelled,8,CA
TX-0004912,C-00112,Ava Patel,ava.patel4912@example.com,05/09/2024,155476.00,USD,completed,1,GB
TX-0004913,C-00113,Noah Kim,noah.kim4913@example.com,06/02/2024,43202.00,USD,pending,2,AU
TX-0004914,C-00114,Mia Martin,mia.martin4914@example.com,07/07/2024,12951.00,USD,refunded,3,DE
TX-0004915,C-00115,Liam Smith,liam.smith4915@example.com,08/12/2024,103958.00,USD,cancelled,4,US
TX-0004916,C-00116,Sofia Brown,sofia.brown4916@example.com,09/05/2024,111310.00,USD,completed,5,CA
TX-0004917,C-00117,Ethan Wilson,ethan.wilson4917@example.com,10/10/2024,142608.00,usd,pending,6,GB
TX-0004918,C-00118,Zoe Garcia,zoe.garcia4918@example.com,11/03/2024,57606.00,USD,refunded,7,AU
TX-0004919,C-00119,Mateo Nguyen,mateo.nguyen4919@example.com,12/08/2024,26035.00,USD,cancelled,8,DE
TX-0004920,C-00120,Ava Patel,ava.patel4920@example.com,01/01/2024,152121.00,USD,completed,1,US
TX-0004921,C-00121,Noah Kim,noah.kim4921@example.com,02/06/2024,170397.00,USD,pending,2,CA
TX-0004922,C-00122,Mia Martin,mia.martin4922@example.com,03/11/2024,228202.00,USD,refunded,3,GB
TX-0004923,C-00123,Liam Smith,liam.smith4923@example.com,04/04/2024,39760.00,USD,cancelled,4,AU
TX-0004924,C-00124,Sofia Brown,sofia.brown4924@example.com,05/09/2024,205820.00,USD,completed,5,DE
TX-0004925,C-00125,Ethan Wilson,ethan.wilson4925@example.com,06/02/2024,128506.00,USD,pending,6,US
TX-0004926,C-00126,Zoe Garcia,zoe.garcia4926@example.com,07/07/2024,161376.00,USD,refunded,7,CA
TX-0004927,C-00127,Mateo Nguyen,mateo.nguyen4927@example.com,08/12/2024,28269.00,USD,cancelled,8,GB
TX-0004928,C-00128,Ava Patel,ava.patel4928@example.com,09/05/2024,71487.00,USD,completed,1,AU
TX-0004929,C-00129,Noah Kim,noah.kim4929@example.com,10/10/2024,80804.00,USD,pending,2,DE
TX-0004930,C-00130,Mia Martin,mia.martin4930@example.com,11/03/2024,143051.00,USD,refunded,3,US
TX-0004931,C-00131,Liam Smith,liam.smith4931@example.com,12/08/2024,121684.00,USD,cancelled,4,CA
TX-0004932,C-00132,Sofia Brown,sofia.brown4932@example.com,01/01/2024,223949.00,USD,completed,5,GB
TX-0004933,C-00133,Ethan Wilson,ethan.wilson4933@example.com,02/06/2024,89591.00,USD,pending,6,AU
TX-0004934,C-00134,Zoe Garcia,zoe.garcia4934@example.com,03/11/2024,41369.00,USD,refunded,7,DE
TX-0004935,C-00135,Mateo Nguyen,mateo.nguyen4935@example.com,04/04/2024,209182.00,USD,cancelled,8,US
TX-0004936,C-00136,Ava Patel,ava.patel4936@example.com,05/09/2024,197472.00,USD,completed,1,CA
TX-0004937,C-00137,Noah Kim,noah.kim4937@example.com,06/02/2024,241991.00,USD,pending,2,GB
TX-0004938,C-00138,Mia Martin,mia.martin4938@example.com,07/07/2024,9187.00,USD,refunded,3,AU
TX-0004939,C-00139,Liam Smith,liam.smith4939@example.com,08/12/2024,109788.00,USD,cancelled,4,DE
TX-0004940,C-00140,Sofia Brown,sofia.brown4940@example.com,09/05/2024,36587.00,USD,completed,5,US
TX-0004941,C-00141,Ethan Wilson,ethan.wilson4941@example.com,10/10/2024,89385.00,USD,pending,6,CA
TX-0004942,C-00142,Zoe Garcia,zoe.garcia4942@example.com,11/03/2024,28809.00,USD,refunded,7,GB
TX-0004943,C-00143,Mateo Nguyen,mateo.nguyen4943@example.com,12/08/2024,193665.00,USD,cancelled,8,AU
TX-0004944,C-00144,Ava Patel,ava.patel4944@example.com,01/01/2024,130597.00,USD,completed,1,DE
TX-0004945,C-00145,Noah Kim,noah.kim4945@example.com,02/06/2024,139595.00,USD,pending,2,US
TX-0004946,C-00146,Mia Martin,mia.martin4946@example.com,03/11/2024,120497.00,USD,refunded,3,CA
TX-0004947,C-00147,Liam Smith,,04/04/2024,118049.00,USD,cancelled,4,GB
TX-0004948,C-00148,Sofia Brown,sofia.brown4948@example.com,05/09/2024,37531.00,USD,completed,5,AU
TX-0004949,C-00149,Ethan Wilson,ethan.wilson4949@example.com,06/02/2024,47048.00,USD,pending,6,DE
TX-0004950,C-00150,Zoe Garcia,zoe.garcia4950@example.com,07/07/2024,164080.00,USD,refunded,7,US
TX-0004951,C-00151,Mateo Nguyen,mateo.nguyen4951@example.com,08/12/2024,198679.00,USD,cancelled,8,CA
TX-0004952,C-00152,Ava Patel,ava.patel4952@example.com,09/05/2024,112018.00,USD,completed,1,GB
TX-0004953,C-00153,noah kim,noah.kim4953@example.com,10/10/2024,62523.00,USD,pending,2,AU
TX-0004954,C-00154,Mia Martin,mia.martin4954@example.com,11/03/2024,116754.00,USD,refunded,3,DE
TX-0004955,C-00155,Liam Smith,liam.smith4955@example.com,12/08/2024,164798.00,USD,cancelled,4,US
TX-0004956,C-00156,Sofia Brown,sofia.brown4956@example.com,01/01/2024,203574.00,USD,completed,5,CA
TX-0004957,C-00157,Ethan Wilson,ethan.wilson4957@example.com,02/06/2024,218293.00,USD,pending,6,GB
TX-0004958,C-00158,Zoe Garcia,zoe.garcia4958@example.com,03/11/2024,176928.00,USD,refunded,7,AU
TX-0004959,C-00159,Mateo Nguyen,mateo.nguyen4959@example.com,04/04/2024,224230.00,USD,cancelled,8,DE
TX-0004960,C-00160,Ava Patel,ava.patel4960@example.com,05/09/2024,26498.00,USD,completed,1,US
TX-0004961,C-00161,Noah Kim,noah.kim4961@example.com,06/02/2024,29576.00,USD,pending,2,CA
TX-0004962,C-00162,Mia Martin,mia.martin4962@example.com,07/07/2024,170365.00,USD,refunded,3,GB
TX-0004963,C-00163,Liam Smith,liam.smith4963@example.com,08/12/2024,213400.00,USD,cancelled,4,AU
TX-0004964,C-00164,Sofia Brown,sofia.brown4964@example.com,09/05/2024,127239.00,USD,completed,5,DE
TX-0004965,C-00165,Ethan Wilson,ethan.wilson4965@example.com,10/10/2024,162733.00,USD,pending,6,US
TX-0004966,C-00166,Zoe Garcia,zoe.garcia4966@example.com,11/03/2024,235637.00,USD,unknown,7,CA
TX-0004967,C-00167,Mateo Nguyen,mateo.nguyen4967@example.com,12/08/2024,230620.00,USD,cancelled,8,GB
TX-0004968,C-00168,Ava Patel,ava.patel4968@example.com,01/01/2024,228062.00,USD,completed,1,AU
TX-0004969,C-00169,Noah Kim,noah.kim4969@example.com,02/06/2024,14158.00,USD,pending,2,DE
TX-0004970,C-00170,Mia Martin,mia.martin4970@example.com,03/11/2024,10207.00,USD,refunded,3,US
TX-0004971,C-00171,Liam Smith,liam.smith4971@example.com,04/04/2024,240731.00,USD,cancelled,4,CA
TX-0004972,C-00172,  SOFIA BROWN  ,sofia.brown4972@example.com,05/09/2024,83608.00,USD,completed,5,GB
TX-0004973,C-00173,Ethan Wilson,ethan.wilson4973@example.com,06/02/2024,103917.00,USD,pending,6,AU
TX-0004974,C-00174,Zoe Garcia,zoe.garcia4974@example.com,07/07/2024,159106.00,USD,refunded,7,DE
TX-0004975,C-00175,Mateo Nguyen,mateo.nguyen4975@example.com,08/12/2024,149653.00,USD,cancelled,8,US
TX-0004976,C-00176,Ava Patel,ava.patel4976@example.com,09/05/2024,130506.00,USD,completed,1,CA
TX-0004977,C-00177,Noah Kim,noah.kim4977@example.com,10/10/2024,185042.00,USD,pending,2,GB
TX-0004978,C-00178,Mia Martin,mia.martin4978@example.com,11/03/2024,98041.00,USD,refunded,3,au
TX-0004979,C-00179,Liam Smith,liam.smith4979@example.com,12/08/2024,87321.00,USD,cancelled,4,DE
TX-0004980,C-00180,Sofia Brown,sofia.brown4980@example.com,01/01/2024,152150.00,USD,completed,5,US
TX-0004981,C-00181,Ethan Wilson,ethan.wilson4981@example.com,02/06/2024,181780.00,USD,pending,6,CA
TX-0004982,C-00182,Zoe Garcia,zoe.garcia4982@example.com,03/11/2024,232278.00,USD,refunded,7,GB
TX-0004983,C-00183,Mateo Nguyen,mateo.nguyen4983@example.com,04/04/2024,199866.00,USD,cancelled,8,AU
TX-0004984,C-00184,Ava Patel,ava.patel.invalid,05/09/2024,119666.00,USD,completed,1,DE
TX-0004985,C-00185,Noah Kim,noah.kim4985@example.com,06/02/2024,140304.00,USD,pending,2,US
TX-0004986,C-00186,Mia Martin,mia.martin4986@example.com,07/07/2024,231963.00,USD,refunded,3,CA
TX-0004987,C-00187,Liam Smith,liam.smith4987@example.com,08/12/2024,137440.00,USD,cancelled,4,GB
TX-0004988,C-00188,Sofia Brown,sofia.brown4988@example.com,09/05/2024,48501.00,USD,completed,5,AU
TX-0004989,C-00189,Ethan Wilson,ethan.wilson4989@example.com,10/10/2024,180584.00,USD,pending,6,DE
TX-0004990,C-00190,Zoe Garcia,zoe.garcia4990@example.com,11/03/2024,139790.00,USD,refunded,7,US
TX-0004991,C-00191,Mateo Nguyen,mateo.nguyen4991@example.com,12/08/2024,245279.00,USD,cancelled,8,CA
TX-0004992,C-00192,Ava Patel,ava.patel4992@example.com,01/01/2024,165860.00,USD,completed,1,GB
TX-0004993,C-00193,Noah Kim,noah.kim4993@example.com,02/06/2024,168752.00,USD,pending,2,AU
TX-0004994,C-00194,Mia Martin,mia.martin4994@example.com,03/11/2024,19565.00,USD,refunded,3,DE
TX-0004995,C-00195,Liam Smith,liam.smith4995@example.com,04/04/2024,120353.00,USD,cancelled,4,US
TX-0004996,C-00196,Sofia Brown,sofia.brown4996@example.com,05/09/2024,115772.00,USD,completed,5,CA
TX-0004997,C-00197,Ethan Wilson,ethan.wilson4997@example.com,06/02/2024,60354.00,USD,pending,6,GB
TX-0004998,C-00198,Zoe Garcia,zoe.garcia4998@example.com,07/07/2024,229001.00,USD,refunded,7,AU
TX-0004999,C-00199,Mateo Nguyen,mateo.nguyen4999@example.com,08/12/2024,64136.00,USD,cancelled,8,DE
TX-0005000,C-00200,Ava Patel,ava.patel5000@example.com,09/05/2024,189642.00,USD,completed,1,US
TX-0005001,C-00201,Noah Kim,noah.kim5001@example.com,10/10/2024,241699.00,USD,pending,2,CA
TX-0005002,C-00202,Mia Martin,mia.martin5002@example.com,11/03/2024,162935.00,USD,refunded,3,GB
TX-0005003,C-00203,Liam Smith,liam.smith5003@example.com,12/08/2024,231651.00,USD,cancelled,4,AU
TX-0005004,C-00204,Sofia Brown,sofia.brown5004@example.com,01/01/2024,69217.00,USD,completed,5,DE
TX-0005005,C-00205,Ethan Wilson,ethan.wilson5005@example.com,02/06/2024,35126.00,USD,pending,6,US
TX-0005006,C-00206,Zoe Garcia,zoe.garcia5006@example.com,03/11/2024,143370.00,USD,refunded,7,CA
TX-0005007,C-00207,Mateo Nguyen,mateo.nguyen5007@example.com,04/04/2024,129451.00,USD,cancelled,8,GB
TX-0005008,C-00208,Ava Patel,ava.patel5008@example.com,05/09/2024,17706.00,USD,completed,1,AU
TX-0005009,C-00209,Noah Kim,noah.kim5009@example.com,06/02/2024,120611.00,USD,pending,2,DE
TX-0005010,C-00210,Mia Martin,mia.martin5010@example.com,07/07/2024,145130.00,USD,refunded,3,US
TX-0005011,C-00211,Liam Smith,liam.smith5011@example.com,08/12/2024,217297.00,USD,cancelled,4,CA
TX-0005012,C-00212,Sofia Brown,sofia.brown5012@example.com,09/05/2024,161015.00,USD,completed,5,GB
TX-0005013,C-00213,Ethan Wilson,ethan.wilson5013@example.com,10/10/2024,16613.00,USD,pending,6,AU
TX-0005014,C-00214,Zoe Garcia,zoe.garcia5014@example.com,11/03/2024,169111.00,USD,refunded,7,DE
TX-0005015,C-00215,Mateo Nguyen,mateo.nguyen5015@example.com,12/08/2024,161626.00,USD,cancelled,8,US
TX-0005016,C-00216,Ava Patel,ava.patel5016@example.com,01/01/2024,45755.00,USD,completed,1,CA
TX-0005017,C-00217,Noah Kim,noah.kim5017@example.com,02/06/2024,151173.00,USD,pending,2,USA
TX-0005018,C-00218,Mia Martin,mia.martin5018@example.com,03/11/2024,131058.00,USD,refunded,3,AU
TX-0005019,C-00219,Liam Smith,liam.smith5019@example.com,04/04/2024,231933.00,USD,cancelled,4,DE
TX-0005020,C-00220,Sofia Brown,sofia.brown5020@example.com,05/09/2024,171874.00,USD,completed,5,US
TX-0005021,C-00221,Ethan Wilson,ethan.wilson5021@example.com,06/02/2024,10182.00,USD,pending,6,CA
TX-0005022,C-00222,Zoe Garcia,zoe.garcia5022@example.com,07/07/2024,215672.00,USD,refunded,7,GB
TX-0005023,C-00223,Mateo Nguyen,mateo.nguyen5023@example.com,08/12/2024,194983.00,USD,cancelled,8,AU
TX-0005024,C-00224,Ava Patel,ava.patel5024@example.com,09/05/2024,113037.00,USD,COMPLETE,1,DE
TX-0005025,C-00225,Noah Kim,noah.kim5025@example.com,10/10/2024,161613.00,USD,pending,2,US
TX-0005026,C-00226,Mia Martin,mia.martin5026@example.com,11/03/2024,133958.00,USD,refunded,3,CA
TX-0005027,C-00227,Liam Smith,liam.smith5027@example.com,12/08/2024,73569.00,USD,cancelled,4,GB
TX-0005028,C-00228,Sofia Brown,sofia.brown5028@example.com,01/01/2024,65853.00,USD,completed,5,AU
TX-0005029,C-00229,Ethan Wilson,ethan.wilson5029@example.com,02/06/2024,53986.00,USD,pending,6,DE
TX-0005030,C-00230,Zoe Garcia,zoe.garcia5030@example.com,03/11/2024,231186.00,USD,refunded,7,US
TX-0005031,C-00231,Mateo Nguyen,mateo.nguyen5031@example.com,04/04/2024,17449.00,USD,cancelled,8,CA
TX-0005032,C-00232,Ava Patel,ava.patel5032@example.com,05/09/2024,226213.00,USD,completed,1,GB
TX-0005033,C-00233,Noah Kim,noah.kim5033@example.com,06/02/2024,166405.00,USD,pending,2,AU
TX-0005034,C-00234,Mia Martin,mia.martin5034@example.com,07/07/2024,118019.00,USD,refunded,3,DE
TX-0005035,C-00235,Liam Smith,liam.smith5035@example.com,08/12/2024,62148.00,USD,cancelled,4,US
TX-0005036,C-00236,Sofia Brown,sofia.brown5036@example.com,09/05/2024,47546.00,USD,completed,5,CA
TX-0005037,C-00237,Ethan Wilson,ethan.wilson5037@example.com,10/10/2024,173508.00,USD,pending,6,GB
TX-0005038,C-00238,Zoe Garcia,zoe.garcia5038@example.com,11/03/2024,71963.00,USD,refunded,7,AU
TX-0005039,C-00239,Mateo Nguyen,mateo.nguyen5039@example.com,12/08/2024,171528.00,USD,cancelled,8,DE
TX-0005040,C-00240,Ava Patel,ava.patel5040@example.com,01/01/2024,7054.00,USD,completed,1,US
TX-0005041,C-00241,Noah Kim,noah.kim5041@example.com,02/06/2024,54540.00,USD,pending,2,CA
TX-0005042,C-00242,Mia Martin,mia.martin5042@example.com,03/11/2024,135919.00,USD,refunded,3,GB
TX-0005043,C-00243,Liam Smith,liam.smith5043@example.com,04/04/2024,204548.00,USD,cancelled,4,AU
TX-0005044,C-00244,Sofia Brown,,05/09/2024,222161.00,USD,completed,5,DE
TX-0005045,C-00245,Ethan Wilson,ethan.wilson5045@example.com,06/02/2024,139993.00,USD,pending,6,US
TX-0005046,C-00246,Zoe Garcia,zoe.garcia5046@example.com,07/07/2024,168266.00,USD,refunded,7,CA
TX-0005047,C-00247,Mateo Nguyen,mateo.nguyen5047@example.com,08/12/2024,245872.00,USD,cancelled,8,GB
TX-0005048,C-00248,Ava Patel,ava.patel5048@example.com,09/05/2024,123850.00,USD,completed,1,AU
TX-0005049,C-00249,Noah Kim,noah.kim5049@example.com,10/10/2024,21453.00,USD,pending,2,DE
TX-0005050,C-00250,Mia Martin,mia.martin5050@example.com,11/03/2024,209020.00,USD,refunded,3,US
TX-0005051,C-00251,Liam Smith,liam.smith5051@example.com,12/08/2024,100376.00,USD,cancelled,4,CA
TX-0005052,C-00252,Sofia Brown,sofia.brown5052@example.com,01/01/2024,13036.00,USD,completed,5,GB
TX-0005053,C-00253,Ethan Wilson,ethan.wilson5053@example.com,02/06/2024,220110.00,USD,pending,6,AU
TX-0005054,C-00254,Zoe Garcia,zoe.garcia5054@example.com,03/11/2024,149053.00,USD,refunded,7,DE
TX-0005055,C-00255,Mateo Nguyen,mateo.nguyen5055@example.com,04/04/2024,130811.00,USD,cancelled,8,US
TX-0005056,C-00256,Ava Patel,ava.patel5056@example.com,05/09/2024,209992.00,USD,completed,1,CA
TX-0005057,C-00257,Noah Kim,noah.kim5057@example.com,06/02/2024,95142.00,USD,pending,2,GB
TX-0005058,C-00258,Mia Martin,mia.martin5058@example.com,07/07/2024,170119.00,USD,refunded,3,AU
TX-0005059,C-00259,Liam Smith,liam.smith5059@example.com,08/12/2024,248890.00,USD,cancelled,4,DE
TX-0005060,C-00260,Sofia Brown,sofia.brown5060@example.com,09/05/2024,88029.00,USD,completed,5,US
TX-0005061,C-00261,Ethan Wilson,ethan.wilson5061@example.com,10/10/2024,157216.00,USD,pending,6,CA
TX-0005062,C-00262,Zoe Garcia,zoe.garcia5062@example.com,11/03/2024,217695.00,USD,refunded,7,GB
TX-0005063,C-00263,Mateo Nguyen,mateo.nguyen5063@example.com,12/08/2024,79152.00,USD,cancelled,8,AU
TX-0005064,C-00264,Ava Patel,ava.patel5064@example.com,01/01/2024,-6943.00,USD,completed,1,DE
TX-0005065,C-00265,Noah Kim,noah.kim5065@example.com,02/06/2024,215527.00,USD,pending,2,US
TX-0005066,C-00266,Mia Martin,mia.martin5066@example.com,03/11/2024,112308.00,usd,refunded,3,CA
TX-0005067,C-00267,Liam Smith,liam.smith5067@example.com,04/04/2024,79257.00,USD,cancelled,4,GB
TX-0005068,C-00268,Sofia Brown,sofia.brown5068@example.com,05/09/2024,170334.00, USD ,completed,5,AU
TX-0005069,C-00269,Ethan Wilson,ethan.wilson5069@example.com,06/02/2024,113607.00,USD,pending,6,DE
TX-0005070,C-00270,Zoe Garcia,zoe.garcia5070@example.com,07/07/2024,211598.00,USD,refunded,7,US
TX-0005071,C-00271,Mateo Nguyen,mateo.nguyen5071@example.com,08/12/2024,70149.00,USD,cancelled,8,CA
TX-0005072,C-00272,Ava Patel,ava.patel5072@example.com,09/05/2024,170586.00,USD,completed,1,GB
TX-0005073,C-00273,Noah Kim,noah.kim.invalid,10/10/2024,53946.00,USD,pending,2,AU
TX-0005074,C-00274,Mia Martin,mia.martin5074@example.com,11/03/2024,52891.00,USD,refunded,3,DE
TX-0005075,C-00275,Liam Smith,liam.smith5075@example.com,12/08/2024,105653.00,USD,cancelled,4,US
TX-0005076,C-00276,Sofia Brown,sofia.brown5076@example.com,01/01/2024,44515.00,USD,completed,5,CA
TX-0005077,C-00277,Ethan Wilson,ethan.wilson5077@example.com,02/06/2024,171192.00,USD,pending,6,GB
TX-0005078,C-00278,Zoe Garcia,zoe.garcia5078@example.com,03/11/2024,118261.00,USD,refunded,7,AU
TX-0005079,C-00279,Mateo Nguyen,mateo.nguyen5079@example.com,04/04/2024,35318.00,USD,cancelled,8,DE
TX-0005080,C-00280,ava patel,ava.patel5080@example.com,05/09/2024,56381.00,USD,completed,1,US
TX-0005081,C-00281,Noah Kim,noah.kim5081@example.com,06/02/2024,99495.00,USD,pending,2,CA
TX-0005082,C-00282,Mia Martin,mia.martin5082@example.com,07/07/2024,209949.00,USD,refunded,3,GB
TX-0005083,C-00283,Liam Smith,liam.smith5083@example.com,08/12/2024,206064.00,USD,cancelled,4,AU
TX-0005084,C-00284,Sofia Brown,sofia.brown5084@example.com,09/05/2024,70511.00,USD,completed,5,DE
TX-0005085,C-00285,  ETHAN WILSON  ,ethan.wilson5085@example.com,10/10/2024,162408.00,USD,pending,6,US
TX-0005086,C-00286,Zoe Garcia,zoe.garcia5086@example.com,11/03/2024,122528.00,USD,refunded,7,CA
TX-0005087,C-00287,Mateo Nguyen,mateo.nguyen5087@example.com,12/08/2024,107987.00,USD,cancelled,8,GB
TX-0005088,C-00288,Ava Patel,ava.patel5088@example.com,01/01/2024,208935.00,USD,completed,1,AU
TX-0005089,C-00289,Noah Kim,noah.kim5089@example.com,02/06/2024,86015.00,USD,pending,2,DE
TX-0005090,C-00290,Mia Martin,mia.martin5090@example.com,03/11/2024,228413.00,USD,refunded,3,US
TX-0005091,C-00291,Liam Smith,liam.smith5091@example.com,04/04/2024,177563.00,USD,cancelled,4,CA
TX-0005092,C-00292,Sofia Brown,sofia.brown5092@example.com,05/09/2024,163593.00,USD,completed,5,GB
TX-0005093,C-00293,Ethan Wilson,ethan.wilson5093@example.com,06/02/2024,36584.00,USD,pending,6,AU
TX-0005094,C-00294,Zoe Garcia,zoe.garcia5094@example.com,07/07/2024,197816.00,USD,refunded,7,DE
TX-0005095,C-00295,Mateo Nguyen,mateo.nguyen5095@example.com,08/12/2024,38564.00,USD,cancelled,8,US
TX-0005096,C-00296,Ava Patel,ava.patel5096@example.com,09/05/2024,80104.00,USD,completed,1,CA
TX-0005097,C-00297,Noah Kim,noah.kim5097@example.com,10/10/2024,92076.00,USD,pending,2,GB
TX-0005098,C-00298,Mia Martin,mia.martin5098@example.com,11/03/2024,169597.00,USD,refunded,3,AU
TX-0005099,C-00299,Liam Smith,liam.smith5099@example.com,12/08/2024,236225.00,USD,cancelled,4,DE
TX-0005100,C-00300,Sofia Brown,sofia.brown5100@example.com,01/01/2024,215647.00,USD,completed,5,US
TX-0005101,C-00301,Ethan Wilson,ethan.wilson5101@example.com,02/06/2024,17501.00,USD,pending,6,CA
TX-0005102,C-00302,Zoe Garcia,zoe.garcia5102@example.com,03/11/2024,176629.00,USD,refunded,7,GB
TX-0005103,C-00303,Mateo Nguyen,mateo.nguyen5103@example.com,04/04/2024,106902.00,USD,cancelled,8,AU
TX-0005104,C-00304,Ava Patel,ava.patel5104@example.com,05/09/2024,92475.00,USD,completed,1,DE
TX-0005105,C-00305,Noah Kim,noah.kim5105@example.com,06/02/2024,71037.00,USD,pending,2,US
TX-0005106,C-00306,Mia Martin,mia.martin5106@example.com,07/07/2024,155501.00,USD,refunded,3,CA
TX-0005107,C-00307,Liam Smith,liam.smith5107@example.com,08/12/2024,209007.00,USD,cancelled,4,GB
TX-0005108,C-00308,Sofia Brown,sofia.brown5108@example.com,09/05/2024,185426.00,USD,completed,5,AU
TX-0005109,C-00309,Ethan Wilson,ethan.wilson5109@example.com,10/10/2024,242066.00,USD,pending,6,de
TX-0005110,C-00310,Zoe Garcia,zoe.garcia5110@example.com,11/03/2024,143476.00,USD,refunded,7,US
TX-0005111,C-00311,Mateo Nguyen,mateo.nguyen5111@example.com,12/08/2024,168779.00,USD,cancelled,8,CA
TX-0005112,C-00312,Ava Patel,ava.patel5112@example.com,01/01/2024,246904.00,USD,completed,1,GB
TX-0005113,C-00313,Noah Kim,noah.kim5113@example.com,02/06/2024,208261.00,USD,pending,2,AU
TX-0005114,C-00314,Mia Martin,mia.martin5114@example.com,03/11/2024,86073.00,USD,refunded,3,DE
TX-0005115,C-00315,Liam Smith,liam.smith5115@example.com,04/04/2024,103497.00,USD,cancelled,4,US
TX-0005116,C-00316,Sofia Brown,sofia.brown5116@example.com,05/09/2024,31012.00,USD,completed,5,CA
TX-0005117,C-00317,Ethan Wilson,ethan.wilson5117@example.com,06/02/2024,163484.00,USD,pending,6,GB
TX-0005118,C-00318,Zoe Garcia,zoe.garcia5118@example.com,07/07/2024,31375.00,USD,refunded,7,AU
TX-0005119,C-00319,Mateo Nguyen,mateo.nguyen5119@example.com,08/12/2024,3459.00,USD,cancelled,8,DE
TX-0005120,C-00320,Ava Patel,ava.patel5120@example.com,09/05/2024,211121.00,USD,completed,1,US
TX-0005121,C-00321,Noah Kim,noah.kim5121@example.com,10/10/2024,229960.00,USD,pending,2,CA
TX-0005122,C-00322,Mia Martin,mia.martin5122@example.com,11/03/2024,151788.00,USD,refunded,3,GB
TX-0005123,C-00323,Liam Smith,liam.smith5123@example.com,12/08/2024,194561.00,USD,cancelled,4,AU
TX-0005124,C-00324,Sofia Brown,sofia.brown5124@example.com,01/01/2024,171170.00,USD,completed,5,DE
TX-0005125,C-00325,Ethan Wilson,ethan.wilson5125@example.com,02/06/2024,184861.00,USD,pending,6,US
TX-0005126,C-00326,Zoe Garcia,zoe.garcia5126@example.com,03/11/2024,186863.00,USD,refunded,7,CA
TX-0005127,C-00327,Mateo Nguyen,mateo.nguyen5127@example.com,04/04/2024,110145.00,USD,cancelled,8,GB
TX-0005128,C-00328,Ava Patel,ava.patel5128@example.com,05/09/2024,23881.00,USD,completed,1,AU
TX-0005129,C-00329,Noah Kim,noah.kim5129@example.com,06/02/2024,,USD,pending,2,DE
TX-0005130,C-00330,Mia Martin,mia.martin5130@example.com,07/07/2024,138039.00,USD,refunded,3,US
TX-0005131,C-00331,Liam Smith,liam.smith5131@example.com,08/12/2024,129712.00,USD,cancelled,4,CA
TX-0005132,C-00332,Sofia Brown,sofia.brown5132@example.com,09/05/2024,135905.00,USD,completed,5,GB
TX-0005133,C-00333,Ethan Wilson,ethan.wilson5133@example.com,10/10/2024,142229.00,USD,pending,6,AU
TX-0005134,C-00334,Zoe Garcia,zoe.garcia5134@example.com,11/03/2024,242394.00,USD,refunded,7,DE
TX-0005135,C-00335,Mateo Nguyen,mateo.nguyen5135@example.com,12/08/2024,155981.00,USD,cancelled,8,US
TX-0005136,C-00336,Ava Patel,ava.patel5136@example.com,01/01/2024,790.00,USD,completed,1,CA
TX-0005137,C-00337,Noah Kim,noah.kim5137@example.com,02/06/2024,20029.00,USD,pending,2,GB
TX-0005138,C-00338,Mia Martin,mia.martin5138@example.com,03/11/2024,152785.00,USD,refunded,3,AU
TX-0005139,C-00339,Liam Smith,liam.smith5139@example.com,04/04/2024,133354.00,USD,cancelled,4,DE
TX-0005140,C-00340,Sofia Brown,sofia.brown5140@example.com,05/09/2024,226368.00,USD,completed,5,US
TX-0005141,C-00341,Ethan Wilson,,06/02/2024,51490.00,USD,pending,6,CA
TX-0005142,C-00342,Zoe Garcia,zoe.garcia5142@example.com,07/07/2024,202580.00,USD,refunded,7,GB
TX-0005143,C-00343,Mateo Nguyen,mateo.nguyen5143@example.com,08/12/2024,43656.00,USD,cancelled,8,AU
TX-0005144,C-00344,Ava Patel,ava.patel5144@example.com,09/05/2024,44098.00,USD,completed,1,DE
TX-0005145,C-00345,Noah Kim,noah.kim5145@example.com,10/10/2024,207595.00,USD,pending,2,US
TX-0005146,C-00346,Mia Martin,mia.martin5146@example.com,11/03/2024,205544.00,USD,refunded,3,CA
TX-0005147,C-00347,Liam Smith,liam.smith5147@example.com,12/08/2024,23275.00,USD,cancelled,4,GB
TX-0005148,C-00348,Sofia Brown,sofia.brown5148@example.com,01/01/2024,118365.00,USD,completed,5,AU
TX-0005149,C-00349,Ethan Wilson,ethan.wilson5149@example.com,02/06/2024,189362.00,USD,pending,6,DE
TX-0005150,C-00350,Zoe Garcia,zoe.garcia5150@example.com,03/11/2024,16891.00,USD,refunded,7,US
TX-0005151,C-00351,Mateo Nguyen,mateo.nguyen5151@example.com,04/04/2024,1921.00,USD,cancelled,8,CA
TX-0005152,C-00352,Ava Patel,ava.patel5152@example.com,05/09/2024,148386.00,USD,completed,1,GB
TX-0005153,C-00353,Noah Kim,noah.kim5153@example.com,06/02/2024,70520.00,USD,pending,2,AU
TX-0005154,C-00354,Mia Martin,mia.martin5154@example.com,07/07/2024,126142.00,USD,refunded,3,DE
TX-0005155,C-00355,Liam Smith,liam.smith5155@example.com,08/12/2024,202949.00,USD,cancelled,4,US
TX-0005156,C-00356,Sofia Brown,sofia.brown5156@example.com,09/05/2024,170290.00,USD,completed,5,CA
TX-0005157,C-00357,Ethan Wilson,ethan.wilson5157@example.com,10/10/2024,153272.00,USD,unknown,6,GB
TX-0005158,C-00358,Zoe Garcia,zoe.garcia5158@example.com,11/03/2024,159229.00,USD,refunded,7,AU
TX-0005159,C-00359,Mateo Nguyen,mateo.nguyen5159@example.com,12/08/2024,127185.00,USD,cancelled,8,DE
TX-0005160,C-00360,Ava Patel,ava.patel5160@example.com,01/01/2024,163549.00,USD,completed,1,US
TX-0005161,C-00361,Noah Kim,noah.kim5161@example.com,02/06/2024,67043.00,USD,pending,2,CA
TX-0005162,C-00362,Mia Martin,mia.martin.invalid,03/11/2024,104987.00,USD,refunded,3,GB
TX-0005163,C-00363,Liam Smith,liam.smith5163@example.com,04/04/2024,156394.00,USD,cancelled,4,AU
TX-0005164,C-00364,Sofia Brown,sofia.brown5164@example.com,05/09/2024,188440.00,USD,completed,5,DE
TX-0005165,C-00365,Ethan Wilson,ethan.wilson5165@example.com,06/02/2024,99824.00,USD,pending,6,US
TX-0005166,C-00366,Zoe Garcia,zoe.garcia5166@example.com,07/07/2024,176198.00,USD,refunded,7,CA
TX-0005167,C-00367,Mateo Nguyen,mateo.nguyen5167@example.com,08/12/2024,189272.00,USD,cancelled,8,GB
TX-0005168,C-00368,Ava Patel,ava.patel5168@example.com,09/05/2024,222951.00,USD,completed,1,AU
TX-0005169,C-00369,Noah Kim,noah.kim5169@example.com,10/10/2024,52926.00,USD,pending,2,DE
TX-0005170,C-00370,Mia Martin,mia.martin5170@example.com,11/03/2024,38207.00,USD,refunded,3,US
TX-0005171,C-00371,Liam Smith,liam.smith5171@example.com,12/08/2024,145616.00,USD,cancelled,4,CA
TX-0005172,C-00372,Sofia Brown,sofia.brown5172@example.com,01/01/2024,54642.00,USD,completed,5,GB
TX-0005173,C-00373,Ethan Wilson,ethan.wilson5173@example.com,02/06/2024,18808.00,USD,pending,6,AU
TX-0005174,C-00374,Zoe Garcia,zoe.garcia5174@example.com,03/11/2024,169651.00,USD,refunded,7,DE
TX-0005175,C-00375,Mateo Nguyen,mateo.nguyen5175@example.com,04/04/2024,102621.00,USD,cancelled,8,US
TX-0005176,C-00376,Ava Patel,ava.patel5176@example.com,05/09/2024,236670.00,USD,completed,1,CA
TX-0005177,C-00377,Noah Kim,noah.kim5177@example.com,06/02/2024,152869.00,USD,pending,2,GB
TX-0005178,C-00378,Mia Martin,mia.martin5178@example.com,07/07/2024,99721.00,USD,refunded,3,AU
TX-0005179,C-00379,Liam Smith,liam.smith5179@example.com,08/12/2024,140707.00,USD,cancelled,4,DE
TX-0005180,C-00380,Sofia Brown,sofia.brown5180@example.com,09/05/2024,147293.00,USD,completed,5,US
TX-0005181,C-00381,Ethan Wilson,ethan.wilson5181@example.com,10/10/2024,233600.00,USD,COMPLETE,6,CA
TX-0005182,C-00382,Zoe Garcia,zoe.garcia5182@example.com,11/03/2024,182714.00,USD,refunded,7,GB
TX-0005183,C-00383,Mateo Nguyen,mateo.nguyen5183@example.com,12/08/2024,33777.00,USD,cancelled,8,AU
TX-0005184,C-00384,Ava Patel,ava.patel5184@example.com,01/01/2024,103643.00,USD,completed,1,DE
TX-0005185,C-00385,Noah Kim,noah.kim5185@example.com,02/06/2024,123519.00,USD,pending,2,US
TX-0005186,C-00386,Mia Martin,mia.martin5186@example.com,03/11/2024,180172.00,USD,refunded,3,CA
TX-0005187,C-00387,Liam Smith,liam.smith5187@example.com,04/04/2024,227345.00,USD,cancelled,4,GB
TX-0005188,C-00388,Sofia Brown,sofia.brown5188@example.com,05/09/2024,219607.00,USD,completed,5,AU
TX-0005189,C-00389,Ethan Wilson,ethan.wilson5189@example.com,06/02/2024,51854.00,USD,pending,6,DE
TX-0005190,C-00390,Zoe Garcia,zoe.garcia5190@example.com,07/07/2024,21244.00,USD,refunded,7,USA
TX-0005191,C-00391,Mateo Nguyen,mateo.nguyen5191@example.com,08/12/2024,245721.00,USD,cancelled,8,CA
TX-0005192,C-00392,Ava Patel,ava.patel5192@example.com,09/05/2024,153553.00,USD,completed,1,GB
TX-0005193,C-00393,Noah Kim,noah.kim5193@example.com,10/10/2024,72292.00,USD,pending,2,AU
TX-0005194,C-00394,Mia Martin,mia.martin5194@example.com,11/03/2024,17205.00,USD,refunded,3,DE
TX-0005195,C-00395,Liam Smith,liam.smith5195@example.com,12/08/2024,222460.00,USD,cancelled,4,US
TX-0005196,C-00396,Sofia Brown,sofia.brown5196@example.com,01/01/2024,93313.00,USD,completed,5,CA
TX-0005197,C-00397,Ethan Wilson,ethan.wilson5197@example.com,02/06/2024,140150.00,USD,pending,6,GB
TX-0005198,C-00398,  ZOE GARCIA  ,zoe.garcia5198@example.com,03/11/2024,83515.00,USD,refunded,7,AU
TX-0005199,C-00399,Mateo Nguyen,mateo.nguyen5199@example.com,04/04/2024,161477.00,USD,cancelled,8,DE
TX-0005200,C-00400,Ava Patel,ava.patel5200@example.com,05/09/2024,166634.00,USD,completed,1,US
TX-0005201,C-00401,Noah Kim,noah.kim5201@example.com,06/02/2024,184517.00,USD,pending,2,CA
TX-0005202,C-00402,Mia Martin,mia.martin5202@example.com,07/07/2024,142776.00,USD,refunded,3,GB
TX-0005203,C-00403,Liam Smith,liam.smith5203@example.com,08/12/2024,23258.00,USD,cancelled,4,AU
TX-0005204,C-00404,Sofia Brown,sofia.brown5204@example.com,09/05/2024,94168.00,USD,completed,5,DE
TX-0005205,C-00405,Ethan Wilson,ethan.wilson5205@example.com,10/10/2024,115149.00,USD,pending,6,US
TX-0005206,C-00406,Zoe Garcia,zoe.garcia5206@example.com,11/03/2024,144606.00,USD,refunded,7,CA
TX-0005207,C-00407,mateo nguyen,mateo.nguyen5207@example.com,12/08/2024,14802.00,USD,cancelled,8,GB
TX-0005208,C-00408,Ava Patel,ava.patel5208@example.com,01/01/2024,110413.00,USD,completed,1,AU
TX-0005209,C-00409,Noah Kim,noah.kim5209@example.com,02/06/2024,78493.00,USD,pending,2,DE
TX-0005210,C-00410,Mia Martin,mia.martin5210@example.com,03/11/2024,135426.00,USD,refunded,3,US
TX-0005211,C-00411,Liam Smith,liam.smith5211@example.com,04/04/2024,57417.00,USD,cancelled,4,CA
TX-0005212,C-00412,Sofia Brown,sofia.brown5212@example.com,05/09/2024,73086.00,USD,completed,5,GB
TX-0005213,C-00413,Ethan Wilson,ethan.wilson5213@example.com,06/02/2024,2116.00,USD,pending,6,AU
TX-0005214,C-00414,Zoe Garcia,zoe.garcia5214@example.com,07/07/2024,182467.00,USD,refunded,7,DE
TX-0005215,C-00415,Mateo Nguyen,mateo.nguyen5215@example.com,08/12/2024,160548.00,usd,cancelled,8,US
TX-0005216,C-00416,Ava Patel,ava.patel5216@example.com,09/05/2024,213813.00,USD,completed,1,CA
TX-0005217,C-00417,Noah Kim,noah.kim5217@example.com,10/10/2024,136271.00,USD,pending,2,GB
TX-0005218,C-00418,Mia Martin,mia.martin5218@example.com,11/03/2024,183448.00,USD,refunded,3,AU
TX-0005219,C-00419,Liam Smith,liam.smith5219@example.com,12/08/2024,242781.00,USD,cancelled,4,DE
TX-0005220,C-00420,Sofia Brown,sofia.brown5220@example.com,01/01/2024,60688.00,USD,completed,5,US
TX-0005221,C-00421,Ethan Wilson,ethan.wilson5221@example.com,02/06/2024,241889.00,USD,pending,6,CA
TX-0005222,C-00422,Zoe Garcia,zoe.garcia5222@example.com,03/11/2024,202816.00,USD,refunded,7,GB
TX-0005223,C-00423,Mateo Nguyen,mateo.nguyen5223@example.com,04/04/2024,7287.00,USD,cancelled,8,AU
TX-0005224,C-00424,Ava Patel,ava.patel5224@example.com,05/09/2024,110982.00,USD,completed,1,DE
TX-0005225,C-00425,Noah Kim,noah.kim5225@example.com,06/02/2024,144044.00,USD,pending,2,US
TX-0005226,C-00426,Mia Martin,mia.martin5226@example.com,07/07/2024,164291.00,USD,refunded,3,CA
TX-0005227,C-00427,Liam Smith,liam.smith5227@example.com,08/12/2024,111171.00,USD,cancelled,4,GB
TX-0005228,C-00428,Sofia Brown,sofia.brown5228@example.com,09/05/2024,106868.00,USD,completed,5,AU
TX-0005229,C-00429,Ethan Wilson,ethan.wilson5229@example.com,10/10/2024,150677.00,USD,pending,6,DE
TX-0005230,C-00430,Zoe Garcia,zoe.garcia5230@example.com,11/03/2024,84862.00,USD,refunded,7,US
TX-0005231,C-00431,Mateo Nguyen,mateo.nguyen5231@example.com,12/08/2024,130317.00,USD,cancelled,8,CA
TX-0005232,C-00432,Ava Patel,ava.patel5232@example.com,01/01/2024,136732.00,USD,completed,1,GB
TX-0005233,C-00433,Noah Kim,noah.kim5233@example.com,02/06/2024,192386.00,USD,pending,2,AU
TX-0005234,C-00434,Mia Martin,mia.martin5234@example.com,03/11/2024,226636.00,USD,refunded,3,DE
TX-0005235,C-00435,Liam Smith,liam.smith5235@example.com,04/04/2024,172323.00,USD,cancelled,4,US
TX-0005236,C-00436,Sofia Brown,sofia.brown5236@example.com,05/09/2024,178108.00,USD,completed,5,CA
TX-0005237,C-00437,Ethan Wilson,ethan.wilson5237@example.com,06/02/2024,231834.00,USD,pending,6,GB
TX-0005238,C-00438,Zoe Garcia,,07/07/2024,84305.00,USD,refunded,7,AU
TX-0005239,C-00439,Mateo Nguyen,mateo.nguyen5239@example.com,08/12/2024,169645.00,USD,cancelled,8,DE
TX-0005240,C-00440,Ava Patel,ava.patel5240@example.com,09/05/2024,145202.00,USD,completed,1,us
TX-0005241,C-00441,Noah Kim,noah.kim5241@example.com,10/10/2024,205079.00,USD,pending,2,CA
TX-0005242,C-00442,Mia Martin,mia.martin5242@example.com,11/03/2024,98846.00,USD,refunded,3,GB
TX-0005243,C-00443,Liam Smith,liam.smith5243@example.com,12/08/2024,43047.00,USD,cancelled,4,AU
TX-0005244,C-00444,Sofia Brown,sofia.brown5244@example.com,01/01/2024,236096.00,USD,completed,5,DE
TX-0005245,C-00445,Ethan Wilson,ethan.wilson5245@example.com,02/06/2024,147025.00,USD,pending,6,US
TX-0005246,C-00446,Zoe Garcia,zoe.garcia5246@example.com,03/11/2024,86719.00,USD,refunded,7,CA
TX-0005247,C-00447,Mateo Nguyen,mateo.nguyen5247@example.com,04/04/2024,78034.00,USD,cancelled,8,GB
TX-0005248,C-00448,Ava Patel,ava.patel5248@example.com,05/09/2024,11665.00,USD,completed,1,AU
TX-0005249,C-00449,Noah Kim,noah.kim5249@example.com,06/02/2024,216080.00, USD ,pending,2,DE
TX-0005250,C-00450,Mia Martin,mia.martin5250@example.com,07/07/2024,221933.00,USD,refunded,3,US
TX-0005251,C-00451,Liam Smith,liam.smith.invalid,08/12/2024,8535.00,USD,cancelled,4,CA
TX-0005252,C-00452,Sofia Brown,sofia.brown5252@example.com,09/05/2024,241528.00,USD,completed,5,GB
TX-0005253,C-00453,Ethan Wilson,ethan.wilson5253@example.com,10/10/2024,206162.00,USD,pending,6,AU
TX-0005254,C-00454,Zoe Garcia,zoe.garcia5254@example.com,11/03/2024,59893.00,USD,refunded,7,DE
TX-0005255,C-00455,Mateo Nguyen,mateo.nguyen5255@example.com,12/08/2024,206356.00,USD,cancelled,8,US
TX-0005256,C-00456,Ava Patel,ava.patel5256@example.com,01/01/2024,60734.00,USD,completed,1,CA
TX-0005257,C-00457,Noah Kim,noah.kim5257@example.com,02/06/2024,234959.00,USD,pending,2,GB
TX-0005258,C-00458,Mia Martin,mia.martin5258@example.com,03/11/2024,133513.00,USD,refunded,3,AU
TX-0005259,C-00459,Liam Smith,liam.smith5259@example.com,04/04/2024,160917.00,USD,cancelled,4,DE
TX-0005260,C-00460,Sofia Brown,sofia.brown5260@example.com,05/09/2024,186158.00,USD,completed,5,US
TX-0005261,C-00461,Ethan Wilson,ethan.wilson5261@example.com,06/02/2024,199213.00,USD,pending,6,CA
TX-0005262,C-00462,Zoe Garcia,zoe.garcia5262@example.com,07/07/2024,130371.00,USD,refunded,7,GB
TX-0005263,C-00463,Mateo Nguyen,mateo.nguyen5263@example.com,08/12/2024,112124.00,USD,cancelled,8,AU
TX-0005264,C-00464,Ava Patel,ava.patel5264@example.com,09/05/2024,164513.00,USD,completed,1,DE
TX-0005265,C-00465,Noah Kim,noah.kim5265@example.com,10/10/2024,125655.00,USD,pending,2,US
TX-0005266,C-00466,Mia Martin,mia.martin5266@example.com,11/03/2024,149375.00,USD,refunded,3,CA
TX-0005267,C-00467,Liam Smith,liam.smith5267@example.com,12/08/2024,141648.00,USD,cancelled,4,GB
TX-0005268,C-00468,Sofia Brown,sofia.brown5268@example.com,01/01/2024,58524.00,USD,completed,5,AU
TX-0005269,C-00469,Ethan Wilson,ethan.wilson5269@example.com,02/06/2024,125704.00,USD,pending,6,DE
TX-0005270,C-00470,Zoe Garcia,zoe.garcia5270@example.com,03/11/2024,122673.00,USD,refunded,7,US
TX-0005271,C-00471,Mateo Nguyen,mateo.nguyen5271@example.com,04/04/2024,113232.00,USD,cancelled,8,CA
TX-0005272,C-00472,Ava Patel,ava.patel5272@example.com,05/09/2024,8447.00,USD,completed,1,GB
TX-0005273,C-00473,Noah Kim,noah.kim5273@example.com,06/02/2024,159394.00,USD,pending,2,AU
TX-0005274,C-00474,Mia Martin,mia.martin5274@example.com,07/07/2024,158741.00,USD,refunded,3,DE
TX-0005275,C-00475,Liam Smith,liam.smith5275@example.com,08/12/2024,-2522.00,USD,cancelled,4,US
TX-0005276,C-00476,Sofia Brown,sofia.brown5276@example.com,09/05/2024,156280.00,USD,completed,5,CA
TX-0005277,C-00477,Ethan Wilson,ethan.wilson5277@example.com,10/10/2024,113403.00,USD,pending,6,GB
TX-0005278,C-00478,Zoe Garcia,zoe.garcia5278@example.com,11/03/2024,232909.00,USD,refunded,7,AU
TX-0005279,C-00479,Mateo Nguyen,mateo.nguyen5279@example.com,12/08/2024,67400.00,USD,cancelled,8,DE
TX-0005280,C-00480,Ava Patel,ava.patel5280@example.com,01/01/2024,6798.00,USD,completed,1,US
TX-0005281,C-00481,Noah Kim,noah.kim5281@example.com,02/06/2024,238287.00,USD,pending,2,CA
TX-0005282,C-00482,Mia Martin,mia.martin5282@example.com,03/11/2024,247976.00,USD,refunded,3,GB
TX-0005283,C-00483,Liam Smith,liam.smith5283@example.com,04/04/2024,53754.00,USD,cancelled,4,AU
TX-0005284,C-00484,Sofia Brown,sofia.brown5284@example.com,05/09/2024,40744.00,USD,completed,5,DE
TX-0005285,C-00485,Ethan Wilson,ethan.wilson5285@example.com,06/02/2024,31718.00,USD,pending,6,US
TX-0005286,C-00486,Zoe Garcia,zoe.garcia5286@example.com,07/07/2024,64977.00,USD,refunded,7,CA
TX-0005287,C-00487,Mateo Nguyen,mateo.nguyen5287@example.com,08/12/2024,228577.00,USD,cancelled,8,GB
TX-0005288,C-00488,Ava Patel,ava.patel5288@example.com,09/05/2024,62763.00,USD,completed,1,AU
TX-0005289,C-00489,Noah Kim,noah.kim5289@example.com,10/10/2024,60470.00,USD,pending,2,DE
TX-0005290,C-00490,Mia Martin,mia.martin5290@example.com,11/03/2024,232581.00,USD,refunded,3,US
TX-0005291,C-00491,Liam Smith,liam.smith5291@example.com,12/08/2024,209302.00,USD,cancelled,4,CA
TX-0005292,C-00492,Sofia Brown,sofia.brown5292@example.com,01/01/2024,67907.00,USD,completed,5,GB
TX-0005293,C-00493,Ethan Wilson,ethan.wilson5293@example.com,02/06/2024,21272.00,USD,pending,6,AU
TX-0005294,C-00494,Zoe Garcia,zoe.garcia5294@example.com,03/11/2024,210816.00,USD,refunded,7,DE
TX-0005295,C-00495,Mateo Nguyen,mateo.nguyen5295@example.com,04/04/2024,174498.00,USD,cancelled,8,US
TX-0005296,C-00496,Ava Patel,ava.patel5296@example.com,05/09/2024,53189.00,USD,completed,1,CA
TX-0005297,C-00497,Noah Kim,noah.kim5297@example.com,06/02/2024,185594.00,USD,pending,2,GB
TX-0005298,C-00498,Mia Martin,mia.martin5298@example.com,07/07/2024,138284.00,USD,refunded,3,AU
TX-0005299,C-00499,Liam Smith,liam.smith5299@example.com,08/12/2024,208075.00,USD,cancelled,4,DE
TX-0005300,C-00500,Sofia Brown,sofia.brown5300@example.com,09/05/2024,74091.00,USD,completed,5,US
TX-0005301,C-00501,Ethan Wilson,ethan.wilson5301@example.com,10/10/2024,202901.00,USD,pending,6,CA
TX-0005302,C-00502,Zoe Garcia,zoe.garcia5302@example.com,11/03/2024,77008.00,USD,refunded,7,GB
TX-0005303,C-00503,Mateo Nguyen,mateo.nguyen5303@example.com,12/08/2024,212661.00,USD,cancelled,8,AU
TX-0005304,C-00504,Ava Patel,ava.patel5304@example.com,01/01/2024,77007.00,USD,completed,1,DE
TX-0005305,C-00505,Noah Kim,noah.kim5305@example.com,02/06/2024,71906.00,USD,pending,2,US
TX-0005306,C-00506,Mia Martin,mia.martin5306@example.com,03/11/2024,249536.00,USD,refunded,3,CA
TX-0005307,C-00507,Liam Smith,liam.smith5307@example.com,04/04/2024,108174.00,USD,cancelled,4,GB
TX-0005308,C-00508,Sofia Brown,sofia.brown5308@example.com,05/09/2024,26531.00,USD,completed,5,AU
TX-0005309,C-00509,Ethan Wilson,ethan.wilson5309@example.com,06/02/2024,136073.00,USD,pending,6,DE
TX-0005310,C-00510,Zoe Garcia,zoe.garcia5310@example.com,07/07/2024,16677.00,USD,refunded,7,US
TX-0005311,C-00511,  MATEO NGUYEN  ,mateo.nguyen5311@example.com,08/12/2024,13676.00,USD,cancelled,8,CA
TX-0005312,C-00512,Ava Patel,ava.patel5312@example.com,09/05/2024,85888.00,USD,completed,1,GB
TX-0005313,C-00513,Noah Kim,noah.kim5313@example.com,10/10/2024,99440.00,USD,pending,2,AU
TX-0005314,C-00514,Mia Martin,mia.martin5314@example.com,11/03/2024,109322.00,USD,refunded,3,DE
TX-0005315,C-00515,Liam Smith,liam.smith5315@example.com,12/08/2024,170511.00,USD,cancelled,4,US
TX-0005316,C-00516,Sofia Brown,sofia.brown5316@example.com,01/01/2024,249384.00,USD,completed,5,CA
TX-0005317,C-00517,Ethan Wilson,ethan.wilson5317@example.com,02/06/2024,91083.00,USD,pending,6,GB
TX-0005318,C-00518,Zoe Garcia,zoe.garcia5318@example.com,03/11/2024,51584.00,USD,refunded,7,AU
TX-0005319,C-00519,Mateo Nguyen,mateo.nguyen5319@example.com,04/04/2024,52285.00,USD,cancelled,8,DE
TX-0005320,C-00520,Ava Patel,ava.patel5320@example.com,05/09/2024,152024.00,USD,completed,1,US
TX-0005321,C-00521,Noah Kim,noah.kim5321@example.com,06/02/2024,161407.00,USD,pending,2,CA
TX-0005322,C-00522,Mia Martin,mia.martin5322@example.com,07/07/2024,86497.00,USD,refunded,3,GB
TX-0005323,C-00523,Liam Smith,liam.smith5323@example.com,08/12/2024,215302.00,USD,cancelled,4,AU
TX-0005324,C-00524,Sofia Brown,sofia.brown5324@example.com,09/05/2024,7554.00,USD,completed,5,DE
TX-0005325,C-00525,Ethan Wilson,ethan.wilson5325@example.com,10/10/2024,175069.00,USD,pending,6,US
TX-0005326,C-00526,Zoe Garcia,zoe.garcia5326@example.com,11/03/2024,168855.00,USD,refunded,7,CA
TX-0005327,C-00527,Mateo Nguyen,mateo.nguyen5327@example.com,12/08/2024,188246.00,USD,cancelled,8,GB
TX-0005328,C-00528,Ava Patel,ava.patel5328@example.com,01/01/2024,217031.00,USD,completed,1,AU
TX-0005329,C-00529,Noah Kim,noah.kim5329@example.com,02/06/2024,162406.00,USD,pending,2,DE
TX-0005330,C-00530,Mia Martin,mia.martin5330@example.com,03/11/2024,93571.00,USD,refunded,3,US
TX-0005331,C-00531,Liam Smith,liam.smith5331@example.com,04/04/2024,34780.00,USD,cancelled,4,CA
TX-0005332,C-00532,Sofia Brown,sofia.brown5332@example.com,05/09/2024,85218.00,USD,completed,5,GB
TX-0005333,C-00533,Ethan Wilson,ethan.wilson5333@example.com,06/02/2024,67175.00,USD,pending,6,AU
TX-0005334,C-00534,zoe garcia,zoe.garcia5334@example.com,07/07/2024,224504.00,USD,refunded,7,DE
TX-0005335,C-00535,Mateo Nguyen,,08/12/2024,43735.00,USD,cancelled,8,US
TX-0005336,C-00536,Ava Patel,ava.patel5336@example.com,09/05/2024,221687.00,USD,completed,1,CA
TX-0005337,C-00537,Noah Kim,noah.kim5337@example.com,10/10/2024,103977.00,USD,pending,2,GB
TX-0005338,C-00538,Mia Martin,mia.martin5338@example.com,11/03/2024,139314.00,USD,COMPLETE,3,AU
TX-0005339,C-00539,Liam Smith,liam.smith5339@example.com,12/08/2024,119777.00,USD,cancelled,4,DE
TX-0005340,C-00540,Sofia Brown,sofia.brown.invalid,01/01/2024,194039.00,USD,completed,5,US
TX-0005341,C-00541,Ethan Wilson,ethan.wilson5341@example.com,02/06/2024,227230.00,USD,pending,6,CA
TX-0005342,C-00542,Zoe Garcia,zoe.garcia5342@example.com,03/11/2024,159331.00,USD,refunded,7,GB
TX-0005343,C-00543,Mateo Nguyen,mateo.nguyen5343@example.com,04/04/2024,230723.00,USD,cancelled,8,AU
TX-0005344,C-00544,Ava Patel,ava.patel5344@example.com,05/09/2024,135107.00,USD,completed,1,DE
TX-0005345,C-00545,Noah Kim,noah.kim5345@example.com,06/02/2024,120853.00,USD,pending,2,US
TX-0005346,C-00546,Mia Martin,mia.martin5346@example.com,07/07/2024,8607.00,USD,refunded,3,CA
TX-0005347,C-00547,Liam Smith,liam.smith5347@example.com,08/12/2024,96096.00,USD,cancelled,4,GB
TX-0005348,C-00548,Sofia Brown,sofia.brown5348@example.com,09/05/2024,92547.00,USD,unknown,5,AU
TX-0005349,C-00549,Ethan Wilson,ethan.wilson5349@example.com,10/10/2024,53939.00,USD,pending,6,DE
TX-0005350,C-00550,Zoe Garcia,zoe.garcia5350@example.com,11/03/2024,205941.00,USD,refunded,7,US
TX-0005351,C-00551,Mateo Nguyen,mateo.nguyen5351@example.com,12/08/2024,83930.00,USD,cancelled,8,CA
TX-0005352,C-00552,Ava Patel,ava.patel5352@example.com,01/01/2024,,USD,completed,1,GB
TX-0005353,C-00553,Noah Kim,noah.kim5353@example.com,02/06/2024,229972.00,USD,pending,2,AU
TX-0005354,C-00554,Mia Martin,mia.martin5354@example.com,03/11/2024,76064.00,USD,refunded,3,DE
TX-0005355,C-00555,Liam Smith,liam.smith5355@example.com,04/04/2024,131561.00,USD,cancelled,4,US
TX-0005356,C-00556,Sofia Brown,sofia.brown5356@example.com,05/09/2024,116869.00,USD,completed,5,CA
TX-0005357,C-00557,Ethan Wilson,ethan.wilson5357@example.com,06/02/2024,127324.00,USD,pending,6,GB
TX-0005358,C-00558,Zoe Garcia,zoe.garcia5358@example.com,07/07/2024,179323.00,USD,refunded,7,AU
TX-0005359,C-00559,Mateo Nguyen,mateo.nguyen5359@example.com,08/12/2024,202447.00,USD,cancelled,8,DE
TX-0005360,C-00560,Ava Patel,ava.patel5360@example.com,09/05/2024,70305.00,USD,completed,1,US
TX-0005361,C-00561,Noah Kim,noah.kim5361@example.com,10/10/2024,74143.00,USD,pending,2,CA
TX-0005362,C-00562,Mia Martin,mia.martin5362@example.com,11/03/2024,96120.00,USD,refunded,3,GB
TX-0005363,C-00563,Liam Smith,liam.smith5363@example.com,12/08/2024,198446.00,USD,cancelled,4,USA
TX-0005364,C-00564,Sofia Brown,sofia.brown5364@example.com,01/01/2024,26738.00,usd,completed,5,DE
TX-0005365,C-00565,Ethan Wilson,ethan.wilson5365@example.com,02/06/2024,919.00,USD,pending,6,US
TX-0005366,C-00566,Zoe Garcia,zoe.garcia5366@example.com,03/11/2024,137073.00,USD,refunded,7,CA
TX-0005367,C-00567,Mateo Nguyen,mateo.nguyen5367@example.com,04/04/2024,210199.00,USD,cancelled,8,GB
TX-0005368,C-00568,Ava Patel,ava.patel5368@example.com,05/09/2024,215972.00,USD,completed,1,AU
TX-0005369,C-00569,Noah Kim,noah.kim5369@example.com,06/02/2024,141490.00,USD,pending,2,DE
TX-0005370,C-00570,Mia Martin,mia.martin5370@example.com,07/07/2024,72452.00,USD,refunded,3,US
TX-0005371,C-00571,Liam Smith,liam.smith5371@example.com,08/12/2024,139847.00,USD,cancelled,4,ca
TX-0005372,C-00572,Sofia Brown,sofia.brown5372@example.com,09/05/2024,99583.00,USD,completed,5,GB
TX-0005373,C-00573,Ethan Wilson,ethan.wilson5373@example.com,10/10/2024,141824.00,USD,pending,6,AU
TX-0005374,C-00574,Zoe Garcia,zoe.garcia5374@example.com,11/03/2024,58519.00,USD,refunded,7,DE
TX-0005375,C-00575,Mateo Nguyen,mateo.nguyen5375@example.com,12/08/2024,189697.00,USD,cancelled,8,US
TX-0005376,C-00576,Ava Patel,ava.patel5376@example.com,01/01/2024,3279.00,USD,completed,1,CA
TX-0005377,C-00577,Noah Kim,noah.kim5377@example.com,02/06/2024,17691.00,USD,pending,2,GB
TX-0005378,C-00578,Mia Martin,mia.martin5378@example.com,03/11/2024,121370.00,USD,refunded,3,AU
TX-0005379,C-00579,Liam Smith,liam.smith5379@example.com,04/04/2024,158195.00,USD,cancelled,4,DE
TX-0005380,C-00580,Sofia Brown,sofia.brown5380@example.com,05/09/2024,217262.00,USD,completed,5,US
TX-0005381,C-00581,Ethan Wilson,ethan.wilson5381@example.com,06/02/2024,20243.00,USD,pending,6,CA
TX-0005382,C-00582,Zoe Garcia,zoe.garcia5382@example.com,07/07/2024,172800.00,USD,refunded,7,GB
TX-0005383,C-00583,Mateo Nguyen,mateo.nguyen5383@example.com,08/12/2024,101414.00,USD,cancelled,8,AU
TX-0005384,C-00584,Ava Patel,ava.patel5384@example.com,09/05/2024,26112.00,USD,completed,1,DE
TX-0005385,C-00585,Noah Kim,noah.kim5385@example.com,10/10/2024,201978.00,USD,pending,2,US
TX-0005386,C-00586,Mia Martin,mia.martin5386@example.com,11/03/2024,14639.00,USD,refunded,3,CA
TX-0005387,C-00587,Liam Smith,liam.smith5387@example.com,12/08/2024,77754.00,USD,cancelled,4,GB
TX-0005388,C-00588,Sofia Brown,sofia.brown5388@example.com,01/01/2024,219815.00,USD,completed,5,AU
TX-0005389,C-00589,Ethan Wilson,ethan.wilson5389@example.com,02/06/2024,102228.00,USD,pending,6,DE
TX-0005390,C-00590,Zoe Garcia,zoe.garcia5390@example.com,03/11/2024,16241.00,USD,refunded,7,US
TX-0005391,C-00591,Mateo Nguyen,mateo.nguyen5391@example.com,04/04/2024,34727.00,USD,cancelled,8,CA
TX-0005392,C-00592,Ava Patel,ava.patel5392@example.com,05/09/2024,21522.00,USD,completed,1,GB
TX-0005393,C-00593,Noah Kim,noah.kim5393@example.com,06/02/2024,102180.00,USD,pending,2,AU
TX-0005394,C-00594,Mia Martin,mia.martin5394@example.com,07/07/2024,181293.00,USD,refunded,3,DE
TX-0005395,C-00595,Liam Smith,liam.smith5395@example.com,08/12/2024,26860.00,USD,cancelled,4,US
TX-0005396,C-00596,Sofia Brown,sofia.brown5396@example.com,09/05/2024,166924.00,USD,completed,5,CA
TX-0005397,C-00597,Ethan Wilson,ethan.wilson5397@example.com,10/10/2024,91450.00,USD,pending,6,GB
TX-0005398,C-00598,Zoe Garcia,zoe.garcia5398@example.com,11/03/2024,188498.00,USD,refunded,7,AU
TX-0005399,C-00599,Mateo Nguyen,mateo.nguyen5399@example.com,12/08/2024,239411.00,USD,cancelled,8,DE
TX-0005400,C-00600,Ava Patel,ava.patel5400@example.com,01/01/2024,160234.00,USD,completed,1,US
TX-0005401,C-00601,Noah Kim,noah.kim5401@example.com,02/06/2024,241899.00,USD,pending,2,CA
TX-0005402,C-00602,Mia Martin,mia.martin5402@example.com,03/11/2024,90785.00,USD,refunded,3,GB
TX-0005403,C-00603,Liam Smith,liam.smith5403@example.com,04/04/2024,38450.00,USD,cancelled,4,AU
TX-0005404,C-00604,Sofia Brown,sofia.brown5404@example.com,05/09/2024,120483.00,USD,completed,5,DE
TX-0005405,C-00605,Ethan Wilson,ethan.wilson5405@example.com,06/02/2024,147434.00,USD,pending,6,US
TX-0005406,C-00606,Zoe Garcia,zoe.garcia5406@example.com,07/07/2024,231261.00,USD,refunded,7,CA
TX-0005407,C-00607,Mateo Nguyen,mateo.nguyen5407@example.com,08/12/2024,137960.00,USD,cancelled,8,GB
TX-0005408,C-00608,Ava Patel,ava.patel5408@example.com,09/05/2024,129146.00,USD,completed,1,AU
TX-0005409,C-00609,Noah Kim,noah.kim5409@example.com,10/10/2024,177916.00,USD,pending,2,DE
TX-0005410,C-00610,Mia Martin,mia.martin5410@example.com,11/03/2024,32033.00,USD,refunded,3,US
TX-0005411,C-00611,Liam Smith,liam.smith5411@example.com,12/08/2024,233355.00,USD,cancelled,4,CA
TX-0005412,C-00612,Sofia Brown,sofia.brown5412@example.com,01/01/2024,170584.00,USD,completed,5,GB
TX-0005413,C-00613,Ethan Wilson,ethan.wilson5413@example.com,02/06/2024,240974.00,USD,pending,6,AU
TX-0005414,C-00614,Zoe Garcia,zoe.garcia5414@example.com,03/11/2024,68699.00,USD,refunded,7,DE
TX-0005415,C-00615,Mateo Nguyen,mateo.nguyen5415@example.com,04/04/2024,22550.00,USD,cancelled,8,US
TX-0005416,C-00616,Ava Patel,ava.patel5416@example.com,05/09/2024,204622.00,USD,completed,1,CA
TX-0005417,C-00617,Noah Kim,noah.kim5417@example.com,06/02/2024,20189.00,USD,pending,2,GB
TX-0005418,C-00618,Mia Martin,mia.martin5418@example.com,07/07/2024,78908.00,USD,refunded,3,AU
TX-0005419,C-00619,Liam Smith,liam.smith5419@example.com,08/12/2024,187013.00,USD,cancelled,4,DE
TX-0005420,C-00620,Sofia Brown,sofia.brown5420@example.com,09/05/2024,5629.00,USD,completed,5,US
TX-0005421,C-00621,Ethan Wilson,ethan.wilson5421@example.com,10/10/2024,60795.00,USD,pending,6,CA
TX-0005422,C-00622,Zoe Garcia,zoe.garcia5422@example.com,11/03/2024,18782.00,USD,refunded,7,GB
TX-0005423,C-00623,Mateo Nguyen,mateo.nguyen5423@example.com,12/08/2024,101961.00,USD,cancelled,8,AU
TX-0005424,C-00624,  AVA PATEL  ,ava.patel5424@example.com,01/01/2024,200956.00,USD,completed,1,DE
TX-0005425,C-00625,Noah Kim,noah.kim5425@example.com,02/06/2024,120408.00,USD,pending,2,US
TX-0005426,C-00626,Mia Martin,mia.martin5426@example.com,03/11/2024,22909.00,USD,refunded,3,CA
TX-0005427,C-00627,Liam Smith,liam.smith5427@example.com,04/04/2024,228626.00,USD,cancelled,4,GB
TX-0005428,C-00628,Sofia Brown,sofia.brown5428@example.com,05/09/2024,29239.00,USD,completed,5,AU
TX-0005429,C-00629,Ethan Wilson,ethan.wilson.invalid,06/02/2024,123995.00,USD,pending,6,DE
TX-0005430,C-00630,Zoe Garcia,zoe.garcia5430@example.com,07/07/2024,107785.00, USD ,refunded,7,US
TX-0005431,C-00631,Mateo Nguyen,mateo.nguyen5431@example.com,08/12/2024,129023.00,USD,cancelled,8,CA
TX-0005432,C-00632,Ava Patel,,09/05/2024,240358.00,USD,completed,1,GB
TX-0005433,C-00633,Noah Kim,noah.kim5433@example.com,10/10/2024,62621.00,USD,pending,2,AU
TX-0005434,C-00634,Mia Martin,mia.martin5434@example.com,11/03/2024,58890.00,USD,refunded,3,DE
TX-0005435,C-00635,Liam Smith,liam.smith5435@example.com,12/08/2024,152900.00,USD,cancelled,4,US
TX-0005436,C-00636,Sofia Brown,sofia.brown5436@example.com,01/01/2024,184102.00,USD,completed,5,CA
TX-0005437,C-00637,Ethan Wilson,ethan.wilson5437@example.com,02/06/2024,239626.00,USD,pending,6,GB
TX-0005438,C-00638,Zoe Garcia,zoe.garcia5438@example.com,03/11/2024,88947.00,USD,refunded,7,AU
TX-0005439,C-00639,Mateo Nguyen,mateo.nguyen5439@example.com,04/04/2024,67991.00,USD,cancelled,8,DE
TX-0005440,C-00640,Ava Patel,ava.patel5440@example.com,05/09/2024,203026.00,USD,completed,1,US
TX-0005441,C-00641,Noah Kim,noah.kim5441@example.com,06/02/2024,143673.00,USD,pending,2,CA
TX-0005442,C-00642,Mia Martin,mia.martin5442@example.com,07/07/2024,150010.00,USD,refunded,3,GB
TX-0005443,C-00643,Liam Smith,liam.smith5443@example.com,08/12/2024,223833.00,USD,cancelled,4,AU
TX-0005444,C-00644,Sofia Brown,sofia.brown5444@example.com,09/05/2024,139429.00,USD,completed,5,DE
TX-0005445,C-00645,Ethan Wilson,ethan.wilson5445@example.com,10/10/2024,31890.00,USD,pending,6,US
TX-0005446,C-00646,Zoe Garcia,zoe.garcia5446@example.com,11/03/2024,143824.00,USD,refunded,7,CA
TX-0005447,C-00647,Mateo Nguyen,mateo.nguyen5447@example.com,12/08/2024,106960.00,USD,cancelled,8,GB
TX-0005448,C-00648,Ava Patel,ava.patel5448@example.com,01/01/2024,94984.00,USD,completed,1,AU
TX-0005449,C-00649,Noah Kim,noah.kim5449@example.com,02/06/2024,98575.00,USD,pending,2,DE
TX-0005450,C-00650,Mia Martin,mia.martin5450@example.com,03/11/2024,244803.00,USD,refunded,3,US
TX-0005451,C-00651,Liam Smith,liam.smith5451@example.com,04/04/2024,243092.00,USD,cancelled,4,CA
TX-0005452,C-00652,Sofia Brown,sofia.brown5452@example.com,05/09/2024,192214.00,USD,completed,5,GB
TX-0005453,C-00653,Ethan Wilson,ethan.wilson5453@example.com,06/02/2024,180927.00,USD,pending,6,AU
TX-0005454,C-00654,Zoe Garcia,zoe.garcia5454@example.com,07/07/2024,237610.00,USD,refunded,7,DE
TX-0005455,C-00655,Mateo Nguyen,mateo.nguyen5455@example.com,08/12/2024,76735.00,USD,cancelled,8,US
TX-0005456,C-00656,Ava Patel,ava.patel5456@example.com,09/05/2024,159655.00,USD,completed,1,CA
TX-0005457,C-00657,Noah Kim,noah.kim5457@example.com,10/10/2024,207646.00,USD,pending,2,GB
TX-0005458,C-00658,Mia Martin,mia.martin5458@example.com,11/03/2024,40845.00,USD,refunded,3,AU
TX-0005459,C-00659,Liam Smith,liam.smith5459@example.com,12/08/2024,205311.00,USD,cancelled,4,DE
TX-0005460,C-00660,Sofia Brown,sofia.brown5460@example.com,01/01/2024,51709.00,USD,completed,5,US
TX-0005461,C-00661,ethan wilson,ethan.wilson5461@example.com,02/06/2024,200256.00,USD,pending,6,CA
TX-0005462,C-00662,Zoe Garcia,zoe.garcia5462@example.com,03/11/2024,233205.00,USD,refunded,7,GB
TX-0005463,C-00663,Mateo Nguyen,mateo.nguyen5463@example.com,04/04/2024,87201.00,USD,cancelled,8,AU
TX-0005464,C-00664,Ava Patel,ava.patel5464@example.com,05/09/2024,144192.00,USD,completed,1,DE
TX-0005465,C-00665,Noah Kim,noah.kim5465@example.com,06/02/2024,124382.00,USD,pending,2,US
TX-0005466,C-00666,Mia Martin,mia.martin5466@example.com,07/07/2024,53103.00,USD,refunded,3,CA
TX-0005467,C-00667,Liam Smith,liam.smith5467@example.com,08/12/2024,181388.00,USD,cancelled,4,GB
TX-0005468,C-00668,Sofia Brown,sofia.brown5468@example.com,09/05/2024,189801.00,USD,completed,5,AU
TX-0005469,C-00669,Ethan Wilson,ethan.wilson5469@example.com,10/10/2024,16751.00,USD,pending,6,DE
TX-0005470,C-00670,Zoe Garcia,zoe.garcia5470@example.com,11/03/2024,2065.00,USD,refunded,7,US
TX-0005471,C-00671,Mateo Nguyen,mateo.nguyen5471@example.com,12/08/2024,218579.00,USD,cancelled,8,CA
TX-0005472,C-00672,Ava Patel,ava.patel5472@example.com,01/01/2024,58079.00,USD,completed,1,GB
TX-0005473,C-00673,Noah Kim,noah.kim5473@example.com,02/06/2024,162145.00,USD,pending,2,AU
TX-0005474,C-00674,Mia Martin,mia.martin5474@example.com,03/11/2024,208638.00,USD,refunded,3,DE
TX-0005475,C-00675,Liam Smith,liam.smith5475@example.com,04/04/2024,21899.00,USD,cancelled,4,US
TX-0005476,C-00676,Sofia Brown,sofia.brown5476@example.com,05/09/2024,114068.00,USD,completed,5,CA
TX-0005477,C-00677,Ethan Wilson,ethan.wilson5477@example.com,06/02/2024,45264.00,USD,pending,6,GB
TX-0005478,C-00678,Zoe Garcia,zoe.garcia5478@example.com,07/07/2024,213013.00,USD,refunded,7,AU
TX-0005479,C-00679,Mateo Nguyen,mateo.nguyen5479@example.com,08/12/2024,214793.00,USD,cancelled,8,DE
TX-0005480,C-00680,Ava Patel,ava.patel5480@example.com,09/05/2024,55292.00,USD,completed,1,US
TX-0005481,C-00681,Noah Kim,noah.kim5481@example.com,10/10/2024,189344.00,USD,pending,2,CA
TX-0005482,C-00682,Mia Martin,mia.martin5482@example.com,11/03/2024,171885.00,USD,refunded,3,GB
TX-0005483,C-00683,Liam Smith,liam.smith5483@example.com,12/08/2024,76677.00,USD,cancelled,4,AU
TX-0005484,C-00684,Sofia Brown,sofia.brown5484@example.com,01/01/2024,186582.00,USD,completed,5,DE
TX-0005485,C-00685,Ethan Wilson,ethan.wilson5485@example.com,02/06/2024,108972.00,USD,pending,6,US
TX-0005486,C-00686,Zoe Garcia,zoe.garcia5486@example.com,03/11/2024,-7012.00,USD,refunded,7,CA
TX-0005487,C-00687,Mateo Nguyen,mateo.nguyen5487@example.com,04/04/2024,201726.00,USD,cancelled,8,GB
TX-0005488,C-00688,Ava Patel,ava.patel5488@example.com,05/09/2024,123728.00,USD,completed,1,AU
TX-0005489,C-00689,Noah Kim,noah.kim5489@example.com,06/02/2024,112283.00,USD,pending,2,DE
TX-0005490,C-00690,Mia Martin,mia.martin5490@example.com,07/07/2024,61703.00,USD,refunded,3,US
TX-0005491,C-00691,Liam Smith,liam.smith5491@example.com,08/12/2024,82943.00,USD,cancelled,4,CA
TX-0005492,C-00692,Sofia Brown,sofia.brown5492@example.com,09/05/2024,55103.00,USD,completed,5,GB
TX-0005493,C-00693,Ethan Wilson,ethan.wilson5493@example.com,10/10/2024,180662.00,USD,pending,6,AU
TX-0005494,C-00694,Zoe Garcia,zoe.garcia5494@example.com,11/03/2024,143694.00,USD,refunded,7,DE
TX-0005495,C-00695,Mateo Nguyen,mateo.nguyen5495@example.com,12/08/2024,26739.00,USD,COMPLETE,8,US
TX-0005496,C-00696,Ava Patel,ava.patel5496@example.com,01/01/2024,195526.00,USD,completed,1,CA
TX-0005497,C-00697,Noah Kim,noah.kim5497@example.com,02/06/2024,217543.00,USD,pending,2,GB
TX-0005498,C-00698,Mia Martin,mia.martin5498@example.com,03/11/2024,247307.00,USD,refunded,3,AU
TX-0005499,C-00699,Liam Smith,liam.smith5499@example.com,04/04/2024,193171.00,USD,cancelled,4,DE
TX-0005500,C-00700,Sofia Brown,sofia.brown5500@example.com,05/09/2024,51549.00,USD,completed,5,US
TX-0005501,C-00701,Ethan Wilson,ethan.wilson5501@example.com,06/02/2024,104142.00,USD,pending,6,CA
TX-0005502,C-00702,Zoe Garcia,zoe.garcia5502@example.com,07/07/2024,97208.00,USD,refunded,7,gb
TX-0005503,C-00703,Mateo Nguyen,mateo.nguyen5503@example.com,08/12/2024,52581.00,USD,cancelled,8,AU
TX-0005504,C-00704,Ava Patel,ava.patel5504@example.com,09/05/2024,15603.00,USD,completed,1,DE
TX-0005505,C-00705,Noah Kim,noah.kim5505@example.com,10/10/2024,152497.00,USD,pending,2,US
TX-0005506,C-00706,Mia Martin,mia.martin5506@example.com,11/03/2024,224328.00,USD,refunded,3,CA
TX-0005507,C-00707,Liam Smith,liam.smith5507@example.com,12/08/2024,237446.00,USD,cancelled,4,GB
TX-0005508,C-00708,Sofia Brown,sofia.brown5508@example.com,01/01/2024,61116.00,USD,completed,5,AU
TX-0005509,C-00709,Ethan Wilson,ethan.wilson5509@example.com,02/06/2024,247993.00,USD,pending,6,DE
TX-0005510,C-00710,Zoe Garcia,zoe.garcia5510@example.com,03/11/2024,179874.00,USD,refunded,7,US
TX-0005511,C-00711,Mateo Nguyen,mateo.nguyen5511@example.com,04/04/2024,136692.00,USD,cancelled,8,CA
TX-0005512,C-00712,Ava Patel,ava.patel5512@example.com,05/09/2024,158934.00,USD,completed,1,GB
TX-0005513,C-00713,Noah Kim,noah.kim5513@example.com,06/02/2024,118272.00,usd,pending,2,AU
TX-0005514,C-00714,Mia Martin,mia.martin5514@example.com,07/07/2024,44698.00,USD,refunded,3,DE
TX-0005515,C-00715,Liam Smith,liam.smith5515@example.com,08/12/2024,90284.00,USD,cancelled,4,US
TX-0005516,C-00716,Sofia Brown,sofia.brown5516@example.com,09/05/2024,26406.00,USD,completed,5,CA
TX-0005517,C-00717,Ethan Wilson,ethan.wilson5517@example.com,10/10/2024,163058.00,USD,pending,6,GB
TX-0005518,C-00718,Zoe Garcia,zoe.garcia.invalid,11/03/2024,67582.00,USD,refunded,7,AU
TX-0005519,C-00719,Mateo Nguyen,mateo.nguyen5519@example.com,12/08/2024,3328.00,USD,cancelled,8,DE
TX-0005520,C-00720,Ava Patel,ava.patel5520@example.com,01/01/2024,12375.00,USD,completed,1,US
TX-0005521,C-00721,Noah Kim,noah.kim5521@example.com,02/06/2024,15678.00,USD,pending,2,CA
TX-0005522,C-00722,Mia Martin,mia.martin5522@example.com,03/11/2024,142299.00,USD,refunded,3,GB
TX-0005523,C-00723,Liam Smith,liam.smith5523@example.com,04/04/2024,97277.00,USD,cancelled,4,AU
TX-0005524,C-00724,Sofia Brown,sofia.brown5524@example.com,05/09/2024,142614.00,USD,completed,5,DE
TX-0005525,C-00725,Ethan Wilson,ethan.wilson5525@example.com,06/02/2024,145281.00,USD,pending,6,US
TX-0005526,C-00726,Zoe Garcia,zoe.garcia5526@example.com,07/07/2024,125944.00,USD,refunded,7,CA
TX-0005527,C-00727,Mateo Nguyen,mateo.nguyen5527@example.com,08/12/2024,12716.00,USD,cancelled,8,GB
TX-0005528,C-00728,Ava Patel,ava.patel5528@example.com,09/05/2024,173438.00,USD,completed,1,AU
TX-0005529,C-00729,Noah Kim,,10/10/2024,26123.00,USD,pending,2,DE
TX-0005530,C-00730,Mia Martin,mia.martin5530@example.com,11/03/2024,80131.00,USD,refunded,3,US
TX-0005531,C-00731,Liam Smith,liam.smith5531@example.com,12/08/2024,79658.00,USD,cancelled,4,CA
TX-0005532,C-00732,Sofia Brown,sofia.brown5532@example.com,01/01/2024,157775.00,USD,completed,5,GB
TX-0005533,C-00733,Ethan Wilson,ethan.wilson5533@example.com,02/06/2024,226484.00,USD,pending,6,AU
TX-0005534,C-00734,Zoe Garcia,zoe.garcia5534@example.com,03/11/2024,70288.00,USD,refunded,7,DE
TX-0005535,C-00735,Mateo Nguyen,mateo.nguyen5535@example.com,04/04/2024,198936.00,USD,cancelled,8,US
TX-0005536,C-00736,Ava Patel,ava.patel5536@example.com,05/09/2024,159559.00,USD,completed,1,USA
TX-0005537,C-00737,  NOAH KIM  ,noah.kim5537@example.com,06/02/2024,180009.00,USD,pending,2,GB
TX-0005538,C-00738,Mia Martin,mia.martin5538@example.com,07/07/2024,236409.00,USD,refunded,3,AU
TX-0005539,C-00739,Liam Smith,liam.smith5539@example.com,08/12/2024,74977.00,USD,unknown,4,DE
TX-0005540,C-00740,Sofia Brown,sofia.brown5540@example.com,09/05/2024,173029.00,USD,completed,5,US
TX-0005541,C-00741,Ethan Wilson,ethan.wilson5541@example.com,10/10/2024,185347.00,USD,pending,6,CA
TX-0005542,C-00742,Zoe Garcia,zoe.garcia5542@example.com,11/03/2024,59933.00,USD,refunded,7,GB
TX-0005543,C-00743,Mateo Nguyen,mateo.nguyen5543@example.com,12/08/2024,120430.00,USD,cancelled,8,AU
TX-0005544,C-00744,Ava Patel,ava.patel5544@example.com,01/01/2024,25399.00,USD,completed,1,DE
TX-0005545,C-00745,Noah Kim,noah.kim5545@example.com,02/06/2024,241210.00,USD,pending,2,US
TX-0005546,C-00746,Mia Martin,mia.martin5546@example.com,03/11/2024,205443.00,USD,refunded,3,CA
TX-0005547,C-00747,Liam Smith,liam.smith5547@example.com,04/04/2024,123103.00,USD,cancelled,4,GB
TX-0005548,C-00748,Sofia Brown,sofia.brown5548@example.com,05/09/2024,110584.00,USD,completed,5,AU
TX-0005549,C-00749,Ethan Wilson,ethan.wilson5549@example.com,06/02/2024,67177.00,USD,pending,6,DE
TX-0005550,C-00750,Zoe Garcia,zoe.garcia5550@example.com,07/07/2024,12738.00,USD,refunded,7,US
TX-0005551,C-00751,Mateo Nguyen,mateo.nguyen5551@example.com,08/12/2024,214258.00,USD,cancelled,8,CA
TX-0005552,C-00752,Ava Patel,ava.patel5552@example.com,09/05/2024,143626.00,USD,completed,1,GB
TX-0005553,C-00753,Noah Kim,noah.kim5553@example.com,10/10/2024,101960.00,USD,pending,2,AU
TX-0005554,C-00754,Mia Martin,mia.martin5554@example.com,11/03/2024,154773.00,USD,refunded,3,DE
TX-0005555,C-00755,Liam Smith,liam.smith5555@example.com,12/08/2024,16543.00,USD,cancelled,4,US
TX-0005556,C-00756,Sofia Brown,sofia.brown5556@example.com,01/01/2024,227862.00,USD,completed,5,CA
TX-0005557,C-00757,Ethan Wilson,ethan.wilson5557@example.com,02/06/2024,21663.00,USD,pending,6,GB
TX-0005558,C-00758,Zoe Garcia,zoe.garcia5558@example.com,03/11/2024,36547.00,USD,refunded,7,AU
TX-0005559,C-00759,Mateo Nguyen,mateo.nguyen5559@example.com,04/04/2024,195803.00,USD,cancelled,8,DE
TX-0005560,C-00760,Ava Patel,ava.patel5560@example.com,05/09/2024,102153.00,USD,completed,1,US
TX-0005561,C-00761,Noah Kim,noah.kim5561@example.com,06/02/2024,127593.00,USD,pending,2,CA
TX-0005562,C-00762,Mia Martin,mia.martin5562@example.com,07/07/2024,104781.00,USD,refunded,3,GB
TX-0005563,C-00763,Liam Smith,liam.smith5563@example.com,08/12/2024,155832.00,USD,cancelled,4,AU
TX-0005564,C-00764,Sofia Brown,sofia.brown5564@example.com,09/05/2024,81097.00,USD,completed,5,DE
TX-0005565,C-00765,Ethan Wilson,ethan.wilson5565@example.com,10/10/2024,135130.00,USD,pending,6,US
TX-0005566,C-00766,Zoe Garcia,zoe.garcia5566@example.com,11/03/2024,21582.00,USD,refunded,7,CA
TX-0005567,C-00767,Mateo Nguyen,mateo.nguyen5567@example.com,12/08/2024,71670.00,USD,cancelled,8,GB
TX-0005568,C-00768,Ava Patel,ava.patel5568@example.com,01/01/2024,68281.00,USD,completed,1,AU
TX-0005569,C-00769,Noah Kim,noah.kim5569@example.com,02/06/2024,125046.00,USD,pending,2,DE
TX-0005570,C-00770,Mia Martin,mia.martin5570@example.com,03/11/2024,195089.00,USD,refunded,3,US
TX-0005571,C-00771,Liam Smith,liam.smith5571@example.com,04/04/2024,69531.00,USD,cancelled,4,CA
TX-0005572,C-00772,Sofia Brown,sofia.brown5572@example.com,05/09/2024,19341.00,USD,completed,5,GB
TX-0005573,C-00773,Ethan Wilson,ethan.wilson5573@example.com,06/02/2024,241017.00,USD,pending,6,AU
TX-0005574,C-00774,Zoe Garcia,zoe.garcia5574@example.com,07/07/2024,173752.00,USD,refunded,7,DE
TX-0005575,C-00775,Mateo Nguyen,mateo.nguyen5575@example.com,08/12/2024,,USD,cancelled,8,US
TX-0005576,C-00776,Ava Patel,ava.patel5576@example.com,09/05/2024,243223.00,USD,completed,1,CA
TX-0005577,C-00777,Noah Kim,noah.kim5577@example.com,10/10/2024,245096.00,USD,pending,2,GB
TX-0005578,C-00778,Mia Martin,mia.martin5578@example.com,11/03/2024,101062.00,USD,refunded,3,AU
TX-0005579,C-00779,Liam Smith,liam.smith5579@example.com,12/08/2024,108568.00,USD,cancelled,4,DE
TX-0005580,C-00780,Sofia Brown,sofia.brown5580@example.com,01/01/2024,3591.00,USD,completed,5,US
TX-0005581,C-00781,Ethan Wilson,ethan.wilson5581@example.com,02/06/2024,2408.00,USD,pending,6,CA
TX-0005582,C-00782,Zoe Garcia,zoe.garcia5582@example.com,03/11/2024,64874.00,USD,refunded,7,GB
TX-0005583,C-00783,Mateo Nguyen,mateo.nguyen5583@example.com,04/04/2024,27791.00,USD,cancelled,8,AU
TX-0005584,C-00784,Ava Patel,ava.patel5584@example.com,05/09/2024,203955.00,USD,completed,1,DE
TX-0005585,C-00785,Noah Kim,noah.kim5585@example.com,06/02/2024,127104.00,USD,pending,2,US
TX-0005586,C-00786,Mia Martin,mia.martin5586@example.com,07/07/2024,142306.00,USD,refunded,3,CA
TX-0005587,C-00787,Liam Smith,liam.smith5587@example.com,08/12/2024,220719.00,USD,cancelled,4,GB
TX-0005588,C-00788,sofia brown,sofia.brown5588@example.com,09/05/2024,15299.00,USD,completed,5,AU
TX-0005589,C-00789,Ethan Wilson,ethan.wilson5589@example.com,10/10/2024,200658.00,USD,pending,6,DE
TX-0005590,C-00790,Zoe Garcia,zoe.garcia5590@example.com,11/03/2024,134313.00,USD,refunded,7,US
TX-0005591,C-00791,Mateo Nguyen,mateo.nguyen5591@example.com,12/08/2024,13814.00,USD,cancelled,8,CA
TX-0005592,C-00792,Ava Patel,ava.patel5592@example.com,01/01/2024,182920.00,USD,completed,1,GB
TX-0005593,C-00793,Noah Kim,noah.kim5593@example.com,02/06/2024,106650.00,USD,pending,2,AU
TX-0005594,C-00794,Mia Martin,mia.martin5594@example.com,03/11/2024,147639.00,USD,refunded,3,DE
TX-0005595,C-00795,Liam Smith,liam.smith5595@example.com,04/04/2024,180821.00,USD,cancelled,4,US
TX-0005596,C-00796,Sofia Brown,sofia.brown5596@example.com,05/09/2024,136473.00,USD,completed,5,CA
TX-0005597,C-00797,Ethan Wilson,ethan.wilson5597@example.com,06/02/2024,44079.00,USD,pending,6,GB
TX-0005598,C-00798,Zoe Garcia,zoe.garcia5598@example.com,07/07/2024,221025.00,USD,refunded,7,AU
TX-0005599,C-00799,Mateo Nguyen,mateo.nguyen5599@example.com,08/12/2024,37401.00,USD,cancelled,8,DE
TX-0005600,C-00800,Ava Patel,ava.patel5600@example.com,09/05/2024,26819.00,USD,completed,1,US
TX-0005601,C-00801,Noah Kim,noah.kim5601@example.com,10/10/2024,670.00,USD,pending,2,CA
TX-0005602,C-00802,Mia Martin,mia.martin5602@example.com,11/03/2024,42762.00,USD,refunded,3,GB
TX-0005603,C-00803,Liam Smith,liam.smith5603@example.com,12/08/2024,249751.00,USD,cancelled,4,AU
TX-0005604,C-00804,Sofia Brown,sofia.brown5604@example.com,01/01/2024,97499.00,USD,completed,5,DE
TX-0005605,C-00805,Ethan Wilson,ethan.wilson5605@example.com,02/06/2024,209902.00,USD,pending,6,US
TX-0005606,C-00806,Zoe Garcia,zoe.garcia5606@example.com,03/11/2024,180131.00,USD,refunded,7,CA
TX-0005607,C-00807,Mateo Nguyen,mateo.nguyen.invalid,04/04/2024,110120.00,USD,cancelled,8,GB
TX-0005608,C-00808,Ava Patel,ava.patel5608@example.com,05/09/2024,5676.00,USD,completed,1,AU
TX-0005609,C-00809,Noah Kim,noah.kim5609@example.com,06/02/2024,172933.00,USD,pending,2,DE
TX-0005610,C-00810,Mia Martin,mia.martin5610@example.com,07/07/2024,159247.00,USD,refunded,3,US
TX-0005611,C-00811,Liam Smith,liam.smith5611@example.com,08/12/2024,14489.00, USD ,cancelled,4,CA
TX-0005612,C-00812,Sofia Brown,sofia.brown5612@example.com,09/05/2024,186646.00,USD,completed,5,GB
TX-0005613,C-00813,Ethan Wilson,ethan.wilson5613@example.com,10/10/2024,221087.00,USD,pending,6,AU
TX-0005614,C-00814,Zoe Garcia,zoe.garcia5614@example.com,11/03/2024,222977.00,USD,refunded,7,DE
TX-0005615,C-00815,Mateo Nguyen,mateo.nguyen5615@example.com,12/08/2024,154513.00,USD,cancelled,8,US
TX-0005616,C-00816,Ava Patel,ava.patel5616@example.com,01/01/2024,60657.00,USD,completed,1,CA
TX-0005617,C-00817,Noah Kim,noah.kim5617@example.com,02/06/2024,177567.00,USD,pending,2,GB
TX-0005618,C-00818,Mia Martin,mia.martin5618@example.com,03/11/2024,148708.00,USD,refunded,3,AU
TX-0005619,C-00819,Liam Smith,liam.smith5619@example.com,04/04/2024,60829.00,USD,cancelled,4,DE
TX-0005620,C-00820,Sofia Brown,sofia.brown5620@example.com,05/09/2024,200105.00,USD,completed,5,US
TX-0005621,C-00821,Ethan Wilson,ethan.wilson5621@example.com,06/02/2024,220767.00,USD,pending,6,CA
TX-0005622,C-00822,Zoe Garcia,zoe.garcia5622@example.com,07/07/2024,108301.00,USD,refunded,7,GB
TX-0005623,C-00823,Mateo Nguyen,mateo.nguyen5623@example.com,08/12/2024,82267.00,USD,cancelled,8,AU
TX-0005624,C-00824,Ava Patel,ava.patel5624@example.com,09/05/2024,199662.00,USD,completed,1,DE
TX-0005625,C-00825,Noah Kim,noah.kim5625@example.com,10/10/2024,143479.00,USD,pending,2,US
TX-0005626,C-00826,Mia Martin,,11/03/2024,248790.00,USD,refunded,3,CA
TX-0005627,C-00827,Liam Smith,liam.smith5627@example.com,12/08/2024,29205.00,USD,cancelled,4,GB
TX-0005628,C-00828,Sofia Brown,sofia.brown5628@example.com,01/01/2024,219266.00,USD,completed,5,AU
TX-0005629,C-00829,Ethan Wilson,ethan.wilson5629@example.com,02/06/2024,227940.00,USD,pending,6,DE
TX-0005630,C-00830,Zoe Garcia,zoe.garcia5630@example.com,03/11/2024,47468.00,USD,refunded,7,US
TX-0005631,C-00831,Mateo Nguyen,mateo.nguyen5631@example.com,04/04/2024,112308.00,USD,cancelled,8,CA
TX-0005632,C-00832,Ava Patel,ava.patel5632@example.com,05/09/2024,205034.00,USD,completed,1,GB
TX-0005633,C-00833,Noah Kim,noah.kim5633@example.com,06/02/2024,75258.00,USD,pending,2,au
TX-0005634,C-00834,Mia Martin,mia.martin5634@example.com,07/07/2024,52967.00,USD,refunded,3,DE
TX-0005635,C-00835,Liam Smith,liam.smith5635@example.com,08/12/2024,104026.00,USD,cancelled,4,US
TX-0005636,C-00836,Sofia Brown,sofia.brown5636@example.com,09/05/2024,248115.00,USD,completed,5,CA
TX-0005637,C-00837,Ethan Wilson,ethan.wilson5637@example.com,10/10/2024,216780.00,USD,pending,6,GB
TX-0005638,C-00838,Zoe Garcia,zoe.garcia5638@example.com,11/03/2024,206744.00,USD,refunded,7,AU
TX-0005639,C-00839,Mateo Nguyen,mateo.nguyen5639@example.com,12/08/2024,58012.00,USD,cancelled,8,DE
TX-0005640,C-00840,Ava Patel,ava.patel5640@example.com,01/01/2024,14281.00,USD,completed,1,US
TX-0005641,C-00841,Noah Kim,noah.kim5641@example.com,02/06/2024,12003.00,USD,pending,2,CA
TX-0005642,C-00842,Mia Martin,mia.martin5642@example.com,03/11/2024,26504.00,USD,refunded,3,GB
TX-0005643,C-00843,Liam Smith,liam.smith5643@example.com,04/04/2024,167689.00,USD,cancelled,4,AU
TX-0005644,C-00844,Sofia Brown,sofia.brown5644@example.com,05/09/2024,76516.00,USD,completed,5,DE
TX-0005645,C-00845,Ethan Wilson,ethan.wilson5645@example.com,06/02/2024,36124.00,USD,pending,6,US
TX-0005646,C-00846,Zoe Garcia,zoe.garcia5646@example.com,07/07/2024,60235.00,USD,refunded,7,CA
TX-0005647,C-00847,Mateo Nguyen,mateo.nguyen5647@example.com,08/12/2024,16576.00,USD,cancelled,8,GB
TX-0005648,C-00848,Ava Patel,ava.patel5648@example.com,09/05/2024,215420.00,USD,completed,1,AU
TX-0005649,C-00849,Noah Kim,noah.kim5649@example.com,10/10/2024,155976.00,USD,pending,2,DE
TX-0005650,C-00850,  MIA MARTIN  ,mia.martin5650@example.com,11/03/2024,130322.00,USD,refunded,3,US
TX-0005651,C-00851,Liam Smith,liam.smith5651@example.com,12/08/2024,163650.00,USD,cancelled,4,CA
TX-0005652,C-00852,Sofia Brown,sofia.brown5652@example.com,01/01/2024,29119.00,USD,COMPLETE,5,GB
TX-0005653,C-00853,Ethan Wilson,ethan.wilson5653@example.com,02/06/2024,37641.00,USD,pending,6,AU
TX-0005654,C-00854,Zoe Garcia,zoe.garcia5654@example.com,03/11/2024,20208.00,USD,refunded,7,DE
TX-0005655,C-00855,Mateo Nguyen,mateo.nguyen5655@example.com,04/04/2024,35960.00,USD,cancelled,8,US
TX-0005656,C-00856,Ava Patel,ava.patel5656@example.com,05/09/2024,108791.00,USD,completed,1,CA
TX-0005657,C-00857,Noah Kim,noah.kim5657@example.com,06/02/2024,115026.00,USD,pending,2,GB
TX-0005658,C-00858,Mia Martin,mia.martin5658@example.com,07/07/2024,49219.00,USD,refunded,3,AU
TX-0005659,C-00859,Liam Smith,liam.smith5659@example.com,08/12/2024,148894.00,USD,cancelled,4,DE
TX-0005660,C-00860,Sofia Brown,sofia.brown5660@example.com,09/05/2024,176522.00,USD,completed,5,US
TX-0005661,C-00861,Ethan Wilson,ethan.wilson5661@example.com,10/10/2024,20922.00,USD,pending,6,CA
TX-0005662,C-00862,Zoe Garcia,zoe.garcia5662@example.com,11/03/2024,238943.00,usd,refunded,7,GB
TX-0005663,C-00863,Mateo Nguyen,mateo.nguyen5663@example.com,12/08/2024,117074.00,USD,cancelled,8,AU
TX-0005664,C-00864,Ava Patel,ava.patel5664@example.com,01/01/2024,65769.00,USD,completed,1,DE
TX-0005665,C-00865,Noah Kim,noah.kim5665@example.com,02/06/2024,39490.00,USD,pending,2,US
TX-0005666,C-00866,Mia Martin,mia.martin5666@example.com,03/11/2024,107367.00,USD,refunded,3,CA
TX-0005667,C-00867,Liam Smith,liam.smith5667@example.com,04/04/2024,248694.00,USD,cancelled,4,GB
TX-0005668,C-00868,Sofia Brown,sofia.brown5668@example.com,05/09/2024,135939.00,USD,completed,5,AU
TX-0005669,C-00869,Ethan Wilson,ethan.wilson5669@example.com,06/02/2024,9261.00,USD,pending,6,DE
TX-0005670,C-00870,Zoe Garcia,zoe.garcia5670@example.com,07/07/2024,151743.00,USD,refunded,7,US
TX-0005671,C-00871,Mateo Nguyen,mateo.nguyen5671@example.com,08/12/2024,192031.00,USD,cancelled,8,CA
TX-0005672,C-00872,Ava Patel,ava.patel5672@example.com,09/05/2024,67483.00,USD,completed,1,GB
TX-0005673,C-00873,Noah Kim,noah.kim5673@example.com,10/10/2024,51132.00,USD,pending,2,AU
TX-0005674,C-00874,Mia Martin,mia.martin5674@example.com,11/03/2024,102625.00,USD,refunded,3,DE
TX-0005675,C-00875,Liam Smith,liam.smith5675@example.com,12/08/2024,138409.00,USD,cancelled,4,US
TX-0005676,C-00876,Sofia Brown,sofia.brown5676@example.com,01/01/2024,61518.00,USD,completed,5,CA
TX-0005677,C-00877,Ethan Wilson,ethan.wilson5677@example.com,02/06/2024,82586.00,USD,pending,6,GB
TX-0005678,C-00878,Zoe Garcia,zoe.garcia5678@example.com,03/11/2024,123598.00,USD,refunded,7,AU
TX-0005679,C-00879,Mateo Nguyen,mateo.nguyen5679@example.com,04/04/2024,126314.00,USD,cancelled,8,DE
TX-0005680,C-00880,Ava Patel,ava.patel5680@example.com,05/09/2024,205274.00,USD,completed,1,US
TX-0005681,C-00881,Noah Kim,noah.kim5681@example.com,06/02/2024,192007.00,USD,pending,2,CA
TX-0005682,C-00882,Mia Martin,mia.martin5682@example.com,07/07/2024,132694.00,USD,refunded,3,GB
TX-0005683,C-00883,Liam Smith,liam.smith5683@example.com,08/12/2024,179768.00,USD,cancelled,4,AU
TX-0005684,C-00884,Sofia Brown,sofia.brown5684@example.com,09/05/2024,19895.00,USD,completed,5,DE
TX-0005685,C-00885,Ethan Wilson,ethan.wilson5685@example.com,10/10/2024,148892.00,USD,pending,6,US
TX-0005686,C-00886,Zoe Garcia,zoe.garcia5686@example.com,11/03/2024,123425.00,USD,refunded,7,CA
TX-0005687,C-00887,Mateo Nguyen,mateo.nguyen5687@example.com,12/08/2024,108392.00,USD,cancelled,8,GB
TX-0005688,C-00888,Ava Patel,ava.patel5688@example.com,01/01/2024,40380.00,USD,completed,1,AU
TX-0005689,C-00889,Noah Kim,noah.kim5689@example.com,02/06/2024,20501.00,USD,pending,2,DE
TX-0005690,C-00890,Mia Martin,mia.martin5690@example.com,03/11/2024,8949.00,USD,refunded,3,US
TX-0005691,C-00891,Liam Smith,liam.smith5691@example.com,04/04/2024,156609.00,USD,cancelled,4,CA
TX-0005692,C-00892,Sofia Brown,sofia.brown5692@example.com,05/09/2024,171708.00,USD,completed,5,GB
TX-0005693,C-00893,Ethan Wilson,ethan.wilson5693@example.com,06/02/2024,68337.00,USD,pending,6,AU
TX-0005694,C-00894,Zoe Garcia,zoe.garcia5694@example.com,07/07/2024,13680.00,USD,refunded,7,DE
TX-0005695,C-00895,Mateo Nguyen,mateo.nguyen5695@example.com,08/12/2024,218329.00,USD,cancelled,8,US
TX-0005696,C-00896,Ava Patel,ava.patel.invalid,09/05/2024,42394.00,USD,completed,1,CA
TX-0005697,C-00897,Noah Kim,noah.kim5697@example.com,10/10/2024,-5182.00,USD,pending,2,GB
TX-0005698,C-00898,Mia Martin,mia.martin5698@example.com,11/03/2024,215468.00,USD,refunded,3,AU
TX-0005699,C-00899,Liam Smith,liam.smith5699@example.com,12/08/2024,74236.00,USD,cancelled,4,DE
TX-0005700,C-00900,Sofia Brown,sofia.brown5700@example.com,01/01/2024,128683.00,USD,completed,5,US
TX-0005701,C-00901,Ethan Wilson,ethan.wilson5701@example.com,02/06/2024,238476.00,USD,pending,6,CA
TX-0005702,C-00902,Zoe Garcia,zoe.garcia5702@example.com,03/11/2024,83359.00,USD,refunded,7,GB
TX-0005703,C-00903,Mateo Nguyen,mateo.nguyen5703@example.com,04/04/2024,94273.00,USD,cancelled,8,AU
TX-0005704,C-00904,Ava Patel,ava.patel5704@example.com,05/09/2024,131333.00,USD,completed,1,DE
TX-0005705,C-00905,Noah Kim,noah.kim5705@example.com,06/02/2024,171681.00,USD,pending,2,US
TX-0005706,C-00906,Mia Martin,mia.martin5706@example.com,07/07/2024,57686.00,USD,refunded,3,CA
TX-0005707,C-00907,Liam Smith,liam.smith5707@example.com,08/12/2024,112001.00,USD,cancelled,4,GB
TX-0005708,C-00908,Sofia Brown,sofia.brown5708@example.com,09/05/2024,18441.00,USD,completed,5,AU
TX-0005709,C-00909,Ethan Wilson,ethan.wilson5709@example.com,10/10/2024,93263.00,USD,pending,6,USA
TX-0005710,C-00910,Zoe Garcia,zoe.garcia5710@example.com,11/03/2024,212614.00,USD,refunded,7,US
TX-0005711,C-00911,Mateo Nguyen,mateo.nguyen5711@example.com,12/08/2024,191399.00,USD,cancelled,8,CA
TX-0005712,C-00912,Ava Patel,ava.patel5712@example.com,01/01/2024,20265.00,USD,completed,1,GB
TX-0005713,C-00913,Noah Kim,noah.kim5713@example.com,02/06/2024,52007.00,USD,pending,2,AU
TX-0005714,C-00914,Mia Martin,mia.martin5714@example.com,03/11/2024,237586.00,USD,refunded,3,DE
TX-0005715,C-00915,liam smith,liam.smith5715@example.com,04/04/2024,194302.00,USD,cancelled,4,US
TX-0005716,C-00916,Sofia Brown,sofia.brown5716@example.com,05/09/2024,113099.00,USD,completed,5,CA
TX-0005717,C-00917,Ethan Wilson,ethan.wilson5717@example.com,06/02/2024,18065.00,USD,pending,6,GB
TX-0005718,C-00918,Zoe Garcia,zoe.garcia5718@example.com,07/07/2024,72719.00,USD,refunded,7,AU
TX-0005719,C-00919,Mateo Nguyen,mateo.nguyen5719@example.com,08/12/2024,98197.00,USD,cancelled,8,DE
TX-0005720,C-00920,Ava Patel,ava.patel5720@example.com,09/05/2024,189039.00,USD,completed,1,US
TX-0005721,C-00921,Noah Kim,noah.kim5721@example.com,10/10/2024,59156.00,USD,pending,2,CA
TX-0005722,C-00922,Mia Martin,mia.martin5722@example.com,11/03/2024,17967.00,USD,refunded,3,GB
TX-0005723,C-00923,Liam Smith,,12/08/2024,115455.00,USD,cancelled,4,AU
TX-0005724,C-00924,Sofia Brown,sofia.brown5724@example.com,01/01/2024,100986.00,USD,completed,5,DE
TX-0005725,C-00925,Ethan Wilson,ethan.wilson5725@example.com,02/06/2024,141318.00,USD,pending,6,US
TX-0005726,C-00926,Zoe Garcia,zoe.garcia5726@example.com,03/11/2024,174459.00,USD,refunded,7,CA
TX-0005727,C-00927,Mateo Nguyen,mateo.nguyen5727@example.com,04/04/2024,143584.00,USD,cancelled,8,GB
TX-0005728,C-00928,Ava Patel,ava.patel5728@example.com,05/09/2024,9577.00,USD,completed,1,AU
TX-0005729,C-00929,Noah Kim,noah.kim5729@example.com,06/02/2024,139802.00,USD,pending,2,DE
TX-0005730,C-00930,Mia Martin,mia.martin5730@example.com,07/07/2024,68230.00,USD,unknown,3,US
TX-0005731,C-00931,Liam Smith,liam.smith5731@example.com,08/12/2024,56543.00,USD,cancelled,4,CA
TX-0005732,C-00932,Sofia Brown,sofia.brown5732@example.com,09/05/2024,213715.00,USD,completed,5,GB
TX-0005733,C-00933,Ethan Wilson,ethan.wilson5733@example.com,10/10/2024,204436.00,USD,pending,6,AU
TX-0005734,C-00934,Zoe Garcia,zoe.garcia5734@example.com,11/03/2024,209347.00,USD,refunded,7,DE
TX-0005735,C-00935,Mateo Nguyen,mateo.nguyen5735@example.com,12/08/2024,197685.00,USD,cancelled,8,US
TX-0005736,C-00936,Ava Patel,ava.patel5736@example.com,01/01/2024,155727.00,USD,completed,1,CA
TX-0005737,C-00937,Noah Kim,noah.kim5737@example.com,02/06/2024,195335.00,USD,pending,2,GB
TX-0005738,C-00938,Mia Martin,mia.martin5738@example.com,03/11/2024,248519.00,USD,refunded,3,AU
TX-0005739,C-00939,Liam Smith,liam.smith5739@example.com,04/04/2024,231298.00,USD,cancelled,4,DE
TX-0005740,C-00940,Sofia Brown,sofia.brown5740@example.com,05/09/2024,183694.00,USD,completed,5,US
TX-0005741,C-00941,Ethan Wilson,ethan.wilson5741@example.com,06/02/2024,227745.00,USD,pending,6,CA
TX-0005742,C-00942,Zoe Garcia,zoe.garcia5742@example.com,07/07/2024,45781.00,USD,refunded,7,GB
TX-0005743,C-00943,Mateo Nguyen,mateo.nguyen5743@example.com,08/12/2024,128796.00,USD,cancelled,8,AU
TX-0005744,C-00944,Ava Patel,ava.patel5744@example.com,09/05/2024,27725.00,USD,completed,1,DE
TX-0005745,C-00945,Noah Kim,noah.kim5745@example.com,10/10/2024,165660.00,USD,pending,2,US
TX-0005746,C-00946,Mia Martin,mia.martin5746@example.com,11/03/2024,93490.00,USD,refunded,3,CA
TX-0005747,C-00947,Liam Smith,liam.smith5747@example.com,12/08/2024,186617.00,USD,cancelled,4,GB
TX-0005748,C-00948,Sofia Brown,sofia.brown5748@example.com,01/01/2024,104432.00,USD,completed,5,AU
TX-0005749,C-00949,Ethan Wilson,ethan.wilson5749@example.com,02/06/2024,213422.00,USD,pending,6,DE
TX-0005750,C-00950,Zoe Garcia,zoe.garcia5750@example.com,03/11/2024,52363.00,USD,refunded,7,US
TX-0005751,C-00951,Mateo Nguyen,mateo.nguyen5751@example.com,04/04/2024,43146.00,USD,cancelled,8,CA
TX-0005752,C-00952,Ava Patel,ava.patel5752@example.com,05/09/2024,221325.00,USD,completed,1,GB
TX-0005753,C-00953,Noah Kim,noah.kim5753@example.com,06/02/2024,155063.00,USD,pending,2,AU
TX-0005754,C-00954,Mia Martin,mia.martin5754@example.com,07/07/2024,232608.00,USD,refunded,3,DE
TX-0005755,C-00955,Liam Smith,liam.smith5755@example.com,08/12/2024,158288.00,USD,cancelled,4,US
TX-0005756,C-00956,Sofia Brown,sofia.brown5756@example.com,09/05/2024,1997.00,USD,completed,5,CA
TX-0005757,C-00957,Ethan Wilson,ethan.wilson5757@example.com,10/10/2024,129790.00,USD,pending,6,GB
TX-0005758,C-00958,Zoe Garcia,zoe.garcia5758@example.com,11/03/2024,222745.00,USD,refunded,7,AU
TX-0005759,C-00959,Mateo Nguyen,mateo.nguyen5759@example.com,12/08/2024,237851.00,USD,cancelled,8,DE
TX-0005760,C-00960,Ava Patel,ava.patel5760@example.com,01/01/2024,248701.00,USD,completed,1,US
TX-0005761,C-00961,Noah Kim,noah.kim5761@example.com,02/06/2024,113705.00,USD,pending,2,CA
TX-0005762,C-00962,Mia Martin,mia.martin5762@example.com,03/11/2024,95265.00,USD,refunded,3,GB
TX-0005763,C-00963,  LIAM SMITH  ,liam.smith5763@example.com,04/04/2024,173328.00,USD,cancelled,4,AU
TX-0005764,C-00964,Sofia Brown,sofia.brown5764@example.com,05/09/2024,43050.00,USD,completed,5,de
TX-0005765,C-00965,Ethan Wilson,ethan.wilson5765@example.com,06/02/2024,95745.00,USD,pending,6,US
TX-0005766,C-00966,Zoe Garcia,zoe.garcia5766@example.com,07/07/2024,7184.00,USD,refunded,7,CA
TX-0005767,C-00967,Mateo Nguyen,mateo.nguyen5767@example.com,08/12/2024,106801.00,USD,cancelled,8,GB
TX-0005768,C-00968,Ava Patel,ava.patel5768@example.com,09/05/2024,110388.00,USD,completed,1,AU
TX-0005769,C-00969,Noah Kim,noah.kim5769@example.com,10/10/2024,117060.00,USD,pending,2,DE
TX-0005770,C-00970,Mia Martin,mia.martin5770@example.com,11/03/2024,147404.00,USD,refunded,3,US
TX-0005771,C-00971,Liam Smith,liam.smith5771@example.com,12/08/2024,116571.00,USD,cancelled,4,CA
TX-0005772,C-00972,Sofia Brown,sofia.brown5772@example.com,01/01/2024,54265.00,USD,completed,5,GB
TX-0005773,C-00973,Ethan Wilson,ethan.wilson5773@example.com,02/06/2024,91734.00,USD,pending,6,AU
TX-0005774,C-00974,Zoe Garcia,zoe.garcia5774@example.com,03/11/2024,35953.00,USD,refunded,7,DE
TX-0005775,C-00975,Mateo Nguyen,mateo.nguyen5775@example.com,04/04/2024,25140.00,USD,cancelled,8,US
TX-0005776,C-00976,Ava Patel,ava.patel5776@example.com,05/09/2024,9758.00,USD,completed,1,CA
TX-0005777,C-00977,Noah Kim,noah.kim5777@example.com,06/02/2024,115388.00,USD,pending,2,GB
TX-0005778,C-00978,Mia Martin,mia.martin5778@example.com,07/07/2024,3429.00,USD,refunded,3,AU
TX-0005779,C-00979,Liam Smith,liam.smith5779@example.com,08/12/2024,207413.00,USD,cancelled,4,DE
TX-0005780,C-00980,Sofia Brown,sofia.brown5780@example.com,09/05/2024,47988.00,USD,completed,5,US
TX-0005781,C-00981,Ethan Wilson,ethan.wilson5781@example.com,10/10/2024,79515.00,USD,pending,6,CA
TX-0005782,C-00982,Zoe Garcia,zoe.garcia5782@example.com,11/03/2024,101634.00,USD,refunded,7,GB
TX-0005783,C-00983,Mateo Nguyen,mateo.nguyen5783@example.com,12/08/2024,176501.00,USD,cancelled,8,AU
TX-0005784,C-00984,Ava Patel,ava.patel5784@example.com,01/01/2024,75030.00,USD,completed,1,DE
TX-0005785,C-00985,Noah Kim,noah.kim.invalid,02/06/2024,102125.00,USD,pending,2,US
TX-0005786,C-00986,Mia Martin,mia.martin5786@example.com,03/11/2024,247080.00,USD,refunded,3,CA
TX-0005787,C-00987,Liam Smith,liam.smith5787@example.com,04/04/2024,207948.00,USD,cancelled,4,GB
TX-0005788,C-00988,Sofia Brown,sofia.brown5788@example.com,05/09/2024,190005.00,USD,completed,5,AU
TX-0005789,C-00989,Ethan Wilson,ethan.wilson5789@example.com,06/02/2024,248954.00,USD,pending,6,DE
TX-0005790,C-00990,Zoe Garcia,zoe.garcia5790@example.com,07/07/2024,73164.00,USD,refunded,7,US
TX-0005791,C-00991,Mateo Nguyen,mateo.nguyen5791@example.com,08/12/2024,46737.00,USD,cancelled,8,CA
TX-0005792,C-00992,Ava Patel,ava.patel5792@example.com,09/05/2024,166445.00, USD ,completed,1,GB
TX-0005793,C-00993,Noah Kim,noah.kim5793@example.com,10/10/2024,73296.00,USD,pending,2,AU
TX-0005794,C-00994,Mia Martin,mia.martin5794@example.com,11/03/2024,213746.00,USD,refunded,3,DE
TX-0005795,C-00995,Liam Smith,liam.smith5795@example.com,12/08/2024,165683.00,USD,cancelled,4,US
TX-0005796,C-00996,Sofia Brown,sofia.brown5796@example.com,01/01/2024,75717.00,USD,completed,5,CA
TX-0005797,C-00997,Ethan Wilson,ethan.wilson5797@example.com,02/06/2024,230228.00,USD,pending,6,GB
TX-0005798,C-00998,Zoe Garcia,zoe.garcia5798@example.com,03/11/2024,,USD,refunded,7,AU
TX-0005799,C-00999,Mateo Nguyen,mateo.nguyen5799@example.com,04/04/2024,99663.00,USD,cancelled,8,DE
TX-0005800,C-01000,Ava Patel,ava.patel5800@example.com,05/09/2024,5351.00,USD,completed,1,US
TX-0005801,C-01001,Noah Kim,noah.kim5801@example.com,06/02/2024,161841.00,USD,pending,2,CA
TX-0005802,C-01002,Mia Martin,mia.martin5802@example.com,07/07/2024,115650.00,USD,refunded,3,GB
TX-0005803,C-01003,Liam Smith,liam.smith5803@example.com,08/12/2024,150169.00,USD,cancelled,4,AU
TX-0005804,C-01004,Sofia Brown,sofia.brown5804@example.com,09/05/2024,7972.00,USD,completed,5,DE
TX-0005805,C-01005,Ethan Wilson,ethan.wilson5805@example.com,10/10/2024,193558.00,USD,pending,6,US
TX-0005806,C-01006,Zoe Garcia,zoe.garcia5806@example.com,11/03/2024,201143.00,USD,refunded,7,CA
TX-0005807,C-01007,Mateo Nguyen,mateo.nguyen5807@example.com,12/08/2024,35391.00,USD,cancelled,8,GB
TX-0005808,C-01008,Ava Patel,ava.patel5808@example.com,01/01/2024,69446.00,USD,completed,1,AU
TX-0005809,C-01009,Noah Kim,noah.kim5809@example.com,02/06/2024,104167.00,USD,COMPLETE,2,DE
TX-0005810,C-01010,Mia Martin,mia.martin5810@example.com,03/11/2024,72783.00,USD,refunded,3,US
TX-0005811,C-01011,Liam Smith,liam.smith5811@example.com,04/04/2024,58185.00,usd,cancelled,4,CA
TX-0005812,C-01012,Sofia Brown,sofia.brown5812@example.com,05/09/2024,195341.00,USD,completed,5,GB
TX-0005813,C-01013,Ethan Wilson,ethan.wilson5813@example.com,06/02/2024,12240.00,USD,pending,6,AU
TX-0005814,C-01014,Zoe Garcia,zoe.garcia5814@example.com,07/07/2024,93464.00,USD,refunded,7,DE
TX-0005815,C-01015,Mateo Nguyen,mateo.nguyen5815@example.com,08/12/2024,236759.00,USD,cancelled,8,US
TX-0005816,C-01016,Ava Patel,ava.patel5816@example.com,09/05/2024,89414.00,USD,completed,1,CA
TX-0005817,C-01017,Noah Kim,noah.kim5817@example.com,10/10/2024,222675.00,USD,pending,2,GB
TX-0005818,C-01018,Mia Martin,mia.martin5818@example.com,11/03/2024,4940.00,USD,refunded,3,AU
TX-0005819,C-01019,Liam Smith,liam.smith5819@example.com,12/08/2024,179232.00,USD,cancelled,4,DE
TX-0005820,C-01020,Sofia Brown,,01/01/2024,29735.00,USD,completed,5,US
TX-0005821,C-01021,Ethan Wilson,ethan.wilson5821@example.com,02/06/2024,102457.00,USD,pending,6,CA
TX-0005822,C-01022,Zoe Garcia,zoe.garcia5822@example.com,03/11/2024,62588.00,USD,refunded,7,GB
TX-0005823,C-01023,Mateo Nguyen,mateo.nguyen5823@example.com,04/04/2024,178625.00,USD,cancelled,8,AU
TX-0005824,C-01024,Ava Patel,ava.patel5824@example.com,05/09/2024,54719.00,USD,completed,1,DE
TX-0005825,C-01025,Noah Kim,noah.kim5825@example.com,06/02/2024,246801.00,USD,pending,2,US
TX-0005826,C-01026,Mia Martin,mia.martin5826@example.com,07/07/2024,117780.00,USD,refunded,3,CA
TX-0005827,C-01027,Liam Smith,liam.smith5827@example.com,08/12/2024,17859.00,USD,cancelled,4,GB
TX-0005828,C-01028,Sofia Brown,sofia.brown5828@example.com,09/05/2024,229816.00,USD,completed,5,AU
TX-0005829,C-01029,Ethan Wilson,ethan.wilson5829@example.com,10/10/2024,29354.00,USD,pending,6,DE
TX-0005830,C-01030,Zoe Garcia,zoe.garcia5830@example.com,11/03/2024,153138.00,USD,refunded,7,US
TX-0005831,C-01031,Mateo Nguyen,mateo.nguyen5831@example.com,12/08/2024,130226.00,USD,cancelled,8,CA
TX-0005832,C-01032,Ava Patel,ava.patel5832@example.com,01/01/2024,109181.00,USD,completed,1,GB
TX-0005833,C-01033,Noah Kim,noah.kim5833@example.com,02/06/2024,230144.00,USD,pending,2,AU
TX-0005834,C-01034,Mia Martin,mia.martin5834@example.com,03/11/2024,163774.00,USD,refunded,3,DE
TX-0005835,C-01035,Liam Smith,liam.smith5835@example.com,04/04/2024,201847.00,USD,cancelled,4,US
TX-0005836,C-01036,Sofia Brown,sofia.brown5836@example.com,05/09/2024,15389.00,USD,completed,5,CA
TX-0005837,C-01037,Ethan Wilson,ethan.wilson5837@example.com,06/02/2024,62660.00,USD,pending,6,GB
TX-0005838,C-01038,Zoe Garcia,zoe.garcia5838@example.com,07/07/2024,66132.00,USD,refunded,7,AU
TX-0005839,C-01039,Mateo Nguyen,mateo.nguyen5839@example.com,08/12/2024,80273.00,USD,cancelled,8,DE
TX-0005840,C-01040,Ava Patel,ava.patel5840@example.com,09/05/2024,106122.00,USD,completed,1,US
TX-0005841,C-01041,Noah Kim,noah.kim5841@example.com,10/10/2024,68011.00,USD,pending,2,CA
TX-0005842,C-01042,mia martin,mia.martin5842@example.com,11/03/2024,75012.00,USD,refunded,3,GB
TX-0005843,C-01043,Liam Smith,liam.smith5843@example.com,12/08/2024,227290.00,USD,cancelled,4,AU
TX-0005844,C-01044,Sofia Brown,sofia.brown5844@example.com,01/01/2024,205269.00,USD,completed,5,DE
TX-0005845,C-01045,Ethan Wilson,ethan.wilson5845@example.com,02/06/2024,113475.00,USD,pending,6,US
TX-0005846,C-01046,Zoe Garcia,zoe.garcia5846@example.com,03/11/2024,92008.00,USD,refunded,7,CA
TX-0005847,C-01047,Mateo Nguyen,mateo.nguyen5847@example.com,04/04/2024,45059.00,USD,cancelled,8,GB
TX-0005848,C-01048,Ava Patel,ava.patel5848@example.com,05/09/2024,230240.00,USD,completed,1,AU
TX-0005849,C-01049,Noah Kim,noah.kim5849@example.com,06/02/2024,38251.00,USD,pending,2,DE
TX-0005850,C-01050,Mia Martin,mia.martin5850@example.com,07/07/2024,93073.00,USD,refunded,3,US
TX-0005851,C-01051,Liam Smith,liam.smith5851@example.com,08/12/2024,241786.00,USD,cancelled,4,CA
TX-0005852,C-01052,Sofia Brown,sofia.brown5852@example.com,09/05/2024,55033.00,USD,completed,5,GB
TX-0005853,C-01053,Ethan Wilson,ethan.wilson5853@example.com,10/10/2024,171000.00,USD,pending,6,AU
TX-0005854,C-01054,Zoe Garcia,zoe.garcia5854@example.com,11/03/2024,15115.00,USD,refunded,7,DE
TX-0005855,C-01055,Mateo Nguyen,mateo.nguyen5855@example.com,12/08/2024,173803.00,USD,cancelled,8,US
TX-0005856,C-01056,Ava Patel,ava.patel5856@example.com,01/01/2024,82271.00,USD,completed,1,CA
TX-0005857,C-01057,Noah Kim,noah.kim5857@example.com,02/06/2024,28380.00,USD,pending,2,GB
TX-0005858,C-01058,Mia Martin,mia.martin5858@example.com,03/11/2024,214593.00,USD,refunded,3,AU
TX-0005859,C-01059,Liam Smith,liam.smith5859@example.com,04/04/2024,25371.00,USD,cancelled,4,DE
TX-0005860,C-01060,Sofia Brown,sofia.brown5860@example.com,05/09/2024,19277.00,USD,completed,5,US
TX-0005861,C-01061,Ethan Wilson,ethan.wilson5861@example.com,06/02/2024,144677.00,USD,pending,6,CA
TX-0005862,C-01062,Zoe Garcia,zoe.garcia5862@example.com,07/07/2024,87606.00,USD,refunded,7,GB
TX-0005863,C-01063,Mateo Nguyen,mateo.nguyen5863@example.com,08/12/2024,140169.00,USD,cancelled,8,AU
TX-0005864,C-01064,Ava Patel,ava.patel5864@example.com,09/05/2024,176821.00,USD,completed,1,DE
TX-0005865,C-01065,Noah Kim,noah.kim5865@example.com,10/10/2024,148781.00,USD,pending,2,US
TX-0005866,C-01066,Mia Martin,mia.martin5866@example.com,11/03/2024,204876.00,USD,refunded,3,CA
TX-0005867,C-01067,Liam Smith,liam.smith5867@example.com,12/08/2024,63638.00,USD,cancelled,4,GB
TX-0005868,C-01068,Sofia Brown,sofia.brown5868@example.com,01/01/2024,232494.00,USD,completed,5,AU
TX-0005869,C-01069,Ethan Wilson,ethan.wilson5869@example.com,02/06/2024,47401.00,USD,pending,6,DE
TX-0005870,C-01070,Zoe Garcia,zoe.garcia5870@example.com,03/11/2024,42026.00,USD,refunded,7,US
TX-0005871,C-01071,Mateo Nguyen,mateo.nguyen5871@example.com,04/04/2024,79528.00,USD,cancelled,8,CA
TX-0005872,C-01072,Ava Patel,ava.patel5872@example.com,05/09/2024,96817.00,USD,completed,1,GB
TX-0005873,C-01073,Noah Kim,noah.kim5873@example.com,06/02/2024,218862.00,USD,pending,2,AU
TX-0005874,C-01074,Mia Martin,mia.martin.invalid,07/07/2024,17713.00,USD,refunded,3,DE
TX-0005875,C-01075,Liam Smith,liam.smith5875@example.com,08/12/2024,103899.00,USD,cancelled,4,US
TX-0005876,C-01076,  SOFIA BROWN  ,sofia.brown5876@example.com,09/05/2024,215076.00,USD,completed,5,CA
TX-0005877,C-01077,Ethan Wilson,ethan.wilson5877@example.com,10/10/2024,136912.00,USD,pending,6,GB
TX-0005878,C-01078,Zoe Garcia,zoe.garcia5878@example.com,11/03/2024,137788.00,USD,refunded,7,AU
TX-0005879,C-01079,Mateo Nguyen,mateo.nguyen5879@example.com,12/08/2024,172937.00,USD,cancelled,8,DE
TX-0005880,C-01080,Ava Patel,ava.patel5880@example.com,01/01/2024,53180.00,USD,completed,1,US
TX-0005881,C-01081,Noah Kim,noah.kim5881@example.com,02/06/2024,63851.00,USD,pending,2,CA
TX-0005882,C-01082,Mia Martin,mia.martin5882@example.com,03/11/2024,53275.00,USD,refunded,3,USA
TX-0005883,C-01083,Liam Smith,liam.smith5883@example.com,04/04/2024,195893.00,USD,cancelled,4,AU
TX-0005884,C-01084,Sofia Brown,sofia.brown5884@example.com,05/09/2024,168385.00,USD,completed,5,DE
TX-0005885,C-01085,Ethan Wilson,ethan.wilson5885@example.com,06/02/2024,76427.00,USD,pending,6,US
TX-0005886,C-01086,Zoe Garcia,zoe.garcia5886@example.com,07/07/2024,62077.00,USD,refunded,7,CA
TX-0005887,C-01087,Mateo Nguyen,mateo.nguyen5887@example.com,08/12/2024,72093.00,USD,cancelled,8,GB
TX-0005888,C-01088,Ava Patel,ava.patel5888@example.com,09/05/2024,243222.00,USD,completed,1,AU
TX-0005889,C-01089,Noah Kim,noah.kim5889@example.com,10/10/2024,41600.00,USD,pending,2,DE
TX-0005890,C-01090,Mia Martin,mia.martin5890@example.com,11/03/2024,21560.00,USD,refunded,3,US
TX-0005891,C-01091,Liam Smith,liam.smith5891@example.com,12/08/2024,30054.00,USD,cancelled,4,CA
TX-0005892,C-01092,Sofia Brown,sofia.brown5892@example.com,01/01/2024,20964.00,USD,completed,5,GB
TX-0005893,C-01093,Ethan Wilson,ethan.wilson5893@example.com,02/06/2024,234812.00,USD,pending,6,AU
TX-0005894,C-01094,Zoe Garcia,zoe.garcia5894@example.com,03/11/2024,62345.00,USD,refunded,7,DE
TX-0005895,C-01095,Mateo Nguyen,mateo.nguyen5895@example.com,04/04/2024,111787.00,USD,cancelled,8,us
TX-0005896,C-01096,Ava Patel,ava.patel5896@example.com,05/09/2024,167922.00,USD,completed,1,CA
TX-0005897,C-01097,Noah Kim,noah.kim5897@example.com,06/02/2024,162297.00,USD,pending,2,GB
TX-0005898,C-01098,Mia Martin,mia.martin5898@example.com,07/07/2024,37552.00,USD,refunded,3,AU
TX-0005899,C-01099,Liam Smith,liam.smith5899@example.com,08/12/2024,219141.00,USD,cancelled,4,DE
TX-0005900,C-01100,Sofia Brown,sofia.brown5900@example.com,09/05/2024,10741.00,USD,completed,5,US
TX-0005901,C-01101,Ethan Wilson,ethan.wilson5901@example.com,10/10/2024,192737.00,USD,pending,6,CA
TX-0005902,C-01102,Zoe Garcia,zoe.garcia5902@example.com,11/03/2024,11704.00,USD,refunded,7,GB
TX-0005903,C-01103,Mateo Nguyen,mateo.nguyen5903@example.com,12/08/2024,185499.00,USD,cancelled,8,AU
TX-0005904,C-01104,Ava Patel,ava.patel5904@example.com,01/01/2024,30474.00,USD,completed,1,DE
TX-0005905,C-01105,Noah Kim,noah.kim5905@example.com,02/06/2024,120447.00,USD,pending,2,US
TX-0005906,C-01106,Mia Martin,mia.martin5906@example.com,03/11/2024,84339.00,USD,refunded,3,CA
TX-0005907,C-01107,Liam Smith,liam.smith5907@example.com,04/04/2024,37737.00,USD,cancelled,4,GB
TX-0005908,C-01108,Sofia Brown,sofia.brown5908@example.com,05/09/2024,-9730.00,USD,completed,5,AU
TX-0005909,C-01109,Ethan Wilson,ethan.wilson5909@example.com,06/02/2024,61614.00,USD,pending,6,DE
TX-0005910,C-01110,Zoe Garcia,zoe.garcia5910@example.com,07/07/2024,96219.00,USD,refunded,7,US
TX-0005911,C-01111,Mateo Nguyen,mateo.nguyen5911@example.com,08/12/2024,5564.00,USD,cancelled,8,CA
TX-0005912,C-01112,Ava Patel,ava.patel5912@example.com,09/05/2024,27912.00,USD,completed,1,GB
TX-0005913,C-01113,Noah Kim,noah.kim5913@example.com,10/10/2024,152253.00,USD,pending,2,AU
TX-0005914,C-01114,Mia Martin,mia.martin5914@example.com,11/03/2024,71064.00,USD,refunded,3,DE
TX-0005915,C-01115,Liam Smith,liam.smith5915@example.com,12/08/2024,40968.00,USD,cancelled,4,US
TX-0005916,C-01116,Sofia Brown,sofia.brown5916@example.com,01/01/2024,139419.00,USD,completed,5,CA
TX-0005917,C-01117,Ethan Wilson,,02/06/2024,67313.00,USD,pending,6,GB
TX-0005918,C-01118,Zoe Garcia,zoe.garcia5918@example.com,03/11/2024,238316.00,USD,refunded,7,AU
TX-0005919,C-01119,Mateo Nguyen,mateo.nguyen5919@example.com,04/04/2024,196596.00,USD,cancelled,8,DE
TX-0005920,C-01120,Ava Patel,ava.patel5920@example.com,05/09/2024,33498.00,USD,completed,1,US
TX-0005921,C-01121,Noah Kim,noah.kim5921@example.com,06/02/2024,167558.00,USD,unknown,2,CA
TX-0005922,C-01122,Mia Martin,mia.martin5922@example.com,07/07/2024,5392.00,USD,refunded,3,GB
TX-0005923,C-01123,Liam Smith,liam.smith5923@example.com,08/12/2024,183622.00,USD,cancelled,4,AU
TX-0005924,C-01124,Sofia Brown,sofia.brown5924@example.com,09/05/2024,206711.00,USD,completed,5,DE
TX-0005925,C-01125,Ethan Wilson,ethan.wilson5925@example.com,10/10/2024,239413.00,USD,pending,6,US
TX-0005926,C-01126,Zoe Garcia,zoe.garcia5926@example.com,11/03/2024,242707.00,USD,refunded,7,CA
TX-0005927,C-01127,Mateo Nguyen,mateo.nguyen5927@example.com,12/08/2024,69697.00,USD,cancelled,8,GB
TX-0005928,C-01128,Ava Patel,ava.patel5928@example.com,01/01/2024,587.00,USD,completed,1,AU
TX-0005929,C-01129,Noah Kim,noah.kim5929@example.com,02/06/2024,129309.00,USD,pending,2,DE
TX-0005930,C-01130,Mia Martin,mia.martin5930@example.com,03/11/2024,62473.00,USD,refunded,3,US
TX-0005931,C-01131,Liam Smith,liam.smith5931@example.com,04/04/2024,233006.00,USD,cancelled,4,CA
TX-0005932,C-01132,Sofia Brown,sofia.brown5932@example.com,05/09/2024,129445.00,USD,completed,5,GB
TX-0005933,C-01133,Ethan Wilson,ethan.wilson5933@example.com,06/02/2024,207022.00,USD,pending,6,AU
TX-0005934,C-01134,Zoe Garcia,zoe.garcia5934@example.com,07/07/2024,104543.00,USD,refunded,7,DE
TX-0005935,C-01135,Mateo Nguyen,mateo.nguyen5935@example.com,08/12/2024,93431.00,USD,cancelled,8,US
TX-0005936,C-01136,Ava Patel,ava.patel5936@example.com,09/05/2024,226784.00,USD,completed,1,CA
TX-0005937,C-01137,Noah Kim,noah.kim5937@example.com,10/10/2024,173573.00,USD,pending,2,GB
TX-0005938,C-01138,Mia Martin,mia.martin5938@example.com,11/03/2024,62765.00,USD,refunded,3,AU
TX-0005939,C-01139,Liam Smith,liam.smith5939@example.com,12/08/2024,34962.00,USD,cancelled,4,DE
TX-0005940,C-01140,Sofia Brown,sofia.brown5940@example.com,01/01/2024,154992.00,USD,completed,5,US
TX-0005941,C-01141,Ethan Wilson,ethan.wilson5941@example.com,02/06/2024,93318.00,USD,pending,6,CA
TX-0005942,C-01142,Zoe Garcia,zoe.garcia5942@example.com,03/11/2024,141753.00,USD,refunded,7,GB
TX-0005943,C-01143,Mateo Nguyen,mateo.nguyen5943@example.com,04/04/2024,242779.00,USD,cancelled,8,AU
TX-0005944,C-01144,Ava Patel,ava.patel5944@example.com,05/09/2024,95446.00,USD,completed,1,DE
TX-0005945,C-01145,Noah Kim,noah.kim5945@example.com,06/02/2024,121845.00,USD,pending,2,US
TX-0005946,C-01146,Mia Martin,mia.martin5946@example.com,07/07/2024,176457.00,USD,refunded,3,CA
TX-0005947,C-01147,Liam Smith,liam.smith5947@example.com,08/12/2024,36089.00,USD,cancelled,4,GB
TX-0005948,C-01148,Sofia Brown,sofia.brown5948@example.com,09/05/2024,226922.00,USD,completed,5,AU
TX-0005949,C-01149,Ethan Wilson,ethan.wilson5949@example.com,10/10/2024,24825.00,USD,pending,6,DE
TX-0005950,C-01150,Zoe Garcia,zoe.garcia5950@example.com,11/03/2024,200677.00,USD,refunded,7,US
TX-0005951,C-01151,Mateo Nguyen,mateo.nguyen5951@example.com,12/08/2024,142465.00,USD,cancelled,8,CA
TX-0005952,C-01152,Ava Patel,ava.patel5952@example.com,01/01/2024,72259.00,USD,completed,1,GB
TX-0005953,C-01153,Noah Kim,noah.kim5953@example.com,02/06/2024,169099.00,USD,pending,2,AU
TX-0005954,C-01154,Mia Martin,mia.martin5954@example.com,03/11/2024,7501.00,USD,refunded,3,DE
TX-0005955,C-01155,Liam Smith,liam.smith5955@example.com,04/04/2024,212879.00,USD,cancelled,4,US
TX-0005956,C-01156,Sofia Brown,sofia.brown5956@example.com,05/09/2024,208651.00,USD,completed,5,CA
TX-0005957,C-01157,Ethan Wilson,ethan.wilson5957@example.com,06/02/2024,208643.00,USD,pending,6,GB
TX-0005958,C-01158,Zoe Garcia,zoe.garcia5958@example.com,07/07/2024,201143.00,USD,refunded,7,AU
TX-0005959,C-01159,Mateo Nguyen,mateo.nguyen5959@example.com,08/12/2024,128155.00,USD,cancelled,8,DE
TX-0005960,C-01160,Ava Patel,ava.patel5960@example.com,09/05/2024,5586.00,usd,completed,1,US
TX-0005961,C-01161,Noah Kim,noah.kim5961@example.com,10/10/2024,102658.00,USD,pending,2,CA
TX-0005962,C-01162,Mia Martin,mia.martin5962@example.com,11/03/2024,44930.00,USD,refunded,3,GB
TX-0005963,C-01163,Liam Smith,liam.smith.invalid,12/08/2024,57274.00,USD,cancelled,4,AU
TX-0005964,C-01164,Sofia Brown,sofia.brown5964@example.com,01/01/2024,114815.00,USD,completed,5,DE
TX-0005965,C-01165,Ethan Wilson,ethan.wilson5965@example.com,02/06/2024,223236.00,USD,pending,6,US
TX-0005966,C-01166,Zoe Garcia,zoe.garcia5966@example.com,03/11/2024,107596.00,USD,COMPLETE,7,CA
TX-0005967,C-01167,Mateo Nguyen,mateo.nguyen5967@example.com,04/04/2024,39810.00,USD,cancelled,8,GB
TX-0005968,C-01168,Ava Patel,ava.patel5968@example.com,05/09/2024,95337.00,USD,completed,1,AU
TX-0005969,C-01169,noah kim,noah.kim5969@example.com,06/02/2024,146203.00,USD,pending,2,DE
TX-0005970,C-01170,Mia Martin,mia.martin5970@example.com,07/07/2024,83608.00,USD,refunded,3,US
TX-0005971,C-01171,Liam Smith,liam.smith5971@example.com,08/12/2024,171729.00,USD,cancelled,4,CA
TX-0005972,C-01172,Sofia Brown,sofia.brown5972@example.com,09/05/2024,106999.00,USD,completed,5,GB
TX-0005973,C-01173,Ethan Wilson,ethan.wilson5973@example.com,10/10/2024,190647.00, USD ,pending,6,AU
TX-0005974,C-01174,Zoe Garcia,zoe.garcia5974@example.com,11/03/2024,229316.00,USD,refunded,7,DE
TX-0005975,C-01175,Mateo Nguyen,mateo.nguyen5975@example.com,12/08/2024,172669.00,USD,cancelled,8,US
TX-0005976,C-01176,Ava Patel,ava.patel5976@example.com,01/01/2024,15014.00,USD,completed,1,CA
TX-0005977,C-01177,Noah Kim,noah.kim5977@example.com,02/06/2024,59514.00,USD,pending,2,GB
TX-0005978,C-01178,Mia Martin,mia.martin5978@example.com,03/11/2024,96147.00,USD,refunded,3,AU
TX-0005979,C-01179,Liam Smith,liam.smith5979@example.com,04/04/2024,84347.00,USD,cancelled,4,DE
TX-0005980,C-01180,Sofia Brown,sofia.brown5980@example.com,05/09/2024,168350.00,USD,completed,5,US
TX-0005981,C-01181,Ethan Wilson,ethan.wilson5981@example.com,06/02/2024,134914.00,USD,pending,6,CA
TX-0005982,C-01182,Zoe Garcia,zoe.garcia5982@example.com,07/07/2024,235471.00,USD,refunded,7,GB
TX-0005983,C-01183,Mateo Nguyen,mateo.nguyen5983@example.com,08/12/2024,112009.00,USD,cancelled,8,AU
TX-0005984,C-01184,Ava Patel,ava.patel5984@example.com,09/05/2024,84619.00,USD,completed,1,DE
TX-0005985,C-01185,Noah Kim,noah.kim5985@example.com,10/10/2024,170923.00,USD,pending,2,US
TX-0005986,C-01186,Mia Martin,mia.martin5986@example.com,11/03/2024,219719.00,USD,refunded,3,CA
TX-0005987,C-01187,Liam Smith,liam.smith5987@example.com,12/08/2024,208204.00,USD,cancelled,4,GB
TX-0005988,C-01188,Sofia Brown,sofia.brown5988@example.com,01/01/2024,141879.00,USD,completed,5,AU
TX-0005989,C-01189,  ETHAN WILSON  ,ethan.wilson5989@example.com,02/06/2024,169388.00,USD,pending,6,DE
TX-0005990,C-01190,Zoe Garcia,zoe.garcia5990@example.com,03/11/2024,55072.00,USD,refunded,7,US
TX-0005991,C-01191,Mateo Nguyen,mateo.nguyen5991@example.com,04/04/2024,26800.00,USD,cancelled,8,CA
TX-0005992,C-01192,Ava Patel,ava.patel5992@example.com,05/09/2024,210767.00,USD,completed,1,GB
TX-0005993,C-01193,Noah Kim,noah.kim5993@example.com,06/02/2024,53063.00,USD,pending,2,AU
TX-0005994,C-01194,Mia Martin,mia.martin5994@example.com,07/07/2024,77249.00,USD,refunded,3,DE
TX-0005995,C-01195,Liam Smith,liam.smith5995@example.com,08/12/2024,172550.00,USD,cancelled,4,US
TX-0005996,C-01196,Sofia Brown,sofia.brown5996@example.com,09/05/2024,242855.00,USD,completed,5,CA
TX-0005997,C-01197,Ethan Wilson,ethan.wilson5997@example.com,10/10/2024,102014.00,USD,pending,6,GB
TX-0005998,C-01198,Zoe Garcia,zoe.garcia5998@example.com,11/03/2024,245240.00,USD,refunded,7,AU
TX-0005999,C-01199,Mateo Nguyen,mateo.nguyen5999@example.com,12/08/2024,224034.00,USD,cancelled,8,DE
TX-0006000,C-01200,Ava Patel,ava.patel6000@example.com,01/01/2024,235113.00,USD,completed,1,US
TX-0006001,C-01201,Noah Kim,noah.kim6001@example.com,02/06/2024,86643.00,USD,pending,2,CA
TX-0006002,C-01202,Mia Martin,mia.martin6002@example.com,03/11/2024,38896.00,USD,refunded,3,GB
TX-0006003,C-01203,Liam Smith,liam.smith6003@example.com,04/04/2024,68651.00,USD,cancelled,4,AU
TX-0006004,C-01204,Sofia Brown,sofia.brown6004@example.com,05/09/2024,93932.00,USD,completed,5,DE
TX-0006005,C-01205,Ethan Wilson,ethan.wilson6005@example.com,06/02/2024,170651.00,USD,pending,6,US
TX-0006006,C-01206,Zoe Garcia,zoe.garcia6006@example.com,07/07/2024,56924.00,USD,refunded,7,CA
TX-0006007,C-01207,Mateo Nguyen,mateo.nguyen6007@example.com,08/12/2024,75149.00,USD,cancelled,8,GB
TX-0006008,C-01208,Ava Patel,ava.patel6008@example.com,09/05/2024,152237.00,USD,completed,1,AU
TX-0006009,C-01209,Noah Kim,noah.kim6009@example.com,10/10/2024,10882.00,USD,pending,2,DE
TX-0006010,C-01210,Mia Martin,mia.martin6010@example.com,11/03/2024,69099.00,USD,refunded,3,US
TX-0006011,C-01211,Liam Smith,liam.smith6011@example.com,12/08/2024,4691.00,USD,cancelled,4,CA
TX-0006012,C-01212,Sofia Brown,sofia.brown6012@example.com,01/01/2024,25040.00,USD,completed,5,GB
TX-0006013,C-01213,Ethan Wilson,ethan.wilson6013@example.com,02/06/2024,28428.00,USD,pending,6,AU
TX-0006014,C-01214,Zoe Garcia,,03/11/2024,15295.00,USD,refunded,7,DE
TX-0006015,C-01215,Mateo Nguyen,mateo.nguyen6015@example.com,04/04/2024,111552.00,USD,cancelled,8,US
TX-0006016,C-01216,Ava Patel,ava.patel6016@example.com,05/09/2024,40512.00,USD,completed,1,CA
TX-0006017,C-01217,Noah Kim,noah.kim6017@example.com,06/02/2024,12129.00,USD,pending,2,GB
TX-0006018,C-01218,Mia Martin,mia.martin6018@example.com,07/07/2024,95382.00,USD,refunded,3,AU
TX-0006019,C-01219,Liam Smith,liam.smith6019@example.com,08/12/2024,224246.00,USD,cancelled,4,DE
TX-0006020,C-01220,Sofia Brown,sofia.brown6020@example.com,09/05/2024,102931.00,USD,completed,5,US
TX-0006021,C-01221,Ethan Wilson,ethan.wilson6021@example.com,10/10/2024,,USD,pending,6,CA
TX-0006022,C-01222,Zoe Garcia,zoe.garcia6022@example.com,11/03/2024,149975.00,USD,refunded,7,GB
TX-0006023,C-01223,Mateo Nguyen,mateo.nguyen6023@example.com,12/08/2024,25521.00,USD,cancelled,8,AU
TX-0006024,C-01224,Ava Patel,ava.patel6024@example.com,01/01/2024,184431.00,USD,completed,1,DE
TX-0006025,C-01225,Noah Kim,noah.kim6025@example.com,02/06/2024,222831.00,USD,pending,2,US
TX-0006026,C-01226,Mia Martin,mia.martin6026@example.com,03/11/2024,133889.00,USD,refunded,3,ca
TX-0006027,C-01227,Liam Smith,liam.smith6027@example.com,04/04/2024,77927.00,USD,cancelled,4,GB
TX-0006028,C-01228,Sofia Brown,sofia.brown6028@example.com,05/09/2024,187046.00,USD,completed,5,AU
TX-0006029,C-01229,Ethan Wilson,ethan.wilson6029@example.com,06/02/2024,203222.00,USD,pending,6,DE
TX-0006030,C-01230,Zoe Garcia,zoe.garcia6030@example.com,07/07/2024,196396.00,USD,refunded,7,US
TX-0006031,C-01231,Mateo Nguyen,mateo.nguyen6031@example.com,08/12/2024,47009.00,USD,cancelled,8,CA
TX-0006032,C-01232,Ava Patel,ava.patel6032@example.com,09/05/2024,58482.00,USD,completed,1,GB
TX-0006033,C-01233,Noah Kim,noah.kim6033@example.com,10/10/2024,213433.00,USD,pending,2,AU
TX-0006034,C-01234,Mia Martin,mia.martin6034@example.com,11/03/2024,43973.00,USD,refunded,3,DE
TX-0006035,C-01235,Liam Smith,liam.smith6035@example.com,12/08/2024,9784.00,USD,cancelled,4,US
TX-0006036,C-01236,Sofia Brown,sofia.brown6036@example.com,01/01/2024,180365.00,USD,completed,5,CA
TX-0006037,C-01237,Ethan Wilson,ethan.wilson6037@example.com,02/06/2024,183204.00,USD,pending,6,GB
TX-0006038,C-01238,Zoe Garcia,zoe.garcia6038@example.com,03/11/2024,198672.00,USD,refunded,7,AU
TX-0006039,C-01239,Mateo Nguyen,mateo.nguyen6039@example.com,04/04/2024,149259.00,USD,cancelled,8,DE
TX-0006040,C-01240,Ava Patel,ava.patel6040@example.com,05/09/2024,205805.00,USD,completed,1,US
TX-0006041,C-01241,Noah Kim,noah.kim6041@example.com,06/02/2024,180003.00,USD,pending,2,CA
TX-0006042,C-01242,Mia Martin,mia.martin6042@example.com,07/07/2024,183580.00,USD,refunded,3,GB
TX-0006043,C-01243,Liam Smith,liam.smith6043@example.com,08/12/2024,214827.00,USD,cancelled,4,AU
TX-0006044,C-01244,Sofia Brown,sofia.brown6044@example.com,09/05/2024,20874.00,USD,completed,5,DE
TX-0006045,C-01245,Ethan Wilson,ethan.wilson6045@example.com,10/10/2024,118754.00,USD,pending,6,US
TX-0006046,C-01246,Zoe Garcia,zoe.garcia6046@example.com,11/03/2024,57686.00,USD,refunded,7,CA
TX-0006047,C-01247,Mateo Nguyen,mateo.nguyen6047@example.com,12/08/2024,150198.00,USD,cancelled,8,GB
TX-0006048,C-01248,Ava Patel,ava.patel6048@example.com,01/01/2024,215138.00,USD,completed,1,AU
TX-0006049,C-01249,Noah Kim,noah.kim6049@example.com,02/06/2024,30454.00,USD,pending,2,DE
TX-0006050,C-01250,Mia Martin,mia.martin6050@example.com,03/11/2024,157474.00,USD,refunded,3,US
TX-0006051,C-01251,Liam Smith,liam.smith6051@example.com,04/04/2024,177473.00,USD,cancelled,4,CA
TX-0006052,C-01252,Sofia Brown,sofia.brown.invalid,05/09/2024,244914.00,USD,completed,5,GB
TX-0006053,C-01253,Ethan Wilson,ethan.wilson6053@example.com,06/02/2024,90777.00,USD,pending,6,AU
TX-0006054,C-01254,Zoe Garcia,zoe.garcia6054@example.com,07/07/2024,171967.00,USD,refunded,7,DE
TX-0006055,C-01255,Mateo Nguyen,mateo.nguyen6055@example.com,08/12/2024,7464.00,USD,cancelled,8,USA
TX-0006056,C-01256,Ava Patel,ava.patel6056@example.com,09/05/2024,51310.00,USD,completed,1,CA
TX-0006057,C-01257,Noah Kim,noah.kim6057@example.com,10/10/2024,80781.00,USD,pending,2,GB
TX-0006058,C-01258,Mia Martin,mia.martin6058@example.com,11/03/2024,67076.00,USD,refunded,3,AU
TX-0006059,C-01259,Liam Smith,liam.smith6059@example.com,12/08/2024,104158.00,USD,cancelled,4,DE
TX-0006060,C-01260,Sofia Brown,sofia.brown6060@example.com,01/01/2024,116571.00,USD,completed,5,US
TX-0006061,C-01261,Ethan Wilson,ethan.wilson6061@example.com,02/06/2024,199294.00,USD,pending,6,CA
TX-0006062,C-01262,Zoe Garcia,zoe.garcia6062@example.com,03/11/2024,16463.00,USD,refunded,7,GB
TX-0006063,C-01263,Mateo Nguyen,mateo.nguyen6063@example.com,04/04/2024,42840.00,USD,cancelled,8,AU
TX-0006064,C-01264,Ava Patel,ava.patel6064@example.com,05/09/2024,1363.00,USD,completed,1,DE
TX-0006065,C-01265,Noah Kim,noah.kim6065@example.com,06/02/2024,249568.00,USD,pending,2,US
TX-0006066,C-01266,Mia Martin,mia.martin6066@example.com,07/07/2024,95245.00,USD,refunded,3,CA
TX-0006067,C-01267,Liam Smith,liam.smith6067@example.com,08/12/2024,96115.00,USD,cancelled,4,GB
TX-0006068,C-01268,Sofia Brown,sofia.brown6068@example.com,09/05/2024,67714.00,USD,completed,5,AU
TX-0006069,C-01269,Ethan Wilson,ethan.wilson6069@example.com,10/10/2024,173269.00,USD,pending,6,DE
TX-0006070,C-01270,Zoe Garcia,zoe.garcia6070@example.com,11/03/2024,246356.00,USD,refunded,7,US
TX-0006071,C-01271,Mateo Nguyen,mateo.nguyen6071@example.com,12/08/2024,94142.00,USD,cancelled,8,CA
TX-0006072,C-01272,Ava Patel,ava.patel6072@example.com,01/01/2024,128033.00,USD,completed,1,GB
TX-0006073,C-01273,Noah Kim,noah.kim6073@example.com,02/06/2024,25488.00,USD,pending,2,AU
TX-0006074,C-01274,Mia Martin,mia.martin6074@example.com,03/11/2024,229428.00,USD,refunded,3,DE
TX-0006075,C-01275,Liam Smith,liam.smith6075@example.com,04/04/2024,181746.00,USD,cancelled,4,US
TX-0006076,C-01276,Sofia Brown,sofia.brown6076@example.com,05/09/2024,82848.00,USD,completed,5,CA
TX-0006077,C-01277,Ethan Wilson,ethan.wilson6077@example.com,06/02/2024,167363.00,USD,pending,6,GB
TX-0006078,C-01278,Zoe Garcia,zoe.garcia6078@example.com,07/07/2024,45595.00,USD,refunded,7,AU
TX-0006079,C-01279,Mateo Nguyen,mateo.nguyen6079@example.com,08/12/2024,192418.00,USD,cancelled,8,DE
TX-0006080,C-01280,Ava Patel,ava.patel6080@example.com,09/05/2024,176049.00,USD,completed,1,US
TX-0006081,C-01281,Noah Kim,noah.kim6081@example.com,10/10/2024,210524.00,USD,pending,2,CA
TX-0006082,C-01282,Mia Martin,mia.martin6082@example.com,11/03/2024,101241.00,USD,refunded,3,GB
TX-0006083,C-01283,Liam Smith,liam.smith6083@example.com,12/08/2024,25946.00,USD,cancelled,4,AU
TX-0006084,C-01284,Sofia Brown,sofia.brown6084@example.com,01/01/2024,88375.00,USD,completed,5,DE
TX-0006085,C-01285,Ethan Wilson,ethan.wilson6085@example.com,02/06/2024,144944.00,USD,pending,6,US
TX-0006086,C-01286,Zoe Garcia,zoe.garcia6086@example.com,03/11/2024,193361.00,USD,refunded,7,CA
TX-0006087,C-01287,Mateo Nguyen,mateo.nguyen6087@example.com,04/04/2024,56865.00,USD,cancelled,8,GB
TX-0006088,C-01288,Ava Patel,ava.patel6088@example.com,05/09/2024,65695.00,USD,completed,1,AU
TX-0006089,C-01289,Noah Kim,noah.kim6089@example.com,06/02/2024,249916.00,USD,pending,2,DE
TX-0006090,C-01290,Mia Martin,mia.martin6090@example.com,07/07/2024,162178.00,USD,refunded,3,US
TX-0006091,C-01291,Liam Smith,liam.smith6091@example.com,08/12/2024,42541.00,USD,cancelled,4,CA
TX-0006092,C-01292,Sofia Brown,sofia.brown6092@example.com,09/05/2024,3433.00,USD,completed,5,GB
TX-0006093,C-01293,Ethan Wilson,ethan.wilson6093@example.com,10/10/2024,3840.00,USD,pending,6,AU
TX-0006094,C-01294,Zoe Garcia,zoe.garcia6094@example.com,11/03/2024,135177.00,USD,refunded,7,DE
TX-0006095,C-01295,Mateo Nguyen,mateo.nguyen6095@example.com,12/08/2024,218665.00,USD,cancelled,8,US
TX-0006096,C-01296,ava patel,ava.patel6096@example.com,01/01/2024,59933.00,USD,completed,1,CA
TX-0006097,C-01297,Noah Kim,noah.kim6097@example.com,02/06/2024,234716.00,USD,pending,2,GB
TX-0006098,C-01298,Mia Martin,mia.martin6098@example.com,03/11/2024,114610.00,USD,refunded,3,AU
TX-0006099,C-01299,Liam Smith,liam.smith6099@example.com,04/04/2024,23623.00,USD,cancelled,4,DE
TX-0006100,C-01300,Sofia Brown,sofia.brown6100@example.com,05/09/2024,135283.00,USD,completed,5,US
TX-0006101,C-01301,Ethan Wilson,ethan.wilson6101@example.com,06/02/2024,111114.00,USD,pending,6,CA
TX-0006102,C-01302,  ZOE GARCIA  ,zoe.garcia6102@example.com,07/07/2024,25984.00,USD,refunded,7,GB
TX-0006103,C-01303,Mateo Nguyen,mateo.nguyen6103@example.com,08/12/2024,118391.00,USD,cancelled,8,AU
TX-0006104,C-01304,Ava Patel,ava.patel6104@example.com,09/05/2024,50080.00,USD,completed,1,DE
TX-0006105,C-01305,Noah Kim,noah.kim6105@example.com,10/10/2024,174215.00,USD,pending,2,US
TX-0006106,C-01306,Mia Martin,mia.martin6106@example.com,11/03/2024,129583.00,USD,refunded,3,CA
TX-0006107,C-01307,Liam Smith,liam.smith6107@example.com,12/08/2024,157103.00,USD,cancelled,4,GB
TX-0006108,C-01308,Sofia Brown,sofia.brown6108@example.com,01/01/2024,45158.00,USD,completed,5,AU
TX-0006109,C-01309,Ethan Wilson,ethan.wilson6109@example.com,02/06/2024,120796.00,usd,pending,6,DE
TX-0006110,C-01310,Zoe Garcia,zoe.garcia6110@example.com,03/11/2024,173878.00,USD,refunded,7,US
TX-0006111,C-01311,Mateo Nguyen,,04/04/2024,108936.00,USD,cancelled,8,CA
TX-0006112,C-01312,Ava Patel,ava.patel6112@example.com,05/09/2024,133160.00,USD,unknown,1,GB
TX-0006113,C-01313,Noah Kim,noah.kim6113@example.com,06/02/2024,16151.00,USD,pending,2,AU
TX-0006114,C-01314,Mia Martin,mia.martin6114@example.com,07/07/2024,31971.00,USD,refunded,3,DE
TX-0006115,C-01315,Liam Smith,liam.smith6115@example.com,08/12/2024,117608.00,USD,cancelled,4,US
TX-0006116,C-01316,Sofia Brown,sofia.brown6116@example.com,09/05/2024,249161.00,USD,completed,5,CA
TX-0006117,C-01317,Ethan Wilson,ethan.wilson6117@example.com,10/10/2024,66710.00,USD,pending,6,GB
TX-0006118,C-01318,Zoe Garcia,zoe.garcia6118@example.com,11/03/2024,157407.00,USD,refunded,7,AU
TX-0006119,C-01319,Mateo Nguyen,mateo.nguyen6119@example.com,12/08/2024,-671.00,USD,cancelled,8,DE
TX-0006120,C-01320,Ava Patel,ava.patel6120@example.com,01/01/2024,63208.00,USD,completed,1,US
TX-0006121,C-01321,Noah Kim,noah.kim6121@example.com,02/06/2024,163006.00,USD,pending,2,CA
TX-0006122,C-01322,Mia Martin,mia.martin6122@example.com,03/11/2024,146969.00,USD,refunded,3,GB
TX-0006123,C-01323,Liam Smith,liam.smith6123@example.com,04/04/2024,9710.00,USD,COMPLETE,4,AU
TX-0006124,C-01324,Sofia Brown,sofia.brown6124@example.com,05/09/2024,102109.00,USD,completed,5,DE
TX-0006125,C-01325,Ethan Wilson,ethan.wilson6125@example.com,06/02/2024,86736.00,USD,pending,6,US
TX-0006126,C-01326,Zoe Garcia,zoe.garcia6126@example.com,07/07/2024,178478.00,USD,refunded,7,CA
TX-0006127,C-01327,Mateo Nguyen,mateo.nguyen6127@example.com,08/12/2024,148568.00,USD,cancelled,8,GB
TX-0006128,C-01328,Ava Patel,ava.patel6128@example.com,09/05/2024,27888.00,USD,completed,1,AU
TX-0006129,C-01329,Noah Kim,noah.kim6129@example.com,10/10/2024,149691.00,USD,pending,2,DE
TX-0006130,C-01330,Mia Martin,mia.martin6130@example.com,11/03/2024,26629.00,USD,refunded,3,US
TX-0006131,C-01331,Liam Smith,liam.smith6131@example.com,12/08/2024,93098.00,USD,cancelled,4,CA
TX-0006132,C-01332,Sofia Brown,sofia.brown6132@example.com,01/01/2024,69724.00,USD,completed,5,GB
TX-0006133,C-01333,Ethan Wilson,ethan.wilson6133@example.com,02/06/2024,151685.00,USD,pending,6,AU
TX-0006134,C-01334,Zoe Garcia,zoe.garcia6134@example.com,03/11/2024,78238.00,USD,refunded,7,DE
TX-0006135,C-01335,Mateo Nguyen,mateo.nguyen6135@example.com,04/04/2024,49114.00,USD,cancelled,8,US
TX-0006136,C-01336,Ava Patel,ava.patel6136@example.com,05/09/2024,174855.00,USD,completed,1,CA
TX-0006137,C-01337,Noah Kim,noah.kim6137@example.com,06/02/2024,108614.00,USD,pending,2,GB
TX-0006138,C-01338,Mia Martin,mia.martin6138@example.com,07/07/2024,53928.00,USD,refunded,3,AU
TX-0006139,C-01339,Liam Smith,liam.smith6139@example.com,08/12/2024,130123.00,USD,cancelled,4,DE
TX-0006140,C-01340,Sofia Brown,sofia.brown6140@example.com,09/05/2024,17839.00,USD,completed,5,US
TX-0006141,C-01341,Ethan Wilson,ethan.wilson.invalid,10/10/2024,28885.00,USD,pending,6,CA
TX-0006142,C-01342,Zoe Garcia,zoe.garcia6142@example.com,11/03/2024,145731.00,USD,refunded,7,GB
TX-0006143,C-01343,Mateo Nguyen,mateo.nguyen6143@example.com,12/08/2024,108866.00,USD,cancelled,8,AU
TX-0006144,C-01344,Ava Patel,ava.patel6144@example.com,01/01/2024,20514.00,USD,completed,1,DE
TX-0006145,C-01345,Noah Kim,noah.kim6145@example.com,02/06/2024,231764.00,USD,pending,2,US
TX-0006146,C-01346,Mia Martin,mia.martin6146@example.com,03/11/2024,111805.00,USD,refunded,3,CA
TX-0006147,C-01347,Liam Smith,liam.smith6147@example.com,04/04/2024,179640.00,USD,cancelled,4,GB
TX-0006148,C-01348,Sofia Brown,sofia.brown6148@example.com,05/09/2024,117299.00,USD,completed,5,AU
TX-0006149,C-01349,Ethan Wilson,ethan.wilson6149@example.com,06/02/2024,82489.00,USD,pending,6,DE
TX-0006150,C-01350,Zoe Garcia,zoe.garcia6150@example.com,07/07/2024,12788.00,USD,refunded,7,US
TX-0006151,C-01351,Mateo Nguyen,mateo.nguyen6151@example.com,08/12/2024,147370.00,USD,cancelled,8,CA
TX-0006152,C-01352,Ava Patel,ava.patel6152@example.com,09/05/2024,95423.00,USD,completed,1,GB
TX-0006153,C-01353,Noah Kim,noah.kim6153@example.com,10/10/2024,151107.00,USD,pending,2,AU
TX-0006154,C-01354,Mia Martin,mia.martin6154@example.com,11/03/2024,58575.00, USD ,refunded,3,DE
TX-0006155,C-01355,Liam Smith,liam.smith6155@example.com,12/08/2024,107422.00,USD,cancelled,4,US
TX-0006156,C-01356,Sofia Brown,sofia.brown6156@example.com,01/01/2024,104740.00,USD,completed,5,CA
TX-0006157,C-01357,Ethan Wilson,ethan.wilson6157@example.com,02/06/2024,240833.00,USD,pending,6,gb
TX-0006158,C-01358,Zoe Garcia,zoe.garcia6158@example.com,03/11/2024,122126.00,USD,refunded,7,AU
TX-0006159,C-01359,Mateo Nguyen,mateo.nguyen6159@example.com,04/04/2024,133595.00,USD,cancelled,8,DE
TX-0006160,C-01360,Ava Patel,ava.patel6160@example.com,05/09/2024,114056.00,USD,completed,1,US
TX-0006161,C-01361,Noah Kim,noah.kim6161@example.com,06/02/2024,122778.00,USD,pending,2,CA
TX-0006162,C-01362,Mia Martin,mia.martin6162@example.com,07/07/2024,122446.00,USD,refunded,3,GB
TX-0006163,C-01363,Liam Smith,liam.smith6163@example.com,08/12/2024,151249.00,USD,cancelled,4,AU
TX-0006164,C-01364,Sofia Brown,sofia.brown6164@example.com,09/05/2024,162397.00,USD,completed,5,DE
TX-0006165,C-01365,Ethan Wilson,ethan.wilson6165@example.com,10/10/2024,63462.00,USD,pending,6,US
TX-0006166,C-01366,Zoe Garcia,zoe.garcia6166@example.com,11/03/2024,94206.00,USD,refunded,7,CA
TX-0006167,C-01367,Mateo Nguyen,mateo.nguyen6167@example.com,12/08/2024,78663.00,USD,cancelled,8,GB
TX-0006168,C-01368,Ava Patel,ava.patel6168@example.com,01/01/2024,164000.00,USD,completed,1,AU
TX-0006169,C-01369,Noah Kim,noah.kim6169@example.com,02/06/2024,174807.00,USD,pending,2,DE
TX-0006170,C-01370,Mia Martin,mia.martin6170@example.com,03/11/2024,8569.00,USD,refunded,3,US
TX-0006171,C-01371,Liam Smith,liam.smith6171@example.com,04/04/2024,33015.00,USD,cancelled,4,CA
TX-0006172,C-01372,Sofia Brown,sofia.brown6172@example.com,05/09/2024,17875.00,USD,completed,5,GB
TX-0006173,C-01373,Ethan Wilson,ethan.wilson6173@example.com,06/02/2024,9512.00,USD,pending,6,AU
TX-0006174,C-01374,Zoe Garcia,zoe.garcia6174@example.com,07/07/2024,207477.00,USD,refunded,7,DE
TX-0006175,C-01375,Mateo Nguyen,mateo.nguyen6175@example.com,08/12/2024,141242.00,USD,cancelled,8,US
TX-0006176,C-01376,Ava Patel,ava.patel6176@example.com,09/05/2024,235671.00,USD,completed,1,CA
TX-0006177,C-01377,Noah Kim,noah.kim6177@example.com,10/10/2024,9021.00,USD,pending,2,GB
TX-0006178,C-01378,Mia Martin,mia.martin6178@example.com,11/03/2024,11313.00,USD,refunded,3,AU
TX-0006179,C-01379,Liam Smith,liam.smith6179@example.com,12/08/2024,138392.00,USD,cancelled,4,DE
TX-0006180,C-01380,Sofia Brown,sofia.brown6180@example.com,01/01/2024,152944.00,USD,completed,5,US
TX-0006181,C-01381,Ethan Wilson,ethan.wilson6181@example.com,02/06/2024,208220.00,USD,pending,6,CA
TX-0006182,C-01382,Zoe Garcia,zoe.garcia6182@example.com,03/11/2024,47944.00,USD,refunded,7,GB
TX-0006183,C-01383,Mateo Nguyen,mateo.nguyen6183@example.com,04/04/2024,168450.00,USD,cancelled,8,AU
TX-0006184,C-01384,Ava Patel,ava.patel6184@example.com,05/09/2024,208167.00,USD,completed,1,DE
TX-0006185,C-01385,Noah Kim,noah.kim6185@example.com,06/02/2024,218345.00,USD,pending,2,US
TX-0006186,C-01386,Mia Martin,mia.martin6186@example.com,07/07/2024,226972.00,USD,refunded,3,CA
TX-0006187,C-01387,Liam Smith,liam.smith6187@example.com,08/12/2024,47825.00,USD,cancelled,4,GB
TX-0006188,C-01388,Sofia Brown,sofia.brown6188@example.com,09/05/2024,227089.00,USD,completed,5,AU
TX-0006189,C-01389,Ethan Wilson,ethan.wilson6189@example.com,10/10/2024,75656.00,USD,pending,6,DE
TX-0006190,C-01390,Zoe Garcia,zoe.garcia6190@example.com,11/03/2024,99433.00,USD,refunded,7,US
TX-0006191,C-01391,Mateo Nguyen,mateo.nguyen6191@example.com,12/08/2024,203477.00,USD,cancelled,8,CA
TX-0006192,C-01392,Ava Patel,ava.patel6192@example.com,01/01/2024,200397.00,USD,completed,1,GB
TX-0006193,C-01393,Noah Kim,noah.kim6193@example.com,02/06/2024,207478.00,USD,pending,2,AU
TX-0006194,C-01394,Mia Martin,mia.martin6194@example.com,03/11/2024,141365.00,USD,refunded,3,DE
TX-0006195,C-01395,Liam Smith,liam.smith6195@example.com,04/04/2024,201263.00,USD,cancelled,4,US
TX-0006196,C-01396,Sofia Brown,sofia.brown6196@example.com,05/09/2024,181421.00,USD,completed,5,CA
TX-0006197,C-01397,Ethan Wilson,ethan.wilson6197@example.com,06/02/2024,108155.00,USD,pending,6,GB
TX-0006198,C-01398,Zoe Garcia,zoe.garcia6198@example.com,07/07/2024,112222.00,USD,refunded,7,AU
TX-0006199,C-01399,Mateo Nguyen,mateo.nguyen6199@example.com,08/12/2024,214889.00,USD,cancelled,8,DE
TX-0006200,C-01400,Ava Patel,ava.patel6200@example.com,09/05/2024,150400.00,USD,completed,1,US
TX-0006201,C-01401,Noah Kim,noah.kim6201@example.com,10/10/2024,216269.00,USD,pending,2,CA
TX-0006202,C-01402,Mia Martin,mia.martin6202@example.com,11/03/2024,108577.00,USD,refunded,3,GB
TX-0006203,C-01403,Liam Smith,liam.smith6203@example.com,12/08/2024,85543.00,USD,cancelled,4,AU
TX-0006204,C-01404,Sofia Brown,sofia.brown6204@example.com,01/01/2024,169596.00,USD,completed,5,DE
TX-0006205,C-01405,Ethan Wilson,ethan.wilson6205@example.com,02/06/2024,136845.00,USD,pending,6,US
TX-0006206,C-01406,Zoe Garcia,zoe.garcia6206@example.com,03/11/2024,111539.00,USD,refunded,7,CA
TX-0006207,C-01407,Mateo Nguyen,mateo.nguyen6207@example.com,04/04/2024,236712.00,USD,cancelled,8,GB
TX-0006208,C-01408,Ava Patel,,05/09/2024,160559.00,USD,completed,1,AU
TX-0006209,C-01409,Noah Kim,noah.kim6209@example.com,06/02/2024,144422.00,USD,pending,2,DE
TX-0006210,C-01410,Mia Martin,mia.martin6210@example.com,07/07/2024,62602.00,USD,refunded,3,US
TX-0006211,C-01411,Liam Smith,liam.smith6211@example.com,08/12/2024,87777.00,USD,cancelled,4,CA
TX-0006212,C-01412,Sofia Brown,sofia.brown6212@example.com,09/05/2024,77196.00,USD,completed,5,GB
TX-0006213,C-01413,Ethan Wilson,ethan.wilson6213@example.com,10/10/2024,210333.00,USD,pending,6,AU
TX-0006214,C-01414,Zoe Garcia,zoe.garcia6214@example.com,11/03/2024,130997.00,USD,refunded,7,DE
TX-0006215,C-01415,  MATEO NGUYEN  ,mateo.nguyen6215@example.com,12/08/2024,17074.00,USD,cancelled,8,US
TX-0006216,C-01416,Ava Patel,ava.patel6216@example.com,01/01/2024,32224.00,USD,completed,1,CA
TX-0006217,C-01417,Noah Kim,noah.kim6217@example.com,02/06/2024,62492.00,USD,pending,2,GB
TX-0006218,C-01418,Mia Martin,mia.martin6218@example.com,03/11/2024,161783.00,USD,refunded,3,AU
TX-0006219,C-01419,Liam Smith,liam.smith6219@example.com,04/04/2024,194259.00,USD,cancelled,4,DE
TX-0006220,C-01420,Sofia Brown,sofia.brown6220@example.com,05/09/2024,164098.00,USD,completed,5,US
TX-0006221,C-01421,Ethan Wilson,ethan.wilson6221@example.com,06/02/2024,98264.00,USD,pending,6,CA
TX-0006222,C-01422,Zoe Garcia,zoe.garcia6222@example.com,07/07/2024,148182.00,USD,refunded,7,GB
TX-0006223,C-01423,mateo nguyen,mateo.nguyen6223@example.com,08/12/2024,22208.00,USD,cancelled,8,AU
TX-0006224,C-01424,Ava Patel,ava.patel6224@example.com,09/05/2024,139889.00,USD,completed,1,DE
TX-0006225,C-01425,Noah Kim,noah.kim6225@example.com,10/10/2024,35549.00,USD,pending,2,US
TX-0006226,C-01426,Mia Martin,mia.martin6226@example.com,11/03/2024,223211.00,USD,refunded,3,CA
TX-0006227,C-01427,Liam Smith,liam.smith6227@example.com,12/08/2024,35163.00,USD,cancelled,4,GB
TX-0006228,C-01428,Sofia Brown,sofia.brown6228@example.com,01/01/2024,97140.00,USD,completed,5,USA
TX-0006229,C-01429,Ethan Wilson,ethan.wilson6229@example.com,02/06/2024,176645.00,USD,pending,6,DE
TX-0006230,C-01430,Zoe Garcia,zoe.garcia.invalid,03/11/2024,163512.00,USD,refunded,7,US
TX-0006231,C-01431,Mateo Nguyen,mateo.nguyen6231@example.com,04/04/2024,226463.00,USD,cancelled,8,CA
TX-0006232,C-01432,Ava Patel,ava.patel6232@example.com,05/09/2024,165984.00,USD,completed,1,GB
TX-0006233,C-01433,Noah Kim,noah.kim6233@example.com,06/02/2024,59091.00,USD,pending,2,AU
TX-0006234,C-01434,Mia Martin,mia.martin6234@example.com,07/07/2024,150228.00,USD,refunded,3,DE
TX-0006235,C-01435,Liam Smith,liam.smith6235@example.com,08/12/2024,86256.00,USD,cancelled,4,US
TX-0006236,C-01436,Sofia Brown,sofia.brown6236@example.com,09/05/2024,105087.00,USD,completed,5,CA
TX-0006237,C-01437,Ethan Wilson,ethan.wilson6237@example.com,10/10/2024,220073.00,USD,pending,6,GB
TX-0006238,C-01438,Zoe Garcia,zoe.garcia6238@example.com,11/03/2024,99962.00,USD,refunded,7,AU
TX-0006239,C-01439,Mateo Nguyen,mateo.nguyen6239@example.com,12/08/2024,7378.00,USD,cancelled,8,DE
TX-0006240,C-01440,Ava Patel,ava.patel6240@example.com,01/01/2024,142418.00,USD,completed,1,US
TX-0006241,C-01441,Noah Kim,noah.kim6241@example.com,02/06/2024,169991.00,USD,pending,2,CA
TX-0006242,C-01442,Mia Martin,mia.martin6242@example.com,03/11/2024,237230.00,USD,refunded,3,GB
TX-0006243,C-01443,Liam Smith,liam.smith6243@example.com,04/04/2024,21696.00,USD,cancelled,4,AU
TX-0006244,C-01444,Sofia Brown,sofia.brown6244@example.com,05/09/2024,,USD,completed,5,DE
TX-0006245,C-01445,Ethan Wilson,ethan.wilson6245@example.com,06/02/2024,147912.00,USD,pending,6,US
TX-0006246,C-01446,Zoe Garcia,zoe.garcia6246@example.com,07/07/2024,236882.00,USD,refunded,7,CA
TX-0006247,C-01447,Mateo Nguyen,mateo.nguyen6247@example.com,08/12/2024,19515.00,USD,cancelled,8,GB
TX-0006248,C-01448,Ava Patel,ava.patel6248@example.com,09/05/2024,161795.00,USD,completed,1,AU
TX-0006249,C-01449,Noah Kim,noah.kim6249@example.com,10/10/2024,76182.00,USD,pending,2,DE
TX-0006250,C-01450,Mia Martin,mia.martin6250@example.com,11/03/2024,109794.00,USD,refunded,3,US
TX-0006251,C-01451,Liam Smith,liam.smith6251@example.com,12/08/2024,84850.00,USD,cancelled,4,CA
TX-0006252,C-01452,Sofia Brown,sofia.brown6252@example.com,01/01/2024,200352.00,USD,completed,5,GB
TX-0006253,C-01453,Ethan Wilson,ethan.wilson6253@example.com,02/06/2024,134346.00,USD,pending,6,AU
TX-0006254,C-01454,Zoe Garcia,zoe.garcia6254@example.com,03/11/2024,222753.00,USD,refunded,7,DE
TX-0006255,C-01455,Mateo Nguyen,mateo.nguyen6255@example.com,04/04/2024,249810.00,USD,cancelled,8,US
TX-0006256,C-01456,Ava Patel,ava.patel6256@example.com,05/09/2024,81989.00,USD,completed,1,CA
TX-0006257,C-01457,Noah Kim,noah.kim6257@example.com,06/02/2024,834.00,USD,pending,2,GB
TX-0006258,C-01458,Mia Martin,mia.martin6258@example.com,07/07/2024,115424.00,usd,refunded,3,AU
TX-0006259,C-01459,Liam Smith,liam.smith6259@example.com,08/12/2024,83221.00,USD,cancelled,4,DE
TX-0006260,C-01460,Sofia Brown,sofia.brown6260@example.com,09/05/2024,124467.00,USD,completed,5,US
TX-0006261,C-01461,Ethan Wilson,ethan.wilson6261@example.com,10/10/2024,27846.00,USD,pending,6,CA
TX-0006262,C-01462,Zoe Garcia,zoe.garcia6262@example.com,11/03/2024,208812.00,USD,refunded,7,GB
TX-0006263,C-01463,Mateo Nguyen,mateo.nguyen6263@example.com,12/08/2024,233734.00,USD,cancelled,8,AU
TX-0006264,C-01464,Ava Patel,ava.patel6264@example.com,01/01/2024,31120.00,USD,completed,1,DE
TX-0006265,C-01465,Noah Kim,noah.kim6265@example.com,02/06/2024,150911.00,USD,pending,2,US
TX-0006266,C-01466,Mia Martin,mia.martin6266@example.com,03/11/2024,54968.00,USD,refunded,3,CA
TX-0006267,C-01467,Liam Smith,liam.smith6267@example.com,04/04/2024,196632.00,USD,cancelled,4,GB
TX-0006268,C-01468,Sofia Brown,sofia.brown6268@example.com,05/09/2024,114842.00,USD,completed,5,AU
TX-0006269,C-01469,Ethan Wilson,ethan.wilson6269@example.com,06/02/2024,166556.00,USD,pending,6,DE
TX-0006270,C-01470,Zoe Garcia,zoe.garcia6270@example.com,07/07/2024,214862.00,USD,refunded,7,US
TX-0006271,C-01471,Mateo Nguyen,mateo.nguyen6271@example.com,08/12/2024,69013.00,USD,cancelled,8,CA
TX-0006272,C-01472,Ava Patel,ava.patel6272@example.com,09/05/2024,75686.00,USD,completed,1,GB
TX-0006273,C-01473,Noah Kim,noah.kim6273@example.com,10/10/2024,170794.00,USD,pending,2,AU
TX-0006274,C-01474,Mia Martin,mia.martin6274@example.com,11/03/2024,223119.00,USD,refunded,3,DE
TX-0006275,C-01475,Liam Smith,liam.smith6275@example.com,12/08/2024,91989.00,USD,cancelled,4,US
TX-0006276,C-01476,Sofia Brown,sofia.brown6276@example.com,01/01/2024,156945.00,USD,completed,5,CA
TX-0006277,C-01477,Ethan Wilson,ethan.wilson6277@example.com,02/06/2024,239608.00,USD,pending,6,GB
TX-0006278,C-01478,Zoe Garcia,zoe.garcia6278@example.com,03/11/2024,16163.00,USD,refunded,7,AU
TX-0006279,C-01479,Mateo Nguyen,mateo.nguyen6279@example.com,04/04/2024,136136.00,USD,cancelled,8,DE
TX-0006280,C-01480,Ava Patel,ava.patel6280@example.com,05/09/2024,244420.00,USD,COMPLETE,1,US
TX-0006281,C-01481,Noah Kim,noah.kim6281@example.com,06/02/2024,5008.00,USD,pending,2,CA
TX-0006282,C-01482,Mia Martin,mia.martin6282@example.com,07/07/2024,195798.00,USD,refunded,3,GB
TX-0006283,C-01483,Liam Smith,liam.smith6283@example.com,08/12/2024,232852.00,USD,cancelled,4,AU
TX-0006284,C-01484,Sofia Brown,sofia.brown6284@example.com,09/05/2024,164421.00,USD,completed,5,DE
TX-0006285,C-01485,Ethan Wilson,ethan.wilson6285@example.com,10/10/2024,204431.00,USD,pending,6,US
TX-0006286,C-01486,Zoe Garcia,zoe.garcia6286@example.com,11/03/2024,123486.00,USD,refunded,7,CA
TX-0006287,C-01487,Mateo Nguyen,mateo.nguyen6287@example.com,12/08/2024,70044.00,USD,cancelled,8,GB
TX-0006288,C-01488,Ava Patel,ava.patel6288@example.com,01/01/2024,122376.00,USD,completed,1,au
TX-0006289,C-01489,Noah Kim,noah.kim6289@example.com,02/06/2024,242026.00,USD,pending,2,DE
TX-0006290,C-01490,Mia Martin,mia.martin6290@example.com,03/11/2024,4155.00,USD,refunded,3,US
TX-0006291,C-01491,Liam Smith,liam.smith6291@example.com,04/04/2024,54897.00,USD,cancelled,4,CA
TX-0006292,C-01492,Sofia Brown,sofia.brown6292@example.com,05/09/2024,142288.00,USD,completed,5,GB
TX-0006293,C-01493,Ethan Wilson,ethan.wilson6293@example.com,06/02/2024,55510.00,USD,pending,6,AU
TX-0006294,C-01494,Zoe Garcia,zoe.garcia6294@example.com,07/07/2024,172675.00,USD,refunded,7,DE
TX-0006295,C-01495,Mateo Nguyen,mateo.nguyen6295@example.com,08/12/2024,219257.00,USD,cancelled,8,US
TX-0006296,C-01496,Ava Patel,ava.patel6296@example.com,09/05/2024,156872.00,USD,completed,1,CA
TX-0006297,C-01497,Noah Kim,noah.kim6297@example.com,10/10/2024,157902.00,USD,pending,2,GB
TX-0006298,C-01498,Mia Martin,mia.martin6298@example.com,11/03/2024,29469.00,USD,refunded,3,AU
TX-0006299,C-01499,Liam Smith,liam.smith6299@example.com,12/08/2024,86585.00,USD,cancelled,4,DE
TX-0006300,C-01500,Sofia Brown,sofia.brown6300@example.com,01/01/2024,223141.00,USD,completed,5,US
TX-0006301,C-01501,Ethan Wilson,ethan.wilson6301@example.com,02/06/2024,14559.00,USD,pending,6,CA
TX-0006302,C-01502,Zoe Garcia,zoe.garcia6302@example.com,03/11/2024,47829.00,USD,refunded,7,GB
TX-0006303,C-01503,Mateo Nguyen,mateo.nguyen6303@example.com,04/04/2024,178059.00,USD,unknown,8,AU
TX-0006304,C-01504,Ava Patel,ava.patel6304@example.com,05/09/2024,131859.00,USD,completed,1,DE
TX-0006305,C-01505,Noah Kim,,06/02/2024,210319.00,USD,pending,2,US
TX-0006306,C-01506,Mia Martin,mia.martin6306@example.com,07/07/2024,57319.00,USD,refunded,3,CA
TX-0006307,C-01507,Liam Smith,liam.smith6307@example.com,08/12/2024,168717.00,USD,cancelled,4,GB
TX-0006308,C-01508,Sofia Brown,sofia.brown6308@example.com,09/05/2024,145432.00,USD,completed,5,AU
TX-0006309,C-01509,Ethan Wilson,ethan.wilson6309@example.com,10/10/2024,151800.00,USD,pending,6,DE
TX-0006310,C-01510,Zoe Garcia,zoe.garcia6310@example.com,11/03/2024,164375.00,USD,refunded,7,US
TX-0006311,C-01511,Mateo Nguyen,mateo.nguyen6311@example.com,12/08/2024,143184.00,USD,cancelled,8,CA
TX-0006312,C-01512,Ava Patel,ava.patel6312@example.com,01/01/2024,195583.00,USD,completed,1,GB
TX-0006313,C-01513,Noah Kim,noah.kim6313@example.com,02/06/2024,194139.00,USD,pending,2,AU
TX-0006314,C-01514,Mia Martin,mia.martin6314@example.com,03/11/2024,145948.00,USD,refunded,3,DE
TX-0006315,C-01515,Liam Smith,liam.smith6315@example.com,04/04/2024,208360.00,USD,cancelled,4,US
TX-0006316,C-01516,Sofia Brown,sofia.brown6316@example.com,05/09/2024,42797.00,USD,completed,5,CA
TX-0006317,C-01517,Ethan Wilson,ethan.wilson6317@example.com,06/02/2024,248359.00,USD,pending,6,GB
TX-0006318,C-01518,Zoe Garcia,zoe.garcia6318@example.com,07/07/2024,64525.00,USD,refunded,7,AU
TX-0006319,C-01519,Mateo Nguyen,mateo.nguyen.invalid,08/12/2024,138879.00,USD,cancelled,8,DE
TX-0006320,C-01520,Ava Patel,ava.patel6320@example.com,09/05/2024,237872.00,USD,completed,1,US
TX-0006321,C-01521,Noah Kim,noah.kim6321@example.com,10/10/2024,27739.00,USD,pending,2,CA
TX-0006322,C-01522,Mia Martin,mia.martin6322@example.com,11/03/2024,180193.00,USD,refunded,3,GB
TX-0006323,C-01523,Liam Smith,liam.smith6323@example.com,12/08/2024,147048.00,USD,cancelled,4,AU
TX-0006324,C-01524,Sofia Brown,sofia.brown6324@example.com,01/01/2024,206345.00,USD,completed,5,DE
TX-0006325,C-01525,Ethan Wilson,ethan.wilson6325@example.com,02/06/2024,1173.00,USD,pending,6,US
TX-0006326,C-01526,Zoe Garcia,zoe.garcia6326@example.com,03/11/2024,130543.00,USD,refunded,7,CA
TX-0006327,C-01527,Mateo Nguyen,mateo.nguyen6327@example.com,04/04/2024,33486.00,USD,cancelled,8,GB
TX-0006328,C-01528,  AVA PATEL  ,ava.patel6328@example.com,05/09/2024,154988.00,USD,completed,1,AU
TX-0006329,C-01529,Noah Kim,noah.kim6329@example.com,06/02/2024,243530.00,USD,pending,2,DE
TX-0006330,C-01530,Mia Martin,mia.martin6330@example.com,07/07/2024,-6387.00,USD,refunded,3,US
TX-0006331,C-01531,Liam Smith,liam.smith6331@example.com,08/12/2024,99364.00,USD,cancelled,4,CA
TX-0006332,C-01532,Sofia Brown,sofia.brown6332@example.com,09/05/2024,35426.00,USD,completed,5,GB
TX-0006333,C-01533,Ethan Wilson,ethan.wilson6333@example.com,10/10/2024,145859.00,USD,pending,6,AU
TX-0006334,C-01534,Zoe Garcia,zoe.garcia6334@example.com,11/03/2024,84755.00,USD,refunded,7,DE
TX-0006335,C-01535,Mateo Nguyen,mateo.nguyen6335@example.com,12/08/2024,85356.00, USD ,cancelled,8,US
TX-0006336,C-01536,Ava Patel,ava.patel6336@example.com,01/01/2024,101780.00,USD,completed,1,CA
TX-0006337,C-01537,Noah Kim,noah.kim6337@example.com,02/06/2024,68344.00,USD,pending,2,GB
TX-0006338,C-01538,Mia Martin,mia.martin6338@example.com,03/11/2024,52118.00,USD,refunded,3,AU
TX-0006339,C-01539,Liam Smith,liam.smith6339@example.com,04/04/2024,24326.00,USD,cancelled,4,DE
TX-0006340,C-01540,Sofia Brown,sofia.brown6340@example.com,05/09/2024,84850.00,USD,completed,5,US
TX-0006341,C-01541,Ethan Wilson,ethan.wilson6341@example.com,06/02/2024,4435.00,USD,pending,6,CA
TX-0006342,C-01542,Zoe Garcia,zoe.garcia6342@example.com,07/07/2024,181489.00,USD,refunded,7,GB
TX-0006343,C-01543,Mateo Nguyen,mateo.nguyen6343@example.com,08/12/2024,203309.00,USD,cancelled,8,AU
TX-0006344,C-01544,Ava Patel,ava.patel6344@example.com,09/05/2024,244497.00,USD,completed,1,DE
TX-0006345,C-01545,Noah Kim,noah.kim6345@example.com,10/10/2024,244541.00,USD,pending,2,US
TX-0006346,C-01546,Mia Martin,mia.martin6346@example.com,11/03/2024,176446.00,USD,refunded,3,CA
TX-0006347,C-01547,Liam Smith,liam.smith6347@example.com,12/08/2024,185007.00,USD,cancelled,4,GB
TX-0006348,C-01548,Sofia Brown,sofia.brown6348@example.com,01/01/2024,27411.00,USD,completed,5,AU
TX-0006349,C-01549,Ethan Wilson,ethan.wilson6349@example.com,02/06/2024,22473.00,USD,pending,6,DE
TX-0006350,C-01550,zoe garcia,zoe.garcia6350@example.com,03/11/2024,123700.00,USD,refunded,7,US
TX-0006351,C-01551,Mateo Nguyen,mateo.nguyen6351@example.com,04/04/2024,134946.00,USD,cancelled,8,CA
TX-0006352,C-01552,Ava Patel,ava.patel6352@example.com,05/09/2024,22167.00,USD,completed,1,GB
TX-0006353,C-01553,Noah Kim,noah.kim6353@example.com,06/02/2024,79637.00,USD,pending,2,AU
TX-0006354,C-01554,Mia Martin,mia.martin6354@example.com,07/07/2024,192617.00,USD,refunded,3,DE
TX-0006355,C-01555,Liam Smith,liam.smith6355@example.com,08/12/2024,173243.00,USD,cancelled,4,US
TX-0006356,C-01556,Sofia Brown,sofia.brown6356@example.com,09/05/2024,242492.00,USD,completed,5,CA
TX-0006357,C-01557,Ethan Wilson,ethan.wilson6357@example.com,10/10/2024,144601.00,USD,pending,6,GB
TX-0006358,C-01558,Zoe Garcia,zoe.garcia6358@example.com,11/03/2024,20920.00,USD,refunded,7,AU
TX-0006359,C-01559,Mateo Nguyen,mateo.nguyen6359@example.com,12/08/2024,222659.00,USD,cancelled,8,DE
TX-0006360,C-01560,Ava Patel,ava.patel6360@example.com,01/01/2024,59076.00,USD,completed,1,US
TX-0006361,C-01561,Noah Kim,noah.kim6361@example.com,02/06/2024,148468.00,USD,pending,2,CA
TX-0006362,C-01562,Mia Martin,mia.martin6362@example.com,03/11/2024,65795.00,USD,refunded,3,GB
TX-0006363,C-01563,Liam Smith,liam.smith6363@example.com,04/04/2024,102894.00,USD,cancelled,4,AU
TX-0006364,C-01564,Sofia Brown,sofia.brown6364@example.com,05/09/2024,132371.00,USD,completed,5,DE
TX-0006365,C-01565,Ethan Wilson,ethan.wilson6365@example.com,06/02/2024,242675.00,USD,pending,6,US
TX-0006366,C-01566,Zoe Garcia,zoe.garcia6366@example.com,07/07/2024,175144.00,USD,refunded,7,CA
TX-0006367,C-01567,Mateo Nguyen,mateo.nguyen6367@example.com,08/12/2024,77230.00,USD,cancelled,8,GB
TX-0006368,C-01568,Ava Patel,ava.patel6368@example.com,09/05/2024,199500.00,USD,completed,1,AU
TX-0006369,C-01569,Noah Kim,noah.kim6369@example.com,10/10/2024,239153.00,USD,pending,2,DE
TX-0006370,C-01570,Mia Martin,mia.martin6370@example.com,11/03/2024,215278.00,USD,refunded,3,US
TX-0006371,C-01571,Liam Smith,liam.smith6371@example.com,12/08/2024,226487.00,USD,cancelled,4,CA
TX-0006372,C-01572,Sofia Brown,sofia.brown6372@example.com,01/01/2024,83574.00,USD,completed,5,GB
TX-0006373,C-01573,Ethan Wilson,ethan.wilson6373@example.com,02/06/2024,85154.00,USD,pending,6,AU
TX-0006374,C-01574,Zoe Garcia,zoe.garcia6374@example.com,03/11/2024,227878.00,USD,refunded,7,DE
TX-0006375,C-01575,Mateo Nguyen,mateo.nguyen6375@example.com,04/04/2024,60985.00,USD,cancelled,8,US
TX-0006376,C-01576,Ava Patel,ava.patel6376@example.com,05/09/2024,233744.00,USD,completed,1,CA
TX-0006377,C-01577,Noah Kim,noah.kim6377@example.com,06/02/2024,8281.00,USD,pending,2,GB
TX-0006378,C-01578,Mia Martin,mia.martin6378@example.com,07/07/2024,15656.00,USD,refunded,3,AU
TX-0006379,C-01579,Liam Smith,liam.smith6379@example.com,08/12/2024,142944.00,USD,cancelled,4,DE
TX-0006380,C-01580,Sofia Brown,sofia.brown6380@example.com,09/05/2024,74964.00,USD,completed,5,US
TX-0006381,C-01581,Ethan Wilson,ethan.wilson6381@example.com,10/10/2024,244794.00,USD,pending,6,CA
TX-0006382,C-01582,Zoe Garcia,zoe.garcia6382@example.com,11/03/2024,20489.00,USD,refunded,7,GB
TX-0006383,C-01583,Mateo Nguyen,mateo.nguyen6383@example.com,12/08/2024,218241.00,USD,cancelled,8,AU
TX-0006384,C-01584,Ava Patel,ava.patel6384@example.com,01/01/2024,42321.00,USD,completed,1,DE
TX-0006385,C-01585,Noah Kim,noah.kim6385@example.com,02/06/2024,89348.00,USD,pending,2,US
TX-0006386,C-01586,Mia Martin,mia.martin6386@example.com,03/11/2024,248032.00,USD,refunded,3,CA
TX-0006387,C-01587,Liam Smith,liam.smith6387@example.com,04/04/2024,168825.00,USD,cancelled,4,GB
TX-0006388,C-01588,Sofia Brown,sofia.brown6388@example.com,05/09/2024,6993.00,USD,completed,5,AU
TX-0006389,C-01589,Ethan Wilson,ethan.wilson6389@example.com,06/02/2024,206476.00,USD,pending,6,DE
TX-0006390,C-01590,Zoe Garcia,zoe.garcia6390@example.com,07/07/2024,18634.00,USD,refunded,7,US
TX-0006391,C-01591,Mateo Nguyen,mateo.nguyen6391@example.com,08/12/2024,72204.00,USD,cancelled,8,CA
TX-0006392,C-01592,Ava Patel,ava.patel6392@example.com,09/05/2024,70443.00,USD,completed,1,GB
TX-0006393,C-01593,Noah Kim,noah.kim6393@example.com,10/10/2024,119483.00,USD,pending,2,AU
TX-0006394,C-01594,Mia Martin,mia.martin6394@example.com,11/03/2024,162721.00,USD,refunded,3,DE
TX-0006395,C-01595,Liam Smith,liam.smith6395@example.com,12/08/2024,62188.00,USD,cancelled,4,US
TX-0006396,C-01596,Sofia Brown,sofia.brown6396@example.com,01/01/2024,99498.00,USD,completed,5,CA
TX-0006397,C-01597,Ethan Wilson,ethan.wilson6397@example.com,02/06/2024,62023.00,USD,pending,6,GB
TX-0006398,C-01598,Zoe Garcia,zoe.garcia6398@example.com,03/11/2024,4358.00,USD,refunded,7,AU
TX-0006399,C-01599,Mateo Nguyen,mateo.nguyen6399@example.com,04/04/2024,77760.00,USD,cancelled,8,DE
TX-0006400,C-01600,Ava Patel,ava.patel6400@example.com,05/09/2024,150307.00,USD,completed,1,US
TX-0006401,C-01601,Noah Kim,noah.kim6401@example.com,06/02/2024,105069.00,USD,pending,2,USA
TX-0006402,C-01602,Mia Martin,,07/07/2024,218368.00,USD,refunded,3,GB
TX-0006403,C-01603,Liam Smith,liam.smith6403@example.com,08/12/2024,86403.00,USD,cancelled,4,AU
TX-0006404,C-01604,Sofia Brown,sofia.brown6404@example.com,09/05/2024,160870.00,USD,completed,5,DE
TX-0006405,C-01605,Ethan Wilson,ethan.wilson6405@example.com,10/10/2024,183923.00,USD,pending,6,US
TX-0006406,C-01606,Zoe Garcia,zoe.garcia6406@example.com,11/03/2024,230923.00,USD,refunded,7,CA
TX-0006407,C-01607,Mateo Nguyen,mateo.nguyen6407@example.com,12/08/2024,165578.00,usd,cancelled,8,GB
TX-0006408,C-01608,Ava Patel,ava.patel.invalid,01/01/2024,51623.00,USD,completed,1,AU
TX-0006409,C-01609,Noah Kim,noah.kim6409@example.com,02/06/2024,37963.00,USD,pending,2,DE
TX-0006410,C-01610,Mia Martin,mia.martin6410@example.com,03/11/2024,231615.00,USD,refunded,3,US
TX-0006411,C-01611,Liam Smith,liam.smith6411@example.com,04/04/2024,59146.00,USD,cancelled,4,CA
TX-0006412,C-01612,Sofia Brown,sofia.brown6412@example.com,05/09/2024,19155.00,USD,completed,5,GB
TX-0006413,C-01613,Ethan Wilson,ethan.wilson6413@example.com,06/02/2024,145878.00,USD,pending,6,AU
TX-0006414,C-01614,Zoe Garcia,zoe.garcia6414@example.com,07/07/2024,24401.00,USD,refunded,7,DE
TX-0006415,C-01615,Mateo Nguyen,mateo.nguyen6415@example.com,08/12/2024,158212.00,USD,cancelled,8,US
TX-0006416,C-01616,Ava Patel,ava.patel6416@example.com,09/05/2024,209886.00,USD,completed,1,CA
TX-0006417,C-01617,Noah Kim,noah.kim6417@example.com,10/10/2024,81026.00,USD,pending,2,GB
TX-0006418,C-01618,Mia Martin,mia.martin6418@example.com,11/03/2024,162760.00,USD,refunded,3,AU
TX-0006419,C-01619,Liam Smith,liam.smith6419@example.com,12/08/2024,31784.00,USD,cancelled,4,de
TX-0006420,C-01620,Sofia Brown,sofia.brown6420@example.com,01/01/2024,120845.00,USD,completed,5,US
TX-0006421,C-01621,Ethan Wilson,ethan.wilson6421@example.com,02/06/2024,204086.00,USD,pending,6,CA
TX-0006422,C-01622,Zoe Garcia,zoe.garcia6422@example.com,03/11/2024,156816.00,USD,refunded,7,GB
TX-0006423,C-01623,Mateo Nguyen,mateo.nguyen6423@example.com,04/04/2024,74506.00,USD,cancelled,8,AU
TX-0006424,C-01624,Ava Patel,ava.patel6424@example.com,05/09/2024,207959.00,USD,completed,1,DE
TX-0006425,C-01625,Noah Kim,noah.kim6425@example.com,06/02/2024,11354.00,USD,pending,2,US
TX-0006426,C-01626,Mia Martin,mia.martin6426@example.com,07/07/2024,72623.00,USD,refunded,3,CA
TX-0006427,C-01627,Liam Smith,liam.smith6427@example.com,08/12/2024,230692.00,USD,cancelled,4,GB
TX-0006428,C-01628,Sofia Brown,sofia.brown6428@example.com,09/05/2024,161579.00,USD,completed,5,AU
TX-0006429,C-01629,Ethan Wilson,ethan.wilson6429@example.com,10/10/2024,174100.00,USD,pending,6,DE
TX-0006430,C-01630,Zoe Garcia,zoe.garcia6430@example.com,11/03/2024,53093.00,USD,refunded,7,US
TX-0006431,C-01631,Mateo Nguyen,mateo.nguyen6431@example.com,12/08/2024,97204.00,USD,cancelled,8,CA
TX-0006432,C-01632,Ava Patel,ava.patel6432@example.com,01/01/2024,122347.00,USD,completed,1,GB
TX-0006433,C-01633,Noah Kim,noah.kim6433@example.com,02/06/2024,197510.00,USD,pending,2,AU
TX-0006434,C-01634,Mia Martin,mia.martin6434@example.com,03/11/2024,199043.00,USD,refunded,3,DE
TX-0006435,C-01635,Liam Smith,liam.smith6435@example.com,04/04/2024,166384.00,USD,cancelled,4,US
TX-0006436,C-01636,Sofia Brown,sofia.brown6436@example.com,05/09/2024,32652.00,USD,completed,5,CA
TX-0006437,C-01637,Ethan Wilson,ethan.wilson6437@example.com,06/02/2024,117863.00,USD,COMPLETE,6,GB
TX-0006438,C-01638,Zoe Garcia,zoe.garcia6438@example.com,07/07/2024,31592.00,USD,refunded,7,AU
TX-0006439,C-01639,Mateo Nguyen,mateo.nguyen6439@example.com,08/12/2024,16286.00,USD,cancelled,8,DE
TX-0006440,C-01640,Ava Patel,ava.patel6440@example.com,09/05/2024,195581.00,USD,completed,1,US
TX-0006441,C-01641,  NOAH KIM  ,noah.kim6441@example.com,10/10/2024,249856.00,USD,pending,2,CA
TX-0006442,C-01642,Mia Martin,mia.martin6442@example.com,11/03/2024,25666.00,USD,refunded,3,GB
TX-0006443,C-01643,Liam Smith,liam.smith6443@example.com,12/08/2024,33957.00,USD,cancelled,4,AU
TX-0006444,C-01644,Sofia Brown,sofia.brown6444@example.com,01/01/2024,70023.00,USD,completed,5,DE
TX-0006445,C-01645,Ethan Wilson,ethan.wilson6445@example.com,02/06/2024,91674.00,USD,pending,6,US
TX-0006446,C-01646,Zoe Garcia,zoe.garcia6446@example.com,03/11/2024,41188.00,USD,refunded,7,CA
TX-0006447,C-01647,Mateo Nguyen,mateo.nguyen6447@example.com,04/04/2024,11987.00,USD,cancelled,8,GB
TX-0006448,C-01648,Ava Patel,ava.patel6448@example.com,05/09/2024,147755.00,USD,completed,1,AU
TX-0006449,C-01649,Noah Kim,noah.kim6449@example.com,06/02/2024,234767.00,USD,pending,2,DE
TX-0006450,C-01650,Mia Martin,mia.martin6450@example.com,07/07/2024,68276.00,USD,refunded,3,US
TX-0006451,C-01651,Liam Smith,liam.smith6451@example.com,08/12/2024,55582.00,USD,cancelled,4,CA
TX-0006452,C-01652,Sofia Brown,sofia.brown6452@example.com,09/05/2024,22545.00,USD,completed,5,GB
TX-0006453,C-01653,Ethan Wilson,ethan.wilson6453@example.com,10/10/2024,213206.00,USD,pending,6,AU
TX-0006454,C-01654,Zoe Garcia,zoe.garcia6454@example.com,11/03/2024,54676.00,USD,refunded,7,DE
TX-0006455,C-01655,Mateo Nguyen,mateo.nguyen6455@example.com,12/08/2024,82745.00,USD,cancelled,8,US
TX-0006456,C-01656,Ava Patel,ava.patel6456@example.com,01/01/2024,38284.00,USD,completed,1,CA
TX-0006457,C-01657,Noah Kim,noah.kim6457@example.com,02/06/2024,157460.00,USD,pending,2,GB
TX-0006458,C-01658,Mia Martin,mia.martin6458@example.com,03/11/2024,20926.00,USD,refunded,3,AU
TX-0006459,C-01659,Liam Smith,liam.smith6459@example.com,04/04/2024,197411.00,USD,cancelled,4,DE
TX-0006460,C-01660,Sofia Brown,sofia.brown6460@example.com,05/09/2024,228212.00,USD,completed,5,US
TX-0006461,C-01661,Ethan Wilson,ethan.wilson6461@example.com,06/02/2024,60017.00,USD,pending,6,CA
TX-0006462,C-01662,Zoe Garcia,zoe.garcia6462@example.com,07/07/2024,172837.00,USD,refunded,7,GB
TX-0006463,C-01663,Mateo Nguyen,mateo.nguyen6463@example.com,08/12/2024,180958.00,USD,cancelled,8,AU
TX-0006464,C-01664,Ava Patel,ava.patel6464@example.com,09/05/2024,110846.00,USD,completed,1,DE
TX-0006465,C-01665,Noah Kim,noah.kim6465@example.com,10/10/2024,106010.00,USD,pending,2,US
TX-0006466,C-01666,Mia Martin,mia.martin6466@example.com,11/03/2024,242357.00,USD,refunded,3,CA
TX-0006467,C-01667,Liam Smith,liam.smith6467@example.com,12/08/2024,,USD,cancelled,4,GB
TX-0006468,C-01668,Sofia Brown,sofia.brown6468@example.com,01/01/2024,62107.00,USD,completed,5,AU
TX-0006469,C-01669,Ethan Wilson,ethan.wilson6469@example.com,02/06/2024,87510.00,USD,pending,6,DE
TX-0006470,C-01670,Zoe Garcia,zoe.garcia6470@example.com,03/11/2024,97110.00,USD,refunded,7,US
TX-0006471,C-01671,Mateo Nguyen,mateo.nguyen6471@example.com,04/04/2024,195272.00,USD,cancelled,8,CA
TX-0006472,C-01672,Ava Patel,ava.patel6472@example.com,05/09/2024,34391.00,USD,completed,1,GB
TX-0006473,C-01673,Noah Kim,noah.kim6473@example.com,06/02/2024,213139.00,USD,pending,2,AU
TX-0006474,C-01674,Mia Martin,mia.martin6474@example.com,07/07/2024,209104.00,USD,refunded,3,DE
TX-0006475,C-01675,Liam Smith,liam.smith6475@example.com,08/12/2024,188658.00,USD,cancelled,4,US
TX-0006476,C-01676,Sofia Brown,sofia.brown6476@example.com,09/05/2024,5057.00,USD,completed,5,CA
TX-0006477,C-01677,ethan wilson,ethan.wilson6477@example.com,10/10/2024,246758.00,USD,pending,6,GB
TX-0006478,C-01678,Zoe Garcia,zoe.garcia6478@example.com,11/03/2024,159800.00,USD,refunded,7,AU
TX-0006479,C-01679,Mateo Nguyen,mateo.nguyen6479@example.com,12/08/2024,217910.00,USD,cancelled,8,DE
TX-0006480,C-01680,Ava Patel,ava.patel6480@example.com,01/01/2024,199532.00,USD,completed,1,US
TX-0006481,C-01681,Noah Kim,noah.kim6481@example.com,02/06/2024,125809.00,USD,pending,2,CA
TX-0006482,C-01682,Mia Martin,mia.martin6482@example.com,03/11/2024,238814.00,USD,refunded,3,GB
TX-0006483,C-01683,Liam Smith,liam.smith6483@example.com,04/04/2024,147662.00,USD,cancelled,4,AU
TX-0006484,C-01684,Sofia Brown,sofia.brown6484@example.com,05/09/2024,101992.00,USD,completed,5,DE
TX-0006485,C-01685,Ethan Wilson,ethan.wilson6485@example.com,06/02/2024,237842.00,USD,pending,6,US
TX-0006486,C-01686,Zoe Garcia,zoe.garcia6486@example.com,07/07/2024,195016.00,USD,refunded,7,CA
TX-0006487,C-01687,Mateo Nguyen,mateo.nguyen6487@example.com,08/12/2024,117294.00,USD,cancelled,8,GB
TX-0006488,C-01688,Ava Patel,ava.patel6488@example.com,09/05/2024,111198.00,USD,completed,1,AU
TX-0006489,C-01689,Noah Kim,noah.kim6489@example.com,10/10/2024,86474.00,USD,pending,2,DE
TX-0006490,C-01690,Mia Martin,mia.martin6490@example.com,11/03/2024,232547.00,USD,refunded,3,US
TX-0006491,C-01691,Liam Smith,liam.smith6491@example.com,12/08/2024,41753.00,USD,cancelled,4,CA
TX-0006492,C-01692,Sofia Brown,sofia.brown6492@example.com,01/01/2024,100317.00,USD,completed,5,GB
TX-0006493,C-01693,Ethan Wilson,ethan.wilson6493@example.com,02/06/2024,198478.00,USD,pending,6,AU
TX-0006494,C-01694,Zoe Garcia,zoe.garcia6494@example.com,03/11/2024,166365.00,USD,unknown,7,DE
TX-0006495,C-01695,Mateo Nguyen,mateo.nguyen6495@example.com,04/04/2024,124330.00,USD,cancelled,8,US
TX-0006496,C-01696,Ava Patel,ava.patel6496@example.com,05/09/2024,149129.00,USD,completed,1,CA
TX-0006497,C-01697,Noah Kim,noah.kim.invalid,06/02/2024,113012.00,USD,pending,2,GB
TX-0006498,C-01698,Mia Martin,mia.martin6498@example.com,07/07/2024,57658.00,USD,refunded,3,AU
TX-0006499,C-01699,Liam Smith,,08/12/2024,23056.00,USD,cancelled,4,DE
TX-0006500,C-01700,Sofia Brown,sofia.brown6500@example.com,09/05/2024,211707.00,USD,completed,5,US
TX-0006501,C-01701,Ethan Wilson,ethan.wilson6501@example.com,10/10/2024,234182.00,USD,pending,6,CA
TX-0006502,C-01702,Zoe Garcia,zoe.garcia6502@example.com,11/03/2024,15194.00,USD,refunded,7,GB
TX-0006503,C-01703,Mateo Nguyen,mateo.nguyen6503@example.com,12/08/2024,88686.00,USD,cancelled,8,AU
TX-0006504,C-01704,Ava Patel,ava.patel6504@example.com,01/01/2024,216958.00,USD,completed,1,DE
TX-0006505,C-01705,Noah Kim,noah.kim6505@example.com,02/06/2024,163146.00,USD,pending,2,US
TX-0006506,C-01706,Mia Martin,mia.martin6506@example.com,03/11/2024,195970.00,USD,refunded,3,CA
TX-0006507,C-01707,Liam Smith,liam.smith6507@example.com,04/04/2024,238467.00,USD,cancelled,4,GB
TX-0006508,C-01708,Sofia Brown,sofia.brown6508@example.com,05/09/2024,215638.00,USD,completed,5,AU
TX-0006509,C-01709,Ethan Wilson,ethan.wilson6509@example.com,06/02/2024,140074.00,USD,pending,6,DE
TX-0006510,C-01710,Zoe Garcia,zoe.garcia6510@example.com,07/07/2024,96172.00,USD,refunded,7,US
TX-0006511,C-01711,Mateo Nguyen,mateo.nguyen6511@example.com,08/12/2024,243989.00,USD,cancelled,8,CA
TX-0006512,C-01712,Ava Patel,ava.patel6512@example.com,09/05/2024,13882.00,USD,completed,1,GB
TX-0006513,C-01713,Noah Kim,noah.kim6513@example.com,10/10/2024,87236.00,USD,pending,2,AU
TX-0006514,C-01714,Mia Martin,mia.martin6514@example.com,11/03/2024,207987.00,USD,refunded,3,DE
TX-0006515,C-01715,Liam Smith,liam.smith6515@example.com,12/08/2024,69168.00,USD,cancelled,4,US
TX-0006516,C-01716,Sofia Brown,sofia.brown6516@example.com,01/01/2024,68395.00, USD ,completed,5,CA
TX-0006517,C-01717,Ethan Wilson,ethan.wilson6517@example.com,02/06/2024,784.00,USD,pending,6,GB
TX-0006518,C-01718,Zoe Garcia,zoe.garcia6518@example.com,03/11/2024,45126.00,USD,refunded,7,AU
TX-0006519,C-01719,Mateo Nguyen,mateo.nguyen6519@example.com,04/04/2024,151801.00,USD,cancelled,8,DE
TX-0006520,C-01720,Ava Patel,ava.patel6520@example.com,05/09/2024,215253.00,USD,completed,1,US
TX-0006521,C-01721,Noah Kim,noah.kim6521@example.com,06/02/2024,124064.00,USD,pending,2,CA
TX-0006522,C-01722,Mia Martin,mia.martin6522@example.com,07/07/2024,219784.00,USD,refunded,3,GB
TX-0006523,C-01723,Liam Smith,liam.smith6523@example.com,08/12/2024,167890.00,USD,cancelled,4,AU
TX-0006524,C-01724,Sofia Brown,sofia.brown6524@example.com,09/05/2024,110260.00,USD,completed,5,DE
TX-0006525,C-01725,Ethan Wilson,ethan.wilson6525@example.com,10/10/2024,134177.00,USD,pending,6,US
TX-0006526,C-01726,Zoe Garcia,zoe.garcia6526@example.com,11/03/2024,33153.00,USD,refunded,7,CA
TX-0006527,C-01727,Mateo Nguyen,mateo.nguyen6527@example.com,12/08/2024,103367.00,USD,cancelled,8,GB
TX-0006528,C-01728,Ava Patel,ava.patel6528@example.com,01/01/2024,193891.00,USD,completed,1,AU
TX-0006529,C-01729,Noah Kim,noah.kim6529@example.com,02/06/2024,156014.00,USD,pending,2,DE
TX-0006530,C-01730,Mia Martin,mia.martin6530@example.com,03/11/2024,139036.00,USD,refunded,3,US
TX-0006531,C-01731,Liam Smith,liam.smith6531@example.com,04/04/2024,173559.00,USD,cancelled,4,CA
TX-0006532,C-01732,Sofia Brown,sofia.brown6532@example.com,05/09/2024,26332.00,USD,completed,5,GB
TX-0006533,C-01733,Ethan Wilson,ethan.wilson6533@example.com,06/02/2024,72831.00,USD,pending,6,AU
TX-0006534,C-01734,Zoe Garcia,zoe.garcia6534@example.com,07/07/2024,184187.00,USD,refunded,7,DE
TX-0006535,C-01735,Mateo Nguyen,mateo.nguyen6535@example.com,08/12/2024,115148.00,USD,cancelled,8,US
TX-0006536,C-01736,Ava Patel,ava.patel6536@example.com,09/05/2024,175578.00,USD,completed,1,CA
TX-0006537,C-01737,Noah Kim,noah.kim6537@example.com,10/10/2024,249968.00,USD,pending,2,GB
TX-0006538,C-01738,Mia Martin,mia.martin6538@example.com,11/03/2024,110754.00,USD,refunded,3,AU
TX-0006539,C-01739,Liam Smith,liam.smith6539@example.com,12/08/2024,98443.00,USD,cancelled,4,DE
TX-0006540,C-01740,Sofia Brown,sofia.brown6540@example.com,01/01/2024,181242.00,USD,completed,5,US
TX-0006541,C-01741,Ethan Wilson,ethan.wilson6541@example.com,02/06/2024,-4863.00,USD,pending,6,CA
TX-0006542,C-01742,Zoe Garcia,zoe.garcia6542@example.com,03/11/2024,140566.00,USD,refunded,7,GB
TX-0006543,C-01743,Mateo Nguyen,mateo.nguyen6543@example.com,04/04/2024,6323.00,USD,cancelled,8,AU
TX-0006544,C-01744,Ava Patel,ava.patel6544@example.com,05/09/2024,35396.00,USD,completed,1,DE
TX-0006545,C-01745,Noah Kim,noah.kim6545@example.com,06/02/2024,187717.00,USD,pending,2,US
TX-0006546,C-01746,Mia Martin,mia.martin6546@example.com,07/07/2024,231404.00,USD,refunded,3,CA
TX-0006547,C-01747,Liam Smith,liam.smith6547@example.com,08/12/2024,226674.00,USD,cancelled,4,GB
TX-0006548,C-01748,Sofia Brown,sofia.brown6548@example.com,09/05/2024,242937.00,USD,completed,5,AU
TX-0006549,C-01749,Ethan Wilson,ethan.wilson6549@example.com,10/10/2024,118855.00,USD,pending,6,DE
TX-0006550,C-01750,Zoe Garcia,zoe.garcia6550@example.com,11/03/2024,160631.00,USD,refunded,7,us
TX-0006551,C-01751,Mateo Nguyen,mateo.nguyen6551@example.com,12/08/2024,69621.00,USD,cancelled,8,CA
TX-0006552,C-01752,Ava Patel,ava.patel6552@example.com,01/01/2024,43678.00,USD,completed,1,GB
TX-0006553,C-01753,Noah Kim,noah.kim6553@example.com,02/06/2024,37088.00,USD,pending,2,AU
TX-0006554,C-01754,  MIA MARTIN  ,mia.martin6554@example.com,03/11/2024,246708.00,USD,refunded,3,DE
TX-0006555,C-01755,Liam Smith,liam.smith6555@example.com,04/04/2024,40662.00,USD,cancelled,4,US
TX-0006556,C-01756,Sofia Brown,sofia.brown6556@example.com,05/09/2024,138481.00,usd,completed,5,CA
TX-0006557,C-01757,Ethan Wilson,ethan.wilson6557@example.com,06/02/2024,101251.00,USD,pending,6,GB
TX-0006558,C-01758,Zoe Garcia,zoe.garcia6558@example.com,07/07/2024,2749.00,USD,refunded,7,AU
TX-0006559,C-01759,Mateo Nguyen,mateo.nguyen6559@example.com,08/12/2024,21662.00,USD,cancelled,8,DE
TX-0006560,C-01760,Ava Patel,ava.patel6560@example.com,09/05/2024,37072.00,USD,completed,1,US
TX-0006561,C-01761,Noah Kim,noah.kim6561@example.com,10/10/2024,243918.00,USD,pending,2,CA
TX-0006562,C-01762,Mia Martin,mia.martin6562@example.com,11/03/2024,97599.00,USD,refunded,3,GB
TX-0006563,C-01763,Liam Smith,liam.smith6563@example.com,12/08/2024,209119.00,USD,cancelled,4,AU
TX-0006564,C-01764,Sofia Brown,sofia.brown6564@example.com,01/01/2024,243685.00,USD,completed,5,DE
TX-0006565,C-01765,Ethan Wilson,ethan.wilson6565@example.com,02/06/2024,32122.00,USD,pending,6,US
TX-0006566,C-01766,Zoe Garcia,zoe.garcia6566@example.com,03/11/2024,177831.00,USD,refunded,7,CA
TX-0006567,C-01767,Mateo Nguyen,mateo.nguyen6567@example.com,04/04/2024,100606.00,USD,cancelled,8,GB
TX-0006568,C-01768,Ava Patel,ava.patel6568@example.com,05/09/2024,160498.00,USD,completed,1,AU
TX-0006569,C-01769,Noah Kim,noah.kim6569@example.com,06/02/2024,68723.00,USD,pending,2,DE
TX-0006570,C-01770,Mia Martin,mia.martin6570@example.com,07/07/2024,201680.00,USD,refunded,3,US
TX-0006571,C-01771,Liam Smith,liam.smith6571@example.com,08/12/2024,177294.00,USD,cancelled,4,CA
TX-0006572,C-01772,Sofia Brown,sofia.brown6572@example.com,09/05/2024,2044.00,USD,completed,5,GB
TX-0006573,C-01773,Ethan Wilson,ethan.wilson6573@example.com,10/10/2024,126501.00,USD,pending,6,AU
TX-0006574,C-01774,Zoe Garcia,zoe.garcia6574@example.com,11/03/2024,57649.00,USD,refunded,7,USA
TX-0006575,C-01775,Mateo Nguyen,mateo.nguyen6575@example.com,12/08/2024,39350.00,USD,cancelled,8,US
TX-0006576,C-01776,Ava Patel,ava.patel6576@example.com,01/01/2024,95444.00,USD,completed,1,CA
TX-0006577,C-01777,Noah Kim,noah.kim6577@example.com,02/06/2024,141405.00,USD,pending,2,GB
TX-0006578,C-01778,Mia Martin,mia.martin6578@example.com,03/11/2024,144002.00,USD,refunded,3,AU
TX-0006579,C-01779,Liam Smith,liam.smith6579@example.com,04/04/2024,32061.00,USD,cancelled,4,DE
TX-0006580,C-01780,Sofia Brown,sofia.brown6580@example.com,05/09/2024,76211.00,USD,completed,5,US
TX-0006581,C-01781,Ethan Wilson,ethan.wilson6581@example.com,06/02/2024,129798.00,USD,pending,6,CA
TX-0006582,C-01782,Zoe Garcia,zoe.garcia6582@example.com,07/07/2024,236135.00,USD,refunded,7,GB
TX-0006583,C-01783,Mateo Nguyen,mateo.nguyen6583@example.com,08/12/2024,195919.00,USD,cancelled,8,AU
TX-0006584,C-01784,Ava Patel,ava.patel6584@example.com,09/05/2024,71968.00,USD,completed,1,DE
TX-0006585,C-01785,Noah Kim,noah.kim6585@example.com,10/10/2024,249841.00,USD,pending,2,US
TX-0006586,C-01786,Mia Martin,mia.martin.invalid,11/03/2024,220782.00,USD,refunded,3,CA
TX-0006587,C-01787,Liam Smith,liam.smith6587@example.com,12/08/2024,100796.00,USD,cancelled,4,GB
TX-0006588,C-01788,Sofia Brown,sofia.brown6588@example.com,01/01/2024,82918.00,USD,completed,5,AU
TX-0006589,C-01789,Ethan Wilson,ethan.wilson6589@example.com,02/06/2024,218112.00,USD,pending,6,DE
TX-0006590,C-01790,Zoe Garcia,zoe.garcia6590@example.com,03/11/2024,102927.00,USD,refunded,7,US
TX-0006591,C-01791,Mateo Nguyen,mateo.nguyen6591@example.com,04/04/2024,21907.00,USD,cancelled,8,CA
TX-0006592,C-01792,Ava Patel,ava.patel6592@example.com,05/09/2024,190334.00,USD,completed,1,GB
TX-0006593,C-01793,Noah Kim,noah.kim6593@example.com,06/02/2024,31349.00,USD,pending,2,AU
TX-0006594,C-01794,Mia Martin,mia.martin6594@example.com,07/07/2024,88577.00,USD,COMPLETE,3,DE
TX-0006595,C-01795,Liam Smith,liam.smith6595@example.com,08/12/2024,63972.00,USD,cancelled,4,US
TX-0006596,C-01796,Sofia Brown,,09/05/2024,148380.00,USD,completed,5,CA
TX-0006597,C-01797,Ethan Wilson,ethan.wilson6597@example.com,10/10/2024,144372.00,USD,pending,6,GB
TX-0006598,C-01798,Zoe Garcia,zoe.garcia6598@example.com,11/03/2024,87965.00,USD,refunded,7,AU
TX-0006599,C-01799,Mateo Nguyen,mateo.nguyen6599@example.com,12/08/2024,66241.00,USD,cancelled,8,DE
TX-0006600,C-01800,Ava Patel,ava.patel6600@example.com,01/01/2024,246240.00,USD,completed,1,US
TX-0006601,C-01801,Noah Kim,noah.kim6601@example.com,02/06/2024,219255.00,USD,pending,2,CA
TX-0006602,C-01802,Mia Martin,mia.martin6602@example.com,03/11/2024,45540.00,USD,refunded,3,GB
TX-0006603,C-01803,Liam Smith,liam.smith6603@example.com,04/04/2024,119531.00,USD,cancelled,4,AU
TX-0006604,C-01804,sofia brown,sofia.brown6604@example.com,05/09/2024,231878.00,USD,completed,5,DE
TX-0006605,C-01805,Ethan Wilson,ethan.wilson6605@example.com,06/02/2024,9552.00,USD,pending,6,US
TX-0006606,C-01806,Zoe Garcia,zoe.garcia6606@example.com,07/07/2024,180790.00,USD,refunded,7,CA
TX-0006607,C-01807,Mateo Nguyen,mateo.nguyen6607@example.com,08/12/2024,40408.00,USD,cancelled,8,GB
TX-0006608,C-01808,Ava Patel,ava.patel6608@example.com,09/05/2024,37404.00,USD,completed,1,AU
TX-0006609,C-01809,Noah Kim,noah.kim6609@example.com,10/10/2024,58063.00,USD,pending,2,DE
TX-0006610,C-01810,Mia Martin,mia.martin6610@example.com,11/03/2024,234966.00,USD,refunded,3,US
TX-0006611,C-01811,Liam Smith,liam.smith6611@example.com,12/08/2024,171168.00,USD,cancelled,4,CA
TX-0006612,C-01812,Sofia Brown,sofia.brown6612@example.com,01/01/2024,21634.00,USD,completed,5,GB
TX-0006613,C-01813,Ethan Wilson,ethan.wilson6613@example.com,02/06/2024,207362.00,USD,pending,6,AU
TX-0006614,C-01814,Zoe Garcia,zoe.garcia6614@example.com,03/11/2024,67207.00,USD,refunded,7,DE
TX-0006615,C-01815,Mateo Nguyen,mateo.nguyen6615@example.com,04/04/2024,26139.00,USD,cancelled,8,US
TX-0006616,C-01816,Ava Patel,ava.patel6616@example.com,05/09/2024,112238.00,USD,completed,1,CA
TX-0006617,C-01817,Noah Kim,noah.kim6617@example.com,06/02/2024,3453.00,USD,pending,2,GB
TX-0006618,C-01818,Mia Martin,mia.martin6618@example.com,07/07/2024,196455.00,USD,refunded,3,AU
TX-0006619,C-01819,Liam Smith,liam.smith6619@example.com,08/12/2024,135428.00,USD,cancelled,4,DE
TX-0006620,C-01820,Sofia Brown,sofia.brown6620@example.com,09/05/2024,62925.00,USD,completed,5,US
TX-0006621,C-01821,Ethan Wilson,ethan.wilson6621@example.com,10/10/2024,151571.00,USD,pending,6,CA
TX-0006622,C-01822,Zoe Garcia,zoe.garcia6622@example.com,11/03/2024,161149.00,USD,refunded,7,GB
TX-0006623,C-01823,Mateo Nguyen,mateo.nguyen6623@example.com,12/08/2024,146599.00,USD,cancelled,8,AU
TX-0006624,C-01824,Ava Patel,ava.patel6624@example.com,01/01/2024,111978.00,USD,completed,1,DE
TX-0006625,C-01825,Noah Kim,noah.kim6625@example.com,02/06/2024,86714.00,USD,pending,2,US
TX-0006626,C-01826,Mia Martin,mia.martin6626@example.com,03/11/2024,43533.00,USD,refunded,3,CA
TX-0006627,C-01827,Liam Smith,liam.smith6627@example.com,04/04/2024,121321.00,USD,cancelled,4,GB
TX-0006628,C-01828,Sofia Brown,sofia.brown6628@example.com,05/09/2024,186701.00,USD,completed,5,AU
TX-0006629,C-01829,Ethan Wilson,ethan.wilson6629@example.com,06/02/2024,117286.00,USD,pending,6,DE
TX-0006630,C-01830,Zoe Garcia,zoe.garcia6630@example.com,07/07/2024,38808.00,USD,refunded,7,US
TX-0006631,C-01831,Mateo Nguyen,mateo.nguyen6631@example.com,08/12/2024,202945.00,USD,cancelled,8,CA
TX-0006632,C-01832,Ava Patel,ava.patel6632@example.com,09/05/2024,168479.00,USD,completed,1,GB
TX-0006633,C-01833,Noah Kim,noah.kim6633@example.com,10/10/2024,37605.00,USD,pending,2,AU
TX-0006634,C-01834,Mia Martin,mia.martin6634@example.com,11/03/2024,64658.00,USD,refunded,3,DE
TX-0006635,C-01835,Liam Smith,liam.smith6635@example.com,12/08/2024,95971.00,USD,cancelled,4,US
TX-0006636,C-01836,Sofia Brown,sofia.brown6636@example.com,01/01/2024,85385.00,USD,completed,5,CA
TX-0006637,C-01837,Ethan Wilson,ethan.wilson6637@example.com,02/06/2024,182411.00,USD,pending,6,GB
TX-0006638,C-01838,Zoe Garcia,zoe.garcia6638@example.com,03/11/2024,224497.00,USD,refunded,7,AU
TX-0006639,C-01839,Mateo Nguyen,mateo.nguyen6639@example.com,04/04/2024,215022.00,USD,cancelled,8,DE
TX-0006640,C-01840,Ava Patel,ava.patel6640@example.com,05/09/2024,93640.00,USD,completed,1,US
TX-0006641,C-01841,Noah Kim,noah.kim6641@example.com,06/02/2024,153224.00,USD,pending,2,CA
TX-0006642,C-01842,Mia Martin,mia.martin6642@example.com,07/07/2024,76580.00,USD,refunded,3,GB
TX-0006643,C-01843,Liam Smith,liam.smith6643@example.com,08/12/2024,122394.00,USD,cancelled,4,AU
TX-0006644,C-01844,Sofia Brown,sofia.brown6644@example.com,09/05/2024,160867.00,USD,completed,5,DE
TX-0006645,C-01845,Ethan Wilson,ethan.wilson6645@example.com,10/10/2024,72656.00,USD,pending,6,US
TX-0006646,C-01846,Zoe Garcia,zoe.garcia6646@example.com,11/03/2024,88408.00,USD,refunded,7,CA
TX-0006647,C-01847,Mateo Nguyen,mateo.nguyen6647@example.com,12/08/2024,35503.00,USD,cancelled,8,GB
TX-0006648,C-01848,Ava Patel,ava.patel6648@example.com,01/01/2024,42029.00,USD,completed,1,AU
TX-0006649,C-01849,Noah Kim,noah.kim6649@example.com,02/06/2024,182783.00,USD,pending,2,DE
TX-0006650,C-01850,Mia Martin,mia.martin6650@example.com,03/11/2024,208685.00,USD,refunded,3,US
TX-0006651,C-01851,Liam Smith,liam.smith6651@example.com,04/04/2024,22838.00,USD,cancelled,4,CA
TX-0006652,C-01852,Sofia Brown,sofia.brown6652@example.com,05/09/2024,202018.00,USD,completed,5,GB
TX-0006653,C-01853,Ethan Wilson,ethan.wilson6653@example.com,06/02/2024,124987.00,USD,pending,6,AU
TX-0006654,C-01854,Zoe Garcia,zoe.garcia6654@example.com,07/07/2024,192003.00,USD,refunded,7,DE
TX-0006655,C-01855,Mateo Nguyen,mateo.nguyen6655@example.com,08/12/2024,158251.00,USD,cancelled,8,US
TX-0006656,C-01856,Ava Patel,ava.patel6656@example.com,09/05/2024,26971.00,USD,completed,1,CA
TX-0006657,C-01857,Noah Kim,noah.kim6657@example.com,10/10/2024,33376.00,USD,pending,2,GB
TX-0006658,C-01858,Mia Martin,mia.martin6658@example.com,11/03/2024,193878.00,USD,refunded,3,AU
TX-0006659,C-01859,Liam Smith,liam.smith6659@example.com,12/08/2024,105681.00,USD,cancelled,4,DE
TX-0006660,C-01860,Sofia Brown,sofia.brown6660@example.com,01/01/2024,152094.00,USD,completed,5,US
TX-0006661,C-01861,Ethan Wilson,ethan.wilson6661@example.com,02/06/2024,185921.00,USD,pending,6,CA
TX-0006662,C-01862,Zoe Garcia,zoe.garcia6662@example.com,03/11/2024,22710.00,USD,refunded,7,GB
TX-0006663,C-01863,Mateo Nguyen,mateo.nguyen6663@example.com,04/04/2024,112997.00,USD,cancelled,8,AU
TX-0006664,C-01864,Ava Patel,ava.patel6664@example.com,05/09/2024,221854.00,USD,completed,1,DE
TX-0006665,C-01865,Noah Kim,noah.kim6665@example.com,06/02/2024,81415.00,USD,pending,2,US
TX-0006666,C-01866,Mia Martin,mia.martin6666@example.com,07/07/2024,34132.00,USD,refunded,3,CA
TX-0006667,C-01867,  LIAM SMITH  ,liam.smith6667@example.com,08/12/2024,66506.00,USD,cancelled,4,GB
TX-0006668,C-01868,Sofia Brown,sofia.brown6668@example.com,09/05/2024,63736.00,USD,completed,5,AU
TX-0006669,C-01869,Ethan Wilson,ethan.wilson6669@example.com,10/10/2024,133155.00,USD,pending,6,DE
TX-0006670,C-01870,Zoe Garcia,zoe.garcia6670@example.com,11/03/2024,160825.00,USD,refunded,7,US
TX-0006671,C-01871,Mateo Nguyen,mateo.nguyen6671@example.com,12/08/2024,166506.00,USD,cancelled,8,CA
TX-0006672,C-01872,Ava Patel,ava.patel6672@example.com,01/01/2024,243827.00,USD,completed,1,GB
TX-0006673,C-01873,Noah Kim,noah.kim6673@example.com,02/06/2024,60747.00,USD,pending,2,AU
TX-0006674,C-01874,Mia Martin,mia.martin6674@example.com,03/11/2024,190178.00,USD,refunded,3,DE
TX-0006675,C-01875,Liam Smith,liam.smith.invalid,04/04/2024,54170.00,USD,cancelled,4,US
TX-0006676,C-01876,Sofia Brown,sofia.brown6676@example.com,05/09/2024,107283.00,USD,completed,5,CA
TX-0006677,C-01877,Ethan Wilson,ethan.wilson6677@example.com,06/02/2024,110267.00,USD,pending,6,GB
TX-0006678,C-01878,Zoe Garcia,zoe.garcia6678@example.com,07/07/2024,201755.00,USD,refunded,7,AU
TX-0006679,C-01879,Mateo Nguyen,mateo.nguyen6679@example.com,08/12/2024,77145.00,USD,cancelled,8,DE
TX-0006680,C-01880,Ava Patel,ava.patel6680@example.com,09/05/2024,186955.00,USD,completed,1,US
TX-0006681,C-01881,Noah Kim,noah.kim6681@example.com,10/10/2024,94680.00,USD,pending,2,ca
TX-0006682,C-01882,Mia Martin,mia.martin6682@example.com,11/03/2024,124664.00,USD,refunded,3,GB
TX-0006683,C-01883,Liam Smith,liam.smith6683@example.com,12/08/2024,194713.00,USD,cancelled,4,AU
TX-0006684,C-01884,Sofia Brown,sofia.brown6684@example.com,01/01/2024,216127.00,USD,completed,5,DE
TX-0006685,C-01885,Ethan Wilson,ethan.wilson6685@example.com,02/06/2024,61862.00,USD,unknown,6,US
TX-0006686,C-01886,Zoe Garcia,zoe.garcia6686@example.com,03/11/2024,8737.00,USD,refunded,7,CA
TX-0006687,C-01887,Mateo Nguyen,mateo.nguyen6687@example.com,04/04/2024,118652.00,USD,cancelled,8,GB
TX-0006688,C-01888,Ava Patel,ava.patel6688@example.com,05/09/2024,95770.00,USD,completed,1,AU
TX-0006689,C-01889,Noah Kim,noah.kim6689@example.com,06/02/2024,77494.00,USD,pending,2,DE
TX-0006690,C-01890,Mia Martin,mia.martin6690@example.com,07/07/2024,,USD,refunded,3,US
TX-0006691,C-01891,Liam Smith,liam.smith6691@example.com,08/12/2024,20289.00,USD,cancelled,4,CA
TX-0006692,C-01892,Sofia Brown,sofia.brown6692@example.com,09/05/2024,132285.00,USD,completed,5,GB
TX-0006693,C-01893,Ethan Wilson,,10/10/2024,143763.00,USD,pending,6,AU
TX-0006694,C-01894,Zoe Garcia,zoe.garcia6694@example.com,11/03/2024,229488.00,USD,refunded,7,DE
TX-0006695,C-01895,Mateo Nguyen,mateo.nguyen6695@example.com,12/08/2024,4391.00,USD,cancelled,8,US
TX-0006696,C-01896,Ava Patel,ava.patel6696@example.com,01/01/2024,204647.00,USD,completed,1,CA
TX-0006697,C-01897,Noah Kim,noah.kim6697@example.com,02/06/2024,243104.00, USD ,pending,2,GB
TX-0006698,C-01898,Mia Martin,mia.martin6698@example.com,03/11/2024,173427.00,USD,refunded,3,AU
TX-0006699,C-01899,Liam Smith,liam.smith6699@example.com,04/04/2024,124003.00,USD,cancelled,4,DE
TX-0006700,C-01900,Sofia Brown,sofia.brown6700@example.com,05/09/2024,51974.00,USD,completed,5,US
TX-0006701,C-01901,Ethan Wilson,ethan.wilson6701@example.com,06/02/2024,120021.00,USD,pending,6,CA
TX-0006702,C-01902,Zoe Garcia,zoe.garcia6702@example.com,07/07/2024,227710.00,USD,refunded,7,GB
TX-0006703,C-01903,Mateo Nguyen,mateo.nguyen6703@example.com,08/12/2024,140930.00,USD,cancelled,8,AU
TX-0006704,C-01904,Ava Patel,ava.patel6704@example.com,09/05/2024,236851.00,USD,completed,1,DE
TX-0006705,C-01905,Noah Kim,noah.kim6705@example.com,10/10/2024,143714.00,usd,pending,2,US
TX-0006706,C-01906,Mia Martin,mia.martin6706@example.com,11/03/2024,122009.00,USD,refunded,3,CA
TX-0006707,C-01907,Liam Smith,liam.smith6707@example.com,12/08/2024,55587.00,USD,cancelled,4,GB
TX-0006708,C-01908,Sofia Brown,sofia.brown6708@example.com,01/01/2024,32861.00,USD,completed,5,AU
TX-0006709,C-01909,Ethan Wilson,ethan.wilson6709@example.com,02/06/2024,118483.00,USD,pending,6,DE
TX-0006710,C-01910,Zoe Garcia,zoe.garcia6710@example.com,03/11/2024,52371.00,USD,refunded,7,US
TX-0006711,C-01911,Mateo Nguyen,mateo.nguyen6711@example.com,04/04/2024,117841.00,USD,cancelled,8,CA
TX-0006712,C-01912,Ava Patel,ava.patel6712@example.com,05/09/2024,208447.00,USD,completed,1,GB
TX-0006713,C-01913,Noah Kim,noah.kim6713@example.com,06/02/2024,132063.00,USD,pending,2,AU
TX-0006714,C-01914,Mia Martin,mia.martin6714@example.com,07/07/2024,183477.00,USD,refunded,3,DE
TX-0006715,C-01915,Liam Smith,liam.smith6715@example.com,08/12/2024,155985.00,USD,cancelled,4,US
TX-0006716,C-01916,Sofia Brown,sofia.brown6716@example.com,09/05/2024,113141.00,USD,completed,5,CA
TX-0006717,C-01917,Ethan Wilson,ethan.wilson6717@example.com,10/10/2024,13737.00,USD,pending,6,GB
TX-0006718,C-01918,Zoe Garcia,zoe.garcia6718@example.com,11/03/2024,181161.00,USD,refunded,7,AU
TX-0006719,C-01919,Mateo Nguyen,mateo.nguyen6719@example.com,12/08/2024,127353.00,USD,cancelled,8,DE
TX-0006720,C-01920,Ava Patel,ava.patel6720@example.com,01/01/2024,44658.00,USD,completed,1,US
TX-0006721,C-01921,Noah Kim,noah.kim6721@example.com,02/06/2024,185089.00,USD,pending,2,CA
TX-0006722,C-01922,Mia Martin,mia.martin6722@example.com,03/11/2024,235285.00,USD,refunded,3,GB
TX-0006723,C-01923,Liam Smith,liam.smith6723@example.com,04/04/2024,68578.00,USD,cancelled,4,AU
TX-0006724,C-01924,Sofia Brown,sofia.brown6724@example.com,05/09/2024,84736.00,USD,completed,5,DE
TX-0006725,C-01925,Ethan Wilson,ethan.wilson6725@example.com,06/02/2024,67425.00,USD,pending,6,US
TX-0006726,C-01926,Zoe Garcia,zoe.garcia6726@example.com,07/07/2024,4699.00,USD,refunded,7,CA
TX-0006727,C-01927,Mateo Nguyen,mateo.nguyen6727@example.com,08/12/2024,5916.00,USD,cancelled,8,GB
TX-0006728,C-01928,Ava Patel,ava.patel6728@example.com,09/05/2024,148721.00,USD,completed,1,AU
TX-0006729,C-01929,Noah Kim,noah.kim6729@example.com,10/10/2024,55706.00,USD,pending,2,DE
TX-0006730,C-01930,Mia Martin,mia.martin6730@example.com,11/03/2024,248847.00,USD,refunded,3,US
TX-0006731,C-01931,liam smith,liam.smith6731@example.com,12/08/2024,40717.00,USD,cancelled,4,CA
TX-0006732,C-01932,Sofia Brown,sofia.brown6732@example.com,01/01/2024,54803.00,USD,completed,5,GB
TX-0006733,C-01933,Ethan Wilson,ethan.wilson6733@example.com,02/06/2024,130643.00,USD,pending,6,AU
TX-0006734,C-01934,Zoe Garcia,zoe.garcia6734@example.com,03/11/2024,195009.00,USD,refunded,7,DE
TX-0006735,C-01935,Mateo Nguyen,mateo.nguyen6735@example.com,04/04/2024,235920.00,USD,cancelled,8,US
TX-0006736,C-01936,Ava Patel,ava.patel6736@example.com,05/09/2024,77018.00,USD,completed,1,CA
TX-0006737,C-01937,Noah Kim,noah.kim6737@example.com,06/02/2024,149140.00,USD,pending,2,GB
TX-0006738,C-01938,Mia Martin,mia.martin6738@example.com,07/07/2024,16060.00,USD,refunded,3,AU
TX-0006739,C-01939,Liam Smith,liam.smith6739@example.com,08/12/2024,183951.00,USD,cancelled,4,DE
TX-0006740,C-01940,Sofia Brown,sofia.brown6740@example.com,09/05/2024,165977.00,USD,completed,5,US
TX-0006741,C-01941,Ethan Wilson,ethan.wilson6741@example.com,10/10/2024,156851.00,USD,pending,6,CA
TX-0006742,C-01942,Zoe Garcia,zoe.garcia6742@example.com,11/03/2024,82935.00,USD,refunded,7,GB
TX-0006743,C-01943,Mateo Nguyen,mateo.nguyen6743@example.com,12/08/2024,144316.00,USD,cancelled,8,AU
TX-0006744,C-01944,Ava Patel,ava.patel6744@example.com,01/01/2024,192012.00,USD,completed,1,DE
TX-0006745,C-01945,Noah Kim,noah.kim6745@example.com,02/06/2024,152962.00,USD,pending,2,US
TX-0006746,C-01946,Mia Martin,mia.martin6746@example.com,03/11/2024,106627.00,USD,refunded,3,CA
TX-0006747,C-01947,Liam Smith,liam.smith6747@example.com,04/04/2024,48479.00,USD,cancelled,4,USA
TX-0006748,C-01948,Sofia Brown,sofia.brown6748@example.com,05/09/2024,155460.00,USD,completed,5,AU
TX-0006749,C-01949,Ethan Wilson,ethan.wilson6749@example.com,06/02/2024,62630.00,USD,pending,6,DE
TX-0006750,C-01950,Zoe Garcia,zoe.garcia6750@example.com,07/07/2024,6729.00,USD,refunded,7,US
TX-0006751,C-01951,Mateo Nguyen,mateo.nguyen6751@example.com,08/12/2024,86869.00,USD,COMPLETE,8,CA
TX-0006752,C-01952,Ava Patel,ava.patel6752@example.com,09/05/2024,-6092.00,USD,completed,1,GB
TX-0006753,C-01953,Noah Kim,noah.kim6753@example.com,10/10/2024,9324.00,USD,pending,2,AU
TX-0006754,C-01954,Mia Martin,mia.martin6754@example.com,11/03/2024,244756.00,USD,refunded,3,DE
TX-0006755,C-01955,Liam Smith,liam.smith6755@example.com,12/08/2024,178221.00,USD,cancelled,4,US
TX-0006756,C-01956,Sofia Brown,sofia.brown6756@example.com,01/01/2024,83114.00,USD,completed,5,CA
TX-0006757,C-01957,Ethan Wilson,ethan.wilson6757@example.com,02/06/2024,113620.00,USD,pending,6,GB
TX-0006758,C-01958,Zoe Garcia,zoe.garcia6758@example.com,03/11/2024,230706.00,USD,refunded,7,AU
TX-0006759,C-01959,Mateo Nguyen,mateo.nguyen6759@example.com,04/04/2024,168439.00,USD,cancelled,8,DE
TX-0006760,C-01960,Ava Patel,ava.patel6760@example.com,05/09/2024,10827.00,USD,completed,1,US
TX-0006761,C-01961,Noah Kim,noah.kim6761@example.com,06/02/2024,94133.00,USD,pending,2,CA
TX-0006762,C-01962,Mia Martin,mia.martin6762@example.com,07/07/2024,108368.00,USD,refunded,3,GB
TX-0006763,C-01963,Liam Smith,liam.smith6763@example.com,08/12/2024,83511.00,USD,cancelled,4,AU
TX-0006764,C-01964,Sofia Brown,sofia.brown.invalid,09/05/2024,84817.00,USD,completed,5,DE
TX-0006765,C-01965,Ethan Wilson,ethan.wilson6765@example.com,10/10/2024,248879.00,USD,pending,6,US
TX-0006766,C-01966,Zoe Garcia,zoe.garcia6766@example.com,11/03/2024,230010.00,USD,refunded,7,CA
TX-0006767,C-01967,Mateo Nguyen,mateo.nguyen6767@example.com,12/08/2024,132479.00,USD,cancelled,8,GB
TX-0006768,C-01968,Ava Patel,ava.patel6768@example.com,01/01/2024,132034.00,USD,completed,1,AU
TX-0006769,C-01969,Noah Kim,noah.kim6769@example.com,02/06/2024,219374.00,USD,pending,2,DE
TX-0006770,C-01970,Mia Martin,mia.martin6770@example.com,03/11/2024,179314.00,USD,refunded,3,US
TX-0006771,C-01971,Liam Smith,liam.smith6771@example.com,04/04/2024,130903.00,USD,cancelled,4,CA
TX-0006772,C-01972,Sofia Brown,sofia.brown6772@example.com,05/09/2024,163162.00,USD,completed,5,GB
TX-0006773,C-01973,Ethan Wilson,ethan.wilson6773@example.com,06/02/2024,178318.00,USD,pending,6,AU
TX-0006774,C-01974,Zoe Garcia,zoe.garcia6774@example.com,07/07/2024,58038.00,USD,refunded,7,DE
TX-0006775,C-01975,Mateo Nguyen,mateo.nguyen6775@example.com,08/12/2024,122445.00,USD,cancelled,8,US
TX-0006776,C-01976,Ava Patel,ava.patel6776@example.com,09/05/2024,163294.00,USD,completed,1,CA
TX-0006777,C-01977,Noah Kim,noah.kim6777@example.com,10/10/2024,18555.00,USD,pending,2,GB
TX-0006778,C-01978,Mia Martin,mia.martin6778@example.com,11/03/2024,185473.00,USD,refunded,3,AU
TX-0006779,C-01979,Liam Smith,liam.smith6779@example.com,12/08/2024,8635.00,USD,cancelled,4,DE
TX-0006780,C-01980,  SOFIA BROWN  ,sofia.brown6780@example.com,01/01/2024,219450.00,USD,completed,5,US
TX-0006781,C-01981,Ethan Wilson,ethan.wilson6781@example.com,02/06/2024,161129.00,USD,pending,6,CA
TX-0006782,C-01982,Zoe Garcia,zoe.garcia6782@example.com,03/11/2024,167240.00,USD,refunded,7,GB
TX-0006783,C-01983,Mateo Nguyen,mateo.nguyen6783@example.com,04/04/2024,24371.00,USD,cancelled,8,AU
TX-0006784,C-01984,Ava Patel,ava.patel6784@example.com,05/09/2024,81796.00,USD,completed,1,DE
TX-0006785,C-01985,Noah Kim,noah.kim6785@example.com,06/02/2024,179926.00,USD,pending,2,US
TX-0006786,C-01986,Mia Martin,mia.martin6786@example.com,07/07/2024,189452.00,USD,refunded,3,CA
TX-0006787,C-01987,Liam Smith,liam.smith6787@example.com,08/12/2024,10916.00,USD,cancelled,4,GB
TX-0006788,C-01988,Sofia Brown,sofia.brown6788@example.com,09/05/2024,154180.00,USD,completed,5,AU
TX-0006789,C-01989,Ethan Wilson,ethan.wilson6789@example.com,10/10/2024,89231.00,USD,pending,6,DE
TX-0006790,C-01990,Zoe Garcia,,11/03/2024,64851.00,USD,refunded,7,US
TX-0006791,C-01991,Mateo Nguyen,mateo.nguyen6791@example.com,12/08/2024,205119.00,USD,cancelled,8,CA
TX-0006792,C-01992,Ava Patel,ava.patel6792@example.com,01/01/2024,38957.00,USD,completed,1,GB
TX-0006793,C-01993,Noah Kim,noah.kim6793@example.com,02/06/2024,72456.00,USD,pending,2,AU
TX-0006794,C-01994,Mia Martin,mia.martin6794@example.com,03/11/2024,35263.00,USD,refunded,3,DE
TX-0006795,C-01995,Liam Smith,liam.smith6795@example.com,04/04/2024,30491.00,USD,cancelled,4,US
TX-0006796,C-01996,Sofia Brown,sofia.brown6796@example.com,05/09/2024,12721.00,USD,completed,5,CA
TX-0006797,C-01997,Ethan Wilson,ethan.wilson6797@example.com,06/02/2024,214568.00,USD,pending,6,GB
TX-0006798,C-01998,Zoe Garcia,zoe.garcia6798@example.com,07/07/2024,139175.00,USD,refunded,7,AU
TX-0006799,C-01999,Mateo Nguyen,mateo.nguyen6799@example.com,08/12/2024,130871.00,USD,cancelled,8,DE
TX-0006800,C-02000,Ava Patel,ava.patel6800@example.com,09/05/2024,102536.00,USD,completed,1,US
TX-0006801,C-02001,Noah Kim,noah.kim6801@example.com,10/10/2024,137383.00,USD,pending,2,CA
TX-0006802,C-02002,Mia Martin,mia.martin6802@example.com,11/03/2024,65904.00,USD,refunded,3,GB
TX-0006803,C-02003,Liam Smith,liam.smith6803@example.com,12/08/2024,125445.00,USD,cancelled,4,AU
TX-0006804,C-02004,Sofia Brown,sofia.brown6804@example.com,01/01/2024,52896.00,USD,completed,5,DE
TX-0006805,C-02005,Ethan Wilson,ethan.wilson6805@example.com,02/06/2024,31803.00,USD,pending,6,US
TX-0006806,C-02006,Zoe Garcia,zoe.garcia6806@example.com,03/11/2024,1327.00,USD,refunded,7,CA
TX-0006807,C-02007,Mateo Nguyen,mateo.nguyen6807@example.com,04/04/2024,219708.00,USD,cancelled,8,GB
TX-0006808,C-02008,Ava Patel,ava.patel6808@example.com,05/09/2024,109039.00,USD,completed,1,AU
TX-0006809,C-02009,Noah Kim,noah.kim6809@example.com,06/02/2024,207472.00,USD,pending,2,DE
TX-0006810,C-02010,Mia Martin,mia.martin6810@example.com,07/07/2024,53916.00,USD,refunded,3,US
TX-0006811,C-02011,Liam Smith,liam.smith6811@example.com,08/12/2024,137672.00,USD,cancelled,4,CA
TX-0006812,C-02012,Sofia Brown,sofia.brown6812@example.com,09/05/2024,35667.00,USD,completed,5,gb
TX-0006813,C-02013,Ethan Wilson,ethan.wilson6813@example.com,10/10/2024,154295.00,USD,pending,6,AU
TX-0006814,C-02014,Zoe Garcia,zoe.garcia6814@example.com,11/03/2024,1823.00,USD,refunded,7,DE
TX-0006815,C-02015,Mateo Nguyen,mateo.nguyen6815@example.com,12/08/2024,170924.00,USD,cancelled,8,US
TX-0006816,C-02016,Ava Patel,ava.patel6816@example.com,01/01/2024,174715.00,USD,completed,1,CA
TX-0006817,C-02017,Noah Kim,noah.kim6817@example.com,02/06/2024,203806.00,USD,pending,2,GB
TX-0006818,C-02018,Mia Martin,mia.martin6818@example.com,03/11/2024,235282.00,USD,refunded,3,AU
TX-0006819,C-02019,Liam Smith,liam.smith6819@example.com,04/04/2024,9421.00,USD,cancelled,4,DE
TX-0006820,C-02020,Sofia Brown,sofia.brown6820@example.com,05/09/2024,103803.00,USD,completed,5,US
TX-0006821,C-02021,Ethan Wilson,ethan.wilson6821@example.com,06/02/2024,189008.00,USD,pending,6,CA
TX-0006822,C-02022,Zoe Garcia,zoe.garcia6822@example.com,07/07/2024,163540.00,USD,refunded,7,GB
TX-0006823,C-02023,Mateo Nguyen,mateo.nguyen6823@example.com,08/12/2024,32905.00,USD,cancelled,8,AU
TX-0006824,C-02024,Ava Patel,ava.patel6824@example.com,09/05/2024,37694.00,USD,completed,1,DE
TX-0006825,C-02025,Noah Kim,noah.kim6825@example.com,10/10/2024,225868.00,USD,pending,2,US
TX-0006826,C-02026,Mia Martin,mia.martin6826@example.com,11/03/2024,65749.00,USD,refunded,3,CA
TX-0006827,C-02027,Liam Smith,liam.smith6827@example.com,12/08/2024,95138.00,USD,cancelled,4,GB
TX-0006828,C-02028,Sofia Brown,sofia.brown6828@example.com,01/01/2024,52258.00,USD,completed,5,AU
TX-0006829,C-02029,Ethan Wilson,ethan.wilson6829@example.com,02/06/2024,205814.00,USD,pending,6,DE
TX-0006830,C-02030,Zoe Garcia,zoe.garcia6830@example.com,03/11/2024,97619.00,USD,refunded,7,US
TX-0006831,C-02031,Mateo Nguyen,mateo.nguyen6831@example.com,04/04/2024,228703.00,USD,cancelled,8,CA
TX-0006832,C-02032,Ava Patel,ava.patel6832@example.com,05/09/2024,79957.00,USD,completed,1,GB
TX-0006833,C-02033,Noah Kim,noah.kim6833@example.com,06/02/2024,101062.00,USD,pending,2,AU
TX-0006834,C-02034,Mia Martin,mia.martin6834@example.com,07/07/2024,153183.00,USD,refunded,3,DE
TX-0006835,C-02035,Liam Smith,liam.smith6835@example.com,08/12/2024,45624.00,USD,cancelled,4,US
TX-0006836,C-02036,Sofia Brown,sofia.brown6836@example.com,09/05/2024,96130.00,USD,completed,5,CA
TX-0006837,C-02037,Ethan Wilson,ethan.wilson6837@example.com,10/10/2024,74910.00,USD,pending,6,GB
TX-0006838,C-02038,Zoe Garcia,zoe.garcia6838@example.com,11/03/2024,92381.00,USD,refunded,7,AU
TX-0006839,C-02039,Mateo Nguyen,mateo.nguyen6839@example.com,12/08/2024,152798.00,USD,cancelled,8,DE
TX-0006840,C-02040,Ava Patel,ava.patel6840@example.com,01/01/2024,60982.00,USD,completed,1,US
TX-0006841,C-02041,Noah Kim,noah.kim6841@example.com,02/06/2024,19652.00,USD,pending,2,CA
TX-0006842,C-02042,Mia Martin,mia.martin6842@example.com,03/11/2024,8751.00,USD,refunded,3,GB
TX-0006843,C-02043,Liam Smith,liam.smith6843@example.com,04/04/2024,125667.00,USD,cancelled,4,AU
TX-0006844,C-02044,Sofia Brown,sofia.brown6844@example.com,05/09/2024,228139.00,USD,completed,5,DE
TX-0006845,C-02045,Ethan Wilson,ethan.wilson6845@example.com,06/02/2024,243032.00,USD,pending,6,US
TX-0006846,C-02046,Zoe Garcia,zoe.garcia6846@example.com,07/07/2024,3067.00,USD,refunded,7,CA
TX-0006847,C-02047,Mateo Nguyen,mateo.nguyen6847@example.com,08/12/2024,105896.00,USD,cancelled,8,GB
TX-0006848,C-02048,Ava Patel,ava.patel6848@example.com,09/05/2024,170055.00,USD,completed,1,AU
TX-0006849,C-02049,Noah Kim,noah.kim6849@example.com,10/10/2024,17901.00,USD,pending,2,DE
TX-0006850,C-02050,Mia Martin,mia.martin6850@example.com,11/03/2024,24930.00,USD,refunded,3,US
TX-0006851,C-02051,Liam Smith,liam.smith6851@example.com,12/08/2024,9734.00,USD,cancelled,4,CA
TX-0006852,C-02052,Sofia Brown,sofia.brown6852@example.com,01/01/2024,241439.00,USD,completed,5,GB
TX-0006853,C-02053,Ethan Wilson,ethan.wilson.invalid,02/06/2024,92736.00,USD,pending,6,AU
TX-0006854,C-02054,Zoe Garcia,zoe.garcia6854@example.com,03/11/2024,247191.00,usd,refunded,7,DE
TX-0006855,C-02055,Mateo Nguyen,mateo.nguyen6855@example.com,04/04/2024,231128.00,USD,cancelled,8,US
TX-0006856,C-02056,Ava Patel,ava.patel6856@example.com,05/09/2024,217838.00,USD,completed,1,CA
TX-0006857,C-02057,Noah Kim,noah.kim6857@example.com,06/02/2024,124119.00,USD,pending,2,GB
TX-0006858,C-02058,mia martin,mia.martin6858@example.com,07/07/2024,49853.00,USD,refunded,3,AU
TX-0006859,C-02059,Liam Smith,liam.smith6859@example.com,08/12/2024,133770.00,USD,cancelled,4,DE
TX-0006860,C-02060,Sofia Brown,sofia.brown6860@example.com,09/05/2024,128666.00,USD,completed,5,US
TX-0006861,C-02061,Ethan Wilson,ethan.wilson6861@example.com,10/10/2024,40200.00,USD,pending,6,CA
TX-0006862,C-02062,Zoe Garcia,zoe.garcia6862@example.com,11/03/2024,6918.00,USD,refunded,7,GB
TX-0006863,C-02063,Mateo Nguyen,mateo.nguyen6863@example.com,12/08/2024,88652.00,USD,cancelled,8,AU
TX-0006864,C-02064,Ava Patel,ava.patel6864@example.com,01/01/2024,101287.00,USD,completed,1,DE
TX-0006865,C-02065,Noah Kim,noah.kim6865@example.com,02/06/2024,34862.00,USD,pending,2,US
TX-0006866,C-02066,Mia Martin,mia.martin6866@example.com,03/11/2024,30010.00,USD,refunded,3,CA
TX-0006867,C-02067,Liam Smith,liam.smith6867@example.com,04/04/2024,143742.00,USD,cancelled,4,GB
TX-0006868,C-02068,Sofia Brown,sofia.brown6868@example.com,05/09/2024,70900.00,USD,completed,5,AU
TX-0006869,C-02069,Ethan Wilson,ethan.wilson6869@example.com,06/02/2024,150338.00,USD,pending,6,DE
TX-0006870,C-02070,Zoe Garcia,zoe.garcia6870@example.com,07/07/2024,232851.00,USD,refunded,7,US
TX-0006871,C-02071,Mateo Nguyen,mateo.nguyen6871@example.com,08/12/2024,219923.00,USD,cancelled,8,CA
TX-0006872,C-02072,Ava Patel,ava.patel6872@example.com,09/05/2024,205287.00,USD,completed,1,GB
TX-0006873,C-02073,Noah Kim,noah.kim6873@example.com,10/10/2024,209040.00,USD,pending,2,AU
TX-0006874,C-02074,Mia Martin,mia.martin6874@example.com,11/03/2024,201960.00,USD,refunded,3,DE
TX-0006875,C-02075,Liam Smith,liam.smith6875@example.com,12/08/2024,186355.00,USD,cancelled,4,US
TX-0006876,C-02076,Sofia Brown,sofia.brown6876@example.com,01/01/2024,174932.00,USD,unknown,5,CA
TX-0006877,C-02077,Ethan Wilson,ethan.wilson6877@example.com,02/06/2024,167038.00,USD,pending,6,GB
TX-0006878,C-02078,Zoe Garcia,zoe.garcia6878@example.com,03/11/2024,54746.00, USD ,refunded,7,AU
TX-0006879,C-02079,Mateo Nguyen,mateo.nguyen6879@example.com,04/04/2024,11344.00,USD,cancelled,8,DE
TX-0006880,C-02080,Ava Patel,ava.patel6880@example.com,05/09/2024,171116.00,USD,completed,1,US
TX-0006881,C-02081,Noah Kim,noah.kim6881@example.com,06/02/2024,167136.00,USD,pending,2,CA
TX-0006882,C-02082,Mia Martin,mia.martin6882@example.com,07/07/2024,193658.00,USD,refunded,3,GB
TX-0006883,C-02083,Liam Smith,liam.smith6883@example.com,08/12/2024,28245.00,USD,cancelled,4,AU
TX-0006884,C-02084,Sofia Brown,sofia.brown6884@example.com,09/05/2024,152708.00,USD,completed,5,DE
TX-0006885,C-02085,Ethan Wilson,ethan.wilson6885@example.com,10/10/2024,67201.00,USD,pending,6,US
TX-0006886,C-02086,Zoe Garcia,zoe.garcia6886@example.com,11/03/2024,46462.00,USD,refunded,7,CA
TX-0006887,C-02087,Mateo Nguyen,,12/08/2024,14639.00,USD,cancelled,8,GB
TX-0006888,C-02088,Ava Patel,ava.patel6888@example.com,01/01/2024,248323.00,USD,completed,1,AU
TX-0006889,C-02089,Noah Kim,noah.kim6889@example.com,02/06/2024,185089.00,USD,pending,2,DE
TX-0006890,C-02090,Mia Martin,mia.martin6890@example.com,03/11/2024,119968.00,USD,refunded,3,US
TX-0006891,C-02091,Liam Smith,liam.smith6891@example.com,04/04/2024,56135.00,USD,cancelled,4,CA
TX-0006892,C-02092,Sofia Brown,sofia.brown6892@example.com,05/09/2024,158660.00,USD,completed,5,GB
TX-0006893,C-02093,  ETHAN WILSON  ,ethan.wilson6893@example.com,06/02/2024,77971.00,USD,pending,6,AU
TX-0006894,C-02094,Zoe Garcia,zoe.garcia6894@example.com,07/07/2024,247056.00,USD,refunded,7,DE
TX-0006895,C-02095,Mateo Nguyen,mateo.nguyen6895@example.com,08/12/2024,107397.00,USD,cancelled,8,US
TX-0006896,C-02096,Ava Patel,ava.patel6896@example.com,09/05/2024,126140.00,USD,completed,1,CA
TX-0006897,C-02097,Noah Kim,noah.kim6897@example.com,10/10/2024,179394.00,USD,pending,2,GB
TX-0006898,C-02098,Mia Martin,mia.martin6898@example.com,11/03/2024,119559.00,USD,refunded,3,AU
TX-0006899,C-02099,Liam Smith,liam.smith6899@example.com,12/08/2024,149278.00,USD,cancelled,4,DE
TX-0006900,C-02100,Sofia Brown,sofia.brown6900@example.com,01/01/2024,36825.00,USD,completed,5,US
TX-0006901,C-02101,Ethan Wilson,ethan.wilson6901@example.com,02/06/2024,113095.00,USD,pending,6,CA
TX-0006902,C-02102,Zoe Garcia,zoe.garcia6902@example.com,03/11/2024,192960.00,USD,refunded,7,GB
TX-0006903,C-02103,Mateo Nguyen,mateo.nguyen6903@example.com,04/04/2024,41615.00,USD,cancelled,8,AU
TX-0006904,C-02104,Ava Patel,ava.patel6904@example.com,05/09/2024,64425.00,USD,completed,1,DE
TX-0006905,C-02105,Noah Kim,noah.kim6905@example.com,06/02/2024,120825.00,USD,pending,2,US
TX-0006906,C-02106,Mia Martin,mia.martin6906@example.com,07/07/2024,187289.00,USD,refunded,3,CA
TX-0006907,C-02107,Liam Smith,liam.smith6907@example.com,08/12/2024,77315.00,USD,cancelled,4,GB
TX-0006908,C-02108,Sofia Brown,sofia.brown6908@example.com,09/05/2024,158806.00,USD,COMPLETE,5,AU
TX-0006909,C-02109,Ethan Wilson,ethan.wilson6909@example.com,10/10/2024,166311.00,USD,pending,6,DE
TX-0006910,C-02110,Zoe Garcia,zoe.garcia6910@example.com,11/03/2024,79983.00,USD,refunded,7,US
TX-0006911,C-02111,Mateo Nguyen,mateo.nguyen6911@example.com,12/08/2024,93390.00,USD,cancelled,8,CA
TX-0006912,C-02112,Ava Patel,ava.patel6912@example.com,01/01/2024,72792.00,USD,completed,1,GB
TX-0006913,C-02113,Noah Kim,noah.kim6913@example.com,02/06/2024,,USD,pending,2,AU
TX-0006914,C-02114,Mia Martin,mia.martin6914@example.com,03/11/2024,137227.00,USD,refunded,3,DE
TX-0006915,C-02115,Liam Smith,liam.smith6915@example.com,04/04/2024,17108.00,USD,cancelled,4,US
TX-0006916,C-02116,Sofia Brown,sofia.brown6916@example.com,05/09/2024,167328.00,USD,completed,5,CA
TX-0006917,C-02117,Ethan Wilson,ethan.wilson6917@example.com,06/02/2024,93663.00,USD,pending,6,GB
TX-0006918,C-02118,Zoe Garcia,zoe.garcia6918@example.com,07/07/2024,203394.00,USD,refunded,7,AU
TX-0006919,C-02119,Mateo Nguyen,mateo.nguyen6919@example.com,08/12/2024,22069.00,USD,cancelled,8,DE
TX-0006920,C-02120,Ava Patel,ava.patel6920@example.com,09/05/2024,54514.00,USD,completed,1,USA
TX-0006921,C-02121,Noah Kim,noah.kim6921@example.com,10/10/2024,706.00,USD,pending,2,CA
TX-0006922,C-02122,Mia Martin,mia.martin6922@example.com,11/03/2024,135995.00,USD,refunded,3,GB
TX-0006923,C-02123,Liam Smith,liam.smith6923@example.com,12/08/2024,121924.00,USD,cancelled,4,AU
TX-0006924,C-02124,Sofia Brown,sofia.brown6924@example.com,01/01/2024,168986.00,USD,completed,5,DE
TX-0006925,C-02125,Ethan Wilson,ethan.wilson6925@example.com,02/06/2024,137673.00,USD,pending,6,US
TX-0006926,C-02126,Zoe Garcia,zoe.garcia6926@example.com,03/11/2024,240112.00,USD,refunded,7,CA
TX-0006927,C-02127,Mateo Nguyen,mateo.nguyen6927@example.com,04/04/2024,189035.00,USD,cancelled,8,GB
TX-0006928,C-02128,Ava Patel,ava.patel6928@example.com,05/09/2024,130464.00,USD,completed,1,AU
TX-0006929,C-02129,Noah Kim,noah.kim6929@example.com,06/02/2024,174952.00,USD,pending,2,DE
TX-0006930,C-02130,Mia Martin,mia.martin6930@example.com,07/07/2024,35701.00,USD,refunded,3,US
TX-0006931,C-02131,Liam Smith,liam.smith6931@example.com,08/12/2024,50390.00,USD,cancelled,4,CA
TX-0006932,C-02132,Sofia Brown,sofia.brown6932@example.com,09/05/2024,56625.00,USD,completed,5,GB
TX-0006933,C-02133,Ethan Wilson,ethan.wilson6933@example.com,10/10/2024,92764.00,USD,pending,6,AU
TX-0006934,C-02134,Zoe Garcia,zoe.garcia6934@example.com,11/03/2024,249976.00,USD,refunded,7,DE
TX-0006935,C-02135,Mateo Nguyen,mateo.nguyen6935@example.com,12/08/2024,130053.00,USD,cancelled,8,US
TX-0006936,C-02136,Ava Patel,ava.patel6936@example.com,01/01/2024,206808.00,USD,completed,1,CA
TX-0006937,C-02137,Noah Kim,noah.kim6937@example.com,02/06/2024,124998.00,USD,pending,2,GB
TX-0006938,C-02138,Mia Martin,mia.martin6938@example.com,03/11/2024,223176.00,USD,refunded,3,AU
TX-0006939,C-02139,Liam Smith,liam.smith6939@example.com,04/04/2024,31819.00,USD,cancelled,4,DE
TX-0006940,C-02140,Sofia Brown,sofia.brown6940@example.com,05/09/2024,212522.00,USD,completed,5,US
TX-0006941,C-02141,Ethan Wilson,ethan.wilson6941@example.com,06/02/2024,190439.00,USD,pending,6,CA
TX-0006942,C-02142,Zoe Garcia,zoe.garcia.invalid,07/07/2024,40563.00,USD,refunded,7,GB
TX-0006943,C-02143,Mateo Nguyen,mateo.nguyen6943@example.com,08/12/2024,95671.00,USD,cancelled,8,au
TX-0006944,C-02144,Ava Patel,ava.patel6944@example.com,09/05/2024,63544.00,USD,completed,1,DE
TX-0006945,C-02145,Noah Kim,noah.kim6945@example.com,10/10/2024,223472.00,USD,pending,2,US
TX-0006946,C-02146,Mia Martin,mia.martin6946@example.com,11/03/2024,211474.00,USD,refunded,3,CA
TX-0006947,C-02147,Liam Smith,liam.smith6947@example.com,12/08/2024,63391.00,USD,cancelled,4,GB
TX-0006948,C-02148,Sofia Brown,sofia.brown6948@example.com,01/01/2024,137651.00,USD,completed,5,AU
TX-0006949,C-02149,Ethan Wilson,ethan.wilson6949@example.com,02/06/2024,159973.00,USD,pending,6,DE
TX-0006950,C-02150,Zoe Garcia,zoe.garcia6950@example.com,03/11/2024,176716.00,USD,refunded,7,US
TX-0006951,C-02151,Mateo Nguyen,mateo.nguyen6951@example.com,04/04/2024,199122.00,USD,cancelled,8,CA
TX-0006952,C-02152,Ava Patel,ava.patel6952@example.com,05/09/2024,246511.00,USD,completed,1,GB
TX-0006953,C-02153,Noah Kim,noah.kim6953@example.com,06/02/2024,117027.00,USD,pending,2,AU
TX-0006954,C-02154,Mia Martin,mia.martin6954@example.com,07/07/2024,131921.00,USD,refunded,3,DE
TX-0006955,C-02155,Liam Smith,liam.smith6955@example.com,08/12/2024,125127.00,USD,cancelled,4,US
TX-0006956,C-02156,Sofia Brown,sofia.brown6956@example.com,09/05/2024,178350.00,USD,completed,5,CA
TX-0006957,C-02157,Ethan Wilson,ethan.wilson6957@example.com,10/10/2024,76226.00,USD,pending,6,GB
TX-0006958,C-02158,Zoe Garcia,zoe.garcia6958@example.com,11/03/2024,66224.00,USD,refunded,7,AU
TX-0006959,C-02159,Mateo Nguyen,mateo.nguyen6959@example.com,12/08/2024,62906.00,USD,cancelled,8,DE
TX-0006960,C-02160,Ava Patel,ava.patel6960@example.com,01/01/2024,106896.00,USD,completed,1,US
TX-0006961,C-02161,Noah Kim,noah.kim6961@example.com,02/06/2024,208039.00,USD,pending,2,CA
TX-0006962,C-02162,Mia Martin,mia.martin6962@example.com,03/11/2024,150089.00,USD,refunded,3,GB
TX-0006963,C-02163,Liam Smith,liam.smith6963@example.com,04/04/2024,-118.00,USD,cancelled,4,AU
TX-0006964,C-02164,Sofia Brown,sofia.brown6964@example.com,05/09/2024,171917.00,USD,completed,5,DE
TX-0006965,C-02165,Ethan Wilson,ethan.wilson6965@example.com,06/02/2024,9174.00,USD,pending,6,US
TX-0006966,C-02166,Zoe Garcia,zoe.garcia6966@example.com,07/07/2024,211390.00,USD,refunded,7,CA
TX-0006967,C-02167,Mateo Nguyen,mateo.nguyen6967@example.com,08/12/2024,38759.00,USD,cancelled,8,GB
TX-0006968,C-02168,Ava Patel,ava.patel6968@example.com,09/05/2024,43615.00,USD,completed,1,AU
TX-0006969,C-02169,Noah Kim,noah.kim6969@example.com,10/10/2024,187532.00,USD,pending,2,DE
TX-0006970,C-02170,Mia Martin,mia.martin6970@example.com,11/03/2024,66403.00,USD,refunded,3,US
TX-0006971,C-02171,Liam Smith,liam.smith6971@example.com,12/08/2024,128480.00,USD,cancelled,4,CA
TX-0006972,C-02172,Sofia Brown,sofia.brown6972@example.com,01/01/2024,212280.00,USD,completed,5,GB
TX-0006973,C-02173,Ethan Wilson,ethan.wilson6973@example.com,02/06/2024,169703.00,USD,pending,6,AU
TX-0006974,C-02174,Zoe Garcia,zoe.garcia6974@example.com,03/11/2024,60243.00,USD,refunded,7,DE
TX-0006975,C-02175,Mateo Nguyen,mateo.nguyen6975@example.com,04/04/2024,213785.00,USD,cancelled,8,US
TX-0006976,C-02176,Ava Patel,ava.patel6976@example.com,05/09/2024,89977.00,USD,completed,1,CA
TX-0006977,C-02177,Noah Kim,noah.kim6977@example.com,06/02/2024,113504.00,USD,pending,2,GB
TX-0006978,C-02178,Mia Martin,mia.martin6978@example.com,07/07/2024,9109.00,USD,refunded,3,AU
TX-0006979,C-02179,Liam Smith,liam.smith6979@example.com,08/12/2024,47616.00,USD,cancelled,4,DE
TX-0006980,C-02180,Sofia Brown,sofia.brown6980@example.com,09/05/2024,89467.00,USD,completed,5,US
TX-0006981,C-02181,Ethan Wilson,ethan.wilson6981@example.com,10/10/2024,108496.00,USD,pending,6,CA
TX-0006982,C-02182,Zoe Garcia,zoe.garcia6982@example.com,11/03/2024,101753.00,USD,refunded,7,GB
TX-0006983,C-02183,Mateo Nguyen,mateo.nguyen6983@example.com,12/08/2024,198618.00,USD,cancelled,8,AU
TX-0006984,C-02184,Ava Patel,,01/01/2024,75979.00,USD,completed,1,DE
TX-0006985,C-02185,noah kim,noah.kim6985@example.com,02/06/2024,56408.00,USD,pending,2,US
TX-0006986,C-02186,Mia Martin,mia.martin6986@example.com,03/11/2024,220311.00,USD,refunded,3,CA
TX-0006987,C-02187,Liam Smith,liam.smith6987@example.com,04/04/2024,88069.00,USD,cancelled,4,GB
TX-0006988,C-02188,Sofia Brown,sofia.brown6988@example.com,05/09/2024,225638.00,USD,completed,5,AU
TX-0006989,C-02189,Ethan Wilson,ethan.wilson6989@example.com,06/02/2024,148876.00,USD,pending,6,DE
TX-0006990,C-02190,Zoe Garcia,zoe.garcia6990@example.com,07/07/2024,125074.00,USD,refunded,7,US
TX-0006991,C-02191,Mateo Nguyen,mateo.nguyen6991@example.com,08/12/2024,11643.00,USD,cancelled,8,CA
TX-0006992,C-02192,Ava Patel,ava.patel6992@example.com,09/05/2024,52639.00,USD,completed,1,GB
TX-0006993,C-02193,Noah Kim,noah.kim6993@example.com,10/10/2024,155348.00,USD,pending,2,AU
TX-0006994,C-02194,Mia Martin,mia.martin6994@example.com,11/03/2024,89718.00,USD,refunded,3,DE
TX-0006995,C-02195,Liam Smith,liam.smith6995@example.com,12/08/2024,235983.00,USD,cancelled,4,US
TX-0006996,C-02196,Sofia Brown,sofia.brown6996@example.com,01/01/2024,97290.00,USD,completed,5,CA
TX-0006997,C-02197,Ethan Wilson,ethan.wilson6997@example.com,02/06/2024,152160.00,USD,pending,6,GB
TX-0006998,C-02198,Zoe Garcia,zoe.garcia6998@example.com,03/11/2024,163853.00,USD,refunded,7,AU
TX-0006999,C-02199,Mateo Nguyen,mateo.nguyen6999@example.com,04/04/2024,24945.00,USD,cancelled,8,DE
TX-0007000,C-02200,Ava Patel,ava.patel7000@example.com,05/09/2024,8753.00,USD,completed,1,US
TX-0007001,C-02201,Noah Kim,noah.kim7001@example.com,06/02/2024,230074.00,USD,pending,2,CA
TX-0007002,C-02202,Mia Martin,mia.martin7002@example.com,07/07/2024,92447.00,USD,refunded,3,GB
TX-0007003,C-02203,Liam Smith,liam.smith7003@example.com,08/12/2024,167797.00,usd,cancelled,4,AU
TX-0007004,C-02204,Sofia Brown,sofia.brown7004@example.com,09/05/2024,87214.00,USD,completed,5,DE
TX-0007005,C-02205,Ethan Wilson,ethan.wilson7005@example.com,10/10/2024,176261.00,USD,pending,6,US
TX-0007006,C-02206,  ZOE GARCIA  ,zoe.garcia7006@example.com,11/03/2024,17517.00,USD,refunded,7,CA
TX-0007007,C-02207,Mateo Nguyen,mateo.nguyen7007@example.com,12/08/2024,226159.00,USD,cancelled,8,GB
TX-0007008,C-02208,Ava Patel,ava.patel7008@example.com,01/01/2024,160227.00,USD,completed,1,AU
TX-0007009,C-02209,Noah Kim,noah.kim7009@example.com,02/06/2024,146352.00,USD,pending,2,DE
TX-0007010,C-02210,Mia Martin,mia.martin7010@example.com,03/11/2024,116795.00,USD,refunded,3,US
TX-0007011,C-02211,Liam Smith,liam.smith7011@example.com,04/04/2024,202948.00,USD,cancelled,4,CA
TX-0007012,C-02212,Sofia Brown,sofia.brown7012@example.com,05/09/2024,218629.00,USD,completed,5,GB
TX-0007013,C-02213,Ethan Wilson,ethan.wilson7013@example.com,06/02/2024,149001.00,USD,pending,6,AU
TX-0007014,C-02214,Zoe Garcia,zoe.garcia7014@example.com,07/07/2024,29954.00,USD,refunded,7,DE
TX-0007015,C-02215,Mateo Nguyen,mateo.nguyen7015@example.com,08/12/2024,242852.00,USD,cancelled,8,US
TX-0007016,C-02216,Ava Patel,ava.patel7016@example.com,09/05/2024,64814.00,USD,completed,1,CA
TX-0007017,C-02217,Noah Kim,noah.kim7017@example.com,10/10/2024,161509.00,USD,pending,2,GB
TX-0007018,C-02218,Mia Martin,mia.martin7018@example.com,11/03/2024,136459.00,USD,refunded,3,AU
TX-0007019,C-02219,Liam Smith,liam.smith7019@example.com,12/08/2024,126792.00,USD,cancelled,4,DE
TX-0007020,C-02220,Sofia Brown,sofia.brown7020@example.com,01/01/2024,23865.00,USD,completed,5,US
TX-0007021,C-02221,Ethan Wilson,ethan.wilson7021@example.com,02/06/2024,43831.00,USD,pending,6,CA
TX-0007022,C-02222,Zoe Garcia,zoe.garcia7022@example.com,03/11/2024,107743.00,USD,refunded,7,GB
TX-0007023,C-02223,Mateo Nguyen,mateo.nguyen7023@example.com,04/04/2024,209853.00,USD,cancelled,8,AU
TX-0007024,C-02224,Ava Patel,ava.patel7024@example.com,05/09/2024,519.00,USD,completed,1,DE
TX-0007025,C-02225,Noah Kim,noah.kim7025@example.com,06/02/2024,26256.00,USD,pending,2,US
TX-0007026,C-02226,Mia Martin,mia.martin7026@example.com,07/07/2024,48407.00,USD,refunded,3,CA
TX-0007027,C-02227,Liam Smith,liam.smith7027@example.com,08/12/2024,148278.00,USD,cancelled,4,GB
TX-0007028,C-02228,Sofia Brown,sofia.brown7028@example.com,09/05/2024,238124.00,USD,completed,5,AU
TX-0007029,C-02229,Ethan Wilson,ethan.wilson7029@example.com,10/10/2024,242787.00,USD,pending,6,DE
TX-0007030,C-02230,Zoe Garcia,zoe.garcia7030@example.com,11/03/2024,154832.00,USD,refunded,7,US
TX-0007031,C-02231,Mateo Nguyen,mateo.nguyen.invalid,12/08/2024,197428.00,USD,cancelled,8,CA
TX-0007032,C-02232,Ava Patel,ava.patel7032@example.com,01/01/2024,84386.00,USD,completed,1,GB
TX-0007033,C-02233,Noah Kim,noah.kim7033@example.com,02/06/2024,21536.00,USD,pending,2,AU
TX-0007034,C-02234,Mia Martin,mia.martin7034@example.com,03/11/2024,157542.00,USD,refunded,3,DE
TX-0007035,C-02235,Liam Smith,liam.smith7035@example.com,04/04/2024,207151.00,USD,cancelled,4,US
TX-0007036,C-02236,Sofia Brown,sofia.brown7036@example.com,05/09/2024,74842.00,USD,completed,5,CA
TX-0007037,C-02237,Ethan Wilson,ethan.wilson7037@example.com,06/02/2024,81638.00,USD,pending,6,GB
TX-0007038,C-02238,Zoe Garcia,zoe.garcia7038@example.com,07/07/2024,48761.00,USD,refunded,7,AU
TX-0007039,C-02239,Mateo Nguyen,mateo.nguyen7039@example.com,08/12/2024,181298.00,USD,cancelled,8,DE
TX-0007040,C-02240,Ava Patel,ava.patel7040@example.com,09/05/2024,71905.00,USD,completed,1,US
TX-0007041,C-02241,Noah Kim,noah.kim7041@example.com,10/10/2024,121578.00,USD,pending,2,CA
TX-0007042,C-02242,Mia Martin,mia.martin7042@example.com,11/03/2024,133015.00,USD,refunded,3,GB
TX-0007043,C-02243,Liam Smith,liam.smith7043@example.com,12/08/2024,30951.00,USD,cancelled,4,AU
TX-0007044,C-02244,Sofia Brown,sofia.brown7044@example.com,01/01/2024,44620.00,USD,completed,5,DE
TX-0007045,C-02245,Ethan Wilson,ethan.wilson7045@example.com,02/06/2024,153695.00,USD,pending,6,US
TX-0007046,C-02246,Zoe Garcia,zoe.garcia7046@example.com,03/11/2024,201855.00,USD,refunded,7,CA
TX-0007047,C-02247,Mateo Nguyen,mateo.nguyen7047@example.com,04/04/2024,17329.00,USD,cancelled,8,GB
TX-0007048,C-02248,Ava Patel,ava.patel7048@example.com,05/09/2024,65704.00,USD,completed,1,AU
TX-0007049,C-02249,Noah Kim,noah.kim7049@example.com,06/02/2024,32369.00,USD,pending,2,DE
TX-0007050,C-02250,Mia Martin,mia.martin7050@example.com,07/07/2024,77474.00,USD,refunded,3,US
TX-0007051,C-02251,Liam Smith,liam.smith7051@example.com,08/12/2024,211376.00,USD,cancelled,4,CA
TX-0007052,C-02252,Sofia Brown,sofia.brown7052@example.com,09/05/2024,108916.00,USD,completed,5,GB
TX-0007053,C-02253,Ethan Wilson,ethan.wilson7053@example.com,10/10/2024,119505.00,USD,pending,6,AU
TX-0007054,C-02254,Zoe Garcia,zoe.garcia7054@example.com,11/03/2024,32096.00,USD,refunded,7,DE
TX-0007055,C-02255,Mateo Nguyen,mateo.nguyen7055@example.com,12/08/2024,242675.00,USD,cancelled,8,US
TX-0007056,C-02256,Ava Patel,ava.patel7056@example.com,01/01/2024,134448.00,USD,completed,1,CA
TX-0007057,C-02257,Noah Kim,noah.kim7057@example.com,02/06/2024,157334.00,USD,pending,2,GB
TX-0007058,C-02258,Mia Martin,mia.martin7058@example.com,03/11/2024,226009.00,USD,refunded,3,AU
TX-0007059,C-02259,Liam Smith,liam.smith7059@example.com,04/04/2024,212807.00, USD ,cancelled,4,DE
TX-0007060,C-02260,Sofia Brown,sofia.brown7060@example.com,05/09/2024,20433.00,USD,completed,5,US
TX-0007061,C-02261,Ethan Wilson,ethan.wilson7061@example.com,06/02/2024,190790.00,USD,pending,6,CA
TX-0007062,C-02262,Zoe Garcia,zoe.garcia7062@example.com,07/07/2024,243276.00,USD,refunded,7,GB
TX-0007063,C-02263,Mateo Nguyen,mateo.nguyen7063@example.com,08/12/2024,1269.00,USD,cancelled,8,AU
TX-0007064,C-02264,Ava Patel,ava.patel7064@example.com,09/05/2024,208510.00,USD,completed,1,DE
TX-0007065,C-02265,Noah Kim,noah.kim7065@example.com,10/10/2024,197281.00,USD,COMPLETE,2,US
TX-0007066,C-02266,Mia Martin,mia.martin7066@example.com,11/03/2024,129177.00,USD,refunded,3,CA
TX-0007067,C-02267,Liam Smith,liam.smith7067@example.com,12/08/2024,226676.00,USD,unknown,4,GB
TX-0007068,C-02268,Sofia Brown,sofia.brown7068@example.com,01/01/2024,37454.00,USD,completed,5,AU
TX-0007069,C-02269,Ethan Wilson,ethan.wilson7069@example.com,02/06/2024,149925.00,USD,pending,6,DE
TX-0007070,C-02270,Zoe Garcia,zoe.garcia7070@example.com,03/11/2024,98954.00,USD,refunded,7,US
TX-0007071,C-02271,Mateo Nguyen,mateo.nguyen7071@example.com,04/04/2024,109623.00,USD,cancelled,8,CA
TX-0007072,C-02272,Ava Patel,ava.patel7072@example.com,05/09/2024,153246.00,USD,completed,1,GB
TX-0007073,C-02273,Noah Kim,noah.kim7073@example.com,06/02/2024,78520.00,USD,pending,2,AU
TX-0007074,C-02274,Mia Martin,mia.martin7074@example.com,07/07/2024,151527.00,USD,refunded,3,de
TX-0007075,C-02275,Liam Smith,liam.smith7075@example.com,08/12/2024,108309.00,USD,cancelled,4,US
TX-0007076,C-02276,Sofia Brown,sofia.brown7076@example.com,09/05/2024,83444.00,USD,completed,5,CA
TX-0007077,C-02277,Ethan Wilson,ethan.wilson7077@example.com,10/10/2024,33174.00,USD,pending,6,GB
TX-0007078,C-02278,Zoe Garcia,zoe.garcia7078@example.com,11/03/2024,165761.00,USD,refunded,7,AU
TX-0007079,C-02279,Mateo Nguyen,mateo.nguyen7079@example.com,12/08/2024,46357.00,USD,cancelled,8,DE
TX-0007080,C-02280,Ava Patel,ava.patel7080@example.com,01/01/2024,85855.00,USD,completed,1,US
TX-0007081,C-02281,Noah Kim,,02/06/2024,218043.00,USD,pending,2,CA
TX-0007082,C-02282,Mia Martin,mia.martin7082@example.com,03/11/2024,136562.00,USD,refunded,3,GB
TX-0007083,C-02283,Liam Smith,liam.smith7083@example.com,04/04/2024,172756.00,USD,cancelled,4,AU
TX-0007084,C-02284,Sofia Brown,sofia.brown7084@example.com,05/09/2024,6387.00,USD,completed,5,DE
TX-0007085,C-02285,Ethan Wilson,ethan.wilson7085@example.com,06/02/2024,139308.00,USD,pending,6,US
TX-0007086,C-02286,Zoe Garcia,zoe.garcia7086@example.com,07/07/2024,706.00,USD,refunded,7,CA
TX-0007087,C-02287,Mateo Nguyen,mateo.nguyen7087@example.com,08/12/2024,95384.00,USD,cancelled,8,GB
TX-0007088,C-02288,Ava Patel,ava.patel7088@example.com,09/05/2024,233849.00,USD,completed,1,AU
TX-0007089,C-02289,Noah Kim,noah.kim7089@example.com,10/10/2024,169135.00,USD,pending,2,DE
TX-0007090,C-02290,Mia Martin,mia.martin7090@example.com,11/03/2024,245360.00,USD,refunded,3,US
TX-0007091,C-02291,Liam Smith,liam.smith7091@example.com,12/08/2024,222015.00,USD,cancelled,4,CA
TX-0007092,C-02292,Sofia Brown,sofia.brown7092@example.com,01/01/2024,180188.00,USD,completed,5,GB
TX-0007093,C-02293,Ethan Wilson,ethan.wilson7093@example.com,02/06/2024,23499.00,USD,pending,6,USA
TX-0007094,C-02294,Zoe Garcia,zoe.garcia7094@example.com,03/11/2024,81918.00,USD,refunded,7,DE
TX-0007095,C-02295,Mateo Nguyen,mateo.nguyen7095@example.com,04/04/2024,115885.00,USD,cancelled,8,US
TX-0007096,C-02296,Ava Patel,ava.patel7096@example.com,05/09/2024,163849.00,USD,completed,1,CA
TX-0007097,C-02297,Noah Kim,noah.kim7097@example.com,06/02/2024,25864.00,USD,pending,2,GB
TX-0007098,C-02298,Mia Martin,mia.martin7098@example.com,07/07/2024,143011.00,USD,refunded,3,AU
TX-0007099,C-02299,Liam Smith,liam.smith7099@example.com,08/12/2024,168279.00,USD,cancelled,4,DE
TX-0007100,C-02300,Sofia Brown,sofia.brown7100@example.com,09/05/2024,92447.00,USD,completed,5,US
TX-0007101,C-02301,Ethan Wilson,ethan.wilson7101@example.com,10/10/2024,83130.00,USD,pending,6,CA
TX-0007102,C-02302,Zoe Garcia,zoe.garcia7102@example.com,11/03/2024,22640.00,USD,refunded,7,GB
TX-0007103,C-02303,Mateo Nguyen,mateo.nguyen7103@example.com,12/08/2024,31596.00,USD,cancelled,8,AU
TX-0007104,C-02304,Ava Patel,ava.patel7104@example.com,01/01/2024,201286.00,USD,completed,1,DE
TX-0007105,C-02305,Noah Kim,noah.kim7105@example.com,02/06/2024,187801.00,USD,pending,2,US
TX-0007106,C-02306,Mia Martin,mia.martin7106@example.com,03/11/2024,94090.00,USD,refunded,3,CA
TX-0007107,C-02307,Liam Smith,liam.smith7107@example.com,04/04/2024,230695.00,USD,cancelled,4,GB
TX-0007108,C-02308,Sofia Brown,sofia.brown7108@example.com,05/09/2024,148225.00,USD,completed,5,AU
TX-0007109,C-02309,Ethan Wilson,ethan.wilson7109@example.com,06/02/2024,217897.00,USD,pending,6,DE
TX-0007110,C-02310,Zoe Garcia,zoe.garcia7110@example.com,07/07/2024,245354.00,USD,refunded,7,US
TX-0007111,C-02311,Mateo Nguyen,mateo.nguyen7111@example.com,08/12/2024,223273.00,USD,cancelled,8,CA
TX-0007112,C-02312,ava patel,ava.patel7112@example.com,09/05/2024,68293.00,USD,completed,1,GB
TX-0007113,C-02313,Noah Kim,noah.kim7113@example.com,10/10/2024,8255.00,USD,pending,2,AU
TX-0007114,C-02314,Mia Martin,mia.martin7114@example.com,11/03/2024,155557.00,USD,refunded,3,DE
TX-0007115,C-02315,Liam Smith,liam.smith7115@example.com,12/08/2024,38903.00,USD,cancelled,4,US
TX-0007116,C-02316,Sofia Brown,sofia.brown7116@example.com,01/01/2024,49279.00,USD,completed,5,CA
TX-0007117,C-02317,Ethan Wilson,ethan.wilson7117@example.com,02/06/2024,144937.00,USD,pending,6,GB
TX-0007118,C-02318,Zoe Garcia,zoe.garcia7118@example.com,03/11/2024,68799.00,USD,refunded,7,AU
TX-0007119,C-02319,  MATEO NGUYEN  ,mateo.nguyen7119@example.com,04/04/2024,70112.00,USD,cancelled,8,DE
TX-0007120,C-02320,Ava Patel,ava.patel.invalid,05/09/2024,89983.00,USD,completed,1,US
TX-0007121,C-02321,Noah Kim,noah.kim7121@example.com,06/02/2024,5952.00,USD,pending,2,CA
TX-0007122,C-02322,Mia Martin,mia.martin7122@example.com,07/07/2024,195699.00,USD,refunded,3,GB
TX-0007123,C-02323,Liam Smith,liam.smith7123@example.com,08/12/2024,181170.00,USD,cancelled,4,AU
TX-0007124,C-02324,Sofia Brown,sofia.brown7124@example.com,09/05/2024,12369.00,USD,completed,5,DE
TX-0007125,C-02325,Ethan Wilson,ethan.wilson7125@example.com,10/10/2024,164871.00,USD,pending,6,US
TX-0007126,C-02326,Zoe Garcia,zoe.garcia7126@example.com,11/03/2024,238627.00,USD,refunded,7,CA
TX-0007127,C-02327,Mateo Nguyen,mateo.nguyen7127@example.com,12/08/2024,71996.00,USD,cancelled,8,GB
TX-0007128,C-02328,Ava Patel,ava.patel7128@example.com,01/01/2024,231340.00,USD,completed,1,AU
TX-0007129,C-02329,Noah Kim,noah.kim7129@example.com,02/06/2024,60415.00,USD,pending,2,DE
TX-0007130,C-02330,Mia Martin,mia.martin7130@example.com,03/11/2024,146213.00,USD,refunded,3,US
TX-0007131,C-02331,Liam Smith,liam.smith7131@example.com,04/04/2024,111326.00,USD,cancelled,4,CA
TX-0007132,C-02332,Sofia Brown,sofia.brown7132@example.com,05/09/2024,206878.00,USD,completed,5,GB
TX-0007133,C-02333,Ethan Wilson,ethan.wilson7133@example.com,06/02/2024,155727.00,USD,pending,6,AU
TX-0007134,C-02334,Zoe Garcia,zoe.garcia7134@example.com,07/07/2024,79928.00,USD,refunded,7,DE
TX-0007135,C-02335,Mateo Nguyen,mateo.nguyen7135@example.com,08/12/2024,99526.00,USD,cancelled,8,US
TX-0007136,C-02336,Ava Patel,ava.patel7136@example.com,09/05/2024,,USD,completed,1,CA
TX-0007137,C-02337,Noah Kim,noah.kim7137@example.com,10/10/2024,183293.00,USD,pending,2,GB
TX-0007138,C-02338,Mia Martin,mia.martin7138@example.com,11/03/2024,232201.00,USD,refunded,3,AU
TX-0007139,C-02339,Liam Smith,liam.smith7139@example.com,12/08/2024,58693.00,USD,cancelled,4,DE
TX-0007140,C-02340,Sofia Brown,sofia.brown7140@example.com,01/01/2024,122610.00,USD,completed,5,US
TX-0007141,C-02341,Ethan Wilson,ethan.wilson7141@example.com,02/06/2024,203515.00,USD,pending,6,CA
TX-0007142,C-02342,Zoe Garcia,zoe.garcia7142@example.com,03/11/2024,147981.00,USD,refunded,7,GB
TX-0007143,C-02343,Mateo Nguyen,mateo.nguyen7143@example.com,04/04/2024,184000.00,USD,cancelled,8,AU
TX-0007144,C-02344,Ava Patel,ava.patel7144@example.com,05/09/2024,48679.00,USD,completed,1,DE
TX-0007145,C-02345,Noah Kim,noah.kim7145@example.com,06/02/2024,113378.00,USD,pending,2,US
TX-0007146,C-02346,Mia Martin,mia.martin7146@example.com,07/07/2024,186564.00,USD,refunded,3,CA
TX-0007147,C-02347,Liam Smith,liam.smith7147@example.com,08/12/2024,209775.00,USD,cancelled,4,GB
TX-0007148,C-02348,Sofia Brown,sofia.brown7148@example.com,09/05/2024,161936.00,USD,completed,5,AU
TX-0007149,C-02349,Ethan Wilson,ethan.wilson7149@example.com,10/10/2024,130128.00,USD,pending,6,DE
TX-0007150,C-02350,Zoe Garcia,zoe.garcia7150@example.com,11/03/2024,50042.00,USD,refunded,7,US
TX-0007151,C-02351,Mateo Nguyen,mateo.nguyen7151@example.com,12/08/2024,78732.00,USD,cancelled,8,CA
TX-0007152,C-02352,Ava Patel,ava.patel7152@example.com,01/01/2024,75623.00,usd,completed,1,GB
TX-0007153,C-02353,Noah Kim,noah.kim7153@example.com,02/06/2024,223474.00,USD,pending,2,AU
TX-0007154,C-02354,Mia Martin,mia.martin7154@example.com,03/11/2024,76441.00,USD,refunded,3,DE
TX-0007155,C-02355,Liam Smith,liam.smith7155@example.com,04/04/2024,90603.00,USD,cancelled,4,US
TX-0007156,C-02356,Sofia Brown,sofia.brown7156@example.com,05/09/2024,106341.00,USD,completed,5,CA
TX-0007157,C-02357,Ethan Wilson,ethan.wilson7157@example.com,06/02/2024,213221.00,USD,pending,6,GB
TX-0007158,C-02358,Zoe Garcia,zoe.garcia7158@example.com,07/07/2024,230676.00,USD,refunded,7,AU
TX-0007159,C-02359,Mateo Nguyen,mateo.nguyen7159@example.com,08/12/2024,23006.00,USD,cancelled,8,DE
TX-0007160,C-02360,Ava Patel,ava.patel7160@example.com,09/05/2024,203985.00,USD,completed,1,US
TX-0007161,C-02361,Noah Kim,noah.kim7161@example.com,10/10/2024,149650.00,USD,pending,2,CA
TX-0007162,C-02362,Mia Martin,mia.martin7162@example.com,11/03/2024,74985.00,USD,refunded,3,GB
TX-0007163,C-02363,Liam Smith,liam.smith7163@example.com,12/08/2024,239695.00,USD,cancelled,4,AU
TX-0007164,C-02364,Sofia Brown,sofia.brown7164@example.com,01/01/2024,31840.00,USD,completed,5,DE
TX-0007165,C-02365,Ethan Wilson,ethan.wilson7165@example.com,02/06/2024,128594.00,USD,pending,6,US
TX-0007166,C-02366,Zoe Garcia,zoe.garcia7166@example.com,03/11/2024,118129.00,USD,refunded,7,CA
TX-0007167,C-02367,Mateo Nguyen,mateo.nguyen7167@example.com,04/04/2024,190301.00,USD,cancelled,8,GB
TX-0007168,C-02368,Ava Patel,ava.patel7168@example.com,05/09/2024,97633.00,USD,completed,1,AU
TX-0007169,C-02369,Noah Kim,noah.kim7169@example.com,06/02/2024,19112.00,USD,pending,2,DE
TX-0007170,C-02370,Mia Martin,mia.martin7170@example.com,07/07/2024,118205.00,USD,refunded,3,US
TX-0007171,C-02371,Liam Smith,liam.smith7171@example.com,08/12/2024,178730.00,USD,cancelled,4,CA
TX-0007172,C-02372,Sofia Brown,sofia.brown7172@example.com,09/05/2024,179121.00,USD,completed,5,GB
TX-0007173,C-02373,Ethan Wilson,ethan.wilson7173@example.com,10/10/2024,30561.00,USD,pending,6,AU
TX-0007174,C-02374,Zoe Garcia,zoe.garcia7174@example.com,11/03/2024,-7032.00,USD,refunded,7,DE
TX-0007175,C-02375,Mateo Nguyen,mateo.nguyen7175@example.com,12/08/2024,57482.00,USD,cancelled,8,US
TX-0007176,C-02376,Ava Patel,ava.patel7176@example.com,01/01/2024,26318.00,USD,completed,1,CA
TX-0007177,C-02377,Noah Kim,noah.kim7177@example.com,02/06/2024,4284.00,USD,pending,2,GB
TX-0007178,C-02378,Mia Martin,,03/11/2024,120659.00,USD,refunded,3,AU
TX-0007179,C-02379,Liam Smith,liam.smith7179@example.com,04/04/2024,187100.00,USD,cancelled,4,DE
TX-0007180,C-02380,Sofia Brown,sofia.brown7180@example.com,05/09/2024,227699.00,USD,completed,5,US
TX-0007181,C-02381,Ethan Wilson,ethan.wilson7181@example.com,06/02/2024,74190.00,USD,pending,6,CA
TX-0007182,C-02382,Zoe Garcia,zoe.garcia7182@example.com,07/07/2024,223669.00,USD,refunded,7,GB
TX-0007183,C-02383,Mateo Nguyen,mateo.nguyen7183@example.com,08/12/2024,30368.00,USD,cancelled,8,AU
TX-0007184,C-02384,Ava Patel,ava.patel7184@example.com,09/05/2024,228621.00,USD,completed,1,DE
TX-0007185,C-02385,Noah Kim,noah.kim7185@example.com,10/10/2024,187643.00,USD,pending,2,US
TX-0007186,C-02386,Mia Martin,mia.martin7186@example.com,11/03/2024,227051.00,USD,refunded,3,CA
TX-0007187,C-02387,Liam Smith,liam.smith7187@example.com,12/08/2024,193132.00,USD,cancelled,4,GB
TX-0007188,C-02388,Sofia Brown,sofia.brown7188@example.com,01/01/2024,30954.00,USD,completed,5,AU
TX-0007189,C-02389,Ethan Wilson,ethan.wilson7189@example.com,02/06/2024,23805.00,USD,pending,6,DE
TX-0007190,C-02390,Zoe Garcia,zoe.garcia7190@example.com,03/11/2024,135730.00,USD,refunded,7,US
TX-0007191,C-02391,Mateo Nguyen,mateo.nguyen7191@example.com,04/04/2024,238783.00,USD,cancelled,8,CA
TX-0007192,C-02392,Ava Patel,ava.patel7192@example.com,05/09/2024,129617.00,USD,completed,1,GB
TX-0007193,C-02393,Noah Kim,noah.kim7193@example.com,06/02/2024,54758.00,USD,pending,2,AU
TX-0007194,C-02394,Mia Martin,mia.martin7194@example.com,07/07/2024,176676.00,USD,refunded,3,DE
TX-0007195,C-02395,Liam Smith,liam.smith7195@example.com,08/12/2024,6196.00,USD,cancelled,4,US
TX-0007196,C-02396,Sofia Brown,sofia.brown7196@example.com,09/05/2024,87344.00,USD,completed,5,CA
TX-0007197,C-02397,Ethan Wilson,ethan.wilson7197@example.com,10/10/2024,18499.00,USD,pending,6,GB
TX-0007198,C-02398,Zoe Garcia,zoe.garcia7198@example.com,11/03/2024,232257.00,USD,refunded,7,AU
TX-0007199,C-02399,Mateo Nguyen,mateo.nguyen7199@example.com,12/08/2024,203859.00,USD,cancelled,8,DE
TX-0007200,C-02400,Ava Patel,ava.patel7200@example.com,01/01/2024,13735.00,USD,completed,1,US
TX-0007201,C-00001,Noah Kim,noah.kim7201@example.com,02/06/2024,84474.00,USD,pending,2,CA
TX-0007202,C-00002,Mia Martin,mia.martin7202@example.com,03/11/2024,2148.00,USD,refunded,3,GB
TX-0007203,C-00003,Liam Smith,liam.smith7203@example.com,04/04/2024,164145.00,USD,cancelled,4,AU
TX-0007204,C-00004,Sofia Brown,sofia.brown7204@example.com,05/09/2024,58986.00,USD,completed,5,DE
TX-0007205,C-00005,Ethan Wilson,ethan.wilson7205@example.com,06/02/2024,64109.00,USD,pending,6,us
TX-0007206,C-00006,Zoe Garcia,zoe.garcia7206@example.com,07/07/2024,38767.00,USD,refunded,7,CA
TX-0007207,C-00007,Mateo Nguyen,mateo.nguyen7207@example.com,08/12/2024,184531.00,USD,cancelled,8,GB
TX-0007208,C-00008,Ava Patel,ava.patel7208@example.com,09/05/2024,215896.00,USD,completed,1,AU
TX-0007209,C-00009,Noah Kim,noah.kim.invalid,10/10/2024,53788.00,USD,pending,2,DE
TX-0007210,C-00010,Mia Martin,mia.martin7210@example.com,11/03/2024,220934.00,USD,refunded,3,US
TX-0007211,C-00011,Liam Smith,liam.smith7211@example.com,12/08/2024,43527.00,USD,cancelled,4,CA
TX-0007212,C-00012,Sofia Brown,sofia.brown7212@example.com,01/01/2024,12865.00,USD,completed,5,GB
TX-0007213,C-00013,Ethan Wilson,ethan.wilson7213@example.com,02/06/2024,223519.00,USD,pending,6,AU
TX-0007214,C-00014,Zoe Garcia,zoe.garcia7214@example.com,03/11/2024,247276.00,USD,refunded,7,DE
TX-0007215,C-00015,Mateo Nguyen,mateo.nguyen7215@example.com,04/04/2024,193558.00,USD,cancelled,8,US
TX-0007216,C-00016,Ava Patel,ava.patel7216@example.com,05/09/2024,70685.00,USD,completed,1,CA
TX-0007217,C-00017,Noah Kim,noah.kim7217@example.com,06/02/2024,105017.00,USD,pending,2,GB
TX-0007218,C-00018,Mia Martin,mia.martin7218@example.com,07/07/2024,164668.00,USD,refunded,3,AU
TX-0007219,C-00019,Liam Smith,liam.smith7219@example.com,08/12/2024,208465.00,USD,cancelled,4,DE
TX-0007220,C-00020,Sofia Brown,sofia.brown7220@example.com,09/05/2024,62088.00,USD,completed,5,US
TX-0007221,C-00021,Ethan Wilson,ethan.wilson7221@example.com,10/10/2024,218862.00,USD,pending,6,CA
TX-0007222,C-00022,Zoe Garcia,zoe.garcia7222@example.com,11/03/2024,136323.00,USD,COMPLETE,7,GB
TX-0007223,C-00023,Mateo Nguyen,mateo.nguyen7223@example.com,12/08/2024,116819.00,USD,cancelled,8,AU
TX-0007224,C-00024,Ava Patel,ava.patel7224@example.com,01/01/2024,151087.00,USD,completed,1,DE
TX-0007225,C-00025,Noah Kim,noah.kim7225@example.com,02/06/2024,89462.00,USD,pending,2,US
TX-0007226,C-00026,Mia Martin,mia.martin7226@example.com,03/11/2024,130978.00,USD,refunded,3,CA
TX-0007227,C-00027,Liam Smith,liam.smith7227@example.com,04/04/2024,860.00,USD,cancelled,4,GB
TX-0007228,C-00028,Sofia Brown,sofia.brown7228@example.com,05/09/2024,193460.00,USD,completed,5,AU
TX-0007229,C-00029,Ethan Wilson,ethan.wilson7229@example.com,06/02/2024,68285.00,USD,pending,6,DE
TX-0007230,C-00030,Zoe Garcia,zoe.garcia7230@example.com,07/07/2024,50254.00,USD,refunded,7,US
TX-0007231,C-00031,Mateo Nguyen,mateo.nguyen7231@example.com,08/12/2024,51330.00,USD,cancelled,8,CA
TX-0007232,C-00032,  AVA PATEL  ,ava.patel7232@example.com,09/05/2024,139426.00,USD,completed,1,GB
TX-0007233,C-00033,Noah Kim,noah.kim7233@example.com,10/10/2024,26842.00,USD,pending,2,AU
TX-0007234,C-00034,Mia Martin,mia.martin7234@example.com,11/03/2024,221699.00,USD,refunded,3,DE
TX-0007235,C-00035,Liam Smith,liam.smith7235@example.com,12/08/2024,41342.00,USD,cancelled,4,US
TX-0007236,C-00036,Sofia Brown,sofia.brown7236@example.com,01/01/2024,2963.00,USD,completed,5,CA
TX-0007237,C-00037,Ethan Wilson,ethan.wilson7237@example.com,02/06/2024,156032.00,USD,pending,6,GB
TX-0007238,C-00038,Zoe Garcia,zoe.garcia7238@example.com,03/11/2024,126369.00,USD,refunded,7,AU
TX-0007239,C-00039,mateo nguyen,mateo.nguyen7239@example.com,04/04/2024,148346.00,USD,cancelled,8,DE
TX-0007240,C-00040,Ava Patel,ava.patel7240@example.com,05/09/2024,50371.00, USD ,completed,1,US
TX-0007241,C-00041,Noah Kim,noah.kim7241@example.com,06/02/2024,197695.00,USD,pending,2,CA
TX-0007242,C-00042,Mia Martin,mia.martin7242@example.com,07/07/2024,226435.00,USD,refunded,3,GB
TX-0007243,C-00043,Liam Smith,liam.smith7243@example.com,08/12/2024,90240.00,USD,cancelled,4,AU
TX-0007244,C-00044,Sofia Brown,sofia.brown7244@example.com,09/05/2024,104173.00,USD,completed,5,DE
TX-0007245,C-00045,Ethan Wilson,ethan.wilson7245@example.com,10/10/2024,223138.00,USD,pending,6,US
TX-0007246,C-00046,Zoe Garcia,zoe.garcia7246@example.com,11/03/2024,168822.00,USD,refunded,7,CA
TX-0007247,C-00047,Mateo Nguyen,mateo.nguyen7247@example.com,12/08/2024,154148.00,USD,cancelled,8,GB
TX-0007248,C-00048,Ava Patel,ava.patel7248@example.com,01/01/2024,26321.00,USD,completed,1,AU
TX-0007249,C-00049,Noah Kim,noah.kim7249@example.com,02/06/2024,171064.00,USD,pending,2,DE
TX-0007250,C-00050,Mia Martin,mia.martin7250@example.com,03/11/2024,218995.00,USD,refunded,3,US
TX-0007251,C-00051,Liam Smith,liam.smith7251@example.com,04/04/2024,142789.00,USD,cancelled,4,CA
TX-0007252,C-00052,Sofia Brown,sofia.brown7252@example.com,05/09/2024,200107.00,USD,completed,5,GB
TX-0007253,C-00053,Ethan Wilson,ethan.wilson7253@example.com,06/02/2024,160652.00,USD,pending,6,AU
TX-0007254,C-00054,Zoe Garcia,zoe.garcia7254@example.com,07/07/2024,122822.00,USD,refunded,7,DE
TX-0007255,C-00055,Mateo Nguyen,mateo.nguyen7255@example.com,08/12/2024,151282.00,USD,cancelled,8,US
TX-0007256,C-00056,Ava Patel,ava.patel7256@example.com,09/05/2024,64815.00,USD,completed,1,CA
TX-0007257,C-00057,Noah Kim,noah.kim7257@example.com,10/10/2024,78998.00,USD,pending,2,GB
TX-0007258,C-00058,Mia Martin,mia.martin7258@example.com,11/03/2024,201546.00,USD,unknown,3,AU
TX-0007259,C-00059,Liam Smith,liam.smith7259@example.com,12/08/2024,215646.00,USD,cancelled,4,DE
TX-0007260,C-00060,Sofia Brown,sofia.brown7260@example.com,01/01/2024,226067.00,USD,completed,5,US
TX-0007261,C-00061,Ethan Wilson,ethan.wilson7261@example.com,02/06/2024,169536.00,USD,pending,6,CA
TX-0007262,C-00062,Zoe Garcia,zoe.garcia7262@example.com,03/11/2024,194646.00,USD,refunded,7,GB
TX-0007263,C-00063,Mateo Nguyen,mateo.nguyen7263@example.com,04/04/2024,217109.00,USD,cancelled,8,AU
TX-0007264,C-00064,Ava Patel,ava.patel7264@example.com,05/09/2024,56537.00,USD,completed,1,DE
TX-0007265,C-00065,Noah Kim,noah.kim7265@example.com,06/02/2024,91935.00,USD,pending,2,US
TX-0007266,C-00066,Mia Martin,mia.martin7266@example.com,07/07/2024,10714.00,USD,refunded,3,USA
TX-0007267,C-00067,Liam Smith,liam.smith7267@example.com,08/12/2024,226455.00,USD,cancelled,4,GB
TX-0007268,C-00068,Sofia Brown,sofia.brown7268@example.com,09/05/2024,4237.00,USD,completed,5,AU
TX-0007269,C-00069,Ethan Wilson,ethan.wilson7269@example.com,10/10/2024,239597.00,USD,pending,6,DE
TX-0007270,C-00070,Zoe Garcia,zoe.garcia7270@example.com,11/03/2024,39946.00,USD,refunded,7,US
TX-0007271,C-00071,Mateo Nguyen,mateo.nguyen7271@example.com,12/08/2024,1208.00,USD,cancelled,8,CA
TX-0007272,C-00072,Ava Patel,ava.patel7272@example.com,01/01/2024,123685.00,USD,completed,1,GB
TX-0007273,C-00073,Noah Kim,noah.kim7273@example.com,02/06/2024,45917.00,USD,pending,2,AU
TX-0007274,C-00074,Mia Martin,mia.martin7274@example.com,03/11/2024,14445.00,USD,refunded,3,DE
TX-0007275,C-00075,Liam Smith,,04/04/2024,108720.00,USD,cancelled,4,US
TX-0007276,C-00076,Sofia Brown,sofia.brown7276@example.com,05/09/2024,178409.00,USD,completed,5,CA
TX-0007277,C-00077,Ethan Wilson,ethan.wilson7277@example.com,06/02/2024,2139.00,USD,pending,6,GB
TX-0007278,C-00078,Zoe Garcia,zoe.garcia7278@example.com,07/07/2024,180640.00,USD,refunded,7,AU
TX-0007279,C-00079,Mateo Nguyen,mateo.nguyen7279@example.com,08/12/2024,138918.00,USD,cancelled,8,DE
TX-0007280,C-00080,Ava Patel,ava.patel7280@example.com,09/05/2024,232872.00,USD,completed,1,US
TX-0007281,C-00081,Noah Kim,noah.kim7281@example.com,10/10/2024,66789.00,USD,pending,2,CA
TX-0007282,C-00082,Mia Martin,mia.martin7282@example.com,11/03/2024,11135.00,USD,refunded,3,GB
TX-0007283,C-00083,Liam Smith,liam.smith7283@example.com,12/08/2024,22654.00,USD,cancelled,4,AU
TX-0007284,C-00084,Sofia Brown,sofia.brown7284@example.com,01/01/2024,177400.00,USD,completed,5,DE
TX-0007285,C-00085,Ethan Wilson,ethan.wilson7285@example.com,02/06/2024,137694.00,USD,pending,6,US
TX-0007286,C-00086,Zoe Garcia,zoe.garcia7286@example.com,03/11/2024,60441.00,USD,refunded,7,CA
TX-0007287,C-00087,Mateo Nguyen,mateo.nguyen7287@example.com,04/04/2024,9604.00,USD,cancelled,8,GB
TX-0007288,C-00088,Ava Patel,ava.patel7288@example.com,05/09/2024,150817.00,USD,completed,1,AU
TX-0007289,C-00089,Noah Kim,noah.kim7289@example.com,06/02/2024,85036.00,USD,pending,2,DE
TX-0007290,C-00090,Mia Martin,mia.martin7290@example.com,07/07/2024,111138.00,USD,refunded,3,US
TX-0007291,C-00091,Liam Smith,liam.smith7291@example.com,08/12/2024,158289.00,USD,cancelled,4,CA
TX-0007292,C-00092,Sofia Brown,sofia.brown7292@example.com,09/05/2024,217862.00,USD,completed,5,GB
TX-0007293,C-00093,Ethan Wilson,ethan.wilson7293@example.com,10/10/2024,228661.00,USD,pending,6,AU
TX-0007294,C-00094,Zoe Garcia,zoe.garcia7294@example.com,11/03/2024,19779.00,USD,refunded,7,DE
TX-0007295,C-00095,Mateo Nguyen,mateo.nguyen7295@example.com,12/08/2024,34899.00,USD,cancelled,8,US
TX-0007296,C-00096,Ava Patel,ava.patel7296@example.com,01/01/2024,147792.00,USD,completed,1,CA
TX-0007297,C-00097,Noah Kim,noah.kim7297@example.com,02/06/2024,200580.00,USD,pending,2,GB
TX-0007298,C-00098,Mia Martin,mia.martin.invalid,03/11/2024,37501.00,USD,refunded,3,AU
TX-0007299,C-00099,Liam Smith,liam.smith7299@example.com,04/04/2024,77339.00,USD,cancelled,4,DE
TX-0007300,C-00100,Sofia Brown,sofia.brown7300@example.com,05/09/2024,28180.00,USD,completed,5,US
TX-0007301,C-00101,Ethan Wilson,ethan.wilson7301@example.com,06/02/2024,174683.00,usd,pending,6,CA
TX-0007302,C-00102,Zoe Garcia,zoe.garcia7302@example.com,07/07/2024,125962.00,USD,refunded,7,GB
TX-0007303,C-00103,Mateo Nguyen,mateo.nguyen7303@example.com,08/12/2024,140386.00,USD,cancelled,8,AU
TX-0007304,C-00104,Ava Patel,ava.patel7304@example.com,09/05/2024,94121.00,USD,completed,1,DE
TX-0007305,C-00105,Noah Kim,noah.kim7305@example.com,10/10/2024,131274.00,USD,pending,2,US
TX-0007306,C-00106,Mia Martin,mia.martin7306@example.com,11/03/2024,234497.00,USD,refunded,3,CA
TX-0007307,C-00107,Liam Smith,liam.smith7307@example.com,12/08/2024,119274.00,USD,cancelled,4,GB
TX-0007308,C-00108,Sofia Brown,sofia.brown7308@example.com,01/01/2024,134819.00,USD,completed,5,AU
TX-0007309,C-00109,Ethan Wilson,ethan.wilson7309@example.com,02/06/2024,170868.00,USD,pending,6,DE
TX-0007310,C-00110,Zoe Garcia,zoe.garcia7310@example.com,03/11/2024,76134.00,USD,refunded,7,US
TX-0007311,C-00111,Mateo Nguyen,mateo.nguyen7311@example.com,04/04/2024,243812.00,USD,cancelled,8,CA
TX-0007312,C-00112,Ava Patel,ava.patel7312@example.com,05/09/2024,210104.00,USD,completed,1,GB
TX-0007313,C-00113,Noah Kim,noah.kim7313@example.com,06/02/2024,158189.00,USD,pending,2,AU
TX-0007314,C-00114,Mia Martin,mia.martin7314@example.com,07/07/2024,23295.00,USD,refunded,3,DE
TX-0007315,C-00115,Liam Smith,liam.smith7315@example.com,08/12/2024,212293.00,USD,cancelled,4,US
TX-0007316,C-00116,Sofia Brown,sofia.brown7316@example.com,09/05/2024,13127.00,USD,completed,5,CA
TX-0007317,C-00117,Ethan Wilson,ethan.wilson7317@example.com,10/10/2024,183370.00,USD,pending,6,GB
TX-0007318,C-00118,Zoe Garcia,zoe.garcia7318@example.com,11/03/2024,112929.00,USD,refunded,7,AU
TX-0007319,C-00119,Mateo Nguyen,mateo.nguyen7319@example.com,12/08/2024,21039.00,USD,cancelled,8,DE
TX-0007320,C-00120,Ava Patel,ava.patel7320@example.com,01/01/2024,157495.00,USD,completed,1,US
TX-0007321,C-00121,Noah Kim,noah.kim7321@example.com,02/06/2024,112049.00,USD,pending,2,CA
TX-0007322,C-00122,Mia Martin,mia.martin7322@example.com,03/11/2024,142004.00,USD,refunded,3,GB
TX-0007323,C-00123,Liam Smith,liam.smith7323@example.com,04/04/2024,197088.00,USD,cancelled,4,AU
TX-0007324,C-00124,Sofia Brown,sofia.brown7324@example.com,05/09/2024,98827.00,USD,completed,5,DE
TX-0007325,C-00125,Ethan Wilson,ethan.wilson7325@example.com,06/02/2024,249510.00,USD,pending,6,US
TX-0007326,C-00126,Zoe Garcia,zoe.garcia7326@example.com,07/07/2024,184255.00,USD,refunded,7,CA
TX-0007327,C-00127,Mateo Nguyen,mateo.nguyen7327@example.com,08/12/2024,186283.00,USD,cancelled,8,GB
TX-0007328,C-00128,Ava Patel,ava.patel7328@example.com,09/05/2024,147331.00,USD,completed,1,AU
TX-0007329,C-00129,Noah Kim,noah.kim7329@example.com,10/10/2024,165763.00,USD,pending,2,DE
TX-0007330,C-00130,Mia Martin,mia.martin7330@example.com,11/03/2024,135418.00,USD,refunded,3,US
TX-0007331,C-00131,Liam Smith,liam.smith7331@example.com,12/08/2024,106670.00,USD,cancelled,4,CA
TX-0007332,C-00132,Sofia Brown,sofia.brown7332@example.com,01/01/2024,45534.00,USD,completed,5,GB
TX-0007333,C-00133,Ethan Wilson,ethan.wilson7333@example.com,02/06/2024,158055.00,USD,pending,6,AU
TX-0007334,C-00134,Zoe Garcia,zoe.garcia7334@example.com,03/11/2024,109444.00,USD,refunded,7,DE
TX-0007335,C-00135,Mateo Nguyen,mateo.nguyen7335@example.com,04/04/2024,226675.00,USD,cancelled,8,US
TX-0007336,C-00136,Ava Patel,ava.patel7336@example.com,05/09/2024,183945.00,USD,completed,1,ca
TX-0007337,C-00137,Noah Kim,noah.kim7337@example.com,06/02/2024,160102.00,USD,pending,2,GB
TX-0007338,C-00138,Mia Martin,mia.martin7338@example.com,07/07/2024,66981.00,USD,refunded,3,AU
TX-0007339,C-00139,Liam Smith,liam.smith7339@example.com,08/12/2024,54182.00,USD,cancelled,4,DE
TX-0007340,C-00140,Sofia Brown,sofia.brown7340@example.com,09/05/2024,97163.00,USD,completed,5,US
TX-0007341,C-00141,Ethan Wilson,ethan.wilson7341@example.com,10/10/2024,98556.00,USD,pending,6,CA
TX-0007342,C-00142,Zoe Garcia,zoe.garcia7342@example.com,11/03/2024,138189.00,USD,refunded,7,GB
TX-0007343,C-00143,Mateo Nguyen,mateo.nguyen7343@example.com,12/08/2024,41445.00,USD,cancelled,8,AU
TX-0007344,C-00144,Ava Patel,ava.patel7344@example.com,01/01/2024,34555.00,USD,completed,1,DE
TX-0007345,C-00145,  NOAH KIM  ,noah.kim7345@example.com,02/06/2024,216101.00,USD,pending,2,US
TX-0007346,C-00146,Mia Martin,mia.martin7346@example.com,03/11/2024,35401.00,USD,refunded,3,CA
TX-0007347,C-00147,Liam Smith,liam.smith7347@example.com,04/04/2024,91272.00,USD,cancelled,4,GB
TX-0007348,C-00148,Sofia Brown,sofia.brown7348@example.com,05/09/2024,12433.00,USD,completed,5,AU
TX-0007349,C-00149,Ethan Wilson,ethan.wilson7349@example.com,06/02/2024,73949.00,USD,pending,6,DE
TX-0007350,C-00150,Zoe Garcia,zoe.garcia7350@example.com,07/07/2024,20170.00,USD,refunded,7,US
TX-0007351,C-00151,Mateo Nguyen,mateo.nguyen7351@example.com,08/12/2024,232806.00,USD,cancelled,8,CA
TX-0007352,C-00152,Ava Patel,ava.patel7352@example.com,09/05/2024,71563.00,USD,completed,1,GB
TX-0007353,C-00153,Noah Kim,noah.kim7353@example.com,10/10/2024,50720.00,USD,pending,2,AU
TX-0007354,C-00154,Mia Martin,mia.martin7354@example.com,11/03/2024,11829.00,USD,refunded,3,DE
TX-0007355,C-00155,Liam Smith,liam.smith7355@example.com,12/08/2024,7856.00,USD,cancelled,4,US
TX-0007356,C-00156,Sofia Brown,sofia.brown7356@example.com,01/01/2024,53634.00,USD,completed,5,CA
TX-0007357,C-00157,Ethan Wilson,ethan.wilson7357@example.com,02/06/2024,91761.00,USD,pending,6,GB
TX-0007358,C-00158,Zoe Garcia,zoe.garcia7358@example.com,03/11/2024,170716.00,USD,refunded,7,AU
TX-0007359,C-00159,Mateo Nguyen,mateo.nguyen7359@example.com,04/04/2024,,USD,cancelled,8,DE
TX-0007360,C-00160,Ava Patel,ava.patel7360@example.com,05/09/2024,241182.00,USD,completed,1,US
TX-0007361,C-00161,Noah Kim,noah.kim7361@example.com,06/02/2024,119887.00,USD,pending,2,CA
TX-0007362,C-00162,Mia Martin,mia.martin7362@example.com,07/07/2024,108942.00,USD,refunded,3,GB
TX-0007363,C-00163,Liam Smith,liam.smith7363@example.com,08/12/2024,47353.00,USD,cancelled,4,AU
TX-0007364,C-00164,Sofia Brown,sofia.brown7364@example.com,09/05/2024,119407.00,USD,completed,5,DE
TX-0007365,C-00165,Ethan Wilson,ethan.wilson7365@example.com,10/10/2024,78779.00,USD,pending,6,US
TX-0007366,C-00166,zoe garcia,zoe.garcia7366@example.com,11/03/2024,57398.00,USD,refunded,7,CA
TX-0007367,C-00167,Mateo Nguyen,mateo.nguyen7367@example.com,12/08/2024,143679.00,USD,cancelled,8,GB
TX-0007368,C-00168,Ava Patel,ava.patel7368@example.com,01/01/2024,21876.00,USD,completed,1,AU
TX-0007369,C-00169,Noah Kim,noah.kim7369@example.com,02/06/2024,141773.00,USD,pending,2,DE
TX-0007370,C-00170,Mia Martin,mia.martin7370@example.com,03/11/2024,206370.00,USD,refunded,3,US
TX-0007371,C-00171,Liam Smith,liam.smith7371@example.com,04/04/2024,245426.00,USD,cancelled,4,CA
TX-0007372,C-00172,Sofia Brown,,05/09/2024,42580.00,USD,completed,5,GB
TX-0007373,C-00173,Ethan Wilson,ethan.wilson7373@example.com,06/02/2024,10341.00,USD,pending,6,AU
TX-0007374,C-00174,Zoe Garcia,zoe.garcia7374@example.com,07/07/2024,160469.00,USD,refunded,7,DE
TX-0007375,C-00175,Mateo Nguyen,mateo.nguyen7375@example.com,08/12/2024,117488.00,USD,cancelled,8,US
TX-0007376,C-00176,Ava Patel,ava.patel7376@example.com,09/05/2024,229066.00,USD,completed,1,CA
TX-0007377,C-00177,Noah Kim,noah.kim7377@example.com,10/10/2024,203409.00,USD,pending,2,GB
TX-0007378,C-00178,Mia Martin,mia.martin7378@example.com,11/03/2024,167042.00,USD,refunded,3,AU
TX-0007379,C-00179,Liam Smith,liam.smith7379@example.com,12/08/2024,18122.00,USD,COMPLETE,4,DE
TX-0007380,C-00180,Sofia Brown,sofia.brown7380@example.com,01/01/2024,136626.00,USD,completed,5,US
TX-0007381,C-00181,Ethan Wilson,ethan.wilson7381@example.com,02/06/2024,2733.00,USD,pending,6,CA
TX-0007382,C-00182,Zoe Garcia,zoe.garcia7382@example.com,03/11/2024,233818.00,USD,refunded,7,GB
TX-0007383,C-00183,Mateo Nguyen,mateo.nguyen7383@example.com,04/04/2024,204794.00,USD,cancelled,8,AU
TX-0007384,C-00184,Ava Patel,ava.patel7384@example.com,05/09/2024,32621.00,USD,completed,1,DE
TX-0007385,C-00185,Noah Kim,noah.kim7385@example.com,06/02/2024,-4884.00,USD,pending,2,US
TX-0007386,C-00186,Mia Martin,mia.martin7386@example.com,07/07/2024,113688.00,USD,refunded,3,CA
TX-0007387,C-00187,Liam Smith,liam.smith.invalid,08/12/2024,54793.00,USD,cancelled,4,GB
TX-0007388,C-00188,Sofia Brown,sofia.brown7388@example.com,09/05/2024,152544.00,USD,completed,5,AU
TX-0007389,C-00189,Ethan Wilson,ethan.wilson7389@example.com,10/10/2024,209496.00,USD,pending,6,DE
TX-0007390,C-00190,Zoe Garcia,zoe.garcia7390@example.com,11/03/2024,69353.00,USD,refunded,7,US
TX-0007391,C-00191,Mateo Nguyen,mateo.nguyen7391@example.com,12/08/2024,133000.00,USD,cancelled,8,CA
TX-0007392,C-00192,Ava Patel,ava.patel7392@example.com,01/01/2024,86359.00,USD,completed,1,GB
TX-0007393,C-00193,Noah Kim,noah.kim7393@example.com,02/06/2024,16715.00,USD,pending,2,AU
TX-0007394,C-00194,Mia Martin,mia.martin7394@example.com,03/11/2024,132698.00,USD,refunded,3,DE
TX-0007395,C-00195,Liam Smith,liam.smith7395@example.com,04/04/2024,143477.00,USD,cancelled,4,US
TX-0007396,C-00196,Sofia Brown,sofia.brown7396@example.com,05/09/2024,93895.00,USD,completed,5,CA
TX-0007397,C-00197,Ethan Wilson,ethan.wilson7397@example.com,06/02/2024,64219.00,USD,pending,6,GB
TX-0007398,C-00198,Zoe Garcia,zoe.garcia7398@example.com,07/07/2024,145695.00,USD,refunded,7,AU
TX-0007399,C-00199,Mateo Nguyen,mateo.nguyen7399@example.com,08/12/2024,97025.00,USD,cancelled,8,DE
TX-0007400,C-00200,Ava Patel,ava.patel7400@example.com,09/05/2024,28215.00,USD,completed,1,US
TX-0007401,C-00201,Noah Kim,noah.kim7401@example.com,10/10/2024,218798.00,USD,pending,2,CA
TX-0007402,C-00202,Mia Martin,mia.martin7402@example.com,11/03/2024,232824.00,USD,refunded,3,GB
TX-0007403,C-00203,Liam Smith,liam.smith7403@example.com,12/08/2024,56800.00,USD,cancelled,4,AU
TX-0007404,C-00204,Sofia Brown,sofia.brown7404@example.com,01/01/2024,17684.00,USD,completed,5,DE
TX-0007405,C-00205,Ethan Wilson,ethan.wilson7405@example.com,02/06/2024,148986.00,USD,pending,6,US
TX-0007406,C-00206,Zoe Garcia,zoe.garcia7406@example.com,03/11/2024,81814.00,USD,refunded,7,CA
TX-0007407,C-00207,Mateo Nguyen,mateo.nguyen7407@example.com,04/04/2024,213542.00,USD,cancelled,8,GB
TX-0007408,C-00208,Ava Patel,ava.patel7408@example.com,05/09/2024,37201.00,USD,completed,1,AU
TX-0007409,C-00209,Noah Kim,noah.kim7409@example.com,06/02/2024,180064.00,USD,pending,2,DE
TX-0007410,C-00210,Mia Martin,mia.martin7410@example.com,07/07/2024,222480.00,USD,refunded,3,US
TX-0007411,C-00211,Liam Smith,liam.smith7411@example.com,08/12/2024,16912.00,USD,cancelled,4,CA
TX-0007412,C-00212,Sofia Brown,sofia.brown7412@example.com,09/05/2024,13682.00,USD,completed,5,GB
TX-0007413,C-00213,Ethan Wilson,ethan.wilson7413@example.com,10/10/2024,163992.00,USD,pending,6,AU
TX-0007414,C-00214,Zoe Garcia,zoe.garcia7414@example.com,11/03/2024,191291.00,USD,refunded,7,DE
TX-0007415,C-00215,Mateo Nguyen,mateo.nguyen7415@example.com,12/08/2024,130435.00,USD,cancelled,8,US
TX-0007416,C-00216,Ava Patel,ava.patel7416@example.com,01/01/2024,113342.00,USD,completed,1,CA
TX-0007417,C-00217,Noah Kim,noah.kim7417@example.com,02/06/2024,98333.00,USD,pending,2,GB
TX-0007418,C-00218,Mia Martin,mia.martin7418@example.com,03/11/2024,182000.00,USD,refunded,3,AU
TX-0007419,C-00219,Liam Smith,liam.smith7419@example.com,04/04/2024,46874.00,USD,cancelled,4,DE
TX-0007420,C-00220,Sofia Brown,sofia.brown7420@example.com,05/09/2024,83193.00,USD,completed,5,US
TX-0007421,C-00221,Ethan Wilson,ethan.wilson7421@example.com,06/02/2024,203883.00, USD ,pending,6,CA
TX-0007422,C-00222,Zoe Garcia,zoe.garcia7422@example.com,07/07/2024,19465.00,USD,refunded,7,GB
TX-0007423,C-00223,Mateo Nguyen,mateo.nguyen7423@example.com,08/12/2024,136957.00,USD,cancelled,8,AU
TX-0007424,C-00224,Ava Patel,ava.patel7424@example.com,09/05/2024,121505.00,USD,completed,1,DE
TX-0007425,C-00225,Noah Kim,noah.kim7425@example.com,10/10/2024,12309.00,USD,pending,2,US
TX-0007426,C-00226,Mia Martin,mia.martin7426@example.com,11/03/2024,63089.00,USD,refunded,3,CA
TX-0007427,C-00227,Liam Smith,liam.smith7427@example.com,12/08/2024,196040.00,USD,cancelled,4,GB
TX-0007428,C-00228,Sofia Brown,sofia.brown7428@example.com,01/01/2024,170474.00,USD,completed,5,AU
TX-0007429,C-00229,Ethan Wilson,ethan.wilson7429@example.com,02/06/2024,47646.00,USD,pending,6,DE
TX-0007430,C-00230,Zoe Garcia,zoe.garcia7430@example.com,03/11/2024,20003.00,USD,refunded,7,US
TX-0007431,C-00231,Mateo Nguyen,mateo.nguyen7431@example.com,04/04/2024,99011.00,USD,cancelled,8,CA
TX-0007432,C-00232,Ava Patel,ava.patel7432@example.com,05/09/2024,202144.00,USD,completed,1,GB
TX-0007433,C-00233,Noah Kim,noah.kim7433@example.com,06/02/2024,249519.00,USD,pending,2,AU
TX-0007434,C-00234,Mia Martin,mia.martin7434@example.com,07/07/2024,34836.00,USD,refunded,3,DE
TX-0007435,C-00235,Liam Smith,liam.smith7435@example.com,08/12/2024,83380.00,USD,cancelled,4,US
TX-0007436,C-00236,Sofia Brown,sofia.brown7436@example.com,09/05/2024,11551.00,USD,completed,5,CA
TX-0007437,C-00237,Ethan Wilson,ethan.wilson7437@example.com,10/10/2024,202626.00,USD,pending,6,GB
TX-0007438,C-00238,Zoe Garcia,zoe.garcia7438@example.com,11/03/2024,32134.00,USD,refunded,7,AU
TX-0007439,C-00239,Mateo Nguyen,mateo.nguyen7439@example.com,12/08/2024,205197.00,USD,cancelled,8,USA
TX-0007440,C-00240,Ava Patel,ava.patel7440@example.com,01/01/2024,41110.00,USD,completed,1,US
TX-0007441,C-00241,Noah Kim,noah.kim7441@example.com,02/06/2024,11673.00,USD,pending,2,CA
TX-0007442,C-00242,Mia Martin,mia.martin7442@example.com,03/11/2024,229574.00,USD,refunded,3,GB
TX-0007443,C-00243,Liam Smith,liam.smith7443@example.com,04/04/2024,17256.00,USD,cancelled,4,AU
TX-0007444,C-00244,Sofia Brown,sofia.brown7444@example.com,05/09/2024,182309.00,USD,completed,5,DE
TX-0007445,C-00245,Ethan Wilson,ethan.wilson7445@example.com,06/02/2024,185884.00,USD,pending,6,US
TX-0007446,C-00246,Zoe Garcia,zoe.garcia7446@example.com,07/07/2024,39241.00,USD,refunded,7,CA
TX-0007447,C-00247,Mateo Nguyen,mateo.nguyen7447@example.com,08/12/2024,193904.00,USD,cancelled,8,GB
TX-0007448,C-00248,Ava Patel,ava.patel7448@example.com,09/05/2024,151619.00,USD,completed,1,AU
TX-0007449,C-00249,Noah Kim,noah.kim7449@example.com,10/10/2024,228082.00,USD,unknown,2,DE
TX-0007450,C-00250,Mia Martin,mia.martin7450@example.com,11/03/2024,101070.00,usd,refunded,3,US
TX-0007451,C-00251,Liam Smith,liam.smith7451@example.com,12/08/2024,241046.00,USD,cancelled,4,CA
TX-0007452,C-00252,Sofia Brown,sofia.brown7452@example.com,01/01/2024,122832.00,USD,completed,5,GB
TX-0007453,C-00253,Ethan Wilson,ethan.wilson7453@example.com,02/06/2024,162689.00,USD,pending,6,AU
TX-0007454,C-00254,Zoe Garcia,zoe.garcia7454@example.com,03/11/2024,97979.00,USD,refunded,7,DE
TX-0007455,C-00255,Mateo Nguyen,mateo.nguyen7455@example.com,04/04/2024,20780.00,USD,cancelled,8,US
TX-0007456,C-00256,Ava Patel,ava.patel7456@example.com,05/09/2024,168339.00,USD,completed,1,CA
TX-0007457,C-00257,Noah Kim,noah.kim7457@example.com,06/02/2024,224875.00,USD,pending,2,GB
TX-0007458,C-00258,  MIA MARTIN  ,mia.martin7458@example.com,07/07/2024,149791.00,USD,refunded,3,AU
TX-0007459,C-00259,Liam Smith,liam.smith7459@example.com,08/12/2024,213696.00,USD,cancelled,4,DE
TX-0007460,C-00260,Sofia Brown,sofia.brown7460@example.com,09/05/2024,114324.00,USD,completed,5,US
TX-0007461,C-00261,Ethan Wilson,ethan.wilson7461@example.com,10/10/2024,4038.00,USD,pending,6,CA
TX-0007462,C-00262,Zoe Garcia,zoe.garcia7462@example.com,11/03/2024,82242.00,USD,refunded,7,GB
TX-0007463,C-00263,Mateo Nguyen,mateo.nguyen7463@example.com,12/08/2024,57861.00,USD,cancelled,8,AU
TX-0007464,C-00264,Ava Patel,ava.patel7464@example.com,01/01/2024,145202.00,USD,completed,1,DE
TX-0007465,C-00265,Noah Kim,noah.kim7465@example.com,02/06/2024,55629.00,USD,pending,2,US
TX-0007466,C-00266,Mia Martin,mia.martin7466@example.com,03/11/2024,22624.00,USD,refunded,3,CA
TX-0007467,C-00267,Liam Smith,liam.smith7467@example.com,04/04/2024,229233.00,USD,cancelled,4,gb
TX-0007468,C-00268,Sofia Brown,sofia.brown7468@example.com,05/09/2024,87418.00,USD,completed,5,AU
TX-0007469,C-00269,Ethan Wilson,,06/02/2024,27142.00,USD,pending,6,DE
TX-0007470,C-00270,Zoe Garcia,zoe.garcia7470@example.com,07/07/2024,168690.00,USD,refunded,7,US
TX-0007471,C-00271,Mateo Nguyen,mateo.nguyen7471@example.com,08/12/2024,70542.00,USD,cancelled,8,CA
TX-0007472,C-00272,Ava Patel,ava.patel7472@example.com,09/05/2024,54396.00,USD,completed,1,GB
TX-0007473,C-00273,Noah Kim,noah.kim7473@example.com,10/10/2024,15603.00,USD,pending,2,AU
TX-0007474,C-00274,Mia Martin,mia.martin7474@example.com,11/03/2024,21166.00,USD,refunded,3,DE
TX-0007475,C-00275,Liam Smith,liam.smith7475@example.com,12/08/2024,220730.00,USD,cancelled,4,US
TX-0007476,C-00276,Sofia Brown,sofia.brown.invalid,01/01/2024,244774.00,USD,completed,5,CA
TX-0007477,C-00277,Ethan Wilson,ethan.wilson7477@example.com,02/06/2024,127211.00,USD,pending,6,GB
TX-0007478,C-00278,Zoe Garcia,zoe.garcia7478@example.com,03/11/2024,136510.00,USD,refunded,7,AU
TX-0007479,C-00279,Mateo Nguyen,mateo.nguyen7479@example.com,04/04/2024,129803.00,USD,cancelled,8,DE
TX-0007480,C-00280,Ava Patel,ava.patel7480@example.com,05/09/2024,214778.00,USD,completed,1,US
TX-0007481,C-00281,Noah Kim,noah.kim7481@example.com,06/02/2024,203834.00,USD,pending,2,CA
TX-0007482,C-00282,Mia Martin,mia.martin7482@example.com,07/07/2024,210621.00,USD,refunded,3,GB
TX-0007483,C-00283,Liam Smith,liam.smith7483@example.com,08/12/2024,186639.00,USD,cancelled,4,AU
TX-0007484,C-00284,Sofia Brown,sofia.brown7484@example.com,09/05/2024,201980.00,USD,completed,5,DE
TX-0007485,C-00285,Ethan Wilson,ethan.wilson7485@example.com,10/10/2024,204303.00,USD,pending,6,US
TX-0007486,C-00286,Zoe Garcia,zoe.garcia7486@example.com,11/03/2024,82059.00,USD,refunded,7,CA
TX-0007487,C-00287,Mateo Nguyen,mateo.nguyen7487@example.com,12/08/2024,166483.00,USD,cancelled,8,GB
TX-0007488,C-00288,Ava Patel,ava.patel7488@example.com,01/01/2024,17817.00,USD,completed,1,AU
TX-0007489,C-00289,Noah Kim,noah.kim7489@example.com,02/06/2024,224854.00,USD,pending,2,DE
TX-0007490,C-00290,Mia Martin,mia.martin7490@example.com,03/11/2024,148358.00,USD,refunded,3,US
TX-0007491,C-00291,Liam Smith,liam.smith7491@example.com,04/04/2024,104911.00,USD,cancelled,4,CA
TX-0007492,C-00292,Sofia Brown,sofia.brown7492@example.com,05/09/2024,207846.00,USD,completed,5,GB
TX-0007493,C-00293,ethan wilson,ethan.wilson7493@example.com,06/02/2024,76232.00,USD,pending,6,AU
TX-0007494,C-00294,Zoe Garcia,zoe.garcia7494@example.com,07/07/2024,249056.00,USD,refunded,7,DE
TX-0007495,C-00295,Mateo Nguyen,mateo.nguyen7495@example.com,08/12/2024,78927.00,USD,cancelled,8,US
TX-0007496,C-00296,Ava Patel,ava.patel7496@example.com,09/05/2024,187766.00,USD,completed,1,CA
TX-0007497,C-00297,Noah Kim,noah.kim7497@example.com,10/10/2024,2705.00,USD,pending,2,GB
TX-0007498,C-00298,Mia Martin,mia.martin7498@example.com,11/03/2024,163926.00,USD,refunded,3,AU
TX-0007499,C-00299,Liam Smith,liam.smith7499@example.com,12/08/2024,60396.00,USD,cancelled,4,DE
TX-0007500,C-00300,Sofia Brown,sofia.brown7500@example.com,01/01/2024,156516.00,USD,completed,5,US
TX-0007501,C-00301,Ethan Wilson,ethan.wilson7501@example.com,02/06/2024,165551.00,USD,pending,6,CA
TX-0007502,C-00302,Zoe Garcia,zoe.garcia7502@example.com,03/11/2024,16051.00,USD,refunded,7,GB
TX-0007503,C-00303,Mateo Nguyen,mateo.nguyen7503@example.com,04/04/2024,6742.00,USD,cancelled,8,AU
TX-0007504,C-00304,Ava Patel,ava.patel7504@example.com,05/09/2024,108689.00,USD,completed,1,DE
TX-0007505,C-00305,Noah Kim,noah.kim7505@example.com,06/02/2024,162638.00,USD,pending,2,US
TX-0007506,C-00306,Mia Martin,mia.martin7506@example.com,07/07/2024,230865.00,USD,refunded,3,CA
TX-0007507,C-00307,Liam Smith,liam.smith7507@example.com,08/12/2024,108060.00,USD,cancelled,4,GB
TX-0007508,C-00308,Sofia Brown,sofia.brown7508@example.com,09/05/2024,145512.00,USD,completed,5,AU
TX-0007509,C-00309,Ethan Wilson,ethan.wilson7509@example.com,10/10/2024,180103.00,USD,pending,6,DE
TX-0007510,C-00310,Zoe Garcia,zoe.garcia7510@example.com,11/03/2024,218399.00,USD,refunded,7,US
TX-0007511,C-00311,Mateo Nguyen,mateo.nguyen7511@example.com,12/08/2024,183031.00,USD,cancelled,8,CA
TX-0007512,C-00312,Ava Patel,ava.patel7512@example.com,01/01/2024,93474.00,USD,completed,1,GB
TX-0007513,C-00313,Noah Kim,noah.kim7513@example.com,02/06/2024,203311.00,USD,pending,2,AU
TX-0007514,C-00314,Mia Martin,mia.martin7514@example.com,03/11/2024,124892.00,USD,refunded,3,DE
TX-0007515,C-00315,Liam Smith,liam.smith7515@example.com,04/04/2024,171754.00,USD,cancelled,4,US
TX-0007516,C-00316,Sofia Brown,sofia.brown7516@example.com,05/09/2024,92394.00,USD,completed,5,CA
TX-0007517,C-00317,Ethan Wilson,ethan.wilson7517@example.com,06/02/2024,90321.00,USD,pending,6,GB
TX-0007518,C-00318,Zoe Garcia,zoe.garcia7518@example.com,07/07/2024,220407.00,USD,refunded,7,AU
TX-0007519,C-00319,Mateo Nguyen,mateo.nguyen7519@example.com,08/12/2024,209464.00,USD,cancelled,8,DE
TX-0007520,C-00320,Ava Patel,ava.patel7520@example.com,09/05/2024,161937.00,USD,completed,1,US
TX-0007521,C-00321,Noah Kim,noah.kim7521@example.com,10/10/2024,79949.00,USD,pending,2,CA
TX-0007522,C-00322,Mia Martin,mia.martin7522@example.com,11/03/2024,206053.00,USD,refunded,3,GB
TX-0007523,C-00323,Liam Smith,liam.smith7523@example.com,12/08/2024,135530.00,USD,cancelled,4,AU
TX-0007524,C-00324,Sofia Brown,sofia.brown7524@example.com,01/01/2024,143577.00,USD,completed,5,DE
TX-0007525,C-00325,Ethan Wilson,ethan.wilson7525@example.com,02/06/2024,162693.00,USD,pending,6,US
TX-0007526,C-00326,Zoe Garcia,zoe.garcia7526@example.com,03/11/2024,233885.00,USD,refunded,7,CA
TX-0007527,C-00327,Mateo Nguyen,mateo.nguyen7527@example.com,04/04/2024,210401.00,USD,cancelled,8,GB
TX-0007528,C-00328,Ava Patel,ava.patel7528@example.com,05/09/2024,31492.00,USD,completed,1,AU
TX-0007529,C-00329,Noah Kim,noah.kim7529@example.com,06/02/2024,31297.00,USD,pending,2,DE
TX-0007530,C-00330,Mia Martin,mia.martin7530@example.com,07/07/2024,47398.00,USD,refunded,3,US
TX-0007531,C-00331,Liam Smith,liam.smith7531@example.com,08/12/2024,85028.00,USD,cancelled,4,CA
TX-0007532,C-00332,Sofia Brown,sofia.brown7532@example.com,09/05/2024,215260.00,USD,completed,5,GB
TX-0007533,C-00333,Ethan Wilson,ethan.wilson7533@example.com,10/10/2024,101789.00,USD,pending,6,AU
TX-0007534,C-00334,Zoe Garcia,zoe.garcia7534@example.com,11/03/2024,32425.00,USD,refunded,7,DE
TX-0007535,C-00335,Mateo Nguyen,mateo.nguyen7535@example.com,12/08/2024,142518.00,USD,cancelled,8,US
TX-0007536,C-00336,Ava Patel,ava.patel7536@example.com,01/01/2024,180090.00,USD,COMPLETE,1,CA
TX-0007537,C-00337,Noah Kim,noah.kim7537@example.com,02/06/2024,21826.00,USD,pending,2,GB
TX-0007538,C-00338,Mia Martin,mia.martin7538@example.com,03/11/2024,166991.00,USD,refunded,3,AU
TX-0007539,C-00339,Liam Smith,liam.smith7539@example.com,04/04/2024,129159.00,USD,cancelled,4,DE
TX-0007540,C-00340,Sofia Brown,sofia.brown7540@example.com,05/09/2024,166540.00,USD,completed,5,US
TX-0007541,C-00341,Ethan Wilson,ethan.wilson7541@example.com,06/02/2024,174891.00,USD,pending,6,CA
TX-0007542,C-00342,Zoe Garcia,zoe.garcia7542@example.com,07/07/2024,164378.00,USD,refunded,7,GB
TX-0007543,C-00343,Mateo Nguyen,mateo.nguyen7543@example.com,08/12/2024,9520.00,USD,cancelled,8,AU
TX-0007544,C-00344,Ava Patel,ava.patel7544@example.com,09/05/2024,239272.00,USD,completed,1,DE
TX-0007545,C-00345,Noah Kim,noah.kim7545@example.com,10/10/2024,129801.00,USD,pending,2,US
TX-0007546,C-00346,Mia Martin,mia.martin7546@example.com,11/03/2024,222313.00,USD,refunded,3,CA
TX-0007547,C-00347,Liam Smith,liam.smith7547@example.com,12/08/2024,228665.00,USD,cancelled,4,GB
TX-0007548,C-00348,Sofia Brown,sofia.brown7548@example.com,01/01/2024,212436.00,USD,completed,5,AU
TX-0007549,C-00349,Ethan Wilson,ethan.wilson7549@example.com,02/06/2024,189531.00,USD,pending,6,DE
TX-0007550,C-00350,Zoe Garcia,zoe.garcia7550@example.com,03/11/2024,184533.00,USD,refunded,7,US
TX-0007551,C-00351,Mateo Nguyen,mateo.nguyen7551@example.com,04/04/2024,249053.00,USD,cancelled,8,CA
TX-0007552,C-00352,Ava Patel,ava.patel7552@example.com,05/09/2024,9188.00,USD,completed,1,GB
TX-0007553,C-00353,Noah Kim,noah.kim7553@example.com,06/02/2024,18795.00,USD,pending,2,AU
TX-0007554,C-00354,Mia Martin,mia.martin7554@example.com,07/07/2024,116216.00,USD,refunded,3,DE
TX-0007555,C-00355,Liam Smith,liam.smith7555@example.com,08/12/2024,37072.00,USD,cancelled,4,US
TX-0007556,C-00356,Sofia Brown,sofia.brown7556@example.com,09/05/2024,144508.00,USD,completed,5,CA
TX-0007557,C-00357,Ethan Wilson,ethan.wilson7557@example.com,10/10/2024,805.00,USD,pending,6,GB
TX-0007558,C-00358,Zoe Garcia,zoe.garcia7558@example.com,11/03/2024,247414.00,USD,refunded,7,AU
TX-0007559,C-00359,Mateo Nguyen,mateo.nguyen7559@example.com,12/08/2024,23283.00,USD,cancelled,8,DE
TX-0007560,C-00360,Ava Patel,ava.patel7560@example.com,01/01/2024,172661.00,USD,completed,1,US
TX-0007561,C-00361,Noah Kim,noah.kim7561@example.com,02/06/2024,239409.00,USD,pending,2,CA
TX-0007562,C-00362,Mia Martin,mia.martin7562@example.com,03/11/2024,91672.00,USD,refunded,3,GB
TX-0007563,C-00363,Liam Smith,liam.smith7563@example.com,04/04/2024,181581.00,USD,cancelled,4,AU
TX-0007564,C-00364,Sofia Brown,sofia.brown7564@example.com,05/09/2024,248857.00,USD,completed,5,DE
TX-0007565,C-00365,Ethan Wilson,ethan.wilson.invalid,06/02/2024,123803.00,USD,pending,6,US
TX-0007566,C-00366,Zoe Garcia,,07/07/2024,35126.00,USD,refunded,7,CA
TX-0007567,C-00367,Mateo Nguyen,mateo.nguyen7567@example.com,08/12/2024,183603.00,USD,cancelled,8,GB
TX-0007568,C-00368,Ava Patel,ava.patel7568@example.com,09/05/2024,9195.00,USD,completed,1,AU
TX-0007569,C-00369,Noah Kim,noah.kim7569@example.com,10/10/2024,233192.00,USD,pending,2,DE
TX-0007570,C-00370,Mia Martin,mia.martin7570@example.com,11/03/2024,158048.00,USD,refunded,3,US
TX-0007571,C-00371,  LIAM SMITH  ,liam.smith7571@example.com,12/08/2024,205361.00,USD,cancelled,4,CA
TX-0007572,C-00372,Sofia Brown,sofia.brown7572@example.com,01/01/2024,242863.00,USD,completed,5,GB
TX-0007573,C-00373,Ethan Wilson,ethan.wilson7573@example.com,02/06/2024,21034.00,USD,pending,6,AU
TX-0007574,C-00374,Zoe Garcia,zoe.garcia7574@example.com,03/11/2024,212884.00,USD,refunded,7,DE
TX-0007575,C-00375,Mateo Nguyen,mateo.nguyen7575@example.com,04/04/2024,144146.00,USD,cancelled,8,US
TX-0007576,C-00376,Ava Patel,ava.patel7576@example.com,05/09/2024,203603.00,USD,completed,1,CA
TX-0007577,C-00377,Noah Kim,noah.kim7577@example.com,06/02/2024,158999.00,USD,pending,2,GB
TX-0007578,C-00378,Mia Martin,mia.martin7578@example.com,07/07/2024,83817.00,USD,refunded,3,AU
TX-0007579,C-00379,Liam Smith,liam.smith7579@example.com,08/12/2024,161910.00,USD,cancelled,4,DE
TX-0007580,C-00380,Sofia Brown,sofia.brown7580@example.com,09/05/2024,122739.00,USD,completed,5,US
TX-0007581,C-00381,Ethan Wilson,ethan.wilson7581@example.com,10/10/2024,108972.00,USD,pending,6,CA
TX-0007582,C-00382,Zoe Garcia,zoe.garcia7582@example.com,11/03/2024,,USD,refunded,7,GB
TX-0007583,C-00383,Mateo Nguyen,mateo.nguyen7583@example.com,12/08/2024,4576.00,USD,cancelled,8,AU
TX-0007584,C-00384,Ava Patel,ava.patel7584@example.com,01/01/2024,212263.00,USD,completed,1,DE
TX-0007585,C-00385,Noah Kim,noah.kim7585@example.com,02/06/2024,99907.00,USD,pending,2,US
TX-0007586,C-00386,Mia Martin,mia.martin7586@example.com,03/11/2024,204876.00,USD,refunded,3,CA
TX-0007587,C-00387,Liam Smith,liam.smith7587@example.com,04/04/2024,223875.00,USD,cancelled,4,GB
TX-0007588,C-00388,Sofia Brown,sofia.brown7588@example.com,05/09/2024,154956.00,USD,completed,5,AU
TX-0007589,C-00389,Ethan Wilson,ethan.wilson7589@example.com,06/02/2024,161043.00,USD,pending,6,DE
TX-0007590,C-00390,Zoe Garcia,zoe.garcia7590@example.com,07/07/2024,14493.00,USD,refunded,7,US
TX-0007591,C-00391,Mateo Nguyen,mateo.nguyen7591@example.com,08/12/2024,88070.00,USD,cancelled,8,CA
TX-0007592,C-00392,Ava Patel,ava.patel7592@example.com,09/05/2024,44364.00,USD,completed,1,GB
TX-0007593,C-00393,Noah Kim,noah.kim7593@example.com,10/10/2024,236121.00,USD,pending,2,AU
TX-0007594,C-00394,Mia Martin,mia.martin7594@example.com,11/03/2024,134404.00,USD,refunded,3,DE
TX-0007595,C-00395,Liam Smith,liam.smith7595@example.com,12/08/2024,112864.00,USD,cancelled,4,US
TX-0007596,C-00396,Sofia Brown,sofia.brown7596@example.com,01/01/2024,-4648.00,USD,completed,5,CA
TX-0007597,C-00397,Ethan Wilson,ethan.wilson7597@example.com,02/06/2024,179422.00,USD,pending,6,GB
TX-0007598,C-00398,Zoe Garcia,zoe.garcia7598@example.com,03/11/2024,161602.00,USD,refunded,7,au
TX-0007599,C-00399,Mateo Nguyen,mateo.nguyen7599@example.com,04/04/2024,36718.00,usd,cancelled,8,DE
TX-0007600,C-00400,Ava Patel,ava.patel7600@example.com,05/09/2024,206933.00,USD,completed,1,US
TX-0007601,C-00401,Noah Kim,noah.kim7601@example.com,06/02/2024,204693.00,USD,pending,2,CA
TX-0007602,C-00402,Mia Martin,mia.martin7602@example.com,07/07/2024,115302.00, USD ,refunded,3,GB
TX-0007603,C-00403,Liam Smith,liam.smith7603@example.com,08/12/2024,22689.00,USD,cancelled,4,AU
TX-0007604,C-00404,Sofia Brown,sofia.brown7604@example.com,09/05/2024,123216.00,USD,completed,5,DE
TX-0007605,C-00405,Ethan Wilson,ethan.wilson7605@example.com,10/10/2024,126989.00,USD,pending,6,US
TX-0007606,C-00406,Zoe Garcia,zoe.garcia7606@example.com,11/03/2024,102364.00,USD,refunded,7,CA
TX-0007607,C-00407,Mateo Nguyen,mateo.nguyen7607@example.com,12/08/2024,50466.00,USD,cancelled,8,GB
TX-0007608,C-00408,Ava Patel,ava.patel7608@example.com,01/01/2024,82144.00,USD,completed,1,AU
TX-0007609,C-00409,Noah Kim,noah.kim7609@example.com,02/06/2024,182268.00,USD,pending,2,DE
TX-0007610,C-00410,Mia Martin,mia.martin7610@example.com,03/11/2024,201440.00,USD,refunded,3,US
TX-0007611,C-00411,Liam Smith,liam.smith7611@example.com,04/04/2024,106463.00,USD,cancelled,4,CA
TX-0007612,C-00412,Sofia Brown,sofia.brown7612@example.com,05/09/2024,135394.00,USD,completed,5,USA
TX-0007613,C-00413,Ethan Wilson,ethan.wilson7613@example.com,06/02/2024,105844.00,USD,pending,6,AU
TX-0007614,C-00414,Zoe Garcia,zoe.garcia7614@example.com,07/07/2024,8771.00,USD,refunded,7,DE
TX-0007615,C-00415,Mateo Nguyen,mateo.nguyen7615@example.com,08/12/2024,69801.00,USD,cancelled,8,US
TX-0007616,C-00416,Ava Patel,ava.patel7616@example.com,09/05/2024,70294.00,USD,completed,1,CA
TX-0007617,C-00417,Noah Kim,noah.kim7617@example.com,10/10/2024,49778.00,USD,pending,2,GB
TX-0007618,C-00418,Mia Martin,mia.martin7618@example.com,11/03/2024,108764.00,USD,refunded,3,AU
TX-0007619,C-00419,Liam Smith,liam.smith7619@example.com,12/08/2024,206888.00,USD,cancelled,4,DE
TX-0007620,C-00420,sofia brown,sofia.brown7620@example.com,01/01/2024,227765.00,USD,completed,5,US
TX-0007621,C-00421,Ethan Wilson,ethan.wilson7621@example.com,02/06/2024,242584.00,USD,pending,6,CA
TX-0007622,C-00422,Zoe Garcia,zoe.garcia7622@example.com,03/11/2024,47827.00,USD,refunded,7,GB
TX-0007623,C-00423,Mateo Nguyen,mateo.nguyen7623@example.com,04/04/2024,235770.00,USD,cancelled,8,AU
TX-0007624,C-00424,Ava Patel,ava.patel7624@example.com,05/09/2024,214271.00,USD,completed,1,DE
TX-0007625,C-00425,Noah Kim,noah.kim7625@example.com,06/02/2024,1385.00,USD,pending,2,US
TX-0007626,C-00426,Mia Martin,mia.martin7626@example.com,07/07/2024,249027.00,USD,refunded,3,CA
TX-0007627,C-00427,Liam Smith,liam.smith7627@example.com,08/12/2024,223038.00,USD,cancelled,4,GB
TX-0007628,C-00428,Sofia Brown,sofia.brown7628@example.com,09/05/2024,20548.00,USD,completed,5,AU
TX-0007629,C-00429,Ethan Wilson,ethan.wilson7629@example.com,10/10/2024,48059.00,USD,pending,6,DE
TX-0007630,C-00430,Zoe Garcia,zoe.garcia7630@example.com,11/03/2024,244246.00,USD,refunded,7,US
TX-0007631,C-00431,Mateo Nguyen,mateo.nguyen7631@example.com,12/08/2024,59516.00,USD,cancelled,8,CA
TX-0007632,C-00432,Ava Patel,ava.patel7632@example.com,01/01/2024,90525.00,USD,completed,1,GB
TX-0007633,C-00433,Noah Kim,noah.kim7633@example.com,02/06/2024,94462.00,USD,pending,2,AU
TX-0007634,C-00434,Mia Martin,mia.martin7634@example.com,03/11/2024,180594.00,USD,refunded,3,DE
TX-0007635,C-00435,Liam Smith,liam.smith7635@example.com,04/04/2024,197230.00,USD,cancelled,4,US
TX-0007636,C-00436,Sofia Brown,sofia.brown7636@example.com,05/09/2024,83454.00,USD,completed,5,CA
TX-0007637,C-00437,Ethan Wilson,ethan.wilson7637@example.com,06/02/2024,175889.00,USD,pending,6,GB
TX-0007638,C-00438,Zoe Garcia,zoe.garcia7638@example.com,07/07/2024,131074.00,USD,refunded,7,AU
TX-0007639,C-00439,Mateo Nguyen,mateo.nguyen7639@example.com,08/12/2024,182615.00,USD,cancelled,8,DE
TX-0007640,C-00440,Ava Patel,ava.patel7640@example.com,09/05/2024,87237.00,USD,unknown,1,US
TX-0007641,C-00441,Noah Kim,noah.kim7641@example.com,10/10/2024,46311.00,USD,pending,2,CA
TX-0007642,C-00442,Mia Martin,mia.martin7642@example.com,11/03/2024,13353.00,USD,refunded,3,GB
TX-0007643,C-00443,Liam Smith,liam.smith7643@example.com,12/08/2024,158054.00,USD,cancelled,4,AU
TX-0007644,C-00444,Sofia Brown,sofia.brown7644@example.com,01/01/2024,134070.00,USD,completed,5,DE
TX-0007645,C-00445,Ethan Wilson,ethan.wilson7645@example.com,02/06/2024,176187.00,USD,pending,6,US
TX-0007646,C-00446,Zoe Garcia,zoe.garcia7646@example.com,03/11/2024,220101.00,USD,refunded,7,CA
TX-0007647,C-00447,Mateo Nguyen,mateo.nguyen7647@example.com,04/04/2024,93322.00,USD,cancelled,8,GB
TX-0007648,C-00448,Ava Patel,ava.patel7648@example.com,05/09/2024,124242.00,USD,completed,1,AU
TX-0007649,C-00449,Noah Kim,noah.kim7649@example.com,06/02/2024,102418.00,USD,pending,2,DE
TX-0007650,C-00450,Mia Martin,mia.martin7650@example.com,07/07/2024,9333.00,USD,refunded,3,US
TX-0007651,C-00451,Liam Smith,liam.smith7651@example.com,08/12/2024,217524.00,USD,cancelled,4,CA
TX-0007652,C-00452,Sofia Brown,sofia.brown7652@example.com,09/05/2024,58772.00,USD,completed,5,GB
TX-0007653,C-00453,Ethan Wilson,ethan.wilson7653@example.com,10/10/2024,232540.00,USD,pending,6,AU
TX-0007654,C-00454,Zoe Garcia,zoe.garcia.invalid,11/03/2024,155902.00,USD,refunded,7,DE
TX-0007655,C-00455,Mateo Nguyen,mateo.nguyen7655@example.com,12/08/2024,212719.00,USD,cancelled,8,US
TX-0007656,C-00456,Ava Patel,ava.patel7656@example.com,01/01/2024,228816.00,USD,completed,1,CA
TX-0007657,C-00457,Noah Kim,noah.kim7657@example.com,02/06/2024,49626.00,USD,pending,2,GB
TX-0007658,C-00458,Mia Martin,mia.martin7658@example.com,03/11/2024,96924.00,USD,refunded,3,AU
TX-0007659,C-00459,Liam Smith,liam.smith7659@example.com,04/04/2024,115630.00,USD,cancelled,4,DE
TX-0007660,C-00460,Sofia Brown,sofia.brown7660@example.com,05/09/2024,167819.00,USD,completed,5,US
TX-0007661,C-00461,Ethan Wilson,ethan.wilson7661@example.com,06/02/2024,45082.00,USD,pending,6,CA
TX-0007662,C-00462,Zoe Garcia,zoe.garcia7662@example.com,07/07/2024,182558.00,USD,refunded,7,GB
TX-0007663,C-00463,Mateo Nguyen,,08/12/2024,157218.00,USD,cancelled,8,AU
TX-0007664,C-00464,Ava Patel,ava.patel7664@example.com,09/05/2024,101466.00,USD,completed,1,DE
TX-0007665,C-00465,Noah Kim,noah.kim7665@example.com,10/10/2024,36434.00,USD,pending,2,US
TX-0007666,C-00466,Mia Martin,mia.martin7666@example.com,11/03/2024,184887.00,USD,refunded,3,CA
TX-0007667,C-00467,Liam Smith,liam.smith7667@example.com,12/08/2024,217178.00,USD,cancelled,4,GB
TX-0007668,C-00468,Sofia Brown,sofia.brown7668@example.com,01/01/2024,131940.00,USD,completed,5,AU
TX-0007669,C-00469,Ethan Wilson,ethan.wilson7669@example.com,02/06/2024,42117.00,USD,pending,6,DE
TX-0007670,C-00470,Zoe Garcia,zoe.garcia7670@example.com,03/11/2024,192242.00,USD,refunded,7,US
TX-0007671,C-00471,Mateo Nguyen,mateo.nguyen7671@example.com,04/04/2024,45304.00,USD,cancelled,8,CA
TX-0007672,C-00472,Ava Patel,ava.patel7672@example.com,05/09/2024,156387.00,USD,completed,1,GB
TX-0007673,C-00473,Noah Kim,noah.kim7673@example.com,06/02/2024,182977.00,USD,pending,2,AU
TX-0007674,C-00474,Mia Martin,mia.martin7674@example.com,07/07/2024,192943.00,USD,refunded,3,DE
TX-0007675,C-00475,Liam Smith,liam.smith7675@example.com,08/12/2024,29988.00,USD,cancelled,4,US
TX-0007676,C-00476,Sofia Brown,sofia.brown7676@example.com,09/05/2024,99344.00,USD,completed,5,CA
TX-0007677,C-00477,Ethan Wilson,ethan.wilson7677@example.com,10/10/2024,79543.00,USD,pending,6,GB
TX-0007678,C-00478,Zoe Garcia,zoe.garcia7678@example.com,11/03/2024,116118.00,USD,refunded,7,AU
TX-0007679,C-00479,Mateo Nguyen,mateo.nguyen7679@example.com,12/08/2024,49563.00,USD,cancelled,8,DE
TX-0007680,C-00480,Ava Patel,ava.patel7680@example.com,01/01/2024,153900.00,USD,completed,1,US
TX-0007681,C-00481,Noah Kim,noah.kim7681@example.com,02/06/2024,196574.00,USD,pending,2,CA
TX-0007682,C-00482,Mia Martin,mia.martin7682@example.com,03/11/2024,86291.00,USD,refunded,3,GB
TX-0007683,C-00483,Liam Smith,liam.smith7683@example.com,04/04/2024,163007.00,USD,cancelled,4,AU
TX-0007684,C-00484,  SOFIA BROWN  ,sofia.brown7684@example.com,05/09/2024,98171.00,USD,completed,5,DE
TX-0007685,C-00485,Ethan Wilson,ethan.wilson7685@example.com,06/02/2024,224089.00,USD,pending,6,US
TX-0007686,C-00486,Zoe Garcia,zoe.garcia7686@example.com,07/07/2024,76830.00,USD,refunded,7,CA
TX-0007687,C-00487,Mateo Nguyen,mateo.nguyen7687@example.com,08/12/2024,159602.00,USD,cancelled,8,GB
TX-0007688,C-00488,Ava Patel,ava.patel7688@example.com,09/05/2024,96565.00,USD,completed,1,AU
TX-0007689,C-00489,Noah Kim,noah.kim7689@example.com,10/10/2024,74404.00,USD,pending,2,DE
TX-0007690,C-00490,Mia Martin,mia.martin7690@example.com,11/03/2024,59129.00,USD,refunded,3,US
TX-0007691,C-00491,Liam Smith,liam.smith7691@example.com,12/08/2024,230062.00,USD,cancelled,4,CA
TX-0007692,C-00492,Sofia Brown,sofia.brown7692@example.com,01/01/2024,57515.00,USD,completed,5,GB
TX-0007693,C-00493,Ethan Wilson,ethan.wilson7693@example.com,02/06/2024,58125.00,USD,COMPLETE,6,AU
TX-0007694,C-00494,Zoe Garcia,zoe.garcia7694@example.com,03/11/2024,219157.00,USD,refunded,7,DE
TX-0007695,C-00495,Mateo Nguyen,mateo.nguyen7695@example.com,04/04/2024,191046.00,USD,cancelled,8,US
TX-0007696,C-00496,Ava Patel,ava.patel7696@example.com,05/09/2024,164539.00,USD,completed,1,CA
TX-0007697,C-00497,Noah Kim,noah.kim7697@example.com,06/02/2024,127366.00,USD,pending,2,GB
TX-0007698,C-00498,Mia Martin,mia.martin7698@example.com,07/07/2024,241904.00,USD,refunded,3,AU
TX-0007699,C-00499,Liam Smith,liam.smith7699@example.com,08/12/2024,49955.00,USD,cancelled,4,DE
TX-0007700,C-00500,Sofia Brown,sofia.brown7700@example.com,09/05/2024,78091.00,USD,completed,5,US
TX-0007701,C-00501,Ethan Wilson,ethan.wilson7701@example.com,10/10/2024,117817.00,USD,pending,6,CA
TX-0007702,C-00502,Zoe Garcia,zoe.garcia7702@example.com,11/03/2024,2187.00,USD,refunded,7,GB
TX-0007703,C-00503,Mateo Nguyen,mateo.nguyen7703@example.com,12/08/2024,114830.00,USD,cancelled,8,AU
TX-0007704,C-00504,Ava Patel,ava.patel7704@example.com,01/01/2024,243542.00,USD,completed,1,DE
TX-0007705,C-00505,Noah Kim,noah.kim7705@example.com,02/06/2024,48718.00,USD,pending,2,US
TX-0007706,C-00506,Mia Martin,mia.martin7706@example.com,03/11/2024,137474.00,USD,refunded,3,CA
TX-0007707,C-00507,Liam Smith,liam.smith7707@example.com,04/04/2024,96081.00,USD,cancelled,4,GB
TX-0007708,C-00508,Sofia Brown,sofia.brown7708@example.com,05/09/2024,14915.00,USD,completed,5,AU
TX-0007709,C-00509,Ethan Wilson,ethan.wilson7709@example.com,06/02/2024,105696.00,USD,pending,6,DE
TX-0007710,C-00510,Zoe Garcia,zoe.garcia7710@example.com,07/07/2024,90977.00,USD,refunded,7,US
TX-0007711,C-00511,Mateo Nguyen,mateo.nguyen7711@example.com,08/12/2024,25657.00,USD,cancelled,8,CA
TX-0007712,C-00512,Ava Patel,ava.patel7712@example.com,09/05/2024,67090.00,USD,completed,1,GB
TX-0007713,C-00513,Noah Kim,noah.kim7713@example.com,10/10/2024,144602.00,USD,pending,2,AU
TX-0007714,C-00514,Mia Martin,mia.martin7714@example.com,11/03/2024,28891.00,USD,refunded,3,DE
TX-0007715,C-00515,Liam Smith,liam.smith7715@example.com,12/08/2024,97099.00,USD,cancelled,4,US
TX-0007716,C-00516,Sofia Brown,sofia.brown7716@example.com,01/01/2024,82821.00,USD,completed,5,CA
TX-0007717,C-00517,Ethan Wilson,ethan.wilson7717@example.com,02/06/2024,180054.00,USD,pending,6,GB
TX-0007718,C-00518,Zoe Garcia,zoe.garcia7718@example.com,03/11/2024,78829.00,USD,refunded,7,AU
TX-0007719,C-00519,Mateo Nguyen,mateo.nguyen7719@example.com,04/04/2024,66604.00,USD,cancelled,8,DE
TX-0007720,C-00520,Ava Patel,ava.patel7720@example.com,05/09/2024,36704.00,USD,completed,1,US
TX-0007721,C-00521,Noah Kim,noah.kim7721@example.com,06/02/2024,208458.00,USD,pending,2,CA
TX-0007722,C-00522,Mia Martin,mia.martin7722@example.com,07/07/2024,186864.00,USD,refunded,3,GB
TX-0007723,C-00523,Liam Smith,liam.smith7723@example.com,08/12/2024,93564.00,USD,cancelled,4,AU
TX-0007724,C-00524,Sofia Brown,sofia.brown7724@example.com,09/05/2024,204193.00,USD,completed,5,DE
TX-0007725,C-00525,Ethan Wilson,ethan.wilson7725@example.com,10/10/2024,88466.00,USD,pending,6,US
TX-0007726,C-00526,Zoe Garcia,zoe.garcia7726@example.com,11/03/2024,22388.00,USD,refunded,7,CA
TX-0007727,C-00527,Mateo Nguyen,mateo.nguyen7727@example.com,12/08/2024,1090.00,USD,cancelled,8,GB
TX-0007728,C-00528,Ava Patel,ava.patel7728@example.com,01/01/2024,143968.00,USD,completed,1,AU
TX-0007729,C-00529,Noah Kim,noah.kim7729@example.com,02/06/2024,225403.00,USD,pending,2,de
TX-0007730,C-00530,Mia Martin,mia.martin7730@example.com,03/11/2024,208108.00,USD,refunded,3,US
TX-0007731,C-00531,Liam Smith,liam.smith7731@example.com,04/04/2024,200444.00,USD,cancelled,4,CA
TX-0007732,C-00532,Sofia Brown,sofia.brown7732@example.com,05/09/2024,127550.00,USD,completed,5,GB
TX-0007733,C-00533,Ethan Wilson,ethan.wilson7733@example.com,06/02/2024,199412.00,USD,pending,6,AU
TX-0007734,C-00534,Zoe Garcia,zoe.garcia7734@example.com,07/07/2024,59221.00,USD,refunded,7,DE
TX-0007735,C-00535,Mateo Nguyen,mateo.nguyen7735@example.com,08/12/2024,3986.00,USD,cancelled,8,US
TX-0007736,C-00536,Ava Patel,ava.patel7736@example.com,09/05/2024,148406.00,USD,completed,1,CA
TX-0007737,C-00537,Noah Kim,noah.kim7737@example.com,10/10/2024,175278.00,USD,pending,2,GB
TX-0007738,C-00538,Mia Martin,mia.martin7738@example.com,11/03/2024,244669.00,USD,refunded,3,AU
TX-0007739,C-00539,Liam Smith,liam.smith7739@example.com,12/08/2024,163091.00,USD,cancelled,4,DE
TX-0007740,C-00540,Sofia Brown,sofia.brown7740@example.com,01/01/2024,69951.00,USD,completed,5,US
TX-0007741,C-00541,Ethan Wilson,ethan.wilson7741@example.com,02/06/2024,152486.00,USD,pending,6,CA
TX-0007742,C-00542,Zoe Garcia,zoe.garcia7742@example.com,03/11/2024,22975.00,USD,refunded,7,GB
TX-0007743,C-00543,Mateo Nguyen,mateo.nguyen.invalid,04/04/2024,25997.00,USD,cancelled,8,AU
TX-0007744,C-00544,Ava Patel,ava.patel7744@example.com,05/09/2024,12931.00,USD,completed,1,DE
TX-0007745,C-00545,Noah Kim,noah.kim7745@example.com,06/02/2024,148423.00,USD,pending,2,US
TX-0007746,C-00546,Mia Martin,mia.martin7746@example.com,07/07/2024,80396.00,USD,refunded,3,CA
TX-0007747,C-00547,liam smith,liam.smith7747@example.com,08/12/2024,54731.00,USD,cancelled,4,GB
TX-0007748,C-00548,Sofia Brown,sofia.brown7748@example.com,09/05/2024,231555.00,usd,completed,5,AU
TX-0007749,C-00549,Ethan Wilson,ethan.wilson7749@example.com,10/10/2024,221958.00,USD,pending,6,DE
TX-0007750,C-00550,Zoe Garcia,zoe.garcia7750@example.com,11/03/2024,146723.00,USD,refunded,7,US
TX-0007751,C-00551,Mateo Nguyen,mateo.nguyen7751@example.com,12/08/2024,171492.00,USD,cancelled,8,CA
TX-0007752,C-00552,Ava Patel,ava.patel7752@example.com,01/01/2024,221400.00,USD,completed,1,GB
TX-0007753,C-00553,Noah Kim,noah.kim7753@example.com,02/06/2024,143177.00,USD,pending,2,AU
TX-0007754,C-00554,Mia Martin,mia.martin7754@example.com,03/11/2024,71212.00,USD,refunded,3,DE
TX-0007755,C-00555,Liam Smith,liam.smith7755@example.com,04/04/2024,90416.00,USD,cancelled,4,US
TX-0007756,C-00556,Sofia Brown,sofia.brown7756@example.com,05/09/2024,63276.00,USD,completed,5,CA
TX-0007757,C-00557,Ethan Wilson,ethan.wilson7757@example.com,06/02/2024,237792.00,USD,pending,6,GB
TX-0007758,C-00558,Zoe Garcia,zoe.garcia7758@example.com,07/07/2024,182635.00,USD,refunded,7,AU
TX-0007759,C-00559,Mateo Nguyen,mateo.nguyen7759@example.com,08/12/2024,106347.00,USD,cancelled,8,DE
TX-0007760,C-00560,Ava Patel,,09/05/2024,167562.00,USD,completed,1,US
TX-0007761,C-00561,Noah Kim,noah.kim7761@example.com,10/10/2024,27848.00,USD,pending,2,CA
TX-0007762,C-00562,Mia Martin,mia.martin7762@example.com,11/03/2024,84328.00,USD,refunded,3,GB
TX-0007763,C-00563,Liam Smith,liam.smith7763@example.com,12/08/2024,207938.00,USD,cancelled,4,AU
TX-0007764,C-00564,Sofia Brown,sofia.brown7764@example.com,01/01/2024,178443.00,USD,completed,5,DE
TX-0007765,C-00565,Ethan Wilson,ethan.wilson7765@example.com,02/06/2024,96305.00,USD,pending,6,US
TX-0007766,C-00566,Zoe Garcia,zoe.garcia7766@example.com,03/11/2024,142872.00,USD,refunded,7,CA
TX-0007767,C-00567,Mateo Nguyen,mateo.nguyen7767@example.com,04/04/2024,85020.00,USD,cancelled,8,GB
TX-0007768,C-00568,Ava Patel,ava.patel7768@example.com,05/09/2024,6080.00,USD,completed,1,AU
TX-0007769,C-00569,Noah Kim,noah.kim7769@example.com,06/02/2024,204257.00,USD,pending,2,DE
TX-0007770,C-00570,Mia Martin,mia.martin7770@example.com,07/07/2024,33656.00,USD,refunded,3,US
TX-0007771,C-00571,Liam Smith,liam.smith7771@example.com,08/12/2024,193710.00,USD,cancelled,4,CA
TX-0007772,C-00572,Sofia Brown,sofia.brown7772@example.com,09/05/2024,196147.00,USD,completed,5,GB
TX-0007773,C-00573,Ethan Wilson,ethan.wilson7773@example.com,10/10/2024,94552.00,USD,pending,6,AU
TX-0007774,C-00574,Zoe Garcia,zoe.garcia7774@example.com,11/03/2024,96733.00,USD,refunded,7,DE
TX-0007775,C-00575,Mateo Nguyen,mateo.nguyen7775@example.com,12/08/2024,48466.00,USD,cancelled,8,US
TX-0007776,C-00576,Ava Patel,ava.patel7776@example.com,01/01/2024,35040.00,USD,completed,1,CA
TX-0007777,C-00577,Noah Kim,noah.kim7777@example.com,02/06/2024,239253.00,USD,pending,2,GB
TX-0007778,C-00578,Mia Martin,mia.martin7778@example.com,03/11/2024,90120.00,USD,refunded,3,AU
TX-0007779,C-00579,Liam Smith,liam.smith7779@example.com,04/04/2024,72750.00,USD,cancelled,4,DE
TX-0007780,C-00580,Sofia Brown,sofia.brown7780@example.com,05/09/2024,53275.00,USD,completed,5,US
TX-0007781,C-00581,Ethan Wilson,ethan.wilson7781@example.com,06/02/2024,168063.00,USD,pending,6,CA
TX-0007782,C-00582,Zoe Garcia,zoe.garcia7782@example.com,07/07/2024,28930.00,USD,refunded,7,GB
TX-0007783,C-00583,Mateo Nguyen,mateo.nguyen7783@example.com,08/12/2024,45830.00, USD ,cancelled,8,AU
TX-0007784,C-00584,Ava Patel,ava.patel7784@example.com,09/05/2024,11370.00,USD,completed,1,DE
TX-0007785,C-00585,Noah Kim,noah.kim7785@example.com,10/10/2024,219741.00,USD,pending,2,USA
TX-0007786,C-00586,Mia Martin,mia.martin7786@example.com,11/03/2024,156047.00,USD,refunded,3,CA
TX-0007787,C-00587,Liam Smith,liam.smith7787@example.com,12/08/2024,96034.00,USD,cancelled,4,GB
TX-0007788,C-00588,Sofia Brown,sofia.brown7788@example.com,01/01/2024,90518.00,USD,completed,5,AU
TX-0007789,C-00589,Ethan Wilson,ethan.wilson7789@example.com,02/06/2024,9508.00,USD,pending,6,DE
TX-0007790,C-00590,Zoe Garcia,zoe.garcia7790@example.com,03/11/2024,222425.00,USD,refunded,7,US
TX-0007791,C-00591,Mateo Nguyen,mateo.nguyen7791@example.com,04/04/2024,226500.00,USD,cancelled,8,CA
TX-0007792,C-00592,Ava Patel,ava.patel7792@example.com,05/09/2024,176345.00,USD,completed,1,GB
TX-0007793,C-00593,Noah Kim,noah.kim7793@example.com,06/02/2024,13737.00,USD,pending,2,AU
TX-0007794,C-00594,Mia Martin,mia.martin7794@example.com,07/07/2024,104307.00,USD,refunded,3,DE
TX-0007795,C-00595,Liam Smith,liam.smith7795@example.com,08/12/2024,110166.00,USD,cancelled,4,US
TX-0007796,C-00596,Sofia Brown,sofia.brown7796@example.com,09/05/2024,247647.00,USD,completed,5,CA
TX-0007797,C-00597,  ETHAN WILSON  ,ethan.wilson7797@example.com,10/10/2024,166646.00,USD,pending,6,GB
TX-0007798,C-00598,Zoe Garcia,zoe.garcia7798@example.com,11/03/2024,28304.00,USD,refunded,7,AU
TX-0007799,C-00599,Mateo Nguyen,mateo.nguyen7799@example.com,12/08/2024,79146.00,USD,cancelled,8,DE
TX-0007800,C-00600,Ava Patel,ava.patel7800@example.com,01/01/2024,2050.00,USD,completed,1,US
TX-0007801,C-00601,Noah Kim,noah.kim7801@example.com,02/06/2024,79031.00,USD,pending,2,CA
TX-0007802,C-00602,Mia Martin,mia.martin7802@example.com,03/11/2024,62104.00,USD,refunded,3,GB
TX-0007803,C-00603,Liam Smith,liam.smith7803@example.com,04/04/2024,244117.00,USD,cancelled,4,AU
TX-0007804,C-00604,Sofia Brown,sofia.brown7804@example.com,05/09/2024,68437.00,USD,completed,5,DE
TX-0007805,C-00605,Ethan Wilson,ethan.wilson7805@example.com,06/02/2024,,USD,pending,6,US
TX-0007806,C-00606,Zoe Garcia,zoe.garcia7806@example.com,07/07/2024,109996.00,USD,refunded,7,CA
TX-0007807,C-00607,Mateo Nguyen,mateo.nguyen7807@example.com,08/12/2024,-7151.00,USD,cancelled,8,GB
TX-0007808,C-00608,Ava Patel,ava.patel7808@example.com,09/05/2024,159449.00,USD,completed,1,AU
TX-0007809,C-00609,Noah Kim,noah.kim7809@example.com,10/10/2024,145265.00,USD,pending,2,DE
TX-0007810,C-00610,Mia Martin,mia.martin7810@example.com,11/03/2024,208206.00,USD,refunded,3,US
TX-0007811,C-00611,Liam Smith,liam.smith7811@example.com,12/08/2024,192825.00,USD,cancelled,4,CA
TX-0007812,C-00612,Sofia Brown,sofia.brown7812@example.com,01/01/2024,118424.00,USD,completed,5,GB
TX-0007813,C-00613,Ethan Wilson,ethan.wilson7813@example.com,02/06/2024,227969.00,USD,pending,6,AU
TX-0007814,C-00614,Zoe Garcia,zoe.garcia7814@example.com,03/11/2024,32729.00,USD,refunded,7,DE
TX-0007815,C-00615,Mateo Nguyen,mateo.nguyen7815@example.com,04/04/2024,189899.00,USD,cancelled,8,US
TX-0007816,C-00616,Ava Patel,ava.patel7816@example.com,05/09/2024,205591.00,USD,completed,1,CA
TX-0007817,C-00617,Noah Kim,noah.kim7817@example.com,06/02/2024,144416.00,USD,pending,2,GB
TX-0007818,C-00618,Mia Martin,mia.martin7818@example.com,07/07/2024,18650.00,USD,refunded,3,AU
TX-0007819,C-00619,Liam Smith,liam.smith7819@example.com,08/12/2024,211499.00,USD,cancelled,4,DE
TX-0007820,C-00620,Sofia Brown,sofia.brown7820@example.com,09/05/2024,196205.00,USD,completed,5,US
TX-0007821,C-00621,Ethan Wilson,ethan.wilson7821@example.com,10/10/2024,160645.00,USD,pending,6,CA
TX-0007822,C-00622,Zoe Garcia,zoe.garcia7822@example.com,11/03/2024,238862.00,USD,refunded,7,GB
TX-0007823,C-00623,Mateo Nguyen,mateo.nguyen7823@example.com,12/08/2024,188357.00,USD,cancelled,8,AU
TX-0007824,C-00624,Ava Patel,ava.patel7824@example.com,01/01/2024,240090.00,USD,completed,1,DE
TX-0007825,C-00625,Noah Kim,noah.kim7825@example.com,02/06/2024,4657.00,USD,pending,2,US
TX-0007826,C-00626,Mia Martin,mia.martin7826@example.com,03/11/2024,195942.00,USD,refunded,3,CA
TX-0007827,C-00627,Liam Smith,liam.smith7827@example.com,04/04/2024,50235.00,USD,cancelled,4,GB
TX-0007828,C-00628,Sofia Brown,sofia.brown7828@example.com,05/09/2024,49659.00,USD,completed,5,AU
TX-0007829,C-00629,Ethan Wilson,ethan.wilson7829@example.com,06/02/2024,120378.00,USD,pending,6,DE
TX-0007830,C-00630,Zoe Garcia,zoe.garcia7830@example.com,07/07/2024,131263.00,USD,refunded,7,US
TX-0007831,C-00631,Mateo Nguyen,mateo.nguyen7831@example.com,08/12/2024,163141.00,USD,unknown,8,CA
TX-0007832,C-00632,Ava Patel,ava.patel.invalid,09/05/2024,163894.00,USD,completed,1,GB
TX-0007833,C-00633,Noah Kim,noah.kim7833@example.com,10/10/2024,88624.00,USD,pending,2,AU
TX-0007834,C-00634,Mia Martin,mia.martin7834@example.com,11/03/2024,175183.00,USD,refunded,3,DE
TX-0007835,C-00635,Liam Smith,liam.smith7835@example.com,12/08/2024,244831.00,USD,cancelled,4,US
TX-0007836,C-00636,Sofia Brown,sofia.brown7836@example.com,01/01/2024,752.00,USD,completed,5,CA
TX-0007837,C-00637,Ethan Wilson,ethan.wilson7837@example.com,02/06/2024,201126.00,USD,pending,6,GB
TX-0007838,C-00638,Zoe Garcia,zoe.garcia7838@example.com,03/11/2024,225733.00,USD,refunded,7,AU
TX-0007839,C-00639,Mateo Nguyen,mateo.nguyen7839@example.com,04/04/2024,209518.00,USD,cancelled,8,DE
TX-0007840,C-00640,Ava Patel,ava.patel7840@example.com,05/09/2024,78216.00,USD,completed,1,US
TX-0007841,C-00641,Noah Kim,noah.kim7841@example.com,06/02/2024,146334.00,USD,pending,2,CA
TX-0007842,C-00642,Mia Martin,mia.martin7842@example.com,07/07/2024,152262.00,USD,refunded,3,GB
TX-0007843,C-00643,Liam Smith,liam.smith7843@example.com,08/12/2024,184542.00,USD,cancelled,4,AU
TX-0007844,C-00644,Sofia Brown,sofia.brown7844@example.com,09/05/2024,85875.00,USD,completed,5,DE
TX-0007845,C-00645,Ethan Wilson,ethan.wilson7845@example.com,10/10/2024,97857.00,USD,pending,6,US
TX-0007846,C-00646,Zoe Garcia,zoe.garcia7846@example.com,11/03/2024,213387.00,USD,refunded,7,CA
TX-0007847,C-00647,Mateo Nguyen,mateo.nguyen7847@example.com,12/08/2024,183099.00,USD,cancelled,8,GB
TX-0007848,C-00648,Ava Patel,ava.patel7848@example.com,01/01/2024,12067.00,USD,completed,1,AU
TX-0007849,C-00649,Noah Kim,noah.kim7849@example.com,02/06/2024,146970.00,USD,pending,2,DE
TX-0007850,C-00650,Mia Martin,mia.martin7850@example.com,03/11/2024,109547.00,USD,COMPLETE,3,US
TX-0007851,C-00651,Liam Smith,liam.smith7851@example.com,04/04/2024,164655.00,USD,cancelled,4,CA
TX-0007852,C-00652,Sofia Brown,sofia.brown7852@example.com,05/09/2024,59885.00,USD,completed,5,GB
TX-0007853,C-00653,Ethan Wilson,ethan.wilson7853@example.com,06/02/2024,11610.00,USD,pending,6,AU
TX-0007854,C-00654,Zoe Garcia,zoe.garcia7854@example.com,07/07/2024,105144.00,USD,refunded,7,DE
TX-0007855,C-00655,Mateo Nguyen,mateo.nguyen7855@example.com,08/12/2024,123575.00,USD,cancelled,8,US
TX-0007856,C-00656,Ava Patel,ava.patel7856@example.com,09/05/2024,210262.00,USD,completed,1,CA
TX-0007857,C-00657,Noah Kim,,10/10/2024,152073.00,USD,pending,2,GB
TX-0007858,C-00658,Mia Martin,mia.martin7858@example.com,11/03/2024,227565.00,USD,refunded,3,AU
TX-0007859,C-00659,Liam Smith,liam.smith7859@example.com,12/08/2024,198298.00,USD,cancelled,4,DE
TX-0007860,C-00660,Sofia Brown,sofia.brown7860@example.com,01/01/2024,215633.00,USD,completed,5,us
TX-0007861,C-00661,Ethan Wilson,ethan.wilson7861@example.com,02/06/2024,58697.00,USD,pending,6,CA
TX-0007862,C-00662,Zoe Garcia,zoe.garcia7862@example.com,03/11/2024,190813.00,USD,refunded,7,GB
TX-0007863,C-00663,Mateo Nguyen,mateo.nguyen7863@example.com,04/04/2024,45230.00,USD,cancelled,8,AU
TX-0007864,C-00664,Ava Patel,ava.patel7864@example.com,05/09/2024,78240.00,USD,completed,1,DE
TX-0007865,C-00665,Noah Kim,noah.kim7865@example.com,06/02/2024,37612.00,USD,pending,2,US
TX-0007866,C-00666,Mia Martin,mia.martin7866@example.com,07/07/2024,220162.00,USD,refunded,3,CA
TX-0007867,C-00667,Liam Smith,liam.smith7867@example.com,08/12/2024,237376.00,USD,cancelled,4,GB
TX-0007868,C-00668,Sofia Brown,sofia.brown7868@example.com,09/05/2024,189023.00,USD,completed,5,AU
TX-0007869,C-00669,Ethan Wilson,ethan.wilson7869@example.com,10/10/2024,93420.00,USD,pending,6,DE
TX-0007870,C-00670,Zoe Garcia,zoe.garcia7870@example.com,11/03/2024,196684.00,USD,refunded,7,US
TX-0007871,C-00671,Mateo Nguyen,mateo.nguyen7871@example.com,12/08/2024,5804.00,USD,cancelled,8,CA
TX-0007872,C-00672,Ava Patel,ava.patel7872@example.com,01/01/2024,42331.00,USD,completed,1,GB
TX-0007873,C-00673,Noah Kim,noah.kim7873@example.com,02/06/2024,142595.00,USD,pending,2,AU
TX-0007874,C-00674,mia martin,mia.martin7874@example.com,03/11/2024,105791.00,USD,refunded,3,DE
TX-0007875,C-00675,Liam Smith,liam.smith7875@example.com,04/04/2024,53832.00,USD,cancelled,4,US
TX-0007876,C-00676,Sofia Brown,sofia.brown7876@example.com,05/09/2024,202587.00,USD,completed,5,CA
TX-0007877,C-00677,Ethan Wilson,ethan.wilson7877@example.com,06/02/2024,184720.00,USD,pending,6,GB
TX-0007878,C-00678,Zoe Garcia,zoe.garcia7878@example.com,07/07/2024,23783.00,USD,refunded,7,AU
TX-0007879,C-00679,Mateo Nguyen,mateo.nguyen7879@example.com,08/12/2024,6017.00,USD,cancelled,8,DE
TX-0007880,C-00680,Ava Patel,ava.patel7880@example.com,09/05/2024,174518.00,USD,completed,1,US
TX-0007881,C-00681,Noah Kim,noah.kim7881@example.com,10/10/2024,245941.00,USD,pending,2,CA
TX-0007882,C-00682,Mia Martin,mia.martin7882@example.com,11/03/2024,196369.00,USD,refunded,3,GB
TX-0007883,C-00683,Liam Smith,liam.smith7883@example.com,12/08/2024,44814.00,USD,cancelled,4,AU
TX-0007884,C-00684,Sofia Brown,sofia.brown7884@example.com,01/01/2024,65552.00,USD,completed,5,DE
TX-0007885,C-00685,Ethan Wilson,ethan.wilson7885@example.com,02/06/2024,212022.00,USD,pending,6,US
TX-0007886,C-00686,Zoe Garcia,zoe.garcia7886@example.com,03/11/2024,167224.00,USD,refunded,7,CA
TX-0007887,C-00687,Mateo Nguyen,mateo.nguyen7887@example.com,04/04/2024,128039.00,USD,cancelled,8,GB
TX-0007888,C-00688,Ava Patel,ava.patel7888@example.com,05/09/2024,190153.00,USD,completed,1,AU
TX-0007889,C-00689,Noah Kim,noah.kim7889@example.com,06/02/2024,199281.00,USD,pending,2,DE
TX-0007890,C-00690,Mia Martin,mia.martin7890@example.com,07/07/2024,84779.00,USD,refunded,3,US
TX-0007891,C-00691,Liam Smith,liam.smith7891@example.com,08/12/2024,104297.00,USD,cancelled,4,CA
TX-0007892,C-00692,Sofia Brown,sofia.brown7892@example.com,09/05/2024,26324.00,USD,completed,5,GB
TX-0007893,C-00693,Ethan Wilson,ethan.wilson7893@example.com,10/10/2024,33785.00,USD,pending,6,AU
TX-0007894,C-00694,Zoe Garcia,zoe.garcia7894@example.com,11/03/2024,248683.00,USD,refunded,7,DE
TX-0007895,C-00695,Mateo Nguyen,mateo.nguyen7895@example.com,12/08/2024,107291.00,USD,cancelled,8,US
TX-0007896,C-00696,Ava Patel,ava.patel7896@example.com,01/01/2024,199648.00,USD,completed,1,CA
TX-0007897,C-00697,Noah Kim,noah.kim7897@example.com,02/06/2024,41613.00,usd,pending,2,GB
TX-0007898,C-00698,Mia Martin,mia.martin7898@example.com,03/11/2024,5075.00,USD,refunded,3,AU
TX-0007899,C-00699,Liam Smith,liam.smith7899@example.com,04/04/2024,176799.00,USD,cancelled,4,DE
TX-0007900,C-00700,Sofia Brown,sofia.brown7900@example.com,05/09/2024,87126.00,USD,completed,5,US
TX-0007901,C-00701,Ethan Wilson,ethan.wilson7901@example.com,06/02/2024,239890.00,USD,pending,6,CA
TX-0007902,C-00702,Zoe Garcia,zoe.garcia7902@example.com,07/07/2024,202815.00,USD,refunded,7,GB
TX-0007903,C-00703,Mateo Nguyen,mateo.nguyen7903@example.com,08/12/2024,248257.00,USD,cancelled,8,AU
TX-0007904,C-00704,Ava Patel,ava.patel7904@example.com,09/05/2024,64875.00,USD,completed,1,DE
TX-0007905,C-00705,Noah Kim,noah.kim7905@example.com,10/10/2024,64646.00,USD,pending,2,US
TX-0007906,C-00706,Mia Martin,mia.martin7906@example.com,11/03/2024,139038.00,USD,refunded,3,CA
TX-0007907,C-00707,Liam Smith,liam.smith7907@example.com,12/08/2024,243997.00,USD,cancelled,4,GB
TX-0007908,C-00708,Sofia Brown,sofia.brown7908@example.com,01/01/2024,30693.00,USD,completed,5,AU
TX-0007909,C-00709,Ethan Wilson,ethan.wilson7909@example.com,02/06/2024,218449.00,USD,pending,6,DE
TX-0007910,C-00710,  ZOE GARCIA  ,zoe.garcia7910@example.com,03/11/2024,66724.00,USD,refunded,7,US
TX-0007911,C-00711,Mateo Nguyen,mateo.nguyen7911@example.com,04/04/2024,203798.00,USD,cancelled,8,CA
TX-0007912,C-00712,Ava Patel,ava.patel7912@example.com,05/09/2024,130629.00,USD,completed,1,GB
TX-0007913,C-00713,Noah Kim,noah.kim7913@example.com,06/02/2024,69048.00,USD,pending,2,AU
TX-0007914,C-00714,Mia Martin,mia.martin7914@example.com,07/07/2024,120414.00,USD,refunded,3,DE
TX-0007915,C-00715,Liam Smith,liam.smith7915@example.com,08/12/2024,166702.00,USD,cancelled,4,US
TX-0007916,C-00716,Sofia Brown,sofia.brown7916@example.com,09/05/2024,109815.00,USD,completed,5,CA
TX-0007917,C-00717,Ethan Wilson,ethan.wilson7917@example.com,10/10/2024,242380.00,USD,pending,6,GB
TX-0007918,C-00718,Zoe Garcia,zoe.garcia7918@example.com,11/03/2024,85970.00,USD,refunded,7,AU
TX-0007919,C-00719,Mateo Nguyen,mateo.nguyen7919@example.com,12/08/2024,112251.00,USD,cancelled,8,DE
TX-0007920,C-00720,Ava Patel,ava.patel7920@example.com,01/01/2024,248245.00,USD,completed,1,US
TX-0007921,C-00721,Noah Kim,noah.kim.invalid,02/06/2024,243414.00,USD,pending,2,CA
TX-0007922,C-00722,Mia Martin,mia.martin7922@example.com,03/11/2024,104650.00,USD,refunded,3,GB
TX-0007923,C-00723,Liam Smith,liam.smith7923@example.com,04/04/2024,217776.00,USD,cancelled,4,AU
TX-0007924,C-00724,Sofia Brown,sofia.brown7924@example.com,05/09/2024,108896.00,USD,completed,5,DE
TX-0007925,C-00725,Ethan Wilson,ethan.wilson7925@example.com,06/02/2024,103938.00,USD,pending,6,US
TX-0007926,C-00726,Zoe Garcia,zoe.garcia7926@example.com,07/07/2024,35025.00,USD,refunded,7,CA
TX-0007927,C-00727,Mateo Nguyen,mateo.nguyen7927@example.com,08/12/2024,18544.00,USD,cancelled,8,GB
TX-0007928,C-00728,Ava Patel,ava.patel7928@example.com,09/05/2024,96564.00,USD,completed,1,AU
TX-0007929,C-00729,Noah Kim,noah.kim7929@example.com,10/10/2024,53592.00,USD,pending,2,DE
TX-0007930,C-00730,Mia Martin,mia.martin7930@example.com,11/03/2024,166839.00,USD,refunded,3,US
TX-0007931,C-00731,Liam Smith,liam.smith7931@example.com,12/08/2024,163627.00,USD,cancelled,4,CA
TX-0007932,C-00732,Sofia Brown,sofia.brown7932@example.com,01/01/2024,243192.00,USD,completed,5,GB
TX-0007933,C-00733,Ethan Wilson,ethan.wilson7933@example.com,02/06/2024,148756.00,USD,pending,6,AU
TX-0007934,C-00734,Zoe Garcia,zoe.garcia7934@example.com,03/11/2024,57081.00,USD,refunded,7,DE
TX-0007935,C-00735,Mateo Nguyen,mateo.nguyen7935@example.com,04/04/2024,9875.00,USD,cancelled,8,US
TX-0007936,C-00736,Ava Patel,ava.patel7936@example.com,05/09/2024,226671.00,USD,completed,1,CA
TX-0007937,C-00737,Noah Kim,noah.kim7937@example.com,06/02/2024,57425.00,USD,pending,2,GB
TX-0007938,C-00738,Mia Martin,mia.martin7938@example.com,07/07/2024,29452.00,USD,refunded,3,AU
TX-0007939,C-00739,Liam Smith,liam.smith7939@example.com,08/12/2024,195186.00,USD,cancelled,4,DE
TX-0007940,C-00740,Sofia Brown,sofia.brown7940@example.com,09/05/2024,30764.00,USD,completed,5,US
TX-0007941,C-00741,Ethan Wilson,ethan.wilson7941@example.com,10/10/2024,216105.00,USD,pending,6,CA
TX-0007942,C-00742,Zoe Garcia,zoe.garcia7942@example.com,11/03/2024,99332.00,USD,refunded,7,GB
TX-0007943,C-00743,Mateo Nguyen,mateo.nguyen7943@example.com,12/08/2024,140495.00,USD,cancelled,8,AU
TX-0007944,C-00744,Ava Patel,ava.patel7944@example.com,01/01/2024,56966.00,USD,completed,1,DE
TX-0007945,C-00745,Noah Kim,noah.kim7945@example.com,02/06/2024,105386.00,USD,pending,2,US
TX-0007946,C-00746,Mia Martin,mia.martin7946@example.com,03/11/2024,195808.00,USD,refunded,3,CA
TX-0007947,C-00747,Liam Smith,liam.smith7947@example.com,04/04/2024,120651.00,USD,cancelled,4,GB
TX-0007948,C-00748,Sofia Brown,sofia.brown7948@example.com,05/09/2024,6294.00,USD,completed,5,AU
TX-0007949,C-00749,Ethan Wilson,ethan.wilson7949@example.com,06/02/2024,216205.00,USD,pending,6,DE
TX-0007950,C-00750,Zoe Garcia,zoe.garcia7950@example.com,07/07/2024,123987.00,USD,refunded,7,US
TX-0007951,C-00751,Mateo Nguyen,mateo.nguyen7951@example.com,08/12/2024,22708.00,USD,cancelled,8,CA
TX-0007952,C-00752,Ava Patel,ava.patel7952@example.com,09/05/2024,53695.00,USD,completed,1,GB
TX-0007953,C-00753,Noah Kim,noah.kim7953@example.com,10/10/2024,72767.00,USD,pending,2,AU
TX-0007954,C-00754,Mia Martin,,11/03/2024,109132.00,USD,refunded,3,DE
TX-0007955,C-00755,Liam Smith,liam.smith7955@example.com,12/08/2024,46369.00,USD,cancelled,4,US
TX-0007956,C-00756,Sofia Brown,sofia.brown7956@example.com,01/01/2024,149900.00,USD,completed,5,CA
TX-0007957,C-00757,Ethan Wilson,ethan.wilson7957@example.com,02/06/2024,152619.00,USD,pending,6,GB
TX-0007958,C-00758,Zoe Garcia,zoe.garcia7958@example.com,03/11/2024,58453.00,USD,refunded,7,USA
TX-0007959,C-00759,Mateo Nguyen,mateo.nguyen7959@example.com,04/04/2024,4033.00,USD,cancelled,8,DE
TX-0007960,C-00760,Ava Patel,ava.patel7960@example.com,05/09/2024,5848.00,USD,completed,1,US
TX-0007961,C-00761,Noah Kim,noah.kim7961@example.com,06/02/2024,167515.00,USD,pending,2,CA
TX-0007962,C-00762,Mia Martin,mia.martin7962@example.com,07/07/2024,92745.00,USD,refunded,3,GB
TX-0007963,C-00763,Liam Smith,liam.smith7963@example.com,08/12/2024,216614.00,USD,cancelled,4,AU
TX-0007964,C-00764,Sofia Brown,sofia.brown7964@example.com,09/05/2024,156213.00, USD ,completed,5,DE
TX-0007965,C-00765,Ethan Wilson,ethan.wilson7965@example.com,10/10/2024,28379.00,USD,pending,6,US
TX-0007966,C-00766,Zoe Garcia,zoe.garcia7966@example.com,11/03/2024,205656.00,USD,refunded,7,CA
TX-0007967,C-00767,Mateo Nguyen,mateo.nguyen7967@example.com,12/08/2024,227857.00,USD,cancelled,8,GB
TX-0007968,C-00768,Ava Patel,ava.patel7968@example.com,01/01/2024,52240.00,USD,completed,1,AU
TX-0007969,C-00769,Noah Kim,noah.kim7969@example.com,02/06/2024,18238.00,USD,pending,2,DE
TX-0007970,C-00770,Mia Martin,mia.martin7970@example.com,03/11/2024,182395.00,USD,refunded,3,US
TX-0007971,C-00771,Liam Smith,liam.smith7971@example.com,04/04/2024,180372.00,USD,cancelled,4,CA
TX-0007972,C-00772,Sofia Brown,sofia.brown7972@example.com,05/09/2024,57184.00,USD,completed,5,GB
TX-0007973,C-00773,Ethan Wilson,ethan.wilson7973@example.com,06/02/2024,168249.00,USD,pending,6,AU
TX-0007974,C-00774,Zoe Garcia,zoe.garcia7974@example.com,07/07/2024,69437.00,USD,refunded,7,DE
TX-0007975,C-00775,Mateo Nguyen,mateo.nguyen7975@example.com,08/12/2024,112586.00,USD,cancelled,8,US
TX-0007976,C-00776,Ava Patel,ava.patel7976@example.com,09/05/2024,203636.00,USD,completed,1,CA
TX-0007977,C-00777,Noah Kim,noah.kim7977@example.com,10/10/2024,127283.00,USD,pending,2,GB
TX-0007978,C-00778,Mia Martin,mia.martin7978@example.com,11/03/2024,121138.00,USD,refunded,3,AU
TX-0007979,C-00779,Liam Smith,liam.smith7979@example.com,12/08/2024,24225.00,USD,cancelled,4,DE
TX-0007980,C-00780,Sofia Brown,sofia.brown7980@example.com,01/01/2024,121254.00,USD,completed,5,US
TX-0007981,C-00781,Ethan Wilson,ethan.wilson7981@example.com,02/06/2024,122409.00,USD,pending,6,CA
TX-0007982,C-00782,Zoe Garcia,zoe.garcia7982@example.com,03/11/2024,141129.00,USD,refunded,7,GB
TX-0007983,C-00783,Mateo Nguyen,mateo.nguyen7983@example.com,04/04/2024,215325.00,USD,cancelled,8,AU
TX-0007984,C-00784,Ava Patel,ava.patel7984@example.com,05/09/2024,63997.00,USD,completed,1,DE
TX-0007985,C-00785,Noah Kim,noah.kim7985@example.com,06/02/2024,184645.00,USD,pending,2,US
TX-0007986,C-00786,Mia Martin,mia.martin7986@example.com,07/07/2024,8035.00,USD,refunded,3,CA
TX-0007987,C-00787,Liam Smith,liam.smith7987@example.com,08/12/2024,147649.00,USD,cancelled,4,GB
TX-0007988,C-00788,Sofia Brown,sofia.brown7988@example.com,09/05/2024,220492.00,USD,completed,5,AU
TX-0007989,C-00789,Ethan Wilson,ethan.wilson7989@example.com,10/10/2024,120948.00,USD,pending,6,DE
TX-0007990,C-00790,Zoe Garcia,zoe.garcia7990@example.com,11/03/2024,175871.00,USD,refunded,7,US
TX-0007991,C-00791,Mateo Nguyen,mateo.nguyen7991@example.com,12/08/2024,83600.00,USD,cancelled,8,ca
TX-0007992,C-00792,Ava Patel,ava.patel7992@example.com,01/01/2024,88540.00,USD,completed,1,GB
TX-0007993,C-00793,Noah Kim,noah.kim7993@example.com,02/06/2024,159691.00,USD,pending,2,AU
TX-0007994,C-00794,Mia Martin,mia.martin7994@example.com,03/11/2024,112376.00,USD,refunded,3,DE
TX-0007995,C-00795,Liam Smith,liam.smith7995@example.com,04/04/2024,76091.00,USD,cancelled,4,US
TX-0007996,C-00796,Sofia Brown,sofia.brown7996@example.com,05/09/2024,41577.00,USD,completed,5,CA
TX-0007997,C-00797,Ethan Wilson,ethan.wilson7997@example.com,06/02/2024,169995.00,USD,pending,6,GB
TX-0007998,C-00798,Zoe Garcia,zoe.garcia7998@example.com,07/07/2024,21895.00,USD,refunded,7,AU
TX-0007999,C-00799,Mateo Nguyen,mateo.nguyen7999@example.com,08/12/2024,80182.00,USD,cancelled,8,DE
TX-0008000,C-00800,Ava Patel,ava.patel8000@example.com,09/05/2024,248160.00,USD,completed,1,US
TX-0008001,C-00801,noah kim,noah.kim8001@example.com,10/10/2024,146251.00,USD,pending,2,CA
TX-0008002,C-00802,Mia Martin,mia.martin8002@example.com,11/03/2024,99245.00,USD,refunded,3,GB
TX-0008003,C-00803,Liam Smith,liam.smith8003@example.com,12/08/2024,17429.00,USD,cancelled,4,AU
TX-0008004,C-00804,Sofia Brown,sofia.brown8004@example.com,01/01/2024,126936.00,USD,completed,5,DE
TX-0008005,C-00805,Ethan Wilson,ethan.wilson8005@example.com,02/06/2024,147865.00,USD,pending,6,US
TX-0008006,C-00806,Zoe Garcia,zoe.garcia8006@example.com,03/11/2024,184740.00,USD,refunded,7,CA
TX-0008007,C-00807,Mateo Nguyen,mateo.nguyen8007@example.com,04/04/2024,185599.00,USD,COMPLETE,8,GB
TX-0008008,C-00808,Ava Patel,ava.patel8008@example.com,05/09/2024,2211.00,USD,completed,1,AU
TX-0008009,C-00809,Noah Kim,noah.kim8009@example.com,06/02/2024,143426.00,USD,pending,2,DE
TX-0008010,C-00810,Mia Martin,mia.martin.invalid,07/07/2024,228318.00,USD,refunded,3,US
TX-0008011,C-00811,Liam Smith,liam.smith8011@example.com,08/12/2024,69492.00,USD,cancelled,4,CA
TX-0008012,C-00812,Sofia Brown,sofia.brown8012@example.com,09/05/2024,187281.00,USD,completed,5,GB
TX-0008013,C-00813,Ethan Wilson,ethan.wilson8013@example.com,10/10/2024,145622.00,USD,pending,6,AU
TX-0008014,C-00814,Zoe Garcia,zoe.garcia8014@example.com,11/03/2024,237678.00,USD,refunded,7,DE
TX-0008015,C-00815,Mateo Nguyen,mateo.nguyen8015@example.com,12/08/2024,98100.00,USD,cancelled,8,US
TX-0008016,C-00816,Ava Patel,ava.patel8016@example.com,01/01/2024,224731.00,USD,completed,1,CA
TX-0008017,C-00817,Noah Kim,noah.kim8017@example.com,02/06/2024,61174.00,USD,pending,2,GB
TX-0008018,C-00818,Mia Martin,mia.martin8018@example.com,03/11/2024,-2452.00,USD,refunded,3,AU
TX-0008019,C-00819,Liam Smith,liam.smith8019@example.com,04/04/2024,236619.00,USD,cancelled,4,DE
TX-0008020,C-00820,Sofia Brown,sofia.brown8020@example.com,05/09/2024,111234.00,USD,completed,5,US
TX-0008021,C-00821,Ethan Wilson,ethan.wilson8021@example.com,06/02/2024,95354.00,USD,pending,6,CA
TX-0008022,C-00822,Zoe Garcia,zoe.garcia8022@example.com,07/07/2024,240738.00,USD,unknown,7,GB
TX-0008023,C-00823,  MATEO NGUYEN  ,mateo.nguyen8023@example.com,08/12/2024,116245.00,USD,cancelled,8,AU
TX-0008024,C-00824,Ava Patel,ava.patel8024@example.com,09/05/2024,136347.00,USD,completed,1,DE
TX-0008025,C-00825,Noah Kim,noah.kim8025@example.com,10/10/2024,233784.00,USD,pending,2,US
TX-0008026,C-00826,Mia Martin,mia.martin8026@example.com,11/03/2024,93754.00,USD,refunded,3,CA
TX-0008027,C-00827,Liam Smith,liam.smith8027@example.com,12/08/2024,29673.00,USD,cancelled,4,GB
TX-0008028,C-00828,Sofia Brown,sofia.brown8028@example.com,01/01/2024,,USD,completed,5,AU
TX-0008029,C-00829,Ethan Wilson,ethan.wilson8029@example.com,02/06/2024,144986.00,USD,pending,6,DE
TX-0008030,C-00830,Zoe Garcia,zoe.garcia8030@example.com,03/11/2024,157646.00,USD,refunded,7,US
TX-0008031,C-00831,Mateo Nguyen,mateo.nguyen8031@example.com,04/04/2024,48510.00,USD,cancelled,8,CA
TX-0008032,C-00832,Ava Patel,ava.patel8032@example.com,05/09/2024,236410.00,USD,completed,1,GB
TX-0008033,C-00833,Noah Kim,noah.kim8033@example.com,06/02/2024,20258.00,USD,pending,2,AU
TX-0008034,C-00834,Mia Martin,mia.martin8034@example.com,07/07/2024,238454.00,USD,refunded,3,DE
TX-0008035,C-00835,Liam Smith,liam.smith8035@example.com,08/12/2024,184583.00,USD,cancelled,4,US
TX-0008036,C-00836,Sofia Brown,sofia.brown8036@example.com,09/05/2024,23133.00,USD,completed,5,CA
TX-0008037,C-00837,Ethan Wilson,ethan.wilson8037@example.com,10/10/2024,194481.00,USD,pending,6,GB
TX-0008038,C-00838,Zoe Garcia,zoe.garcia8038@example.com,11/03/2024,199123.00,USD,refunded,7,AU
TX-0008039,C-00839,Mateo Nguyen,mateo.nguyen8039@example.com,12/08/2024,56799.00,USD,cancelled,8,DE
TX-0008040,C-00840,Ava Patel,ava.patel8040@example.com,01/01/2024,213380.00,USD,completed,1,US
TX-0008041,C-00841,Noah Kim,noah.kim8041@example.com,02/06/2024,116989.00,USD,pending,2,CA
TX-0008042,C-00842,Mia Martin,mia.martin8042@example.com,03/11/2024,162559.00,USD,refunded,3,GB
TX-0008043,C-00843,Liam Smith,liam.smith8043@example.com,04/04/2024,195610.00,USD,cancelled,4,AU
TX-0008044,C-00844,Sofia Brown,sofia.brown8044@example.com,05/09/2024,16265.00,USD,completed,5,DE
TX-0008045,C-00845,Ethan Wilson,ethan.wilson8045@example.com,06/02/2024,72346.00,USD,pending,6,US
TX-0008046,C-00846,Zoe Garcia,zoe.garcia8046@example.com,07/07/2024,188308.00,usd,refunded,7,CA
TX-0008047,C-00847,Mateo Nguyen,mateo.nguyen8047@example.com,08/12/2024,210175.00,USD,cancelled,8,GB
TX-0008048,C-00848,Ava Patel,ava.patel8048@example.com,09/05/2024,173355.00,USD,completed,1,AU
TX-0008049,C-00849,Noah Kim,noah.kim8049@example.com,10/10/2024,245843.00,USD,pending,2,DE
TX-0008050,C-00850,Mia Martin,mia.martin8050@example.com,11/03/2024,75045.00,USD,refunded,3,US
TX-0008051,C-00851,Liam Smith,,12/08/2024,84374.00,USD,cancelled,4,CA
TX-0008052,C-00852,Sofia Brown,sofia.brown8052@example.com,01/01/2024,6978.00,USD,completed,5,GB
TX-0008053,C-00853,Ethan Wilson,ethan.wilson8053@example.com,02/06/2024,150601.00,USD,pending,6,AU
TX-0008054,C-00854,Zoe Garcia,zoe.garcia8054@example.com,03/11/2024,116687.00,USD,refunded,7,DE
TX-0008055,C-00855,Mateo Nguyen,mateo.nguyen8055@example.com,04/04/2024,64238.00,USD,cancelled,8,US
TX-0008056,C-00856,Ava Patel,ava.patel8056@example.com,05/09/2024,165197.00,USD,completed,1,CA
TX-0008057,C-00857,Noah Kim,noah.kim8057@example.com,06/02/2024,58330.00,USD,pending,2,GB
TX-0008058,C-00858,Mia Martin,mia.martin8058@example.com,07/07/2024,143800.00,USD,refunded,3,AU
TX-0008059,C-00859,Liam Smith,liam.smith8059@example.com,08/12/2024,6247.00,USD,cancelled,4,DE
TX-0008060,C-00860,Sofia Brown,sofia.brown8060@example.com,09/05/2024,180880.00,USD,completed,5,US
TX-0008061,C-00861,Ethan Wilson,ethan.wilson8061@example.com,10/10/2024,95063.00,USD,pending,6,CA
TX-0008062,C-00862,Zoe Garcia,zoe.garcia8062@example.com,11/03/2024,241574.00,USD,refunded,7,GB
TX-0008063,C-00863,Mateo Nguyen,mateo.nguyen8063@example.com,12/08/2024,66185.00,USD,cancelled,8,AU
TX-0008064,C-00864,Ava Patel,ava.patel8064@example.com,01/01/2024,245909.00,USD,completed,1,DE
TX-0008065,C-00865,Noah Kim,noah.kim8065@example.com,02/06/2024,82883.00,USD,pending,2,US
TX-0008066,C-00866,Mia Martin,mia.martin8066@example.com,03/11/2024,143450.00,USD,refunded,3,CA
TX-0008067,C-00867,Liam Smith,liam.smith8067@example.com,04/04/2024,190716.00,USD,cancelled,4,GB
TX-0008068,C-00868,Sofia Brown,sofia.brown8068@example.com,05/09/2024,187862.00,USD,completed,5,AU
TX-0008069,C-00869,Ethan Wilson,ethan.wilson8069@example.com,06/02/2024,65877.00,USD,pending,6,DE
TX-0008070,C-00870,Zoe Garcia,zoe.garcia8070@example.com,07/07/2024,81667.00,USD,refunded,7,US
TX-0008071,C-00871,Mateo Nguyen,mateo.nguyen8071@example.com,08/12/2024,218453.00,USD,cancelled,8,CA
TX-0008072,C-00872,Ava Patel,ava.patel8072@example.com,09/05/2024,78980.00,USD,completed,1,GB
TX-0008073,C-00873,Noah Kim,noah.kim8073@example.com,10/10/2024,108486.00,USD,pending,2,AU
TX-0008074,C-00874,Mia Martin,mia.martin8074@example.com,11/03/2024,156530.00,USD,refunded,3,DE
TX-0008075,C-00875,Liam Smith,liam.smith8075@example.com,12/08/2024,43406.00,USD,cancelled,4,US
TX-0008076,C-00876,Sofia Brown,sofia.brown8076@example.com,01/01/2024,163649.00,USD,completed,5,CA
TX-0008077,C-00877,Ethan Wilson,ethan.wilson8077@example.com,02/06/2024,77672.00,USD,pending,6,GB
TX-0008078,C-00878,Zoe Garcia,zoe.garcia8078@example.com,03/11/2024,204874.00,USD,refunded,7,AU
TX-0008079,C-00879,Mateo Nguyen,mateo.nguyen8079@example.com,04/04/2024,119908.00,USD,cancelled,8,DE
TX-0008080,C-00880,Ava Patel,ava.patel8080@example.com,05/09/2024,120207.00,USD,completed,1,US
TX-0008081,C-00881,Noah Kim,noah.kim8081@example.com,06/02/2024,198782.00,USD,pending,2,CA
TX-0008082,C-00882,Mia Martin,mia.martin8082@example.com,07/07/2024,135831.00,USD,refunded,3,GB
TX-0008083,C-00883,Liam Smith,liam.smith8083@example.com,08/12/2024,23296.00,USD,cancelled,4,AU
TX-0008084,C-00884,Sofia Brown,sofia.brown8084@example.com,09/05/2024,59787.00,USD,completed,5,DE
TX-0008085,C-00885,Ethan Wilson,ethan.wilson8085@example.com,10/10/2024,54546.00,USD,pending,6,US
TX-0008086,C-00886,Zoe Garcia,zoe.garcia8086@example.com,11/03/2024,56847.00,USD,refunded,7,CA
TX-0008087,C-00887,Mateo Nguyen,mateo.nguyen8087@example.com,12/08/2024,64049.00,USD,cancelled,8,GB
TX-0008088,C-00888,Ava Patel,ava.patel8088@example.com,01/01/2024,138423.00,USD,completed,1,AU
TX-0008089,C-00889,Noah Kim,noah.kim8089@example.com,02/06/2024,25084.00,USD,pending,2,DE
TX-0008090,C-00890,Mia Martin,mia.martin8090@example.com,03/11/2024,188122.00,USD,refunded,3,US
TX-0008091,C-00891,Liam Smith,liam.smith8091@example.com,04/04/2024,6475.00,USD,cancelled,4,CA
TX-0008092,C-00892,Sofia Brown,sofia.brown8092@example.com,05/09/2024,139166.00,USD,completed,5,GB
TX-0008093,C-00893,Ethan Wilson,ethan.wilson8093@example.com,06/02/2024,12683.00,USD,pending,6,AU
TX-0008094,C-00894,Zoe Garcia,zoe.garcia8094@example.com,07/07/2024,184926.00,USD,refunded,7,DE
TX-0008095,C-00895,Mateo Nguyen,mateo.nguyen8095@example.com,08/12/2024,173095.00,USD,cancelled,8,US
TX-0008096,C-00896,Ava Patel,ava.patel8096@example.com,09/05/2024,126434.00,USD,completed,1,CA
TX-0008097,C-00897,Noah Kim,noah.kim8097@example.com,10/10/2024,186987.00,USD,pending,2,GB
TX-0008098,C-00898,Mia Martin,mia.martin8098@example.com,11/03/2024,240065.00,USD,refunded,3,AU
TX-0008099,C-00899,Liam Smith,liam.smith.invalid,12/08/2024,175621.00,USD,cancelled,4,DE
TX-0008100,C-00900,Sofia Brown,sofia.brown8100@example.com,01/01/2024,227010.00,USD,completed,5,US
TX-0008101,C-00901,Ethan Wilson,ethan.wilson8101@example.com,02/06/2024,165593.00,USD,pending,6,CA
TX-0008102,C-00902,Zoe Garcia,zoe.garcia8102@example.com,03/11/2024,45543.00,USD,refunded,7,GB
TX-0008103,C-00903,Mateo Nguyen,mateo.nguyen8103@example.com,04/04/2024,179384.00,USD,cancelled,8,AU
TX-0008104,C-00904,Ava Patel,ava.patel8104@example.com,05/09/2024,244488.00,USD,completed,1,DE
TX-0008105,C-00905,Noah Kim,noah.kim8105@example.com,06/02/2024,161733.00,USD,pending,2,US
TX-0008106,C-00906,Mia Martin,mia.martin8106@example.com,07/07/2024,231551.00,USD,refunded,3,CA
TX-0008107,C-00907,Liam Smith,liam.smith8107@example.com,08/12/2024,170500.00,USD,cancelled,4,GB
TX-0008108,C-00908,Sofia Brown,sofia.brown8108@example.com,09/05/2024,63872.00,USD,completed,5,AU
TX-0008109,C-00909,Ethan Wilson,ethan.wilson8109@example.com,10/10/2024,151447.00,USD,pending,6,DE
TX-0008110,C-00910,Zoe Garcia,zoe.garcia8110@example.com,11/03/2024,71789.00,USD,refunded,7,US
TX-0008111,C-00911,Mateo Nguyen,mateo.nguyen8111@example.com,12/08/2024,33259.00,USD,cancelled,8,CA
TX-0008112,C-00912,Ava Patel,ava.patel8112@example.com,01/01/2024,146540.00,USD,completed,1,GB
TX-0008113,C-00913,Noah Kim,noah.kim8113@example.com,02/06/2024,216103.00,USD,pending,2,AU
TX-0008114,C-00914,Mia Martin,mia.martin8114@example.com,03/11/2024,19713.00,USD,refunded,3,DE
TX-0008115,C-00915,Liam Smith,liam.smith8115@example.com,04/04/2024,119684.00,USD,cancelled,4,US
TX-0008116,C-00916,Sofia Brown,sofia.brown8116@example.com,05/09/2024,239044.00,USD,completed,5,CA
TX-0008117,C-00917,Ethan Wilson,ethan.wilson8117@example.com,06/02/2024,231737.00,USD,pending,6,GB
TX-0008118,C-00918,Zoe Garcia,zoe.garcia8118@example.com,07/07/2024,26606.00,USD,refunded,7,AU
TX-0008119,C-00919,Mateo Nguyen,mateo.nguyen8119@example.com,08/12/2024,64662.00,USD,cancelled,8,DE
TX-0008120,C-00920,Ava Patel,ava.patel8120@example.com,09/05/2024,206841.00,USD,completed,1,US
TX-0008121,C-00921,Noah Kim,noah.kim8121@example.com,10/10/2024,156556.00,USD,pending,2,CA
TX-0008122,C-00922,Mia Martin,mia.martin8122@example.com,11/03/2024,140023.00,USD,refunded,3,gb
TX-0008123,C-00923,Liam Smith,liam.smith8123@example.com,12/08/2024,197837.00,USD,cancelled,4,AU
TX-0008124,C-00924,Sofia Brown,sofia.brown8124@example.com,01/01/2024,24150.00,USD,completed,5,DE
TX-0008125,C-00925,Ethan Wilson,ethan.wilson8125@example.com,02/06/2024,108493.00,USD,pending,6,US
TX-0008126,C-00926,Zoe Garcia,zoe.garcia8126@example.com,03/11/2024,40337.00,USD,refunded,7,CA
TX-0008127,C-00927,Mateo Nguyen,mateo.nguyen8127@example.com,04/04/2024,166979.00,USD,cancelled,8,GB
TX-0008128,C-00928,ava patel,ava.patel8128@example.com,05/09/2024,23664.00,USD,completed,1,AU
TX-0008129,C-00929,Noah Kim,noah.kim8129@example.com,06/02/2024,36428.00,USD,pending,2,DE
TX-0008130,C-00930,Mia Martin,mia.martin8130@example.com,07/07/2024,91510.00,USD,refunded,3,US
TX-0008131,C-00931,Liam Smith,liam.smith8131@example.com,08/12/2024,147648.00,USD,cancelled,4,USA
TX-0008132,C-00932,Sofia Brown,sofia.brown8132@example.com,09/05/2024,18611.00,USD,completed,5,GB
TX-0008133,C-00933,Ethan Wilson,ethan.wilson8133@example.com,10/10/2024,115051.00,USD,pending,6,AU
TX-0008134,C-00934,Zoe Garcia,zoe.garcia8134@example.com,11/03/2024,18021.00,USD,refunded,7,DE
TX-0008135,C-00935,Mateo Nguyen,mateo.nguyen8135@example.com,12/08/2024,2334.00,USD,cancelled,8,US
TX-0008136,C-00936,  AVA PATEL  ,ava.patel8136@example.com,01/01/2024,872.00,USD,completed,1,CA
TX-0008137,C-00937,Noah Kim,noah.kim8137@example.com,02/06/2024,137534.00,USD,pending,2,GB
TX-0008138,C-00938,Mia Martin,mia.martin8138@example.com,03/11/2024,115120.00,USD,refunded,3,AU
TX-0008139,C-00939,Liam Smith,liam.smith8139@example.com,04/04/2024,190502.00,USD,cancelled,4,DE
TX-0008140,C-00940,Sofia Brown,sofia.brown8140@example.com,05/09/2024,17446.00,USD,completed,5,US
TX-0008141,C-00941,Ethan Wilson,ethan.wilson8141@example.com,06/02/2024,123487.00,USD,pending,6,CA
TX-0008142,C-00942,Zoe Garcia,zoe.garcia8142@example.com,07/07/2024,233724.00,USD,refunded,7,GB
TX-0008143,C-00943,Mateo Nguyen,mateo.nguyen8143@example.com,08/12/2024,893.00,USD,cancelled,8,AU
TX-0008144,C-00944,Ava Patel,ava.patel8144@example.com,09/05/2024,167582.00,USD,completed,1,DE
TX-0008145,C-00945,Noah Kim,noah.kim8145@example.com,10/10/2024,169179.00, USD ,pending,2,US
TX-0008146,C-00946,Mia Martin,mia.martin8146@example.com,11/03/2024,125199.00,USD,refunded,3,CA
TX-0008147,C-00947,Liam Smith,liam.smith8147@example.com,12/08/2024,76539.00,USD,cancelled,4,GB
TX-0008148,C-00948,Sofia Brown,,01/01/2024,92785.00,USD,completed,5,AU
TX-0008149,C-00949,Ethan Wilson,ethan.wilson8149@example.com,02/06/2024,126467.00,USD,pending,6,DE
TX-0008150,C-00950,Zoe Garcia,zoe.garcia8150@example.com,03/11/2024,219465.00,USD,refunded,7,US
TX-0008151,C-00951,Mateo Nguyen,mateo.nguyen8151@example.com,04/04/2024,37780.00,USD,cancelled,8,CA
TX-0008152,C-00952,Ava Patel,ava.patel8152@example.com,05/09/2024,139249.00,USD,completed,1,GB
TX-0008153,C-00953,Noah Kim,noah.kim8153@example.com,06/02/2024,70362.00,USD,pending,2,AU
TX-0008154,C-00954,Mia Martin,mia.martin8154@example.com,07/07/2024,206643.00,USD,refunded,3,DE
TX-0008155,C-00955,Liam Smith,liam.smith8155@example.com,08/12/2024,232195.00,USD,cancelled,4,US
TX-0008156,C-00956,Sofia Brown,sofia.brown8156@example.com,09/05/2024,241831.00,USD,completed,5,CA
TX-0008157,C-00957,Ethan Wilson,ethan.wilson8157@example.com,10/10/2024,184802.00,USD,pending,6,GB
TX-0008158,C-00958,Zoe Garcia,zoe.garcia8158@example.com,11/03/2024,120345.00,USD,refunded,7,AU
TX-0008159,C-00959,Mateo Nguyen,mateo.nguyen8159@example.com,12/08/2024,55076.00,USD,cancelled,8,DE
TX-0008160,C-00960,Ava Patel,ava.patel8160@example.com,01/01/2024,168632.00,USD,completed,1,US
TX-0008161,C-00961,Noah Kim,noah.kim8161@example.com,02/06/2024,239627.00,USD,pending,2,CA
TX-0008162,C-00962,Mia Martin,mia.martin8162@example.com,03/11/2024,184559.00,USD,refunded,3,GB
TX-0008163,C-00963,Liam Smith,liam.smith8163@example.com,04/04/2024,148613.00,USD,cancelled,4,AU
TX-0008164,C-00964,Sofia Brown,sofia.brown8164@example.com,05/09/2024,193581.00,USD,COMPLETE,5,DE
TX-0008165,C-00965,Ethan Wilson,ethan.wilson8165@example.com,06/02/2024,116561.00,USD,pending,6,US
TX-0008166,C-00966,Zoe Garcia,zoe.garcia8166@example.com,07/07/2024,22089.00,USD,refunded,7,CA
TX-0008167,C-00967,Mateo Nguyen,mateo.nguyen8167@example.com,08/12/2024,137875.00,USD,cancelled,8,GB
TX-0008168,C-00968,Ava Patel,ava.patel8168@example.com,09/05/2024,4771.00,USD,completed,1,AU
TX-0008169,C-00969,Noah Kim,noah.kim8169@example.com,10/10/2024,29444.00,USD,pending,2,DE
TX-0008170,C-00970,Mia Martin,mia.martin8170@example.com,11/03/2024,192585.00,USD,refunded,3,US
TX-0008171,C-00971,Liam Smith,liam.smith8171@example.com,12/08/2024,60213.00,USD,cancelled,4,CA
TX-0008172,C-00972,Sofia Brown,sofia.brown8172@example.com,01/01/2024,123409.00,USD,completed,5,GB
TX-0008173,C-00973,Ethan Wilson,ethan.wilson8173@example.com,02/06/2024,138066.00,USD,pending,6,AU
TX-0008174,C-00974,Zoe Garcia,zoe.garcia8174@example.com,03/11/2024,106423.00,USD,refunded,7,DE
TX-0008175,C-00975,Mateo Nguyen,mateo.nguyen8175@example.com,04/04/2024,102078.00,USD,cancelled,8,US
TX-0008176,C-00976,Ava Patel,ava.patel8176@example.com,05/09/2024,177365.00,USD,completed,1,CA
TX-0008177,C-00977,Noah Kim,noah.kim8177@example.com,06/02/2024,102151.00,USD,pending,2,GB
TX-0008178,C-00978,Mia Martin,mia.martin8178@example.com,07/07/2024,29698.00,USD,refunded,3,AU
TX-0008179,C-00979,Liam Smith,liam.smith8179@example.com,08/12/2024,118764.00,USD,cancelled,4,DE
TX-0008180,C-00980,Sofia Brown,sofia.brown8180@example.com,09/05/2024,196643.00,USD,completed,5,US
TX-0008181,C-00981,Ethan Wilson,ethan.wilson8181@example.com,10/10/2024,152901.00,USD,pending,6,CA
TX-0008182,C-00982,Zoe Garcia,zoe.garcia8182@example.com,11/03/2024,239268.00,USD,refunded,7,GB
TX-0008183,C-00983,Mateo Nguyen,mateo.nguyen8183@example.com,12/08/2024,249106.00,USD,cancelled,8,AU
TX-0008184,C-00984,Ava Patel,ava.patel8184@example.com,01/01/2024,211084.00,USD,completed,1,DE
TX-0008185,C-00985,Noah Kim,noah.kim8185@example.com,02/06/2024,124153.00,USD,pending,2,US
TX-0008186,C-00986,Mia Martin,mia.martin8186@example.com,03/11/2024,25101.00,USD,refunded,3,CA
TX-0008187,C-00987,Liam Smith,liam.smith8187@example.com,04/04/2024,163500.00,USD,cancelled,4,GB
TX-0008188,C-00988,Sofia Brown,sofia.brown.invalid,05/09/2024,80491.00,USD,completed,5,AU
TX-0008189,C-00989,Ethan Wilson,ethan.wilson8189@example.com,06/02/2024,79292.00,USD,pending,6,DE
TX-0008190,C-00990,Zoe Garcia,zoe.garcia8190@example.com,07/07/2024,69229.00,USD,refunded,7,US
TX-0008191,C-00991,Mateo Nguyen,mateo.nguyen8191@example.com,08/12/2024,243747.00,USD,cancelled,8,CA
TX-0008192,C-00992,Ava Patel,ava.patel8192@example.com,09/05/2024,215298.00,USD,completed,1,GB
TX-0008193,C-00993,Noah Kim,noah.kim8193@example.com,10/10/2024,230406.00,USD,pending,2,AU
TX-0008194,C-00994,Mia Martin,mia.martin8194@example.com,11/03/2024,89980.00,USD,refunded,3,DE
TX-0008195,C-00995,Liam Smith,liam.smith8195@example.com,12/08/2024,231272.00,usd,cancelled,4,US
TX-0008196,C-00996,Sofia Brown,sofia.brown8196@example.com,01/01/2024,117514.00,USD,completed,5,CA
TX-0008197,C-00997,Ethan Wilson,ethan.wilson8197@example.com,02/06/2024,170606.00,USD,pending,6,GB
TX-0008198,C-00998,Zoe Garcia,zoe.garcia8198@example.com,03/11/2024,98812.00,USD,refunded,7,AU
TX-0008199,C-00999,Mateo Nguyen,mateo.nguyen8199@example.com,04/04/2024,51100.00,USD,cancelled,8,DE
TX-0008200,C-01000,Ava Patel,ava.patel8200@example.com,05/09/2024,211737.00,USD,completed,1,US
TX-0008201,C-01001,Noah Kim,noah.kim8201@example.com,06/02/2024,151992.00,USD,pending,2,CA
TX-0008202,C-01002,Mia Martin,mia.martin8202@example.com,07/07/2024,96630.00,USD,refunded,3,GB
TX-0008203,C-01003,Liam Smith,liam.smith8203@example.com,08/12/2024,146460.00,USD,cancelled,4,AU
TX-0008204,C-01004,Sofia Brown,sofia.brown8204@example.com,09/05/2024,190598.00,USD,completed,5,DE
TX-0008205,C-01005,Ethan Wilson,ethan.wilson8205@example.com,10/10/2024,143381.00,USD,pending,6,US
TX-0008206,C-01006,Zoe Garcia,zoe.garcia8206@example.com,11/03/2024,169552.00,USD,refunded,7,CA
TX-0008207,C-01007,Mateo Nguyen,mateo.nguyen8207@example.com,12/08/2024,174835.00,USD,cancelled,8,GB
TX-0008208,C-01008,Ava Patel,ava.patel8208@example.com,01/01/2024,135921.00,USD,completed,1,AU
TX-0008209,C-01009,Noah Kim,noah.kim8209@example.com,02/06/2024,29668.00,USD,pending,2,DE
TX-0008210,C-01010,Mia Martin,mia.martin8210@example.com,03/11/2024,157683.00,USD,refunded,3,US
TX-0008211,C-01011,Liam Smith,liam.smith8211@example.com,04/04/2024,10896.00,USD,cancelled,4,CA
TX-0008212,C-01012,Sofia Brown,sofia.brown8212@example.com,05/09/2024,114687.00,USD,completed,5,GB
TX-0008213,C-01013,Ethan Wilson,ethan.wilson8213@example.com,06/02/2024,168405.00,USD,unknown,6,AU
TX-0008214,C-01014,Zoe Garcia,zoe.garcia8214@example.com,07/07/2024,172844.00,USD,refunded,7,DE
TX-0008215,C-01015,Mateo Nguyen,mateo.nguyen8215@example.com,08/12/2024,213327.00,USD,cancelled,8,US
TX-0008216,C-01016,Ava Patel,ava.patel8216@example.com,09/05/2024,85067.00,USD,completed,1,CA
TX-0008217,C-01017,Noah Kim,noah.kim8217@example.com,10/10/2024,18873.00,USD,pending,2,GB
TX-0008218,C-01018,Mia Martin,mia.martin8218@example.com,11/03/2024,221296.00,USD,refunded,3,AU
TX-0008219,C-01019,Liam Smith,liam.smith8219@example.com,12/08/2024,48382.00,USD,cancelled,4,DE
TX-0008220,C-01020,Sofia Brown,sofia.brown8220@example.com,01/01/2024,158627.00,USD,completed,5,US
TX-0008221,C-01021,Ethan Wilson,ethan.wilson8221@example.com,02/06/2024,204519.00,USD,pending,6,CA
TX-0008222,C-01022,Zoe Garcia,zoe.garcia8222@example.com,03/11/2024,3846.00,USD,refunded,7,GB
TX-0008223,C-01023,Mateo Nguyen,mateo.nguyen8223@example.com,04/04/2024,214926.00,USD,cancelled,8,AU
TX-0008224,C-01024,Ava Patel,ava.patel8224@example.com,05/09/2024,24247.00,USD,completed,1,DE
TX-0008225,C-01025,Noah Kim,noah.kim8225@example.com,06/02/2024,924.00,USD,pending,2,US
TX-0008226,C-01026,Mia Martin,mia.martin8226@example.com,07/07/2024,1744.00,USD,refunded,3,CA
TX-0008227,C-01027,Liam Smith,liam.smith8227@example.com,08/12/2024,133329.00,USD,cancelled,4,GB
TX-0008228,C-01028,Sofia Brown,sofia.brown8228@example.com,09/05/2024,42515.00,USD,completed,5,AU
TX-0008229,C-01029,Ethan Wilson,ethan.wilson8229@example.com,10/10/2024,-3043.00,USD,pending,6,DE
TX-0008230,C-01030,Zoe Garcia,zoe.garcia8230@example.com,11/03/2024,140065.00,USD,refunded,7,US
TX-0008231,C-01031,Mateo Nguyen,mateo.nguyen8231@example.com,12/08/2024,105304.00,USD,cancelled,8,CA
TX-0008232,C-01032,Ava Patel,ava.patel8232@example.com,01/01/2024,244125.00,USD,completed,1,GB
TX-0008233,C-01033,Noah Kim,noah.kim8233@example.com,02/06/2024,65703.00,USD,pending,2,AU
TX-0008234,C-01034,Mia Martin,mia.martin8234@example.com,03/11/2024,61913.00,USD,refunded,3,DE
TX-0008235,C-01035,Liam Smith,liam.smith8235@example.com,04/04/2024,30415.00,USD,cancelled,4,US
TX-0008236,C-01036,Sofia Brown,sofia.brown8236@example.com,05/09/2024,71387.00,USD,completed,5,CA
TX-0008237,C-01037,Ethan Wilson,ethan.wilson8237@example.com,06/02/2024,128614.00,USD,pending,6,GB
TX-0008238,C-01038,Zoe Garcia,zoe.garcia8238@example.com,07/07/2024,202700.00,USD,refunded,7,AU
TX-0008239,C-01039,Mateo Nguyen,mateo.nguyen8239@example.com,08/12/2024,153571.00,USD,cancelled,8,DE
TX-0008240,C-01040,Ava Patel,ava.patel8240@example.com,09/05/2024,117262.00,USD,completed,1,US
TX-0008241,C-01041,Noah Kim,noah.kim8241@example.com,10/10/2024,207496.00,USD,pending,2,CA
TX-0008242,C-01042,Mia Martin,mia.martin8242@example.com,11/03/2024,245033.00,USD,refunded,3,GB
TX-0008243,C-01043,Liam Smith,liam.smith8243@example.com,12/08/2024,151013.00,USD,cancelled,4,AU
TX-0008244,C-01044,Sofia Brown,sofia.brown8244@example.com,01/01/2024,104711.00,USD,completed,5,DE
TX-0008245,C-01045,Ethan Wilson,,02/06/2024,52087.00,USD,pending,6,US
TX-0008246,C-01046,Zoe Garcia,zoe.garcia8246@example.com,03/11/2024,53659.00,USD,refunded,7,CA
TX-0008247,C-01047,Mateo Nguyen,mateo.nguyen8247@example.com,04/04/2024,46432.00,USD,cancelled,8,GB
TX-0008248,C-01048,Ava Patel,ava.patel8248@example.com,05/09/2024,49691.00,USD,completed,1,AU
TX-0008249,C-01049,  NOAH KIM  ,noah.kim8249@example.com,06/02/2024,17507.00,USD,pending,2,DE
TX-0008250,C-01050,Mia Martin,mia.martin8250@example.com,07/07/2024,64300.00,USD,refunded,3,US
TX-0008251,C-01051,Liam Smith,liam.smith8251@example.com,08/12/2024,,USD,cancelled,4,CA
TX-0008252,C-01052,Sofia Brown,sofia.brown8252@example.com,09/05/2024,165064.00,USD,completed,5,GB
TX-0008253,C-01053,Ethan Wilson,ethan.wilson8253@example.com,10/10/2024,244860.00,USD,pending,6,au
TX-0008254,C-01054,Zoe Garcia,zoe.garcia8254@example.com,11/03/2024,44244.00,USD,refunded,7,DE
TX-0008255,C-01055,mateo nguyen,mateo.nguyen8255@example.com,12/08/2024,52052.00,USD,cancelled,8,US
TX-0008256,C-01056,Ava Patel,ava.patel8256@example.com,01/01/2024,236903.00,USD,completed,1,CA
TX-0008257,C-01057,Noah Kim,noah.kim8257@example.com,02/06/2024,93926.00,USD,pending,2,GB
TX-0008258,C-01058,Mia Martin,mia.martin8258@example.com,03/11/2024,84254.00,USD,refunded,3,AU
TX-0008259,C-01059,Liam Smith,liam.smith8259@example.com,04/04/2024,8682.00,USD,cancelled,4,DE
TX-0008260,C-01060,Sofia Brown,sofia.brown8260@example.com,05/09/2024,2837.00,USD,completed,5,US
TX-0008261,C-01061,Ethan Wilson,ethan.wilson8261@example.com,06/02/2024,34467.00,USD,pending,6,CA
TX-0008262,C-01062,Zoe Garcia,zoe.garcia8262@example.com,07/07/2024,236197.00,USD,refunded,7,GB
TX-0008263,C-01063,Mateo Nguyen,mateo.nguyen8263@example.com,08/12/2024,221612.00,USD,cancelled,8,AU
TX-0008264,C-01064,Ava Patel,ava.patel8264@example.com,09/05/2024,96030.00,USD,completed,1,DE
TX-0008265,C-01065,Noah Kim,noah.kim8265@example.com,10/10/2024,95824.00,USD,pending,2,US
TX-0008266,C-01066,Mia Martin,mia.martin8266@example.com,11/03/2024,201483.00,USD,refunded,3,CA
TX-0008267,C-01067,Liam Smith,liam.smith8267@example.com,12/08/2024,185718.00,USD,cancelled,4,GB
TX-0008268,C-01068,Sofia Brown,sofia.brown8268@example.com,01/01/2024,34766.00,USD,completed,5,AU
TX-0008269,C-01069,Ethan Wilson,ethan.wilson8269@example.com,02/06/2024,134288.00,USD,pending,6,DE
TX-0008270,C-01070,Zoe Garcia,zoe.garcia8270@example.com,03/11/2024,40219.00,USD,refunded,7,US
TX-0008271,C-01071,Mateo Nguyen,mateo.nguyen8271@example.com,04/04/2024,175231.00,USD,cancelled,8,CA
TX-0008272,C-01072,Ava Patel,ava.patel8272@example.com,05/09/2024,49959.00,USD,completed,1,GB
TX-0008273,C-01073,Noah Kim,noah.kim8273@example.com,06/02/2024,30145.00,USD,pending,2,AU
TX-0008274,C-01074,Mia Martin,mia.martin8274@example.com,07/07/2024,129812.00,USD,refunded,3,DE
TX-0008275,C-01075,Liam Smith,liam.smith8275@example.com,08/12/2024,130646.00,USD,cancelled,4,US
TX-0008276,C-01076,Sofia Brown,sofia.brown8276@example.com,09/05/2024,235282.00,USD,completed,5,CA
TX-0008277,C-01077,Ethan Wilson,ethan.wilson.invalid,10/10/2024,236224.00,USD,pending,6,GB
TX-0008278,C-01078,Zoe Garcia,zoe.garcia8278@example.com,11/03/2024,198294.00,USD,refunded,7,AU
TX-0008279,C-01079,Mateo Nguyen,mateo.nguyen8279@example.com,12/08/2024,44768.00,USD,cancelled,8,DE
TX-0008280,C-01080,Ava Patel,ava.patel8280@example.com,01/01/2024,231408.00,USD,completed,1,US
TX-0008281,C-01081,Noah Kim,noah.kim8281@example.com,02/06/2024,19303.00,USD,pending,2,CA
TX-0008282,C-01082,Mia Martin,mia.martin8282@example.com,03/11/2024,193987.00,USD,refunded,3,GB
TX-0008283,C-01083,Liam Smith,liam.smith8283@example.com,04/04/2024,9949.00,USD,cancelled,4,AU
TX-0008284,C-01084,Sofia Brown,sofia.brown8284@example.com,05/09/2024,193383.00,USD,completed,5,DE
TX-0008285,C-01085,Ethan Wilson,ethan.wilson8285@example.com,06/02/2024,6054.00,USD,pending,6,US
TX-0008286,C-01086,Zoe Garcia,zoe.garcia8286@example.com,07/07/2024,146509.00,USD,refunded,7,CA
TX-0008287,C-01087,Mateo Nguyen,mateo.nguyen8287@example.com,08/12/2024,38690.00,USD,cancelled,8,GB
TX-0008288,C-01088,Ava Patel,ava.patel8288@example.com,09/05/2024,222547.00,USD,completed,1,AU
TX-0008289,C-01089,Noah Kim,noah.kim8289@example.com,10/10/2024,157725.00,USD,pending,2,DE
TX-0008290,C-01090,Mia Martin,mia.martin8290@example.com,11/03/2024,52534.00,USD,refunded,3,US
TX-0008291,C-01091,Liam Smith,liam.smith8291@example.com,12/08/2024,61093.00,USD,cancelled,4,CA
TX-0008292,C-01092,Sofia Brown,sofia.brown8292@example.com,01/01/2024,243185.00,USD,completed,5,GB
TX-0008293,C-01093,Ethan Wilson,ethan.wilson8293@example.com,02/06/2024,211554.00,USD,pending,6,AU
TX-0008294,C-01094,Zoe Garcia,zoe.garcia8294@example.com,03/11/2024,231894.00,USD,refunded,7,DE
TX-0008295,C-01095,Mateo Nguyen,mateo.nguyen8295@example.com,04/04/2024,7138.00,USD,cancelled,8,US
TX-0008296,C-01096,Ava Patel,ava.patel8296@example.com,05/09/2024,243381.00,USD,completed,1,CA
TX-0008297,C-01097,Noah Kim,noah.kim8297@example.com,06/02/2024,215039.00,USD,pending,2,GB
TX-0008298,C-01098,Mia Martin,mia.martin8298@example.com,07/07/2024,176113.00,USD,refunded,3,AU
TX-0008299,C-01099,Liam Smith,liam.smith8299@example.com,08/12/2024,83741.00,USD,cancelled,4,DE
TX-0008300,C-01100,Sofia Brown,sofia.brown8300@example.com,09/05/2024,136250.00,USD,completed,5,US
TX-0008301,C-01101,Ethan Wilson,ethan.wilson8301@example.com,10/10/2024,123052.00,USD,pending,6,CA
TX-0008302,C-01102,Zoe Garcia,zoe.garcia8302@example.com,11/03/2024,184768.00,USD,refunded,7,GB
TX-0008303,C-01103,Mateo Nguyen,mateo.nguyen8303@example.com,12/08/2024,118707.00,USD,cancelled,8,AU
TX-0008304,C-01104,Ava Patel,ava.patel8304@example.com,01/01/2024,147973.00,USD,completed,1,USA
TX-0008305,C-01105,Noah Kim,noah.kim8305@example.com,02/06/2024,248263.00,USD,pending,2,US
TX-0008306,C-01106,Mia Martin,mia.martin8306@example.com,03/11/2024,133479.00,USD,refunded,3,CA
TX-0008307,C-01107,Liam Smith,liam.smith8307@example.com,04/04/2024,198270.00,USD,cancelled,4,GB
TX-0008308,C-01108,Sofia Brown,sofia.brown8308@example.com,05/09/2024,127640.00,USD,completed,5,AU
TX-0008309,C-01109,Ethan Wilson,ethan.wilson8309@example.com,06/02/2024,148789.00,USD,pending,6,DE
TX-0008310,C-01110,Zoe Garcia,zoe.garcia8310@example.com,07/07/2024,116982.00,USD,refunded,7,US
TX-0008311,C-01111,Mateo Nguyen,mateo.nguyen8311@example.com,08/12/2024,187135.00,USD,cancelled,8,CA
TX-0008312,C-01112,Ava Patel,ava.patel8312@example.com,09/05/2024,227311.00,USD,completed,1,GB
TX-0008313,C-01113,Noah Kim,noah.kim8313@example.com,10/10/2024,151752.00,USD,pending,2,AU
TX-0008314,C-01114,Mia Martin,mia.martin8314@example.com,11/03/2024,245927.00,USD,refunded,3,DE
TX-0008315,C-01115,Liam Smith,liam.smith8315@example.com,12/08/2024,11190.00,USD,cancelled,4,US
TX-0008316,C-01116,Sofia Brown,sofia.brown8316@example.com,01/01/2024,104090.00,USD,completed,5,CA
TX-0008317,C-01117,Ethan Wilson,ethan.wilson8317@example.com,02/06/2024,246196.00,USD,pending,6,GB
TX-0008318,C-01118,Zoe Garcia,zoe.garcia8318@example.com,03/11/2024,169476.00,USD,refunded,7,AU
TX-0008319,C-01119,Mateo Nguyen,mateo.nguyen8319@example.com,04/04/2024,42717.00,USD,cancelled,8,DE
TX-0008320,C-01120,Ava Patel,ava.patel8320@example.com,05/09/2024,225976.00,USD,completed,1,US
TX-0008321,C-01121,Noah Kim,noah.kim8321@example.com,06/02/2024,140496.00,USD,COMPLETE,2,CA
TX-0008322,C-01122,Mia Martin,mia.martin8322@example.com,07/07/2024,14276.00,USD,refunded,3,GB
TX-0008323,C-01123,Liam Smith,liam.smith8323@example.com,08/12/2024,166210.00,USD,cancelled,4,AU
TX-0008324,C-01124,Sofia Brown,sofia.brown8324@example.com,09/05/2024,4087.00,USD,completed,5,DE
TX-0008325,C-01125,Ethan Wilson,ethan.wilson8325@example.com,10/10/2024,79729.00,USD,pending,6,US
TX-0008326,C-01126,Zoe Garcia,zoe.garcia8326@example.com,11/03/2024,146333.00, USD ,refunded,7,CA
TX-0008327,C-01127,Mateo Nguyen,mateo.nguyen8327@example.com,12/08/2024,133059.00,USD,cancelled,8,GB
TX-0008328,C-01128,Ava Patel,ava.patel8328@example.com,01/01/2024,33369.00,USD,completed,1,AU
TX-0008329,C-01129,Noah Kim,noah.kim8329@example.com,02/06/2024,21750.00,USD,pending,2,DE
TX-0008330,C-01130,Mia Martin,mia.martin8330@example.com,03/11/2024,32812.00,USD,refunded,3,US
TX-0008331,C-01131,Liam Smith,liam.smith8331@example.com,04/04/2024,53217.00,USD,cancelled,4,CA
TX-0008332,C-01132,Sofia Brown,sofia.brown8332@example.com,05/09/2024,67490.00,USD,completed,5,GB
TX-0008333,C-01133,Ethan Wilson,ethan.wilson8333@example.com,06/02/2024,72446.00,USD,pending,6,AU
TX-0008334,C-01134,Zoe Garcia,zoe.garcia8334@example.com,07/07/2024,216385.00,USD,refunded,7,DE
TX-0008335,C-01135,Mateo Nguyen,mateo.nguyen8335@example.com,08/12/2024,202823.00,USD,cancelled,8,US
TX-0008336,C-01136,Ava Patel,ava.patel8336@example.com,09/05/2024,35897.00,USD,completed,1,CA
TX-0008337,C-01137,Noah Kim,noah.kim8337@example.com,10/10/2024,2597.00,USD,pending,2,GB
TX-0008338,C-01138,Mia Martin,mia.martin8338@example.com,11/03/2024,187351.00,USD,refunded,3,AU
TX-0008339,C-01139,Liam Smith,liam.smith8339@example.com,12/08/2024,98119.00,USD,cancelled,4,DE
TX-0008340,C-01140,Sofia Brown,sofia.brown8340@example.com,01/01/2024,108241.00,USD,completed,5,US
TX-0008341,C-01141,Ethan Wilson,ethan.wilson8341@example.com,02/06/2024,84615.00,USD,pending,6,CA
TX-0008342,C-01142,Zoe Garcia,,03/11/2024,189344.00,USD,refunded,7,GB
TX-0008343,C-01143,Mateo Nguyen,mateo.nguyen8343@example.com,04/04/2024,164902.00,USD,cancelled,8,AU
TX-0008344,C-01144,Ava Patel,ava.patel8344@example.com,05/09/2024,14076.00,usd,completed,1,DE
TX-0008345,C-01145,Noah Kim,noah.kim8345@example.com,06/02/2024,192713.00,USD,pending,2,US
TX-0008346,C-01146,Mia Martin,mia.martin8346@example.com,07/07/2024,201550.00,USD,refunded,3,CA
TX-0008347,C-01147,Liam Smith,liam.smith8347@example.com,08/12/2024,195513.00,USD,cancelled,4,GB
TX-0008348,C-01148,Sofia Brown,sofia.brown8348@example.com,09/05/2024,75130.00,USD,completed,5,AU
TX-0008349,C-01149,Ethan Wilson,ethan.wilson8349@example.com,10/10/2024,51724.00,USD,pending,6,DE
TX-0008350,C-01150,Zoe Garcia,zoe.garcia8350@example.com,11/03/2024,49180.00,USD,refunded,7,US
TX-0008351,C-01151,Mateo Nguyen,mateo.nguyen8351@example.com,12/08/2024,24256.00,USD,cancelled,8,CA
TX-0008352,C-01152,Ava Patel,ava.patel8352@example.com,01/01/2024,95131.00,USD,completed,1,GB
TX-0008353,C-01153,Noah Kim,noah.kim8353@example.com,02/06/2024,245735.00,USD,pending,2,AU
TX-0008354,C-01154,Mia Martin,mia.martin8354@example.com,03/11/2024,12420.00,USD,refunded,3,DE
TX-0008355,C-01155,Liam Smith,liam.smith8355@example.com,04/04/2024,7192.00,USD,cancelled,4,US
TX-0008356,C-01156,Sofia Brown,sofia.brown8356@example.com,05/09/2024,86751.00,USD,completed,5,CA
TX-0008357,C-01157,Ethan Wilson,ethan.wilson8357@example.com,06/02/2024,247144.00,USD,pending,6,GB
TX-0008358,C-01158,Zoe Garcia,zoe.garcia8358@example.com,07/07/2024,166796.00,USD,refunded,7,AU
TX-0008359,C-01159,Mateo Nguyen,mateo.nguyen8359@example.com,08/12/2024,242692.00,USD,cancelled,8,DE
TX-0008360,C-01160,Ava Patel,ava.patel8360@example.com,09/05/2024,10745.00,USD,completed,1,US
TX-0008361,C-01161,Noah Kim,noah.kim8361@example.com,10/10/2024,232634.00,USD,pending,2,CA
TX-0008362,C-01162,  MIA MARTIN  ,mia.martin8362@example.com,11/03/2024,244742.00,USD,refunded,3,GB
TX-0008363,C-01163,Liam Smith,liam.smith8363@example.com,12/08/2024,170363.00,USD,cancelled,4,AU
TX-0008364,C-01164,Sofia Brown,sofia.brown8364@example.com,01/01/2024,6062.00,USD,completed,5,DE
TX-0008365,C-01165,Ethan Wilson,ethan.wilson8365@example.com,02/06/2024,223352.00,USD,pending,6,US
TX-0008366,C-01166,Zoe Garcia,zoe.garcia.invalid,03/11/2024,236265.00,USD,refunded,7,CA
TX-0008367,C-01167,Mateo Nguyen,mateo.nguyen8367@example.com,04/04/2024,161451.00,USD,cancelled,8,GB
TX-0008368,C-01168,Ava Patel,ava.patel8368@example.com,05/09/2024,165145.00,USD,completed,1,AU
TX-0008369,C-01169,Noah Kim,noah.kim8369@example.com,06/02/2024,57707.00,USD,pending,2,DE
TX-0008370,C-01170,Mia Martin,mia.martin8370@example.com,07/07/2024,234702.00,USD,refunded,3,US
TX-0008371,C-01171,Liam Smith,liam.smith8371@example.com,08/12/2024,14991.00,USD,cancelled,4,CA
TX-0008372,C-01172,Sofia Brown,sofia.brown8372@example.com,09/05/2024,188681.00,USD,completed,5,GB
TX-0008373,C-01173,Ethan Wilson,ethan.wilson8373@example.com,10/10/2024,169007.00,USD,pending,6,AU
TX-0008374,C-01174,Zoe Garcia,zoe.garcia8374@example.com,11/03/2024,69209.00,USD,refunded,7,DE
TX-0008375,C-01175,Mateo Nguyen,mateo.nguyen8375@example.com,12/08/2024,223939.00,USD,cancelled,8,US
TX-0008376,C-01176,Ava Patel,ava.patel8376@example.com,01/01/2024,36831.00,USD,completed,1,CA
TX-0008377,C-01177,Noah Kim,noah.kim8377@example.com,02/06/2024,244487.00,USD,pending,2,GB
TX-0008378,C-01178,Mia Martin,mia.martin8378@example.com,03/11/2024,43066.00,USD,refunded,3,AU
TX-0008379,C-01179,Liam Smith,liam.smith8379@example.com,04/04/2024,106800.00,USD,cancelled,4,DE
TX-0008380,C-01180,Sofia Brown,sofia.brown8380@example.com,05/09/2024,113252.00,USD,completed,5,US
TX-0008381,C-01181,Ethan Wilson,ethan.wilson8381@example.com,06/02/2024,51377.00,USD,pending,6,CA
TX-0008382,C-01182,zoe garcia,zoe.garcia8382@example.com,07/07/2024,220668.00,USD,refunded,7,GB
TX-0008383,C-01183,Mateo Nguyen,mateo.nguyen8383@example.com,08/12/2024,12366.00,USD,cancelled,8,AU
TX-0008384,C-01184,Ava Patel,ava.patel8384@example.com,09/05/2024,2921.00,USD,completed,1,de
TX-0008385,C-01185,Noah Kim,noah.kim8385@example.com,10/10/2024,246262.00,USD,pending,2,US
TX-0008386,C-01186,Mia Martin,mia.martin8386@example.com,11/03/2024,68935.00,USD,refunded,3,CA
TX-0008387,C-01187,Liam Smith,liam.smith8387@example.com,12/08/2024,74663.00,USD,cancelled,4,GB
TX-0008388,C-01188,Sofia Brown,sofia.brown8388@example.com,01/01/2024,132969.00,USD,completed,5,AU
TX-0008389,C-01189,Ethan Wilson,ethan.wilson8389@example.com,02/06/2024,92647.00,USD,pending,6,DE
TX-0008390,C-01190,Zoe Garcia,zoe.garcia8390@example.com,03/11/2024,190728.00,USD,refunded,7,US
TX-0008391,C-01191,Mateo Nguyen,mateo.nguyen8391@example.com,04/04/2024,45743.00,USD,cancelled,8,CA
TX-0008392,C-01192,Ava Patel,ava.patel8392@example.com,05/09/2024,240166.00,USD,completed,1,GB
TX-0008393,C-01193,Noah Kim,noah.kim8393@example.com,06/02/2024,154520.00,USD,pending,2,AU
TX-0008394,C-01194,Mia Martin,mia.martin8394@example.com,07/07/2024,163165.00,USD,refunded,3,DE
TX-0008395,C-01195,Liam Smith,liam.smith8395@example.com,08/12/2024,136089.00,USD,cancelled,4,US
TX-0008396,C-01196,Sofia Brown,sofia.brown8396@example.com,09/05/2024,161068.00,USD,completed,5,CA
TX-0008397,C-01197,Ethan Wilson,ethan.wilson8397@example.com,10/10/2024,16945.00,USD,pending,6,GB
TX-0008398,C-01198,Zoe Garcia,zoe.garcia8398@example.com,11/03/2024,17942.00,USD,refunded,7,AU
TX-0008399,C-01199,Mateo Nguyen,mateo.nguyen8399@example.com,12/08/2024,230513.00,USD,cancelled,8,DE
TX-0008400,C-01200,Ava Patel,ava.patel8400@example.com,01/01/2024,77590.00,USD,completed,1,US
TX-0008401,C-01201,Noah Kim,noah.kim8401@example.com,02/06/2024,29854.00,USD,pending,2,CA
TX-0008402,C-01202,Mia Martin,mia.martin8402@example.com,03/11/2024,168904.00,USD,refunded,3,GB
TX-0008403,C-01203,Liam Smith,liam.smith8403@example.com,04/04/2024,146939.00,USD,cancelled,4,AU
TX-0008404,C-01204,Sofia Brown,sofia.brown8404@example.com,05/09/2024,191199.00,USD,unknown,5,DE
TX-0008405,C-01205,Ethan Wilson,ethan.wilson8405@example.com,06/02/2024,236194.00,USD,pending,6,US
TX-0008406,C-01206,Zoe Garcia,zoe.garcia8406@example.com,07/07/2024,45631.00,USD,refunded,7,CA
TX-0008407,C-01207,Mateo Nguyen,mateo.nguyen8407@example.com,08/12/2024,2165.00,USD,cancelled,8,GB
TX-0008408,C-01208,Ava Patel,ava.patel8408@example.com,09/05/2024,58681.00,USD,completed,1,AU
TX-0008409,C-01209,Noah Kim,noah.kim8409@example.com,10/10/2024,52977.00,USD,pending,2,DE
TX-0008410,C-01210,Mia Martin,mia.martin8410@example.com,11/03/2024,202375.00,USD,refunded,3,US
TX-0008411,C-01211,Liam Smith,liam.smith8411@example.com,12/08/2024,87172.00,USD,cancelled,4,CA
TX-0008412,C-01212,Sofia Brown,sofia.brown8412@example.com,01/01/2024,127793.00,USD,completed,5,GB
TX-0008413,C-01213,Ethan Wilson,ethan.wilson8413@example.com,02/06/2024,10418.00,USD,pending,6,AU
TX-0008414,C-01214,Zoe Garcia,zoe.garcia8414@example.com,03/11/2024,616.00,USD,refunded,7,DE
TX-0008415,C-01215,Mateo Nguyen,mateo.nguyen8415@example.com,04/04/2024,50125.00,USD,cancelled,8,US
TX-0008416,C-01216,Ava Patel,ava.patel8416@example.com,05/09/2024,157495.00,USD,completed,1,CA
TX-0008417,C-01217,Noah Kim,noah.kim8417@example.com,06/02/2024,135150.00,USD,pending,2,GB
TX-0008418,C-01218,Mia Martin,mia.martin8418@example.com,07/07/2024,140019.00,USD,refunded,3,AU
TX-0008419,C-01219,Liam Smith,liam.smith8419@example.com,08/12/2024,46129.00,USD,cancelled,4,DE
TX-0008420,C-01220,Sofia Brown,sofia.brown8420@example.com,09/05/2024,47031.00,USD,completed,5,US
TX-0008421,C-01221,Ethan Wilson,ethan.wilson8421@example.com,10/10/2024,39520.00,USD,pending,6,CA
TX-0008422,C-01222,Zoe Garcia,zoe.garcia8422@example.com,11/03/2024,142168.00,USD,refunded,7,GB
TX-0008423,C-01223,Mateo Nguyen,mateo.nguyen8423@example.com,12/08/2024,220349.00,USD,cancelled,8,AU
TX-0008424,C-01224,Ava Patel,ava.patel8424@example.com,01/01/2024,179075.00,USD,completed,1,DE
TX-0008425,C-01225,Noah Kim,noah.kim8425@example.com,02/06/2024,226857.00,USD,pending,2,US
TX-0008426,C-01226,Mia Martin,mia.martin8426@example.com,03/11/2024,146842.00,USD,refunded,3,CA
TX-0008427,C-01227,Liam Smith,liam.smith8427@example.com,04/04/2024,120180.00,USD,cancelled,4,GB
TX-0008428,C-01228,Sofia Brown,sofia.brown8428@example.com,05/09/2024,61038.00,USD,completed,5,AU
TX-0008429,C-01229,Ethan Wilson,ethan.wilson8429@example.com,06/02/2024,164027.00,USD,pending,6,DE
TX-0008430,C-01230,Zoe Garcia,zoe.garcia8430@example.com,07/07/2024,107113.00,USD,refunded,7,US
TX-0008431,C-01231,Mateo Nguyen,mateo.nguyen8431@example.com,08/12/2024,48386.00,USD,cancelled,8,CA
TX-0008432,C-01232,Ava Patel,ava.patel8432@example.com,09/05/2024,181733.00,USD,completed,1,GB
TX-0008433,C-01233,Noah Kim,noah.kim8433@example.com,10/10/2024,14378.00,USD,pending,2,AU
TX-0008434,C-01234,Mia Martin,mia.martin8434@example.com,11/03/2024,40549.00,USD,refunded,3,DE
TX-0008435,C-01235,Liam Smith,liam.smith8435@example.com,12/08/2024,195017.00,USD,cancelled,4,US
TX-0008436,C-01236,Sofia Brown,sofia.brown8436@example.com,01/01/2024,46512.00,USD,completed,5,CA
TX-0008437,C-01237,Ethan Wilson,ethan.wilson8437@example.com,02/06/2024,42208.00,USD,pending,6,GB
TX-0008438,C-01238,Zoe Garcia,zoe.garcia8438@example.com,03/11/2024,34434.00,USD,refunded,7,AU
TX-0008439,C-01239,Mateo Nguyen,,04/04/2024,180001.00,USD,cancelled,8,DE
TX-0008440,C-01240,Ava Patel,ava.patel8440@example.com,05/09/2024,-4122.00,USD,completed,1,US
TX-0008441,C-01241,Noah Kim,noah.kim8441@example.com,06/02/2024,218650.00,USD,pending,2,CA
TX-0008442,C-01242,Mia Martin,mia.martin8442@example.com,07/07/2024,78013.00,USD,refunded,3,GB
TX-0008443,C-01243,Liam Smith,liam.smith8443@example.com,08/12/2024,32676.00,USD,cancelled,4,AU
TX-0008444,C-01244,Sofia Brown,sofia.brown8444@example.com,09/05/2024,143085.00,USD,completed,5,DE
TX-0008445,C-01245,Ethan Wilson,ethan.wilson8445@example.com,10/10/2024,130081.00,USD,pending,6,US
TX-0008446,C-01246,Zoe Garcia,zoe.garcia8446@example.com,11/03/2024,244108.00,USD,refunded,7,CA
TX-0008447,C-01247,Mateo Nguyen,mateo.nguyen8447@example.com,12/08/2024,19460.00,USD,cancelled,8,GB
TX-0008448,C-01248,Ava Patel,ava.patel8448@example.com,01/01/2024,68061.00,USD,completed,1,AU
TX-0008449,C-01249,Noah Kim,noah.kim8449@example.com,02/06/2024,27251.00,USD,pending,2,DE
TX-0008450,C-01250,Mia Martin,mia.martin8450@example.com,03/11/2024,74329.00,USD,refunded,3,US
TX-0008451,C-01251,Liam Smith,liam.smith8451@example.com,04/04/2024,24412.00,USD,cancelled,4,CA
TX-0008452,C-01252,Sofia Brown,sofia.brown8452@example.com,05/09/2024,104097.00,USD,completed,5,GB
TX-0008453,C-01253,Ethan Wilson,ethan.wilson8453@example.com,06/02/2024,184632.00,USD,pending,6,AU
TX-0008454,C-01254,Zoe Garcia,zoe.garcia8454@example.com,07/07/2024,22130.00,USD,refunded,7,DE
TX-0008455,C-01255,Mateo Nguyen,mateo.nguyen.invalid,08/12/2024,163364.00,USD,cancelled,8,US
TX-0008456,C-01256,Ava Patel,ava.patel8456@example.com,09/05/2024,32858.00,USD,completed,1,CA
TX-0008457,C-01257,Noah Kim,noah.kim8457@example.com,10/10/2024,56005.00,USD,pending,2,GB
TX-0008458,C-01258,Mia Martin,mia.martin8458@example.com,11/03/2024,161444.00,USD,refunded,3,AU
TX-0008459,C-01259,Liam Smith,liam.smith8459@example.com,12/08/2024,24669.00,USD,cancelled,4,DE
TX-0008460,C-01260,Sofia Brown,sofia.brown8460@example.com,01/01/2024,174665.00,USD,completed,5,US
TX-0008461,C-01261,Ethan Wilson,ethan.wilson8461@example.com,02/06/2024,218208.00,USD,pending,6,CA
TX-0008462,C-01262,Zoe Garcia,zoe.garcia8462@example.com,03/11/2024,35734.00,USD,refunded,7,GB
TX-0008463,C-01263,Mateo Nguyen,mateo.nguyen8463@example.com,04/04/2024,102275.00,USD,cancelled,8,AU
TX-0008464,C-01264,Ava Patel,ava.patel8464@example.com,05/09/2024,190591.00,USD,completed,1,DE
TX-0008465,C-01265,Noah Kim,noah.kim8465@example.com,06/02/2024,178316.00,USD,pending,2,US
TX-0008466,C-01266,Mia Martin,mia.martin8466@example.com,07/07/2024,224371.00,USD,refunded,3,CA
TX-0008467,C-01267,Liam Smith,liam.smith8467@example.com,08/12/2024,133563.00,USD,cancelled,4,GB
TX-0008468,C-01268,Sofia Brown,sofia.brown8468@example.com,09/05/2024,127805.00,USD,completed,5,AU
TX-0008469,C-01269,Ethan Wilson,ethan.wilson8469@example.com,10/10/2024,41997.00,USD,pending,6,DE
TX-0008470,C-01270,Zoe Garcia,zoe.garcia8470@example.com,11/03/2024,78520.00,USD,refunded,7,US
TX-0008471,C-01271,Mateo Nguyen,mateo.nguyen8471@example.com,12/08/2024,37683.00,USD,cancelled,8,CA
TX-0008472,C-01272,Ava Patel,ava.patel8472@example.com,01/01/2024,76663.00,USD,completed,1,GB
TX-0008473,C-01273,Noah Kim,noah.kim8473@example.com,02/06/2024,69569.00,USD,pending,2,AU
TX-0008474,C-01274,Mia Martin,mia.martin8474@example.com,03/11/2024,,USD,refunded,3,DE
TX-0008475,C-01275,  LIAM SMITH  ,liam.smith8475@example.com,04/04/2024,157736.00,USD,cancelled,4,US
TX-0008476,C-01276,Sofia Brown,sofia.brown8476@example.com,05/09/2024,34771.00,USD,completed,5,CA
TX-0008477,C-01277,Ethan Wilson,ethan.wilson8477@example.com,06/02/2024,181899.00,USD,pending,6,USA
TX-0008478,C-01278,Zoe Garcia,zoe.garcia8478@example.com,07/07/2024,70438.00,USD,COMPLETE,7,AU
TX-0008479,C-01279,Mateo Nguyen,mateo.nguyen8479@example.com,08/12/2024,223312.00,USD,cancelled,8,DE
TX-0008480,C-01280,Ava Patel,ava.patel8480@example.com,09/05/2024,114549.00,USD,completed,1,US
TX-0008481,C-01281,Noah Kim,noah.kim8481@example.com,10/10/2024,47103.00,USD,pending,2,CA
TX-0008482,C-01282,Mia Martin,mia.martin8482@example.com,11/03/2024,11515.00,USD,refunded,3,GB
TX-0008483,C-01283,Liam Smith,liam.smith8483@example.com,12/08/2024,6167.00,USD,cancelled,4,AU
TX-0008484,C-01284,Sofia Brown,sofia.brown8484@example.com,01/01/2024,228805.00,USD,completed,5,DE
TX-0008485,C-01285,Ethan Wilson,ethan.wilson8485@example.com,02/06/2024,139240.00,USD,pending,6,US
TX-0008486,C-01286,Zoe Garcia,zoe.garcia8486@example.com,03/11/2024,168579.00,USD,refunded,7,CA
TX-0008487,C-01287,Mateo Nguyen,mateo.nguyen8487@example.com,04/04/2024,40946.00,USD,cancelled,8,GB
TX-0008488,C-01288,Ava Patel,ava.patel8488@example.com,05/09/2024,177666.00,USD,completed,1,AU
TX-0008489,C-01289,Noah Kim,noah.kim8489@example.com,06/02/2024,223788.00,USD,pending,2,DE
TX-0008490,C-01290,Mia Martin,mia.martin8490@example.com,07/07/2024,23737.00,USD,refunded,3,US
TX-0008491,C-01291,Liam Smith,liam.smith8491@example.com,08/12/2024,83640.00,USD,cancelled,4,CA
TX-0008492,C-01292,Sofia Brown,sofia.brown8492@example.com,09/05/2024,107911.00,USD,completed,5,GB
TX-0008493,C-01293,Ethan Wilson,ethan.wilson8493@example.com,10/10/2024,97112.00,usd,pending,6,AU
TX-0008494,C-01294,Zoe Garcia,zoe.garcia8494@example.com,11/03/2024,82510.00,USD,refunded,7,DE
TX-0008495,C-01295,Mateo Nguyen,mateo.nguyen8495@example.com,12/08/2024,81740.00,USD,cancelled,8,US
TX-0008496,C-01296,Ava Patel,ava.patel8496@example.com,01/01/2024,23188.00,USD,completed,1,CA
TX-0008497,C-01297,Noah Kim,noah.kim8497@example.com,02/06/2024,27412.00,USD,pending,2,GB
TX-0008498,C-01298,Mia Martin,mia.martin8498@example.com,03/11/2024,11243.00,USD,refunded,3,AU
TX-0008499,C-01299,Liam Smith,liam.smith8499@example.com,04/04/2024,85072.00,USD,cancelled,4,DE
TX-0008500,C-01300,Sofia Brown,sofia.brown8500@example.com,05/09/2024,167370.00,USD,completed,5,US
TX-0008501,C-01301,Ethan Wilson,ethan.wilson8501@example.com,06/02/2024,43586.00,USD,pending,6,CA
TX-0008502,C-01302,Zoe Garcia,zoe.garcia8502@example.com,07/07/2024,208050.00,USD,refunded,7,GB
TX-0008503,C-01303,Mateo Nguyen,mateo.nguyen8503@example.com,08/12/2024,147921.00,USD,cancelled,8,AU
TX-0008504,C-01304,Ava Patel,ava.patel8504@example.com,09/05/2024,80123.00,USD,completed,1,DE
TX-0008505,C-01305,Noah Kim,noah.kim8505@example.com,10/10/2024,128622.00,USD,pending,2,US
TX-0008506,C-01306,Mia Martin,mia.martin8506@example.com,11/03/2024,70790.00,USD,refunded,3,CA
TX-0008507,C-01307,Liam Smith,liam.smith8507@example.com,12/08/2024,215849.00, USD ,cancelled,4,GB
TX-0008508,C-01308,Sofia Brown,sofia.brown8508@example.com,01/01/2024,14893.00,USD,completed,5,AU
TX-0008509,C-01309,ethan wilson,ethan.wilson8509@example.com,02/06/2024,49183.00,USD,pending,6,DE
TX-0008510,C-01310,Zoe Garcia,zoe.garcia8510@example.com,03/11/2024,165506.00,USD,refunded,7,US
TX-0008511,C-01311,Mateo Nguyen,mateo.nguyen8511@example.com,04/04/2024,27289.00,USD,cancelled,8,CA
TX-0008512,C-01312,Ava Patel,ava.patel8512@example.com,05/09/2024,56301.00,USD,completed,1,GB
TX-0008513,C-01313,Noah Kim,noah.kim8513@example.com,06/02/2024,30772.00,USD,pending,2,AU
TX-0008514,C-01314,Mia Martin,mia.martin8514@example.com,07/07/2024,211212.00,USD,refunded,3,DE
TX-0008515,C-01315,Liam Smith,liam.smith8515@example.com,08/12/2024,51943.00,USD,cancelled,4,us
TX-0008516,C-01316,Sofia Brown,sofia.brown8516@example.com,09/05/2024,102579.00,USD,completed,5,CA
TX-0008517,C-01317,Ethan Wilson,ethan.wilson8517@example.com,10/10/2024,233180.00,USD,pending,6,GB
TX-0008518,C-01318,Zoe Garcia,zoe.garcia8518@example.com,11/03/2024,227838.00,USD,refunded,7,AU
TX-0008519,C-01319,Mateo Nguyen,mateo.nguyen8519@example.com,12/08/2024,200858.00,USD,cancelled,8,DE
TX-0008520,C-01320,Ava Patel,ava.patel8520@example.com,01/01/2024,24709.00,USD,completed,1,US
TX-0008521,C-01321,Noah Kim,noah.kim8521@example.com,02/06/2024,240205.00,USD,pending,2,CA
TX-0008522,C-01322,Mia Martin,mia.martin8522@example.com,03/11/2024,120610.00,USD,refunded,3,GB
TX-0008523,C-01323,Liam Smith,liam.smith8523@example.com,04/04/2024,36246.00,USD,cancelled,4,AU
TX-0008524,C-01324,Sofia Brown,sofia.brown8524@example.com,05/09/2024,116400.00,USD,completed,5,DE
TX-0008525,C-01325,Ethan Wilson,ethan.wilson8525@example.com,06/02/2024,223868.00,USD,pending,6,US
TX-0008526,C-01326,Zoe Garcia,zoe.garcia8526@example.com,07/07/2024,166514.00,USD,refunded,7,CA
TX-0008527,C-01327,Mateo Nguyen,mateo.nguyen8527@example.com,08/12/2024,111651.00,USD,cancelled,8,GB
TX-0008528,C-01328,Ava Patel,ava.patel8528@example.com,09/05/2024,124660.00,USD,completed,1,AU
TX-0008529,C-01329,Noah Kim,noah.kim8529@example.com,10/10/2024,44298.00,USD,pending,2,DE
TX-0008530,C-01330,Mia Martin,mia.martin8530@example.com,11/03/2024,46533.00,USD,refunded,3,US
TX-0008531,C-01331,Liam Smith,liam.smith8531@example.com,12/08/2024,52372.00,USD,cancelled,4,CA
TX-0008532,C-01332,Sofia Brown,sofia.brown8532@example.com,01/01/2024,169496.00,USD,completed,5,GB
TX-0008533,C-01333,Ethan Wilson,ethan.wilson8533@example.com,02/06/2024,240655.00,USD,pending,6,AU
TX-0008534,C-01334,Zoe Garcia,zoe.garcia8534@example.com,03/11/2024,21964.00,USD,refunded,7,DE
TX-0008535,C-01335,Mateo Nguyen,mateo.nguyen8535@example.com,04/04/2024,98714.00,USD,cancelled,8,US
TX-0008536,C-01336,Ava Patel,,05/09/2024,213712.00,USD,completed,1,CA
TX-0008537,C-01337,Noah Kim,noah.kim8537@example.com,06/02/2024,124736.00,USD,pending,2,GB
TX-0008538,C-01338,Mia Martin,mia.martin8538@example.com,07/07/2024,69169.00,USD,refunded,3,AU
TX-0008539,C-01339,Liam Smith,liam.smith8539@example.com,08/12/2024,105678.00,USD,cancelled,4,DE
TX-0008540,C-01340,Sofia Brown,sofia.brown8540@example.com,09/05/2024,140420.00,USD,completed,5,US
TX-0008541,C-01341,Ethan Wilson,ethan.wilson8541@example.com,10/10/2024,208235.00,USD,pending,6,CA
TX-0008542,C-01342,Zoe Garcia,zoe.garcia8542@example.com,11/03/2024,144013.00,USD,refunded,7,GB
TX-0008543,C-01343,Mateo Nguyen,mateo.nguyen8543@example.com,12/08/2024,31627.00,USD,cancelled,8,AU
TX-0008544,C-01344,Ava Patel,ava.patel.invalid,01/01/2024,20808.00,USD,completed,1,DE
TX-0008545,C-01345,Noah Kim,noah.kim8545@example.com,02/06/2024,18563.00,USD,pending,2,US
TX-0008546,C-01346,Mia Martin,mia.martin8546@example.com,03/11/2024,220288.00,USD,refunded,3,CA
TX-0008547,C-01347,Liam Smith,liam.smith8547@example.com,04/04/2024,102245.00,USD,cancelled,4,GB
TX-0008548,C-01348,Sofia Brown,sofia.brown8548@example.com,05/09/2024,218952.00,USD,completed,5,AU
TX-0008549,C-01349,Ethan Wilson,ethan.wilson8549@example.com,06/02/2024,35977.00,USD,pending,6,DE
TX-0008550,C-01350,Zoe Garcia,zoe.garcia8550@example.com,07/07/2024,237526.00,USD,refunded,7,US
TX-0008551,C-01351,Mateo Nguyen,mateo.nguyen8551@example.com,08/12/2024,121777.00,USD,cancelled,8,CA
TX-0008552,C-01352,Ava Patel,ava.patel8552@example.com,09/05/2024,53061.00,USD,completed,1,GB
TX-0008553,C-01353,Noah Kim,noah.kim8553@example.com,10/10/2024,197713.00,USD,pending,2,AU
TX-0008554,C-01354,Mia Martin,mia.martin8554@example.com,11/03/2024,18479.00,USD,refunded,3,DE
TX-0008555,C-01355,Liam Smith,liam.smith8555@example.com,12/08/2024,225653.00,USD,cancelled,4,US
TX-0008556,C-01356,Sofia Brown,sofia.brown8556@example.com,01/01/2024,141649.00,USD,completed,5,CA
TX-0008557,C-01357,Ethan Wilson,ethan.wilson8557@example.com,02/06/2024,238852.00,USD,pending,6,GB
TX-0008558,C-01358,Zoe Garcia,zoe.garcia8558@example.com,03/11/2024,90797.00,USD,refunded,7,AU
TX-0008559,C-01359,Mateo Nguyen,mateo.nguyen8559@example.com,04/04/2024,82048.00,USD,cancelled,8,DE
TX-0008560,C-01360,Ava Patel,ava.patel8560@example.com,05/09/2024,65201.00,USD,completed,1,US
TX-0008561,C-01361,Noah Kim,noah.kim8561@example.com,06/02/2024,126940.00,USD,pending,2,CA
TX-0008562,C-01362,Mia Martin,mia.martin8562@example.com,07/07/2024,98416.00,USD,refunded,3,GB
TX-0008563,C-01363,Liam Smith,liam.smith8563@example.com,08/12/2024,105318.00,USD,cancelled,4,AU
TX-0008564,C-01364,Sofia Brown,sofia.brown8564@example.com,09/05/2024,187429.00,USD,completed,5,DE
TX-0008565,C-01365,Ethan Wilson,ethan.wilson8565@example.com,10/10/2024,182416.00,USD,pending,6,US
TX-0008566,C-01366,Zoe Garcia,zoe.garcia8566@example.com,11/03/2024,186580.00,USD,refunded,7,CA
TX-0008567,C-01367,Mateo Nguyen,mateo.nguyen8567@example.com,12/08/2024,233145.00,USD,cancelled,8,GB
TX-0008568,C-01368,Ava Patel,ava.patel8568@example.com,01/01/2024,96803.00,USD,completed,1,AU
TX-0008569,C-01369,Noah Kim,noah.kim8569@example.com,02/06/2024,181240.00,USD,pending,2,DE
TX-0008570,C-01370,Mia Martin,mia.martin8570@example.com,03/11/2024,84650.00,USD,refunded,3,US
TX-0008571,C-01371,Liam Smith,liam.smith8571@example.com,04/04/2024,149129.00,USD,cancelled,4,CA
TX-0008572,C-01372,Sofia Brown,sofia.brown8572@example.com,05/09/2024,208407.00,USD,completed,5,GB
TX-0008573,C-01373,Ethan Wilson,ethan.wilson8573@example.com,06/02/2024,48383.00,USD,pending,6,AU
TX-0008574,C-01374,Zoe Garcia,zoe.garcia8574@example.com,07/07/2024,187576.00,USD,refunded,7,DE
TX-0008575,C-01375,Mateo Nguyen,mateo.nguyen8575@example.com,08/12/2024,140162.00,USD,cancelled,8,US
TX-0008576,C-01376,Ava Patel,ava.patel8576@example.com,09/05/2024,23433.00,USD,completed,1,CA
TX-0008577,C-01377,Noah Kim,noah.kim8577@example.com,10/10/2024,210377.00,USD,pending,2,GB
TX-0008578,C-01378,Mia Martin,mia.martin8578@example.com,11/03/2024,35957.00,USD,refunded,3,AU
TX-0008579,C-01379,Liam Smith,liam.smith8579@example.com,12/08/2024,64252.00,USD,cancelled,4,DE
TX-0008580,C-01380,Sofia Brown,sofia.brown8580@example.com,01/01/2024,151325.00,USD,completed,5,US
TX-0008581,C-01381,Ethan Wilson,ethan.wilson8581@example.com,02/06/2024,213966.00,USD,pending,6,CA
TX-0008582,C-01382,Zoe Garcia,zoe.garcia8582@example.com,03/11/2024,68124.00,USD,refunded,7,GB
TX-0008583,C-01383,Mateo Nguyen,mateo.nguyen8583@example.com,04/04/2024,176738.00,USD,cancelled,8,AU
TX-0008584,C-01384,Ava Patel,ava.patel8584@example.com,05/09/2024,128802.00,USD,completed,1,DE
TX-0008585,C-01385,Noah Kim,noah.kim8585@example.com,06/02/2024,112889.00,USD,pending,2,US
TX-0008586,C-01386,Mia Martin,mia.martin8586@example.com,07/07/2024,12094.00,USD,refunded,3,CA
TX-0008587,C-01387,Liam Smith,liam.smith8587@example.com,08/12/2024,241679.00,USD,cancelled,4,GB
TX-0008588,C-01388,  SOFIA BROWN  ,sofia.brown8588@example.com,09/05/2024,151837.00,USD,completed,5,AU
TX-0008589,C-01389,Ethan Wilson,ethan.wilson8589@example.com,10/10/2024,170468.00,USD,pending,6,DE
TX-0008590,C-01390,Zoe Garcia,zoe.garcia8590@example.com,11/03/2024,232272.00,USD,refunded,7,US
TX-0008591,C-01391,Mateo Nguyen,mateo.nguyen8591@example.com,12/08/2024,91161.00,USD,cancelled,8,CA
TX-0008592,C-01392,Ava Patel,ava.patel8592@example.com,01/01/2024,85578.00,USD,completed,1,GB
TX-0008593,C-01393,Noah Kim,noah.kim8593@example.com,02/06/2024,1722.00,USD,pending,2,AU
TX-0008594,C-01394,Mia Martin,mia.martin8594@example.com,03/11/2024,222649.00,USD,refunded,3,DE
TX-0008595,C-01395,Liam Smith,liam.smith8595@example.com,04/04/2024,168532.00,USD,unknown,4,US
TX-0008596,C-01396,Sofia Brown,sofia.brown8596@example.com,05/09/2024,96688.00,USD,completed,5,CA
TX-0008597,C-01397,Ethan Wilson,ethan.wilson8597@example.com,06/02/2024,167184.00,USD,pending,6,GB
TX-0008598,C-01398,Zoe Garcia,zoe.garcia8598@example.com,07/07/2024,81685.00,USD,refunded,7,AU
TX-0008599,C-01399,Mateo Nguyen,mateo.nguyen8599@example.com,08/12/2024,126991.00,USD,cancelled,8,DE
TX-0008600,C-01400,Ava Patel,ava.patel8600@example.com,09/05/2024,179698.00,USD,completed,1,US
TX-0008601,C-01401,Noah Kim,noah.kim8601@example.com,10/10/2024,35363.00,USD,pending,2,CA
TX-0008602,C-01402,Mia Martin,mia.martin8602@example.com,11/03/2024,22681.00,USD,refunded,3,GB
TX-0008603,C-01403,Liam Smith,liam.smith8603@example.com,12/08/2024,248500.00,USD,cancelled,4,AU
TX-0008604,C-01404,Sofia Brown,sofia.brown8604@example.com,01/01/2024,69365.00,USD,completed,5,DE
TX-0008605,C-01405,Ethan Wilson,ethan.wilson8605@example.com,02/06/2024,247222.00,USD,pending,6,US
TX-0008606,C-01406,Zoe Garcia,zoe.garcia8606@example.com,03/11/2024,42471.00,USD,refunded,7,CA
TX-0008607,C-01407,Mateo Nguyen,mateo.nguyen8607@example.com,04/04/2024,147971.00,USD,cancelled,8,GB
TX-0008608,C-01408,Ava Patel,ava.patel8608@example.com,05/09/2024,75155.00,USD,completed,1,AU
TX-0008609,C-01409,Noah Kim,noah.kim8609@example.com,06/02/2024,151210.00,USD,pending,2,DE
TX-0008610,C-01410,Mia Martin,mia.martin8610@example.com,07/07/2024,151292.00,USD,refunded,3,US
TX-0008611,C-01411,Liam Smith,liam.smith8611@example.com,08/12/2024,226757.00,USD,cancelled,4,CA
TX-0008612,C-01412,Sofia Brown,sofia.brown8612@example.com,09/05/2024,22088.00,USD,completed,5,GB
TX-0008613,C-01413,Ethan Wilson,ethan.wilson8613@example.com,10/10/2024,115058.00,USD,pending,6,AU
TX-0008614,C-01414,Zoe Garcia,zoe.garcia8614@example.com,11/03/2024,85148.00,USD,refunded,7,DE
TX-0008615,C-01415,Mateo Nguyen,mateo.nguyen8615@example.com,12/08/2024,124637.00,USD,cancelled,8,US
TX-0008616,C-01416,Ava Patel,ava.patel8616@example.com,01/01/2024,241594.00,USD,completed,1,CA
TX-0008617,C-01417,Noah Kim,noah.kim8617@example.com,02/06/2024,74879.00,USD,pending,2,GB
TX-0008618,C-01418,Mia Martin,mia.martin8618@example.com,03/11/2024,91794.00,USD,refunded,3,AU
TX-0008619,C-01419,Liam Smith,liam.smith8619@example.com,04/04/2024,30415.00,USD,cancelled,4,DE
TX-0008620,C-01420,Sofia Brown,sofia.brown8620@example.com,05/09/2024,159882.00,USD,completed,5,US
TX-0008621,C-01421,Ethan Wilson,ethan.wilson8621@example.com,06/02/2024,204811.00,USD,pending,6,CA
TX-0008622,C-01422,Zoe Garcia,zoe.garcia8622@example.com,07/07/2024,230944.00,USD,refunded,7,GB
TX-0008623,C-01423,Mateo Nguyen,mateo.nguyen8623@example.com,08/12/2024,17555.00,USD,cancelled,8,AU
TX-0008624,C-01424,Ava Patel,ava.patel8624@example.com,09/05/2024,228033.00,USD,completed,1,DE
TX-0008625,C-01425,Noah Kim,noah.kim8625@example.com,10/10/2024,168679.00,USD,pending,2,US
TX-0008626,C-01426,Mia Martin,mia.martin8626@example.com,11/03/2024,38066.00,USD,refunded,3,CA
TX-0008627,C-01427,Liam Smith,liam.smith8627@example.com,12/08/2024,181990.00,USD,cancelled,4,GB
TX-0008628,C-01428,Sofia Brown,sofia.brown8628@example.com,01/01/2024,40232.00,USD,completed,5,AU
TX-0008629,C-01429,Ethan Wilson,ethan.wilson8629@example.com,02/06/2024,174268.00,USD,pending,6,DE
TX-0008630,C-01430,Zoe Garcia,zoe.garcia8630@example.com,03/11/2024,204176.00,USD,refunded,7,US
TX-0008631,C-01431,Mateo Nguyen,mateo.nguyen8631@example.com,04/04/2024,82020.00,USD,cancelled,8,CA
TX-0008632,C-01432,Ava Patel,ava.patel8632@example.com,05/09/2024,147866.00,USD,completed,1,GB
TX-0008633,C-01433,Noah Kim,,06/02/2024,17670.00,USD,pending,2,AU
TX-0008634,C-01434,Mia Martin,mia.martin8634@example.com,07/07/2024,225132.00,USD,refunded,3,DE
TX-0008635,C-01435,Liam Smith,liam.smith8635@example.com,08/12/2024,154047.00,USD,COMPLETE,4,US
TX-0008636,C-01436,sofia brown,sofia.brown8636@example.com,09/05/2024,229720.00,USD,completed,5,CA
TX-0008637,C-01437,Ethan Wilson,ethan.wilson8637@example.com,10/10/2024,223861.00,USD,pending,6,GB
TX-0008638,C-01438,Zoe Garcia,zoe.garcia8638@example.com,11/03/2024,249735.00,USD,refunded,7,AU
TX-0008639,C-01439,Mateo Nguyen,mateo.nguyen8639@example.com,12/08/2024,54531.00,USD,cancelled,8,DE
TX-0008640,C-01440,Ava Patel,ava.patel8640@example.com,01/01/2024,41843.00,USD,completed,1,US
TX-0008641,C-01441,Noah Kim,noah.kim8641@example.com,02/06/2024,205980.00,USD,pending,2,CA
TX-0008642,C-01442,Mia Martin,mia.martin8642@example.com,03/11/2024,4843.00,usd,refunded,3,GB
TX-0008643,C-01443,Liam Smith,liam.smith8643@example.com,04/04/2024,114650.00,USD,cancelled,4,AU
TX-0008644,C-01444,Sofia Brown,sofia.brown8644@example.com,05/09/2024,175886.00,USD,completed,5,DE
TX-0008645,C-01445,Ethan Wilson,ethan.wilson8645@example.com,06/02/2024,218547.00,USD,pending,6,US
TX-0008646,C-01446,Zoe Garcia,zoe.garcia8646@example.com,07/07/2024,12343.00,USD,refunded,7,ca
TX-0008647,C-01447,Mateo Nguyen,mateo.nguyen8647@example.com,08/12/2024,87732.00,USD,cancelled,8,GB
TX-0008648,C-01448,Ava Patel,ava.patel8648@example.com,09/05/2024,146072.00,USD,completed,1,AU
TX-0008649,C-01449,Noah Kim,noah.kim8649@example.com,10/10/2024,31679.00,USD,pending,2,DE
TX-0008650,C-01450,Mia Martin,mia.martin8650@example.com,11/03/2024,82135.00,USD,refunded,3,USA
TX-0008651,C-01451,Liam Smith,liam.smith8651@example.com,12/08/2024,-5890.00,USD,cancelled,4,CA
TX-0008652,C-01452,Sofia Brown,sofia.brown8652@example.com,01/01/2024,149741.00,USD,completed,5,GB
TX-0008653,C-01453,Ethan Wilson,ethan.wilson8653@example.com,02/06/2024,62887.00,USD,pending,6,AU
TX-0008654,C-01454,Zoe Garcia,zoe.garcia8654@example.com,03/11/2024,192018.00,USD,refunded,7,DE
TX-0008655,C-01455,Mateo Nguyen,mateo.nguyen8655@example.com,04/04/2024,29245.00,USD,cancelled,8,US
TX-0008656,C-01456,Ava Patel,ava.patel8656@example.com,05/09/2024,21214.00,USD,completed,1,CA
TX-0008657,C-01457,Noah Kim,noah.kim8657@example.com,06/02/2024,115469.00,USD,pending,2,GB
TX-0008658,C-01458,Mia Martin,mia.martin8658@example.com,07/07/2024,203416.00,USD,refunded,3,AU
TX-0008659,C-01459,Liam Smith,liam.smith8659@example.com,08/12/2024,18824.00,USD,cancelled,4,DE
TX-0008660,C-01460,Sofia Brown,sofia.brown8660@example.com,09/05/2024,176725.00,USD,completed,5,US
TX-0008661,C-01461,Ethan Wilson,ethan.wilson8661@example.com,10/10/2024,7482.00,USD,pending,6,CA
TX-0008662,C-01462,Zoe Garcia,zoe.garcia8662@example.com,11/03/2024,214879.00,USD,refunded,7,GB
TX-0008663,C-01463,Mateo Nguyen,mateo.nguyen8663@example.com,12/08/2024,187055.00,USD,cancelled,8,AU
TX-0008664,C-01464,Ava Patel,ava.patel8664@example.com,01/01/2024,187043.00,USD,completed,1,DE
TX-0008665,C-01465,Noah Kim,noah.kim8665@example.com,02/06/2024,32719.00,USD,pending,2,US
TX-0008666,C-01466,Mia Martin,mia.martin8666@example.com,03/11/2024,235203.00,USD,refunded,3,CA
TX-0008667,C-01467,Liam Smith,liam.smith8667@example.com,04/04/2024,177855.00,USD,cancelled,4,GB
TX-0008668,C-01468,Sofia Brown,sofia.brown8668@example.com,05/09/2024,198699.00,USD,completed,5,AU
TX-0008669,C-01469,Ethan Wilson,ethan.wilson8669@example.com,06/02/2024,39729.00,USD,pending,6,DE
TX-0008670,C-01470,Zoe Garcia,zoe.garcia8670@example.com,07/07/2024,143585.00,USD,refunded,7,US
TX-0008671,C-01471,Mateo Nguyen,mateo.nguyen8671@example.com,08/12/2024,42584.00,USD,cancelled,8,CA
TX-0008672,C-01472,Ava Patel,ava.patel8672@example.com,09/05/2024,39995.00,USD,completed,1,GB
TX-0008673,C-01473,Noah Kim,noah.kim8673@example.com,10/10/2024,29406.00,USD,pending,2,AU
TX-0008674,C-01474,Mia Martin,mia.martin8674@example.com,11/03/2024,80695.00,USD,refunded,3,DE
TX-0008675,C-01475,Liam Smith,liam.smith8675@example.com,12/08/2024,169326.00,USD,cancelled,4,US
TX-0008676,C-01476,Sofia Brown,sofia.brown8676@example.com,01/01/2024,208468.00,USD,completed,5,CA
TX-0008677,C-01477,Ethan Wilson,ethan.wilson8677@example.com,02/06/2024,179415.00,USD,pending,6,GB
TX-0008678,C-01478,Zoe Garcia,zoe.garcia8678@example.com,03/11/2024,74871.00,USD,refunded,7,AU
TX-0008679,C-01479,Mateo Nguyen,mateo.nguyen8679@example.com,04/04/2024,165241.00,USD,cancelled,8,DE
TX-0008680,C-01480,Ava Patel,ava.patel8680@example.com,05/09/2024,28196.00,USD,completed,1,US
TX-0008681,C-01481,Noah Kim,noah.kim8681@example.com,06/02/2024,41924.00,USD,pending,2,CA
TX-0008682,C-01482,Mia Martin,mia.martin8682@example.com,07/07/2024,173766.00,USD,refunded,3,GB
TX-0008683,C-01483,Liam Smith,liam.smith8683@example.com,08/12/2024,107131.00,USD,cancelled,4,AU
TX-0008684,C-01484,Sofia Brown,sofia.brown8684@example.com,09/05/2024,196314.00,USD,completed,5,DE
TX-0008685,C-01485,Ethan Wilson,ethan.wilson8685@example.com,10/10/2024,147991.00,USD,pending,6,US
TX-0008686,C-01486,Zoe Garcia,zoe.garcia8686@example.com,11/03/2024,243767.00,USD,refunded,7,CA
TX-0008687,C-01487,Mateo Nguyen,mateo.nguyen8687@example.com,12/08/2024,73599.00,USD,cancelled,8,GB
TX-0008688,C-01488,Ava Patel,ava.patel8688@example.com,01/01/2024,52903.00, USD ,completed,1,AU
TX-0008689,C-01489,Noah Kim,noah.kim8689@example.com,02/06/2024,14123.00,USD,pending,2,DE
TX-0008690,C-01490,Mia Martin,mia.martin8690@example.com,03/11/2024,163767.00,USD,refunded,3,US
TX-0008691,C-01491,Liam Smith,liam.smith8691@example.com,04/04/2024,199577.00,USD,cancelled,4,CA
TX-0008692,C-01492,Sofia Brown,sofia.brown8692@example.com,05/09/2024,77604.00,USD,completed,5,GB
TX-0008693,C-01493,Ethan Wilson,ethan.wilson8693@example.com,06/02/2024,126367.00,USD,pending,6,AU
TX-0008694,C-01494,Zoe Garcia,zoe.garcia8694@example.com,07/07/2024,151893.00,USD,refunded,7,DE
TX-0008695,C-01495,Mateo Nguyen,mateo.nguyen8695@example.com,08/12/2024,80260.00,USD,cancelled,8,US
TX-0008696,C-01496,Ava Patel,ava.patel8696@example.com,09/05/2024,120570.00,USD,completed,1,CA
TX-0008697,C-01497,Noah Kim,noah.kim8697@example.com,10/10/2024,,USD,pending,2,GB
TX-0008698,C-01498,Mia Martin,mia.martin8698@example.com,11/03/2024,233885.00,USD,refunded,3,AU
TX-0008699,C-01499,Liam Smith,liam.smith8699@example.com,12/08/2024,129126.00,USD,cancelled,4,DE
TX-0008700,C-01500,Sofia Brown,sofia.brown8700@example.com,01/01/2024,34819.00,USD,completed,5,US
TX-0008701,C-01501,  ETHAN WILSON  ,ethan.wilson8701@example.com,02/06/2024,140358.00,USD,pending,6,CA
TX-0008702,C-01502,Zoe Garcia,zoe.garcia8702@example.com,03/11/2024,166938.00,USD,refunded,7,GB
TX-0008703,C-01503,Mateo Nguyen,mateo.nguyen8703@example.com,04/04/2024,69422.00,USD,cancelled,8,AU
TX-0008704,C-01504,Ava Patel,ava.patel8704@example.com,05/09/2024,205873.00,USD,completed,1,DE
TX-0008705,C-01505,Noah Kim,noah.kim8705@example.com,06/02/2024,160095.00,USD,pending,2,US
TX-0008706,C-01506,Mia Martin,mia.martin8706@example.com,07/07/2024,580.00,USD,refunded,3,CA
TX-0008707,C-01507,Liam Smith,liam.smith8707@example.com,08/12/2024,98069.00,USD,cancelled,4,GB
TX-0008708,C-01508,Sofia Brown,sofia.brown8708@example.com,09/05/2024,208036.00,USD,completed,5,AU
TX-0008709,C-01509,Ethan Wilson,ethan.wilson8709@example.com,10/10/2024,55412.00,USD,pending,6,DE
TX-0008710,C-01510,Zoe Garcia,zoe.garcia8710@example.com,11/03/2024,68270.00,USD,refunded,7,US
TX-0008711,C-01511,Mateo Nguyen,mateo.nguyen8711@example.com,12/08/2024,219549.00,USD,cancelled,8,CA
TX-0008712,C-01512,Ava Patel,ava.patel8712@example.com,01/01/2024,7765.00,USD,completed,1,GB
TX-0008713,C-01513,Noah Kim,noah.kim8713@example.com,02/06/2024,129083.00,USD,pending,2,AU
TX-0008714,C-01514,Mia Martin,mia.martin8714@example.com,03/11/2024,48205.00,USD,refunded,3,DE
TX-0008715,C-01515,Liam Smith,liam.smith8715@example.com,04/04/2024,60515.00,USD,cancelled,4,US
TX-0008716,C-01516,Sofia Brown,sofia.brown8716@example.com,05/09/2024,31497.00,USD,completed,5,CA
TX-0008717,C-01517,Ethan Wilson,ethan.wilson8717@example.com,06/02/2024,226021.00,USD,pending,6,GB
TX-0008718,C-01518,Zoe Garcia,zoe.garcia8718@example.com,07/07/2024,36683.00,USD,refunded,7,AU
TX-0008719,C-01519,Mateo Nguyen,mateo.nguyen8719@example.com,08/12/2024,6664.00,USD,cancelled,8,DE
TX-0008720,C-01520,Ava Patel,ava.patel8720@example.com,09/05/2024,6144.00,USD,completed,1,US
TX-0008721,C-01521,Noah Kim,noah.kim8721@example.com,10/10/2024,135532.00,USD,pending,2,CA
TX-0008722,C-01522,Mia Martin,mia.martin.invalid,11/03/2024,90426.00,USD,refunded,3,GB
TX-0008723,C-01523,Liam Smith,liam.smith8723@example.com,12/08/2024,103565.00,USD,cancelled,4,AU
TX-0008724,C-01524,Sofia Brown,sofia.brown8724@example.com,01/01/2024,58263.00,USD,completed,5,DE
TX-0008725,C-01525,Ethan Wilson,ethan.wilson8725@example.com,02/06/2024,119608.00,USD,pending,6,US
TX-0008726,C-01526,Zoe Garcia,zoe.garcia8726@example.com,03/11/2024,48080.00,USD,refunded,7,CA
TX-0008727,C-01527,Mateo Nguyen,mateo.nguyen8727@example.com,04/04/2024,103537.00,USD,cancelled,8,GB
TX-0008728,C-01528,Ava Patel,ava.patel8728@example.com,05/09/2024,241019.00,USD,completed,1,AU
TX-0008729,C-01529,Noah Kim,noah.kim8729@example.com,06/02/2024,67793.00,USD,pending,2,DE
TX-0008730,C-01530,Mia Martin,,07/07/2024,158389.00,USD,refunded,3,US
TX-0008731,C-01531,Liam Smith,liam.smith8731@example.com,08/12/2024,44732.00,USD,cancelled,4,CA
TX-0008732,C-01532,Sofia Brown,sofia.brown8732@example.com,09/05/2024,55669.00,USD,completed,5,GB
TX-0008733,C-01533,Ethan Wilson,ethan.wilson8733@example.com,10/10/2024,34050.00,USD,pending,6,AU
TX-0008734,C-01534,Zoe Garcia,zoe.garcia8734@example.com,11/03/2024,86976.00,USD,refunded,7,DE
TX-0008735,C-01535,Mateo Nguyen,mateo.nguyen8735@example.com,12/08/2024,189463.00,USD,cancelled,8,US
TX-0008736,C-01536,Ava Patel,ava.patel8736@example.com,01/01/2024,69283.00,USD,completed,1,CA
TX-0008737,C-01537,Noah Kim,noah.kim8737@example.com,02/06/2024,96458.00,USD,pending,2,GB
TX-0008738,C-01538,Mia Martin,mia.martin8738@example.com,03/11/2024,219071.00,USD,refunded,3,AU
TX-0008739,C-01539,Liam Smith,liam.smith8739@example.com,04/04/2024,44205.00,USD,cancelled,4,DE
TX-0008740,C-01540,Sofia Brown,sofia.brown8740@example.com,05/09/2024,11817.00,USD,completed,5,US
TX-0008741,C-01541,Ethan Wilson,ethan.wilson8741@example.com,06/02/2024,133131.00,USD,pending,6,CA
TX-0008742,C-01542,Zoe Garcia,zoe.garcia8742@example.com,07/07/2024,206440.00,USD,refunded,7,GB
TX-0008743,C-01543,Mateo Nguyen,mateo.nguyen8743@example.com,08/12/2024,33283.00,USD,cancelled,8,AU
TX-0008744,C-01544,Ava Patel,ava.patel8744@example.com,09/05/2024,29333.00,USD,completed,1,DE
TX-0008745,C-01545,Noah Kim,noah.kim8745@example.com,10/10/2024,26551.00,USD,pending,2,US
TX-0008746,C-01546,Mia Martin,mia.martin8746@example.com,11/03/2024,64857.00,USD,refunded,3,CA
TX-0008747,C-01547,Liam Smith,liam.smith8747@example.com,12/08/2024,162117.00,USD,cancelled,4,GB
TX-0008748,C-01548,Sofia Brown,sofia.brown8748@example.com,01/01/2024,247927.00,USD,completed,5,AU
TX-0008749,C-01549,Ethan Wilson,ethan.wilson8749@example.com,02/06/2024,103326.00,USD,pending,6,DE
TX-0008750,C-01550,Zoe Garcia,zoe.garcia8750@example.com,03/11/2024,5184.00,USD,refunded,7,US
TX-0008751,C-01551,Mateo Nguyen,mateo.nguyen8751@example.com,04/04/2024,235552.00,USD,cancelled,8,CA
TX-0008752,C-01552,Ava Patel,ava.patel8752@example.com,05/09/2024,153555.00,USD,completed,1,GB
TX-0008753,C-01553,Noah Kim,noah.kim8753@example.com,06/02/2024,98472.00,USD,pending,2,AU
TX-0008754,C-01554,Mia Martin,mia.martin8754@example.com,07/07/2024,122451.00,USD,refunded,3,DE
TX-0008755,C-01555,Liam Smith,liam.smith8755@example.com,08/12/2024,113901.00,USD,cancelled,4,US
TX-0008756,C-01556,Sofia Brown,sofia.brown8756@example.com,09/05/2024,140119.00,USD,completed,5,CA
TX-0008757,C-01557,Ethan Wilson,ethan.wilson8757@example.com,10/10/2024,25973.00,USD,pending,6,GB
TX-0008758,C-01558,Zoe Garcia,zoe.garcia8758@example.com,11/03/2024,56850.00,USD,refunded,7,AU
TX-0008759,C-01559,Mateo Nguyen,mateo.nguyen8759@example.com,12/08/2024,139241.00,USD,cancelled,8,DE
TX-0008760,C-01560,Ava Patel,ava.patel8760@example.com,01/01/2024,81371.00,USD,completed,1,US
TX-0008761,C-01561,Noah Kim,noah.kim8761@example.com,02/06/2024,229292.00,USD,pending,2,CA
TX-0008762,C-01562,Mia Martin,mia.martin8762@example.com,03/11/2024,99568.00,USD,refunded,3,GB
TX-0008763,C-01563,liam smith,liam.smith8763@example.com,04/04/2024,242522.00,USD,cancelled,4,AU
TX-0008764,C-01564,Sofia Brown,sofia.brown8764@example.com,05/09/2024,117980.00,USD,completed,5,DE
TX-0008765,C-01565,Ethan Wilson,ethan.wilson8765@example.com,06/02/2024,33856.00,USD,pending,6,US
TX-0008766,C-01566,Zoe Garcia,zoe.garcia8766@example.com,07/07/2024,4750.00,USD,refunded,7,CA
TX-0008767,C-01567,Mateo Nguyen,mateo.nguyen8767@example.com,08/12/2024,246763.00,USD,cancelled,8,GB
TX-0008768,C-01568,Ava Patel,ava.patel8768@example.com,09/05/2024,206539.00,USD,completed,1,AU
TX-0008769,C-01569,Noah Kim,noah.kim8769@example.com,10/10/2024,20626.00,USD,pending,2,DE
TX-0008770,C-01570,Mia Martin,mia.martin8770@example.com,11/03/2024,246209.00,USD,refunded,3,US
TX-0008771,C-01571,Liam Smith,liam.smith8771@example.com,12/08/2024,170881.00,USD,cancelled,4,CA
TX-0008772,C-01572,Sofia Brown,sofia.brown8772@example.com,01/01/2024,201327.00,USD,completed,5,GB
TX-0008773,C-01573,Ethan Wilson,ethan.wilson8773@example.com,02/06/2024,229040.00,USD,pending,6,AU
TX-0008774,C-01574,Zoe Garcia,zoe.garcia8774@example.com,03/11/2024,103044.00,USD,refunded,7,DE
TX-0008775,C-01575,Mateo Nguyen,mateo.nguyen8775@example.com,04/04/2024,142697.00,USD,cancelled,8,US
TX-0008776,C-01576,Ava Patel,ava.patel8776@example.com,05/09/2024,83556.00,USD,completed,1,CA
TX-0008777,C-01577,Noah Kim,noah.kim8777@example.com,06/02/2024,158390.00,USD,pending,2,gb
TX-0008778,C-01578,Mia Martin,mia.martin8778@example.com,07/07/2024,171853.00,USD,refunded,3,AU
TX-0008779,C-01579,Liam Smith,liam.smith8779@example.com,08/12/2024,47035.00,USD,cancelled,4,DE
TX-0008780,C-01580,Sofia Brown,sofia.brown8780@example.com,09/05/2024,70671.00,USD,completed,5,US
TX-0008781,C-01581,Ethan Wilson,ethan.wilson8781@example.com,10/10/2024,50853.00,USD,pending,6,CA
TX-0008782,C-01582,Zoe Garcia,zoe.garcia8782@example.com,11/03/2024,119133.00,USD,refunded,7,GB
TX-0008783,C-01583,Mateo Nguyen,mateo.nguyen8783@example.com,12/08/2024,148573.00,USD,cancelled,8,AU
TX-0008784,C-01584,Ava Patel,ava.patel8784@example.com,01/01/2024,212414.00,USD,completed,1,DE
TX-0008785,C-01585,Noah Kim,noah.kim8785@example.com,02/06/2024,24747.00,USD,pending,2,US
TX-0008786,C-01586,Mia Martin,mia.martin8786@example.com,03/11/2024,249081.00,USD,unknown,3,CA
TX-0008787,C-01587,Liam Smith,liam.smith8787@example.com,04/04/2024,132160.00,USD,cancelled,4,GB
TX-0008788,C-01588,Sofia Brown,sofia.brown8788@example.com,05/09/2024,172057.00,USD,completed,5,AU
TX-0008789,C-01589,Ethan Wilson,ethan.wilson8789@example.com,06/02/2024,209690.00,USD,pending,6,DE
TX-0008790,C-01590,Zoe Garcia,zoe.garcia8790@example.com,07/07/2024,107781.00,USD,refunded,7,US
TX-0008791,C-01591,Mateo Nguyen,mateo.nguyen8791@example.com,08/12/2024,114632.00,usd,cancelled,8,CA
TX-0008792,C-01592,Ava Patel,ava.patel8792@example.com,09/05/2024,43303.00,USD,COMPLETE,1,GB
TX-0008793,C-01593,Noah Kim,noah.kim8793@example.com,10/10/2024,247263.00,USD,pending,2,AU
TX-0008794,C-01594,Mia Martin,mia.martin8794@example.com,11/03/2024,191274.00,USD,refunded,3,DE
TX-0008795,C-01595,Liam Smith,liam.smith8795@example.com,12/08/2024,72999.00,USD,cancelled,4,US
TX-0008796,C-01596,Sofia Brown,sofia.brown8796@example.com,01/01/2024,106617.00,USD,completed,5,CA
TX-0008797,C-01597,Ethan Wilson,ethan.wilson8797@example.com,02/06/2024,20120.00,USD,pending,6,GB
TX-0008798,C-01598,Zoe Garcia,zoe.garcia8798@example.com,03/11/2024,94457.00,USD,refunded,7,AU
TX-0008799,C-01599,Mateo Nguyen,mateo.nguyen8799@example.com,04/04/2024,43176.00,USD,cancelled,8,DE
TX-0008800,C-01600,Ava Patel,ava.patel8800@example.com,05/09/2024,153738.00,USD,completed,1,US
TX-0008801,C-01601,Noah Kim,noah.kim8801@example.com,06/02/2024,90874.00,USD,pending,2,CA
TX-0008802,C-01602,Mia Martin,mia.martin8802@example.com,07/07/2024,2784.00,USD,refunded,3,GB
TX-0008803,C-01603,Liam Smith,liam.smith8803@example.com,08/12/2024,30648.00,USD,cancelled,4,AU
TX-0008804,C-01604,Sofia Brown,sofia.brown8804@example.com,09/05/2024,114876.00,USD,completed,5,DE
TX-0008805,C-01605,Ethan Wilson,ethan.wilson8805@example.com,10/10/2024,75464.00,USD,pending,6,US
TX-0008806,C-01606,Zoe Garcia,zoe.garcia8806@example.com,11/03/2024,28507.00,USD,refunded,7,CA
TX-0008807,C-01607,Mateo Nguyen,mateo.nguyen8807@example.com,12/08/2024,41498.00,USD,cancelled,8,GB
TX-0008808,C-01608,Ava Patel,ava.patel8808@example.com,01/01/2024,85928.00,USD,completed,1,AU
TX-0008809,C-01609,Noah Kim,noah.kim8809@example.com,02/06/2024,53787.00,USD,pending,2,DE
TX-0008810,C-01610,Mia Martin,mia.martin8810@example.com,03/11/2024,65413.00,USD,refunded,3,US
TX-0008811,C-01611,Liam Smith,liam.smith.invalid,04/04/2024,38201.00,USD,cancelled,4,CA
TX-0008812,C-01612,Sofia Brown,sofia.brown8812@example.com,05/09/2024,126462.00,USD,completed,5,GB
TX-0008813,C-01613,Ethan Wilson,ethan.wilson8813@example.com,06/02/2024,246560.00,USD,pending,6,AU
TX-0008814,C-01614,  ZOE GARCIA  ,zoe.garcia8814@example.com,07/07/2024,244288.00,USD,refunded,7,DE
TX-0008815,C-01615,Mateo Nguyen,mateo.nguyen8815@example.com,08/12/2024,36045.00,USD,cancelled,8,US
TX-0008816,C-01616,Ava Patel,ava.patel8816@example.com,09/05/2024,127286.00,USD,completed,1,CA
TX-0008817,C-01617,Noah Kim,noah.kim8817@example.com,10/10/2024,104976.00,USD,pending,2,GB
TX-0008818,C-01618,Mia Martin,mia.martin8818@example.com,11/03/2024,126119.00,USD,refunded,3,AU
TX-0008819,C-01619,Liam Smith,liam.smith8819@example.com,12/08/2024,160466.00,USD,cancelled,4,DE
TX-0008820,C-01620,Sofia Brown,sofia.brown8820@example.com,01/01/2024,120534.00,USD,completed,5,US
TX-0008821,C-01621,Ethan Wilson,ethan.wilson8821@example.com,02/06/2024,120824.00,USD,pending,6,CA
TX-0008822,C-01622,Zoe Garcia,zoe.garcia8822@example.com,03/11/2024,107032.00,USD,refunded,7,GB
TX-0008823,C-01623,Mateo Nguyen,mateo.nguyen8823@example.com,04/04/2024,3924.00,USD,cancelled,8,USA
TX-0008824,C-01624,Ava Patel,ava.patel8824@example.com,05/09/2024,181502.00,USD,completed,1,DE
TX-0008825,C-01625,Noah Kim,noah.kim8825@example.com,06/02/2024,20873.00,USD,pending,2,US
TX-0008826,C-01626,Mia Martin,mia.martin8826@example.com,07/07/2024,184018.00,USD,refunded,3,CA
TX-0008827,C-01627,Liam Smith,,08/12/2024,30089.00,USD,cancelled,4,GB
TX-0008828,C-01628,Sofia Brown,sofia.brown8828@example.com,09/05/2024,51555.00,USD,completed,5,AU
TX-0008829,C-01629,Ethan Wilson,ethan.wilson8829@example.com,10/10/2024,161101.00,USD,pending,6,DE
TX-0008830,C-01630,Zoe Garcia,zoe.garcia8830@example.com,11/03/2024,228602.00,USD,refunded,7,US
TX-0008831,C-01631,Mateo Nguyen,mateo.nguyen8831@example.com,12/08/2024,50559.00,USD,cancelled,8,CA
TX-0008832,C-01632,Ava Patel,ava.patel8832@example.com,01/01/2024,150121.00,USD,completed,1,GB
TX-0008833,C-01633,Noah Kim,noah.kim8833@example.com,02/06/2024,75372.00,USD,pending,2,AU
TX-0008834,C-01634,Mia Martin,mia.martin8834@example.com,03/11/2024,149353.00,USD,refunded,3,DE
TX-0008835,C-01635,Liam Smith,liam.smith8835@example.com,04/04/2024,246211.00,USD,cancelled,4,US
TX-0008836,C-01636,Sofia Brown,sofia.brown8836@example.com,05/09/2024,247682.00,USD,completed,5,CA
TX-0008837,C-01637,Ethan Wilson,ethan.wilson8837@example.com,06/02/2024,186478.00,USD,pending,6,GB
TX-0008838,C-01638,Zoe Garcia,zoe.garcia8838@example.com,07/07/2024,172883.00,USD,refunded,7,AU
TX-0008839,C-01639,Mateo Nguyen,mateo.nguyen8839@example.com,08/12/2024,241068.00,USD,cancelled,8,DE
TX-0008840,C-01640,Ava Patel,ava.patel8840@example.com,09/05/2024,248225.00,USD,completed,1,US
TX-0008841,C-01641,Noah Kim,noah.kim8841@example.com,10/10/2024,11700.00,USD,pending,2,CA
TX-0008842,C-01642,Mia Martin,mia.martin8842@example.com,11/03/2024,173905.00,USD,refunded,3,GB
TX-0008843,C-01643,Liam Smith,liam.smith8843@example.com,12/08/2024,132621.00,USD,cancelled,4,AU
TX-0008844,C-01644,Sofia Brown,sofia.brown8844@example.com,01/01/2024,165602.00,USD,completed,5,DE
TX-0008845,C-01645,Ethan Wilson,ethan.wilson8845@example.com,02/06/2024,45538.00,USD,pending,6,US
TX-0008846,C-01646,Zoe Garcia,zoe.garcia8846@example.com,03/11/2024,53206.00,USD,refunded,7,CA
TX-0008847,C-01647,Mateo Nguyen,mateo.nguyen8847@example.com,04/04/2024,144328.00,USD,cancelled,8,GB
TX-0008848,C-01648,Ava Patel,ava.patel8848@example.com,05/09/2024,118591.00,USD,completed,1,AU
TX-0008849,C-01649,Noah Kim,noah.kim8849@example.com,06/02/2024,91098.00,USD,pending,2,DE
TX-0008850,C-01650,Mia Martin,mia.martin8850@example.com,07/07/2024,98434.00,USD,refunded,3,US
TX-0008851,C-01651,Liam Smith,liam.smith8851@example.com,08/12/2024,72089.00,USD,cancelled,4,CA
TX-0008852,C-01652,Sofia Brown,sofia.brown8852@example.com,09/05/2024,15792.00,USD,completed,5,GB
TX-0008853,C-01653,Ethan Wilson,ethan.wilson8853@example.com,10/10/2024,180093.00,USD,pending,6,AU
TX-0008854,C-01654,Zoe Garcia,zoe.garcia8854@example.com,11/03/2024,44846.00,USD,refunded,7,DE
TX-0008855,C-01655,Mateo Nguyen,mateo.nguyen8855@example.com,12/08/2024,207591.00,USD,cancelled,8,US
TX-0008856,C-01656,Ava Patel,ava.patel8856@example.com,01/01/2024,70038.00,USD,completed,1,CA
TX-0008857,C-01657,Noah Kim,noah.kim8857@example.com,02/06/2024,55412.00,USD,pending,2,GB
TX-0008858,C-01658,Mia Martin,mia.martin8858@example.com,03/11/2024,39585.00,USD,refunded,3,AU
TX-0008859,C-01659,Liam Smith,liam.smith8859@example.com,04/04/2024,42942.00,USD,cancelled,4,DE
TX-0008860,C-01660,Sofia Brown,sofia.brown8860@example.com,05/09/2024,187702.00,USD,completed,5,US
TX-0008861,C-01661,Ethan Wilson,ethan.wilson8861@example.com,06/02/2024,80422.00,USD,pending,6,CA
TX-0008862,C-01662,Zoe Garcia,zoe.garcia8862@example.com,07/07/2024,-3710.00,USD,refunded,7,GB
TX-0008863,C-01663,Mateo Nguyen,mateo.nguyen8863@example.com,08/12/2024,23211.00,USD,cancelled,8,AU
TX-0008864,C-01664,Ava Patel,ava.patel8864@example.com,09/05/2024,15138.00,USD,completed,1,DE
TX-0008865,C-01665,Noah Kim,noah.kim8865@example.com,10/10/2024,157592.00,USD,pending,2,US
TX-0008866,C-01666,Mia Martin,mia.martin8866@example.com,11/03/2024,151110.00,USD,refunded,3,CA
TX-0008867,C-01667,Liam Smith,liam.smith8867@example.com,12/08/2024,124480.00,USD,cancelled,4,GB
TX-0008868,C-01668,Sofia Brown,sofia.brown8868@example.com,01/01/2024,8916.00,USD,completed,5,AU
TX-0008869,C-01669,Ethan Wilson,ethan.wilson8869@example.com,02/06/2024,146624.00, USD ,pending,6,DE
TX-0008870,C-01670,Zoe Garcia,zoe.garcia8870@example.com,03/11/2024,116938.00,USD,refunded,7,US
TX-0008871,C-01671,Mateo Nguyen,mateo.nguyen8871@example.com,04/04/2024,198419.00,USD,cancelled,8,CA
TX-0008872,C-01672,Ava Patel,ava.patel8872@example.com,05/09/2024,209186.00,USD,completed,1,GB
TX-0008873,C-01673,Noah Kim,noah.kim8873@example.com,06/02/2024,73731.00,USD,pending,2,AU
TX-0008874,C-01674,Mia Martin,mia.martin8874@example.com,07/07/2024,32812.00,USD,refunded,3,DE
TX-0008875,C-01675,Liam Smith,liam.smith8875@example.com,08/12/2024,106254.00,USD,cancelled,4,US
TX-0008876,C-01676,Sofia Brown,sofia.brown8876@example.com,09/05/2024,73298.00,USD,completed,5,CA
TX-0008877,C-01677,Ethan Wilson,ethan.wilson8877@example.com,10/10/2024,156733.00,USD,pending,6,GB
TX-0008878,C-01678,Zoe Garcia,zoe.garcia8878@example.com,11/03/2024,124825.00,USD,refunded,7,AU
TX-0008879,C-01679,Mateo Nguyen,mateo.nguyen8879@example.com,12/08/2024,233581.00,USD,cancelled,8,DE
TX-0008880,C-01680,Ava Patel,ava.patel8880@example.com,01/01/2024,33270.00,USD,completed,1,US
TX-0008881,C-01681,Noah Kim,noah.kim8881@example.com,02/06/2024,34369.00,USD,pending,2,CA
TX-0008882,C-01682,Mia Martin,mia.martin8882@example.com,03/11/2024,147622.00,USD,refunded,3,GB
TX-0008883,C-01683,Liam Smith,liam.smith8883@example.com,04/04/2024,29959.00,USD,cancelled,4,AU
TX-0008884,C-01684,Sofia Brown,sofia.brown8884@example.com,05/09/2024,140378.00,USD,completed,5,DE
TX-0008885,C-01685,Ethan Wilson,ethan.wilson8885@example.com,06/02/2024,121524.00,USD,pending,6,US
TX-0008886,C-01686,Zoe Garcia,zoe.garcia8886@example.com,07/07/2024,216173.00,USD,refunded,7,CA
TX-0008887,C-01687,Mateo Nguyen,mateo.nguyen8887@example.com,08/12/2024,206539.00,USD,cancelled,8,GB
TX-0008888,C-01688,Ava Patel,ava.patel8888@example.com,09/05/2024,168063.00,USD,completed,1,AU
TX-0008889,C-01689,Noah Kim,noah.kim8889@example.com,10/10/2024,11691.00,USD,pending,2,DE
TX-0008890,C-01690,mia martin,mia.martin8890@example.com,11/03/2024,211975.00,USD,refunded,3,US
TX-0008891,C-01691,Liam Smith,liam.smith8891@example.com,12/08/2024,181627.00,USD,cancelled,4,CA
TX-0008892,C-01692,Sofia Brown,sofia.brown8892@example.com,01/01/2024,161011.00,USD,completed,5,GB
TX-0008893,C-01693,Ethan Wilson,ethan.wilson8893@example.com,02/06/2024,135814.00,USD,pending,6,AU
TX-0008894,C-01694,Zoe Garcia,zoe.garcia8894@example.com,03/11/2024,196719.00,USD,refunded,7,DE
TX-0008895,C-01695,Mateo Nguyen,mateo.nguyen8895@example.com,04/04/2024,242083.00,USD,cancelled,8,US
TX-0008896,C-01696,Ava Patel,ava.patel8896@example.com,05/09/2024,149055.00,USD,completed,1,CA
TX-0008897,C-01697,Noah Kim,noah.kim8897@example.com,06/02/2024,17601.00,USD,pending,2,GB
TX-0008898,C-01698,Mia Martin,mia.martin8898@example.com,07/07/2024,95659.00,USD,refunded,3,AU
TX-0008899,C-01699,Liam Smith,liam.smith8899@example.com,08/12/2024,183866.00,USD,cancelled,4,DE
TX-0008900,C-01700,Sofia Brown,sofia.brown.invalid,09/05/2024,153779.00,USD,completed,5,US
TX-0008901,C-01701,Ethan Wilson,ethan.wilson8901@example.com,10/10/2024,76159.00,USD,pending,6,CA
TX-0008902,C-01702,Zoe Garcia,zoe.garcia8902@example.com,11/03/2024,247675.00,USD,refunded,7,GB
TX-0008903,C-01703,Mateo Nguyen,mateo.nguyen8903@example.com,12/08/2024,47939.00,USD,cancelled,8,AU
TX-0008904,C-01704,Ava Patel,ava.patel8904@example.com,01/01/2024,173954.00,USD,completed,1,DE
TX-0008905,C-01705,Noah Kim,noah.kim8905@example.com,02/06/2024,163553.00,USD,pending,2,US
TX-0008906,C-01706,Mia Martin,mia.martin8906@example.com,03/11/2024,213924.00,USD,refunded,3,CA
TX-0008907,C-01707,Liam Smith,liam.smith8907@example.com,04/04/2024,12603.00,USD,cancelled,4,GB
TX-0008908,C-01708,Sofia Brown,sofia.brown8908@example.com,05/09/2024,42919.00,USD,completed,5,au
TX-0008909,C-01709,Ethan Wilson,ethan.wilson8909@example.com,06/02/2024,244086.00,USD,pending,6,DE
TX-0008910,C-01710,Zoe Garcia,zoe.garcia8910@example.com,07/07/2024,23818.00,USD,refunded,7,US
TX-0008911,C-01711,Mateo Nguyen,mateo.nguyen8911@example.com,08/12/2024,64767.00,USD,cancelled,8,CA
TX-0008912,C-01712,Ava Patel,ava.patel8912@example.com,09/05/2024,66807.00,USD,completed,1,GB
TX-0008913,C-01713,Noah Kim,noah.kim8913@example.com,10/10/2024,209117.00,USD,pending,2,AU
TX-0008914,C-01714,Mia Martin,mia.martin8914@example.com,11/03/2024,16965.00,USD,refunded,3,DE
TX-0008915,C-01715,Liam Smith,liam.smith8915@example.com,12/08/2024,134623.00,USD,cancelled,4,US
TX-0008916,C-01716,Sofia Brown,sofia.brown8916@example.com,01/01/2024,192108.00,USD,completed,5,CA
TX-0008917,C-01717,Ethan Wilson,ethan.wilson8917@example.com,02/06/2024,48201.00,USD,pending,6,GB
TX-0008918,C-01718,Zoe Garcia,zoe.garcia8918@example.com,03/11/2024,231311.00,USD,refunded,7,AU
TX-0008919,C-01719,Mateo Nguyen,mateo.nguyen8919@example.com,04/04/2024,34898.00,USD,cancelled,8,DE
TX-0008920,C-01720,Ava Patel,ava.patel8920@example.com,05/09/2024,,USD,completed,1,US
TX-0008921,C-01721,Noah Kim,noah.kim8921@example.com,06/02/2024,20698.00,USD,pending,2,CA
TX-0008922,C-01722,Mia Martin,mia.martin8922@example.com,07/07/2024,27341.00,USD,refunded,3,GB
TX-0008923,C-01723,Liam Smith,liam.smith8923@example.com,08/12/2024,74854.00,USD,cancelled,4,AU
TX-0008924,C-01724,Sofia Brown,,09/05/2024,244337.00,USD,completed,5,DE
TX-0008925,C-01725,Ethan Wilson,ethan.wilson8925@example.com,10/10/2024,242001.00,USD,pending,6,US
TX-0008926,C-01726,Zoe Garcia,zoe.garcia8926@example.com,11/03/2024,72875.00,USD,refunded,7,CA
TX-0008927,C-01727,  MATEO NGUYEN  ,mateo.nguyen8927@example.com,12/08/2024,139836.00,USD,cancelled,8,GB
TX-0008928,C-01728,Ava Patel,ava.patel8928@example.com,01/01/2024,118745.00,USD,completed,1,AU
TX-0008929,C-01729,Noah Kim,noah.kim8929@example.com,02/06/2024,201915.00,USD,pending,2,DE
TX-0008930,C-01730,Mia Martin,mia.martin8930@example.com,03/11/2024,210939.00,USD,refunded,3,US
TX-0008931,C-01731,Liam Smith,liam.smith8931@example.com,04/04/2024,46583.00,USD,cancelled,4,CA
TX-0008932,C-01732,Sofia Brown,sofia.brown8932@example.com,05/09/2024,162120.00,USD,completed,5,GB
TX-0008933,C-01733,Ethan Wilson,ethan.wilson8933@example.com,06/02/2024,27922.00,USD,pending,6,AU
TX-0008934,C-01734,Zoe Garcia,zoe.garcia8934@example.com,07/07/2024,121444.00,USD,refunded,7,DE
TX-0008935,C-01735,Mateo Nguyen,mateo.nguyen8935@example.com,08/12/2024,215489.00,USD,cancelled,8,US
TX-0008936,C-01736,Ava Patel,ava.patel8936@example.com,09/05/2024,59386.00,USD,completed,1,CA
TX-0008937,C-01737,Noah Kim,noah.kim8937@example.com,10/10/2024,85560.00,USD,pending,2,GB
TX-0008938,C-01738,Mia Martin,mia.martin8938@example.com,11/03/2024,11188.00,USD,refunded,3,AU
TX-0008939,C-01739,Liam Smith,liam.smith8939@example.com,12/08/2024,25522.00,USD,cancelled,4,DE
TX-0008940,C-01740,Sofia Brown,sofia.brown8940@example.com,01/01/2024,196987.00,usd,completed,5,US
TX-0008941,C-01741,Ethan Wilson,ethan.wilson8941@example.com,02/06/2024,120780.00,USD,pending,6,CA
TX-0008942,C-01742,Zoe Garcia,zoe.garcia8942@example.com,03/11/2024,80264.00,USD,refunded,7,GB
TX-0008943,C-01743,Mateo Nguyen,mateo.nguyen8943@example.com,04/04/2024,40382.00,USD,cancelled,8,AU
TX-0008944,C-01744,Ava Patel,ava.patel8944@example.com,05/09/2024,25140.00,USD,completed,1,DE
TX-0008945,C-01745,Noah Kim,noah.kim8945@example.com,06/02/2024,31677.00,USD,pending,2,US
TX-0008946,C-01746,Mia Martin,mia.martin8946@example.com,07/07/2024,171924.00,USD,refunded,3,CA
TX-0008947,C-01747,Liam Smith,liam.smith8947@example.com,08/12/2024,8353.00,USD,cancelled,4,GB
TX-0008948,C-01748,Sofia Brown,sofia.brown8948@example.com,09/05/2024,184990.00,USD,completed,5,AU
TX-0008949,C-01749,Ethan Wilson,ethan.wilson8949@example.com,10/10/2024,34825.00,USD,COMPLETE,6,DE
TX-0008950,C-01750,Zoe Garcia,zoe.garcia8950@example.com,11/03/2024,129603.00,USD,refunded,7,US
TX-0008951,C-01751,Mateo Nguyen,mateo.nguyen8951@example.com,12/08/2024,213552.00,USD,cancelled,8,CA
TX-0008952,C-01752,Ava Patel,ava.patel8952@example.com,01/01/2024,109925.00,USD,completed,1,GB
TX-0008953,C-01753,Noah Kim,noah.kim8953@example.com,02/06/2024,227681.00,USD,pending,2,AU
TX-0008954,C-01754,Mia Martin,mia.martin8954@example.com,03/11/2024,103631.00,USD,refunded,3,DE
TX-0008955,C-01755,Liam Smith,liam.smith8955@example.com,04/04/2024,55742.00,USD,cancelled,4,US
TX-0008956,C-01756,Sofia Brown,sofia.brown8956@example.com,05/09/2024,136189.00,USD,completed,5,CA
TX-0008957,C-01757,Ethan Wilson,ethan.wilson8957@example.com,06/02/2024,120603.00,USD,pending,6,GB
TX-0008958,C-01758,Zoe Garcia,zoe.garcia8958@example.com,07/07/2024,93902.00,USD,refunded,7,AU
TX-0008959,C-01759,Mateo Nguyen,mateo.nguyen8959@example.com,08/12/2024,50110.00,USD,cancelled,8,DE
TX-0008960,C-01760,Ava Patel,ava.patel8960@example.com,09/05/2024,115894.00,USD,completed,1,US
TX-0008961,C-01761,Noah Kim,noah.kim8961@example.com,10/10/2024,151021.00,USD,pending,2,CA
TX-0008962,C-01762,Mia Martin,mia.martin8962@example.com,11/03/2024,219560.00,USD,refunded,3,GB
TX-0008963,C-01763,Liam Smith,liam.smith8963@example.com,12/08/2024,22721.00,USD,cancelled,4,AU
TX-0008964,C-01764,Sofia Brown,sofia.brown8964@example.com,01/01/2024,118660.00,USD,completed,5,DE
TX-0008965,C-01765,Ethan Wilson,ethan.wilson8965@example.com,02/06/2024,10374.00,USD,pending,6,US
TX-0008966,C-01766,Zoe Garcia,zoe.garcia8966@example.com,03/11/2024,81769.00,USD,refunded,7,CA
TX-0008967,C-01767,Mateo Nguyen,mateo.nguyen8967@example.com,04/04/2024,222735.00,USD,cancelled,8,GB
TX-0008968,C-01768,Ava Patel,ava.patel8968@example.com,05/09/2024,152079.00,USD,completed,1,AU
TX-0008969,C-01769,Noah Kim,noah.kim8969@example.com,06/02/2024,14024.00,USD,pending,2,DE
TX-0008970,C-01770,Mia Martin,mia.martin8970@example.com,07/07/2024,24260.00,USD,refunded,3,US
TX-0008971,C-01771,Liam Smith,liam.smith8971@example.com,08/12/2024,210424.00,USD,cancelled,4,CA
TX-0008972,C-01772,Sofia Brown,sofia.brown8972@example.com,09/05/2024,184120.00,USD,completed,5,GB
TX-0008973,C-01773,Ethan Wilson,ethan.wilson8973@example.com,10/10/2024,31901.00,USD,pending,6,AU
TX-0008974,C-01774,Zoe Garcia,zoe.garcia8974@example.com,11/03/2024,116484.00,USD,refunded,7,DE
TX-0008975,C-01775,Mateo Nguyen,mateo.nguyen8975@example.com,12/08/2024,227838.00,USD,cancelled,8,US
TX-0008976,C-01776,Ava Patel,ava.patel8976@example.com,01/01/2024,86792.00,USD,completed,1,CA
TX-0008977,C-01777,Noah Kim,noah.kim8977@example.com,02/06/2024,221231.00,USD,unknown,2,GB
TX-0008978,C-01778,Mia Martin,mia.martin8978@example.com,03/11/2024,161252.00,USD,refunded,3,AU
TX-0008979,C-01779,Liam Smith,liam.smith8979@example.com,04/04/2024,174373.00,USD,cancelled,4,DE
TX-0008980,C-01780,Sofia Brown,sofia.brown8980@example.com,05/09/2024,39523.00,USD,completed,5,US
TX-0008981,C-01781,Ethan Wilson,ethan.wilson8981@example.com,06/02/2024,374.00,USD,pending,6,CA
TX-0008982,C-01782,Zoe Garcia,zoe.garcia8982@example.com,07/07/2024,197368.00,USD,refunded,7,GB
TX-0008983,C-01783,Mateo Nguyen,mateo.nguyen8983@example.com,08/12/2024,54736.00,USD,cancelled,8,AU
TX-0008984,C-01784,Ava Patel,ava.patel8984@example.com,09/05/2024,236300.00,USD,completed,1,DE
TX-0008985,C-01785,Noah Kim,noah.kim8985@example.com,10/10/2024,168188.00,USD,pending,2,US
TX-0008986,C-01786,Mia Martin,mia.martin8986@example.com,11/03/2024,11359.00,USD,refunded,3,CA
TX-0008987,C-01787,Liam Smith,liam.smith8987@example.com,12/08/2024,194206.00,USD,cancelled,4,GB
TX-0008988,C-01788,Sofia Brown,sofia.brown8988@example.com,01/01/2024,237073.00,USD,completed,5,AU
TX-0008989,C-01789,Ethan Wilson,ethan.wilson.invalid,02/06/2024,234830.00,USD,pending,6,DE
TX-0008990,C-01790,Zoe Garcia,zoe.garcia8990@example.com,03/11/2024,211445.00,USD,refunded,7,US
TX-0008991,C-01791,Mateo Nguyen,mateo.nguyen8991@example.com,04/04/2024,226873.00,USD,cancelled,8,CA
TX-0008992,C-01792,Ava Patel,ava.patel8992@example.com,05/09/2024,168800.00,USD,completed,1,GB
TX-0008993,C-01793,Noah Kim,noah.kim8993@example.com,06/02/2024,237081.00,USD,pending,2,AU
TX-0008994,C-01794,Mia Martin,mia.martin8994@example.com,07/07/2024,172906.00,USD,refunded,3,DE
TX-0008995,C-01795,Liam Smith,liam.smith8995@example.com,08/12/2024,191693.00,USD,cancelled,4,US
TX-0008996,C-01796,Sofia Brown,sofia.brown8996@example.com,09/05/2024,152811.00,USD,completed,5,USA
TX-0008997,C-01797,Ethan Wilson,ethan.wilson8997@example.com,10/10/2024,221342.00,USD,pending,6,GB
TX-0008998,C-01798,Zoe Garcia,zoe.garcia8998@example.com,11/03/2024,192405.00,USD,refunded,7,AU
TX-0008999,C-01799,Mateo Nguyen,mateo.nguyen8999@example.com,12/08/2024,21764.00,USD,cancelled,8,DE
TX-0009000,C-01800,Ava Patel,ava.patel9000@example.com,01/01/2024,182817.00,USD,completed,1,US
TX-0009001,C-01801,Noah Kim,noah.kim9001@example.com,02/06/2024,167738.00,USD,pending,2,CA
TX-0009002,C-01802,Mia Martin,mia.martin9002@example.com,03/11/2024,233702.00,USD,refunded,3,GB
TX-0009003,C-01803,Liam Smith,liam.smith9003@example.com,04/04/2024,238725.00,USD,cancelled,4,AU
TX-0009004,C-01804,Sofia Brown,sofia.brown9004@example.com,05/09/2024,159369.00,USD,completed,5,DE
TX-0009005,C-01805,Ethan Wilson,ethan.wilson9005@example.com,06/02/2024,215417.00,USD,pending,6,US
TX-0009006,C-01806,Zoe Garcia,zoe.garcia9006@example.com,07/07/2024,74291.00,USD,refunded,7,CA
TX-0009007,C-01807,Mateo Nguyen,mateo.nguyen9007@example.com,08/12/2024,13839.00,USD,cancelled,8,GB
TX-0009008,C-01808,Ava Patel,ava.patel9008@example.com,09/05/2024,166426.00,USD,completed,1,AU
TX-0009009,C-01809,Noah Kim,noah.kim9009@example.com,10/10/2024,89036.00,USD,pending,2,DE
TX-0009010,C-01810,Mia Martin,mia.martin9010@example.com,11/03/2024,163219.00,USD,refunded,3,US
TX-0009011,C-01811,Liam Smith,liam.smith9011@example.com,12/08/2024,96169.00,USD,cancelled,4,CA
TX-0009012,C-01812,Sofia Brown,sofia.brown9012@example.com,01/01/2024,84079.00,USD,completed,5,GB
TX-0009013,C-01813,Ethan Wilson,ethan.wilson9013@example.com,02/06/2024,34481.00,USD,pending,6,AU
TX-0009014,C-01814,Zoe Garcia,zoe.garcia9014@example.com,03/11/2024,137544.00,USD,refunded,7,DE
TX-0009015,C-01815,Mateo Nguyen,mateo.nguyen9015@example.com,04/04/2024,53214.00,USD,cancelled,8,US
TX-0009016,C-01816,Ava Patel,ava.patel9016@example.com,05/09/2024,123573.00,USD,completed,1,CA
TX-0009017,C-01817,noah kim,noah.kim9017@example.com,06/02/2024,127881.00,USD,pending,2,GB
TX-0009018,C-01818,Mia Martin,mia.martin9018@example.com,07/07/2024,108235.00,USD,refunded,3,AU
TX-0009019,C-01819,Liam Smith,liam.smith9019@example.com,08/12/2024,179591.00,USD,cancelled,4,DE
TX-0009020,C-01820,Sofia Brown,sofia.brown9020@example.com,09/05/2024,162131.00,USD,completed,5,US
TX-0009021,C-01821,Ethan Wilson,,10/10/2024,81254.00,USD,pending,6,CA
TX-0009022,C-01822,Zoe Garcia,zoe.garcia9022@example.com,11/03/2024,195939.00,USD,refunded,7,GB
TX-0009023,C-01823,Mateo Nguyen,mateo.nguyen9023@example.com,12/08/2024,233460.00,USD,cancelled,8,AU
TX-0009024,C-01824,Ava Patel,ava.patel9024@example.com,01/01/2024,26633.00,USD,completed,1,DE
TX-0009025,C-01825,Noah Kim,noah.kim9025@example.com,02/06/2024,204495.00,USD,pending,2,US
TX-0009026,C-01826,Mia Martin,mia.martin9026@example.com,03/11/2024,211737.00,USD,refunded,3,CA
TX-0009027,C-01827,Liam Smith,liam.smith9027@example.com,04/04/2024,20200.00,USD,cancelled,4,GB
TX-0009028,C-01828,Sofia Brown,sofia.brown9028@example.com,05/09/2024,191605.00,USD,completed,5,AU
TX-0009029,C-01829,Ethan Wilson,ethan.wilson9029@example.com,06/02/2024,206375.00,USD,pending,6,DE
TX-0009030,C-01830,Zoe Garcia,zoe.garcia9030@example.com,07/07/2024,167958.00,USD,refunded,7,US
TX-0009031,C-01831,Mateo Nguyen,mateo.nguyen9031@example.com,08/12/2024,153658.00,USD,cancelled,8,CA
TX-0009032,C-01832,Ava Patel,ava.patel9032@example.com,09/05/2024,32830.00,USD,completed,1,GB
TX-0009033,C-01833,Noah Kim,noah.kim9033@example.com,10/10/2024,13724.00,USD,pending,2,AU
TX-0009034,C-01834,Mia Martin,mia.martin9034@example.com,11/03/2024,243717.00,USD,refunded,3,DE
TX-0009035,C-01835,Liam Smith,liam.smith9035@example.com,12/08/2024,79383.00,USD,cancelled,4,US
TX-0009036,C-01836,Sofia Brown,sofia.brown9036@example.com,01/01/2024,59422.00,USD,completed,5,CA
TX-0009037,C-01837,Ethan Wilson,ethan.wilson9037@example.com,02/06/2024,162987.00,USD,pending,6,GB
TX-0009038,C-01838,Zoe Garcia,zoe.garcia9038@example.com,03/11/2024,194584.00,USD,refunded,7,AU
TX-0009039,C-01839,Mateo Nguyen,mateo.nguyen9039@example.com,04/04/2024,72716.00,USD,cancelled,8,de
TX-0009040,C-01840,  AVA PATEL  ,ava.patel9040@example.com,05/09/2024,202882.00,USD,completed,1,US
TX-0009041,C-01841,Noah Kim,noah.kim9041@example.com,06/02/2024,25562.00,USD,pending,2,CA
TX-0009042,C-01842,Mia Martin,mia.martin9042@example.com,07/07/2024,189143.00,USD,refunded,3,GB
TX-0009043,C-01843,Liam Smith,liam.smith9043@example.com,08/12/2024,46160.00,USD,cancelled,4,AU
TX-0009044,C-01844,Sofia Brown,sofia.brown9044@example.com,09/05/2024,33885.00,USD,completed,5,DE
TX-0009045,C-01845,Ethan Wilson,ethan.wilson9045@example.com,10/10/2024,165469.00,USD,pending,6,US
TX-0009046,C-01846,Zoe Garcia,zoe.garcia9046@example.com,11/03/2024,209502.00,USD,refunded,7,CA
TX-0009047,C-01847,Mateo Nguyen,mateo.nguyen9047@example.com,12/08/2024,189876.00,USD,cancelled,8,GB
TX-0009048,C-01848,Ava Patel,ava.patel9048@example.com,01/01/2024,112678.00,USD,completed,1,AU
TX-0009049,C-01849,Noah Kim,noah.kim9049@example.com,02/06/2024,171835.00,USD,pending,2,DE
TX-0009050,C-01850,Mia Martin,mia.martin9050@example.com,03/11/2024,47988.00, USD ,refunded,3,US
TX-0009051,C-01851,Liam Smith,liam.smith9051@example.com,04/04/2024,21204.00,USD,cancelled,4,CA
TX-0009052,C-01852,Sofia Brown,sofia.brown9052@example.com,05/09/2024,141173.00,USD,completed,5,GB
TX-0009053,C-01853,Ethan Wilson,ethan.wilson9053@example.com,06/02/2024,111880.00,USD,pending,6,AU
TX-0009054,C-01854,Zoe Garcia,zoe.garcia9054@example.com,07/07/2024,30589.00,USD,refunded,7,DE
TX-0009055,C-01855,Mateo Nguyen,mateo.nguyen9055@example.com,08/12/2024,91064.00,USD,cancelled,8,US
TX-0009056,C-01856,Ava Patel,ava.patel9056@example.com,09/05/2024,198834.00,USD,completed,1,CA
TX-0009057,C-01857,Noah Kim,noah.kim9057@example.com,10/10/2024,55587.00,USD,pending,2,GB
TX-0009058,C-01858,Mia Martin,mia.martin9058@example.com,11/03/2024,79212.00,USD,refunded,3,AU
TX-0009059,C-01859,Liam Smith,liam.smith9059@example.com,12/08/2024,171681.00,USD,cancelled,4,DE
TX-0009060,C-01860,Sofia Brown,sofia.brown9060@example.com,01/01/2024,34544.00,USD,completed,5,US
TX-0009061,C-01861,Ethan Wilson,ethan.wilson9061@example.com,02/06/2024,177421.00,USD,pending,6,CA
TX-0009062,C-01862,Zoe Garcia,zoe.garcia9062@example.com,03/11/2024,185350.00,USD,refunded,7,GB
TX-0009063,C-01863,Mateo Nguyen,mateo.nguyen9063@example.com,04/04/2024,172521.00,USD,cancelled,8,AU
TX-0009064,C-01864,Ava Patel,ava.patel9064@example.com,05/09/2024,237602.00,USD,completed,1,DE
TX-0009065,C-01865,Noah Kim,noah.kim9065@example.com,06/02/2024,237265.00,USD,pending,2,US
TX-0009066,C-01866,Mia Martin,mia.martin9066@example.com,07/07/2024,104188.00,USD,refunded,3,CA
TX-0009067,C-01867,Liam Smith,liam.smith9067@example.com,08/12/2024,200777.00,USD,cancelled,4,GB
TX-0009068,C-01868,Sofia Brown,sofia.brown9068@example.com,09/05/2024,21971.00,USD,completed,5,AU
TX-0009069,C-01869,Ethan Wilson,ethan.wilson9069@example.com,10/10/2024,77165.00,USD,pending,6,DE
TX-0009070,C-01870,Zoe Garcia,zoe.garcia9070@example.com,11/03/2024,50137.00,USD,refunded,7,US
TX-0009071,C-01871,Mateo Nguyen,mateo.nguyen9071@example.com,12/08/2024,86961.00,USD,cancelled,8,CA
TX-0009072,C-01872,Ava Patel,ava.patel9072@example.com,01/01/2024,158198.00,USD,completed,1,GB
TX-0009073,C-01873,Noah Kim,noah.kim9073@example.com,02/06/2024,-2049.00,USD,pending,2,AU
TX-0009074,C-01874,Mia Martin,mia.martin9074@example.com,03/11/2024,241862.00,USD,refunded,3,DE
TX-0009075,C-01875,Liam Smith,liam.smith9075@example.com,04/04/2024,83286.00,USD,cancelled,4,US
TX-0009076,C-01876,Sofia Brown,sofia.brown9076@example.com,05/09/2024,188951.00,USD,completed,5,CA
TX-0009077,C-01877,Ethan Wilson,ethan.wilson9077@example.com,06/02/2024,114301.00,USD,pending,6,GB
TX-0009078,C-01878,Zoe Garcia,zoe.garcia.invalid,07/07/2024,225309.00,USD,refunded,7,AU
TX-0009079,C-01879,Mateo Nguyen,mateo.nguyen9079@example.com,08/12/2024,21976.00,USD,cancelled,8,DE
TX-0009080,C-01880,Ava Patel,ava.patel9080@example.com,09/05/2024,32265.00,USD,completed,1,US
TX-0009081,C-01881,Noah Kim,noah.kim9081@example.com,10/10/2024,159441.00,USD,pending,2,CA
TX-0009082,C-01882,Mia Martin,mia.martin9082@example.com,11/03/2024,51123.00,USD,refunded,3,GB
TX-0009083,C-01883,Liam Smith,liam.smith9083@example.com,12/08/2024,76606.00,USD,cancelled,4,AU
TX-0009084,C-01884,Sofia Brown,sofia.brown9084@example.com,01/01/2024,228228.00,USD,completed,5,DE
TX-0009085,C-01885,Ethan Wilson,ethan.wilson9085@example.com,02/06/2024,55911.00,USD,pending,6,US
TX-0009086,C-01886,Zoe Garcia,zoe.garcia9086@example.com,03/11/2024,179096.00,USD,refunded,7,CA
TX-0009087,C-01887,Mateo Nguyen,mateo.nguyen9087@example.com,04/04/2024,77772.00,USD,cancelled,8,GB
TX-0009088,C-01888,Ava Patel,ava.patel9088@example.com,05/09/2024,115013.00,USD,completed,1,AU
TX-0009089,C-01889,Noah Kim,noah.kim9089@example.com,06/02/2024,144745.00,usd,pending,2,DE
TX-0009090,C-01890,Mia Martin,mia.martin9090@example.com,07/07/2024,60374.00,USD,refunded,3,US
TX-0009091,C-01891,Liam Smith,liam.smith9091@example.com,08/12/2024,164655.00,USD,cancelled,4,CA
TX-0009092,C-01892,Sofia Brown,sofia.brown9092@example.com,09/05/2024,202245.00,USD,completed,5,GB
TX-0009093,C-01893,Ethan Wilson,ethan.wilson9093@example.com,10/10/2024,178062.00,USD,pending,6,AU
TX-0009094,C-01894,Zoe Garcia,zoe.garcia9094@example.com,11/03/2024,88404.00,USD,refunded,7,DE
TX-0009095,C-01895,Mateo Nguyen,mateo.nguyen9095@example.com,12/08/2024,130488.00,USD,cancelled,8,US
TX-0009096,C-01896,Ava Patel,ava.patel9096@example.com,01/01/2024,145672.00,USD,completed,1,CA
TX-0009097,C-01897,Noah Kim,noah.kim9097@example.com,02/06/2024,2230.00,USD,pending,2,GB
TX-0009098,C-01898,Mia Martin,mia.martin9098@example.com,03/11/2024,245098.00,USD,refunded,3,AU
TX-0009099,C-01899,Liam Smith,liam.smith9099@example.com,04/04/2024,101416.00,USD,cancelled,4,DE
TX-0009100,C-01900,Sofia Brown,sofia.brown9100@example.com,05/09/2024,224223.00,USD,completed,5,US
TX-0009101,C-01901,Ethan Wilson,ethan.wilson9101@example.com,06/02/2024,30314.00,USD,pending,6,CA
TX-0009102,C-01902,Zoe Garcia,zoe.garcia9102@example.com,07/07/2024,93198.00,USD,refunded,7,GB
TX-0009103,C-01903,Mateo Nguyen,mateo.nguyen9103@example.com,08/12/2024,81363.00,USD,cancelled,8,AU
TX-0009104,C-01904,Ava Patel,ava.patel9104@example.com,09/05/2024,180495.00,USD,completed,1,DE
TX-0009105,C-01905,Noah Kim,noah.kim9105@example.com,10/10/2024,28085.00,USD,pending,2,US
TX-0009106,C-01906,Mia Martin,mia.martin9106@example.com,11/03/2024,79674.00,USD,COMPLETE,3,CA
TX-0009107,C-01907,Liam Smith,liam.smith9107@example.com,12/08/2024,58891.00,USD,cancelled,4,GB
TX-0009108,C-01908,Sofia Brown,sofia.brown9108@example.com,01/01/2024,219107.00,USD,completed,5,AU
TX-0009109,C-01909,Ethan Wilson,ethan.wilson9109@example.com,02/06/2024,86137.00,USD,pending,6,DE
TX-0009110,C-01910,Zoe Garcia,zoe.garcia9110@example.com,03/11/2024,64872.00,USD,refunded,7,US
TX-0009111,C-01911,Mateo Nguyen,mateo.nguyen9111@example.com,04/04/2024,199075.00,USD,cancelled,8,CA
TX-0009112,C-01912,Ava Patel,ava.patel9112@example.com,05/09/2024,22027.00,USD,completed,1,GB
TX-0009113,C-01913,Noah Kim,noah.kim9113@example.com,06/02/2024,188324.00,USD,pending,2,AU
TX-0009114,C-01914,Mia Martin,mia.martin9114@example.com,07/07/2024,92221.00,USD,refunded,3,DE
TX-0009115,C-01915,Liam Smith,liam.smith9115@example.com,08/12/2024,182065.00,USD,cancelled,4,US
TX-0009116,C-01916,Sofia Brown,sofia.brown9116@example.com,09/05/2024,200013.00,USD,completed,5,CA
TX-0009117,C-01917,Ethan Wilson,ethan.wilson9117@example.com,10/10/2024,182620.00,USD,pending,6,GB
TX-0009118,C-01918,Zoe Garcia,,11/03/2024,37256.00,USD,refunded,7,AU
TX-0009119,C-01919,Mateo Nguyen,mateo.nguyen9119@example.com,12/08/2024,78282.00,USD,cancelled,8,DE
TX-0009120,C-01920,Ava Patel,ava.patel9120@example.com,01/01/2024,72535.00,USD,completed,1,US
TX-0009121,C-01921,Noah Kim,noah.kim9121@example.com,02/06/2024,249761.00,USD,pending,2,CA
TX-0009122,C-01922,Mia Martin,mia.martin9122@example.com,03/11/2024,35973.00,USD,refunded,3,GB
TX-0009123,C-01923,Liam Smith,liam.smith9123@example.com,04/04/2024,205891.00,USD,cancelled,4,AU
TX-0009124,C-01924,Sofia Brown,sofia.brown9124@example.com,05/09/2024,184089.00,USD,completed,5,DE
TX-0009125,C-01925,Ethan Wilson,ethan.wilson9125@example.com,06/02/2024,161526.00,USD,pending,6,US
TX-0009126,C-01926,Zoe Garcia,zoe.garcia9126@example.com,07/07/2024,36505.00,USD,refunded,7,CA
TX-0009127,C-01927,Mateo Nguyen,mateo.nguyen9127@example.com,08/12/2024,126662.00,USD,cancelled,8,GB
TX-0009128,C-01928,Ava Patel,ava.patel9128@example.com,09/05/2024,201164.00,USD,completed,1,AU
TX-0009129,C-01929,Noah Kim,noah.kim9129@example.com,10/10/2024,51042.00,USD,pending,2,DE
TX-0009130,C-01930,Mia Martin,mia.martin9130@example.com,11/03/2024,12324.00,USD,refunded,3,US
TX-0009131,C-01931,Liam Smith,liam.smith9131@example.com,12/08/2024,169875.00,USD,cancelled,4,CA
TX-0009132,C-01932,Sofia Brown,sofia.brown9132@example.com,01/01/2024,159527.00,USD,completed,5,GB
TX-0009133,C-01933,Ethan Wilson,ethan.wilson9133@example.com,02/06/2024,155284.00,USD,pending,6,AU
TX-0009134,C-01934,Zoe Garcia,zoe.garcia9134@example.com,03/11/2024,76321.00,USD,refunded,7,DE
TX-0009135,C-01935,Mateo Nguyen,mateo.nguyen9135@example.com,04/04/2024,203495.00,USD,cancelled,8,US
TX-0009136,C-01936,Ava Patel,ava.patel9136@example.com,05/09/2024,210547.00,USD,completed,1,CA
TX-0009137,C-01937,Noah Kim,noah.kim9137@example.com,06/02/2024,132930.00,USD,pending,2,GB
TX-0009138,C-01938,Mia Martin,mia.martin9138@example.com,07/07/2024,181409.00,USD,refunded,3,AU
TX-0009139,C-01939,Liam Smith,liam.smith9139@example.com,08/12/2024,121027.00,USD,cancelled,4,DE
TX-0009140,C-01940,Sofia Brown,sofia.brown9140@example.com,09/05/2024,62668.00,USD,completed,5,US
TX-0009141,C-01941,Ethan Wilson,ethan.wilson9141@example.com,10/10/2024,179104.00,USD,pending,6,CA
TX-0009142,C-01942,Zoe Garcia,zoe.garcia9142@example.com,11/03/2024,236439.00,USD,refunded,7,GB
TX-0009143,C-01943,Mateo Nguyen,mateo.nguyen9143@example.com,12/08/2024,,USD,cancelled,8,AU
TX-0009144,C-01944,ava patel,ava.patel9144@example.com,01/01/2024,5944.00,USD,completed,1,DE
TX-0009145,C-01945,Noah Kim,noah.kim9145@example.com,02/06/2024,146682.00,USD,pending,2,US
TX-0009146,C-01946,Mia Martin,mia.martin9146@example.com,03/11/2024,187625.00,USD,refunded,3,CA
TX-0009147,C-01947,Liam Smith,liam.smith9147@example.com,04/04/2024,30566.00,USD,cancelled,4,GB
TX-0009148,C-01948,Sofia Brown,sofia.brown9148@example.com,05/09/2024,136437.00,USD,completed,5,AU
TX-0009149,C-01949,Ethan Wilson,ethan.wilson9149@example.com,06/02/2024,97296.00,USD,pending,6,DE
TX-0009150,C-01950,Zoe Garcia,zoe.garcia9150@example.com,07/07/2024,198699.00,USD,refunded,7,US
TX-0009151,C-01951,Mateo Nguyen,mateo.nguyen9151@example.com,08/12/2024,177177.00,USD,cancelled,8,CA
TX-0009152,C-01952,Ava Patel,ava.patel9152@example.com,09/05/2024,191548.00,USD,completed,1,GB
TX-0009153,C-01953,  NOAH KIM  ,noah.kim9153@example.com,10/10/2024,197835.00,USD,pending,2,AU
TX-0009154,C-01954,Mia Martin,mia.martin9154@example.com,11/03/2024,94061.00,USD,refunded,3,DE
TX-0009155,C-01955,Liam Smith,liam.smith9155@example.com,12/08/2024,198821.00,USD,cancelled,4,US
TX-0009156,C-01956,Sofia Brown,sofia.brown9156@example.com,01/01/2024,225972.00,USD,completed,5,CA
TX-0009157,C-01957,Ethan Wilson,ethan.wilson9157@example.com,02/06/2024,72931.00,USD,pending,6,GB
TX-0009158,C-01958,Zoe Garcia,zoe.garcia9158@example.com,03/11/2024,194660.00,USD,refunded,7,AU
TX-0009159,C-01959,Mateo Nguyen,mateo.nguyen9159@example.com,04/04/2024,156430.00,USD,cancelled,8,DE
TX-0009160,C-01960,Ava Patel,ava.patel9160@example.com,05/09/2024,37223.00,USD,completed,1,US
TX-0009161,C-01961,Noah Kim,noah.kim9161@example.com,06/02/2024,191573.00,USD,pending,2,CA
TX-0009162,C-01962,Mia Martin,mia.martin9162@example.com,07/07/2024,8782.00,USD,refunded,3,GB
TX-0009163,C-01963,Liam Smith,liam.smith9163@example.com,08/12/2024,113065.00,USD,cancelled,4,AU
TX-0009164,C-01964,Sofia Brown,sofia.brown9164@example.com,09/05/2024,30465.00,USD,completed,5,DE
TX-0009165,C-01965,Ethan Wilson,ethan.wilson9165@example.com,10/10/2024,127921.00,USD,pending,6,US
TX-0009166,C-01966,Zoe Garcia,zoe.garcia9166@example.com,11/03/2024,140096.00,USD,refunded,7,CA
TX-0009167,C-01967,Mateo Nguyen,mateo.nguyen.invalid,12/08/2024,139091.00,USD,cancelled,8,GB
TX-0009168,C-01968,Ava Patel,ava.patel9168@example.com,01/01/2024,96310.00,USD,unknown,1,AU
TX-0009169,C-01969,Noah Kim,noah.kim9169@example.com,02/06/2024,165554.00,USD,pending,2,USA
TX-0009170,C-01970,Mia Martin,mia.martin9170@example.com,03/11/2024,231164.00,USD,refunded,3,us
TX-0009171,C-01971,Liam Smith,liam.smith9171@example.com,04/04/2024,82721.00,USD,cancelled,4,CA
TX-0009172,C-01972,Sofia Brown,sofia.brown9172@example.com,05/09/2024,45180.00,USD,completed,5,GB
TX-0009173,C-01973,Ethan Wilson,ethan.wilson9173@example.com,06/02/2024,145313.00,USD,pending,6,AU
TX-0009174,C-01974,Zoe Garcia,zoe.garcia9174@example.com,07/07/2024,31466.00,USD,refunded,7,DE
TX-0009175,C-01975,Mateo Nguyen,mateo.nguyen9175@example.com,08/12/2024,132457.00,USD,cancelled,8,US
TX-0009176,C-01976,Ava Patel,ava.patel9176@example.com,09/05/2024,198318.00,USD,completed,1,CA
TX-0009177,C-01977,Noah Kim,noah.kim9177@example.com,10/10/2024,50306.00,USD,pending,2,GB
TX-0009178,C-01978,Mia Martin,mia.martin9178@example.com,11/03/2024,191232.00,USD,refunded,3,AU
TX-0009179,C-01979,Liam Smith,liam.smith9179@example.com,12/08/2024,173417.00,USD,cancelled,4,DE
TX-0009180,C-01980,Sofia Brown,sofia.brown9180@example.com,01/01/2024,93637.00,USD,completed,5,US
TX-0009181,C-01981,Ethan Wilson,ethan.wilson9181@example.com,02/06/2024,170982.00,USD,pending,6,CA
TX-0009182,C-01982,Zoe Garcia,zoe.garcia9182@example.com,03/11/2024,216145.00,USD,refunded,7,GB
TX-0009183,C-01983,Mateo Nguyen,mateo.nguyen9183@example.com,04/04/2024,105658.00,USD,cancelled,8,AU
TX-0009184,C-01984,Ava Patel,ava.patel9184@example.com,05/09/2024,172655.00,USD,completed,1,DE
TX-0009185,C-01985,Noah Kim,noah.kim9185@example.com,06/02/2024,242079.00,USD,pending,2,US
TX-0009186,C-01986,Mia Martin,mia.martin9186@example.com,07/07/2024,174140.00,USD,refunded,3,CA
TX-0009187,C-01987,Liam Smith,liam.smith9187@example.com,08/12/2024,187542.00,USD,cancelled,4,GB
TX-0009188,C-01988,Sofia Brown,sofia.brown9188@example.com,09/05/2024,126825.00,USD,completed,5,AU
TX-0009189,C-01989,Ethan Wilson,ethan.wilson9189@example.com,10/10/2024,65682.00,USD,pending,6,DE
TX-0009190,C-01990,Zoe Garcia,zoe.garcia9190@example.com,11/03/2024,45824.00,USD,refunded,7,US
TX-0009191,C-01991,Mateo Nguyen,mateo.nguyen9191@example.com,12/08/2024,248348.00,USD,cancelled,8,CA
TX-0009192,C-01992,Ava Patel,ava.patel9192@example.com,01/01/2024,127988.00,USD,completed,1,GB
TX-0009193,C-01993,Noah Kim,noah.kim9193@example.com,02/06/2024,159863.00,USD,pending,2,AU
TX-0009194,C-01994,Mia Martin,mia.martin9194@example.com,03/11/2024,21188.00,USD,refunded,3,DE
TX-0009195,C-01995,Liam Smith,liam.smith9195@example.com,04/04/2024,247648.00,USD,cancelled,4,US
TX-0009196,C-01996,Sofia Brown,sofia.brown9196@example.com,05/09/2024,176349.00,USD,completed,5,CA
TX-0009197,C-01997,Ethan Wilson,ethan.wilson9197@example.com,06/02/2024,98332.00,USD,pending,6,GB
TX-0009198,C-01998,Zoe Garcia,zoe.garcia9198@example.com,07/07/2024,85948.00,USD,refunded,7,AU
TX-0009199,C-01999,Mateo Nguyen,mateo.nguyen9199@example.com,08/12/2024,172048.00,USD,cancelled,8,DE
TX-0009200,C-02000,Ava Patel,ava.patel9200@example.com,09/05/2024,92912.00,USD,completed,1,US
TX-0009201,C-02001,Noah Kim,noah.kim9201@example.com,10/10/2024,161098.00,USD,pending,2,CA
TX-0009202,C-02002,Mia Martin,mia.martin9202@example.com,11/03/2024,1605.00,USD,refunded,3,GB
TX-0009203,C-02003,Liam Smith,liam.smith9203@example.com,12/08/2024,39316.00,USD,cancelled,4,AU
TX-0009204,C-02004,Sofia Brown,sofia.brown9204@example.com,01/01/2024,138370.00,USD,completed,5,DE
TX-0009205,C-02005,Ethan Wilson,ethan.wilson9205@example.com,02/06/2024,24000.00,USD,pending,6,US
TX-0009206,C-02006,Zoe Garcia,zoe.garcia9206@example.com,03/11/2024,89778.00,USD,refunded,7,CA
TX-0009207,C-02007,Mateo Nguyen,mateo.nguyen9207@example.com,04/04/2024,4381.00,USD,cancelled,8,GB
TX-0009208,C-02008,Ava Patel,ava.patel9208@example.com,05/09/2024,55009.00,USD,completed,1,AU
TX-0009209,C-02009,Noah Kim,noah.kim9209@example.com,06/02/2024,131642.00,USD,pending,2,DE
TX-0009210,C-02010,Mia Martin,mia.martin9210@example.com,07/07/2024,58164.00,USD,refunded,3,US
TX-0009211,C-02011,Liam Smith,liam.smith9211@example.com,08/12/2024,99853.00,USD,cancelled,4,CA
TX-0009212,C-02012,Sofia Brown,sofia.brown9212@example.com,09/05/2024,63641.00,USD,completed,5,GB
TX-0009213,C-02013,Ethan Wilson,ethan.wilson9213@example.com,10/10/2024,147380.00,USD,pending,6,AU
TX-0009214,C-02014,Zoe Garcia,zoe.garcia9214@example.com,11/03/2024,4763.00,USD,refunded,7,DE
TX-0009215,C-02015,Mateo Nguyen,,12/08/2024,17934.00,USD,cancelled,8,US
TX-0009216,C-02016,Ava Patel,ava.patel9216@example.com,01/01/2024,105998.00,USD,completed,1,CA
TX-0009217,C-02017,Noah Kim,noah.kim9217@example.com,02/06/2024,198972.00,USD,pending,2,GB
TX-0009218,C-02018,Mia Martin,mia.martin9218@example.com,03/11/2024,214519.00,USD,refunded,3,AU
TX-0009219,C-02019,Liam Smith,liam.smith9219@example.com,04/04/2024,133359.00,USD,cancelled,4,DE
TX-0009220,C-02020,Sofia Brown,sofia.brown9220@example.com,05/09/2024,3194.00,USD,completed,5,US
TX-0009221,C-02021,Ethan Wilson,ethan.wilson9221@example.com,06/02/2024,201923.00,USD,pending,6,CA
TX-0009222,C-02022,Zoe Garcia,zoe.garcia9222@example.com,07/07/2024,58212.00,USD,refunded,7,GB
TX-0009223,C-02023,Mateo Nguyen,mateo.nguyen9223@example.com,08/12/2024,165184.00,USD,cancelled,8,AU
TX-0009224,C-02024,Ava Patel,ava.patel9224@example.com,09/05/2024,196276.00,USD,completed,1,DE
TX-0009225,C-02025,Noah Kim,noah.kim9225@example.com,10/10/2024,105746.00,USD,pending,2,US
TX-0009226,C-02026,Mia Martin,mia.martin9226@example.com,11/03/2024,200799.00,USD,refunded,3,CA
TX-0009227,C-02027,Liam Smith,liam.smith9227@example.com,12/08/2024,205193.00,USD,cancelled,4,GB
TX-0009228,C-02028,Sofia Brown,sofia.brown9228@example.com,01/01/2024,230775.00,USD,completed,5,AU
TX-0009229,C-02029,Ethan Wilson,ethan.wilson9229@example.com,02/06/2024,74292.00,USD,pending,6,DE
TX-0009230,C-02030,Zoe Garcia,zoe.garcia9230@example.com,03/11/2024,168340.00,USD,refunded,7,US
TX-0009231,C-02031,Mateo Nguyen,mateo.nguyen9231@example.com,04/04/2024,207610.00, USD ,cancelled,8,CA
TX-0009232,C-02032,Ava Patel,ava.patel9232@example.com,05/09/2024,194371.00,USD,completed,1,GB
TX-0009233,C-02033,Noah Kim,noah.kim9233@example.com,06/02/2024,212195.00,USD,pending,2,AU
TX-0009234,C-02034,Mia Martin,mia.martin9234@example.com,07/07/2024,249817.00,USD,refunded,3,DE
TX-0009235,C-02035,Liam Smith,liam.smith9235@example.com,08/12/2024,133268.00,USD,cancelled,4,US
TX-0009236,C-02036,Sofia Brown,sofia.brown9236@example.com,09/05/2024,160592.00,USD,completed,5,CA
TX-0009237,C-02037,Ethan Wilson,ethan.wilson9237@example.com,10/10/2024,182254.00,USD,pending,6,GB
TX-0009238,C-02038,Zoe Garcia,zoe.garcia9238@example.com,11/03/2024,182640.00,usd,refunded,7,AU
TX-0009239,C-02039,Mateo Nguyen,mateo.nguyen9239@example.com,12/08/2024,96785.00,USD,cancelled,8,DE
TX-0009240,C-02040,Ava Patel,ava.patel9240@example.com,01/01/2024,136741.00,USD,completed,1,US
TX-0009241,C-02041,Noah Kim,noah.kim9241@example.com,02/06/2024,134148.00,USD,pending,2,CA
TX-0009242,C-02042,Mia Martin,mia.martin9242@example.com,03/11/2024,103514.00,USD,refunded,3,GB
TX-0009243,C-02043,Liam Smith,liam.smith9243@example.com,04/04/2024,218180.00,USD,cancelled,4,AU
TX-0009244,C-02044,Sofia Brown,sofia.brown9244@example.com,05/09/2024,247559.00,USD,completed,5,DE
TX-0009245,C-02045,Ethan Wilson,ethan.wilson9245@example.com,06/02/2024,92509.00,USD,pending,6,US
TX-0009246,C-02046,Zoe Garcia,zoe.garcia9246@example.com,07/07/2024,105147.00,USD,refunded,7,CA
TX-0009247,C-02047,Mateo Nguyen,mateo.nguyen9247@example.com,08/12/2024,159348.00,USD,cancelled,8,GB
TX-0009248,C-02048,Ava Patel,ava.patel9248@example.com,09/05/2024,25261.00,USD,completed,1,AU
TX-0009249,C-02049,Noah Kim,noah.kim9249@example.com,10/10/2024,53799.00,USD,pending,2,DE
TX-0009250,C-02050,Mia Martin,mia.martin9250@example.com,11/03/2024,116650.00,USD,refunded,3,US
TX-0009251,C-02051,Liam Smith,liam.smith9251@example.com,12/08/2024,246737.00,USD,cancelled,4,CA
TX-0009252,C-02052,Sofia Brown,sofia.brown9252@example.com,01/01/2024,237762.00,USD,completed,5,GB
TX-0009253,C-02053,Ethan Wilson,ethan.wilson9253@example.com,02/06/2024,225848.00,USD,pending,6,AU
TX-0009254,C-02054,Zoe Garcia,zoe.garcia9254@example.com,03/11/2024,39522.00,USD,refunded,7,DE
TX-0009255,C-02055,Mateo Nguyen,mateo.nguyen9255@example.com,04/04/2024,169248.00,USD,cancelled,8,US
TX-0009256,C-02056,Ava Patel,ava.patel.invalid,05/09/2024,20861.00,USD,completed,1,CA
TX-0009257,C-02057,Noah Kim,noah.kim9257@example.com,06/02/2024,5104.00,USD,pending,2,GB
TX-0009258,C-02058,Mia Martin,mia.martin9258@example.com,07/07/2024,206908.00,USD,refunded,3,AU
TX-0009259,C-02059,Liam Smith,liam.smith9259@example.com,08/12/2024,233415.00,USD,cancelled,4,DE
TX-0009260,C-02060,Sofia Brown,sofia.brown9260@example.com,09/05/2024,62514.00,USD,completed,5,US
TX-0009261,C-02061,Ethan Wilson,ethan.wilson9261@example.com,10/10/2024,172658.00,USD,pending,6,CA
TX-0009262,C-02062,Zoe Garcia,zoe.garcia9262@example.com,11/03/2024,166981.00,USD,refunded,7,GB
TX-0009263,C-02063,Mateo Nguyen,mateo.nguyen9263@example.com,12/08/2024,202008.00,USD,COMPLETE,8,AU
TX-0009264,C-02064,Ava Patel,ava.patel9264@example.com,01/01/2024,191375.00,USD,completed,1,DE
TX-0009265,C-02065,Noah Kim,noah.kim9265@example.com,02/06/2024,249900.00,USD,pending,2,US
TX-0009266,C-02066,  MIA MARTIN  ,mia.martin9266@example.com,03/11/2024,25612.00,USD,refunded,3,CA
TX-0009267,C-02067,Liam Smith,liam.smith9267@example.com,04/04/2024,67344.00,USD,cancelled,4,GB
TX-0009268,C-02068,Sofia Brown,sofia.brown9268@example.com,05/09/2024,146677.00,USD,completed,5,AU
TX-0009269,C-02069,Ethan Wilson,ethan.wilson9269@example.com,06/02/2024,208925.00,USD,pending,6,DE
TX-0009270,C-02070,Zoe Garcia,zoe.garcia9270@example.com,07/07/2024,19143.00,USD,refunded,7,US
TX-0009271,C-02071,mateo nguyen,mateo.nguyen9271@example.com,08/12/2024,190805.00,USD,cancelled,8,CA
TX-0009272,C-02072,Ava Patel,ava.patel9272@example.com,09/05/2024,158488.00,USD,completed,1,GB
TX-0009273,C-02073,Noah Kim,noah.kim9273@example.com,10/10/2024,60768.00,USD,pending,2,AU
TX-0009274,C-02074,Mia Martin,mia.martin9274@example.com,11/03/2024,243447.00,USD,refunded,3,DE
TX-0009275,C-02075,Liam Smith,liam.smith9275@example.com,12/08/2024,215501.00,USD,cancelled,4,US
TX-0009276,C-02076,Sofia Brown,sofia.brown9276@example.com,01/01/2024,31487.00,USD,completed,5,CA
TX-0009277,C-02077,Ethan Wilson,ethan.wilson9277@example.com,02/06/2024,168428.00,USD,pending,6,GB
TX-0009278,C-02078,Zoe Garcia,zoe.garcia9278@example.com,03/11/2024,192828.00,USD,refunded,7,AU
TX-0009279,C-02079,Mateo Nguyen,mateo.nguyen9279@example.com,04/04/2024,160151.00,USD,cancelled,8,DE
TX-0009280,C-02080,Ava Patel,ava.patel9280@example.com,05/09/2024,227757.00,USD,completed,1,US
TX-0009281,C-02081,Noah Kim,noah.kim9281@example.com,06/02/2024,75621.00,USD,pending,2,CA
TX-0009282,C-02082,Mia Martin,mia.martin9282@example.com,07/07/2024,179466.00,USD,refunded,3,GB
TX-0009283,C-02083,Liam Smith,liam.smith9283@example.com,08/12/2024,6890.00,USD,cancelled,4,AU
TX-0009284,C-02084,Sofia Brown,sofia.brown9284@example.com,09/05/2024,-9978.00,USD,completed,5,DE
TX-0009285,C-02085,Ethan Wilson,ethan.wilson9285@example.com,10/10/2024,112151.00,USD,pending,6,US
TX-0009286,C-02086,Zoe Garcia,zoe.garcia9286@example.com,11/03/2024,26915.00,USD,refunded,7,CA
TX-0009287,C-02087,Mateo Nguyen,mateo.nguyen9287@example.com,12/08/2024,45889.00,USD,cancelled,8,GB
TX-0009288,C-02088,Ava Patel,ava.patel9288@example.com,01/01/2024,40507.00,USD,completed,1,AU
TX-0009289,C-02089,Noah Kim,noah.kim9289@example.com,02/06/2024,11611.00,USD,pending,2,DE
TX-0009290,C-02090,Mia Martin,mia.martin9290@example.com,03/11/2024,210213.00,USD,refunded,3,US
TX-0009291,C-02091,Liam Smith,liam.smith9291@example.com,04/04/2024,205250.00,USD,cancelled,4,CA
TX-0009292,C-02092,Sofia Brown,sofia.brown9292@example.com,05/09/2024,128965.00,USD,completed,5,GB
TX-0009293,C-02093,Ethan Wilson,ethan.wilson9293@example.com,06/02/2024,84318.00,USD,pending,6,AU
TX-0009294,C-02094,Zoe Garcia,zoe.garcia9294@example.com,07/07/2024,196819.00,USD,refunded,7,DE
TX-0009295,C-02095,Mateo Nguyen,mateo.nguyen9295@example.com,08/12/2024,180514.00,USD,cancelled,8,US
TX-0009296,C-02096,Ava Patel,ava.patel9296@example.com,09/05/2024,19964.00,USD,completed,1,CA
TX-0009297,C-02097,Noah Kim,noah.kim9297@example.com,10/10/2024,121724.00,USD,pending,2,GB
TX-0009298,C-02098,Mia Martin,mia.martin9298@example.com,11/03/2024,152133.00,USD,refunded,3,AU
TX-0009299,C-02099,Liam Smith,liam.smith9299@example.com,12/08/2024,210311.00,USD,cancelled,4,DE
TX-0009300,C-02100,Sofia Brown,sofia.brown9300@example.com,01/01/2024,188541.00,USD,completed,5,US
TX-0009301,C-02101,Ethan Wilson,ethan.wilson9301@example.com,02/06/2024,160635.00,USD,pending,6,ca
TX-0009302,C-02102,Zoe Garcia,zoe.garcia9302@example.com,03/11/2024,189231.00,USD,refunded,7,GB
TX-0009303,C-02103,Mateo Nguyen,mateo.nguyen9303@example.com,04/04/2024,227931.00,USD,cancelled,8,AU
TX-0009304,C-02104,Ava Patel,ava.patel9304@example.com,05/09/2024,74821.00,USD,completed,1,DE
TX-0009305,C-02105,Noah Kim,noah.kim9305@example.com,06/02/2024,89732.00,USD,pending,2,US
TX-0009306,C-02106,Mia Martin,mia.martin9306@example.com,07/07/2024,197272.00,USD,refunded,3,CA
TX-0009307,C-02107,Liam Smith,liam.smith9307@example.com,08/12/2024,128545.00,USD,cancelled,4,GB
TX-0009308,C-02108,Sofia Brown,sofia.brown9308@example.com,09/05/2024,33487.00,USD,completed,5,AU
TX-0009309,C-02109,Ethan Wilson,ethan.wilson9309@example.com,10/10/2024,131784.00,USD,pending,6,DE
TX-0009310,C-02110,Zoe Garcia,zoe.garcia9310@example.com,11/03/2024,216164.00,USD,refunded,7,US
TX-0009311,C-02111,Mateo Nguyen,mateo.nguyen9311@example.com,12/08/2024,133795.00,USD,cancelled,8,CA
TX-0009312,C-02112,Ava Patel,,01/01/2024,120270.00,USD,completed,1,GB
TX-0009313,C-02113,Noah Kim,noah.kim9313@example.com,02/06/2024,214248.00,USD,pending,2,AU
TX-0009314,C-02114,Mia Martin,mia.martin9314@example.com,03/11/2024,140240.00,USD,refunded,3,DE
TX-0009315,C-02115,Liam Smith,liam.smith9315@example.com,04/04/2024,83158.00,USD,cancelled,4,US
TX-0009316,C-02116,Sofia Brown,sofia.brown9316@example.com,05/09/2024,127077.00,USD,completed,5,CA
TX-0009317,C-02117,Ethan Wilson,ethan.wilson9317@example.com,06/02/2024,15282.00,USD,pending,6,GB
TX-0009318,C-02118,Zoe Garcia,zoe.garcia9318@example.com,07/07/2024,125291.00,USD,refunded,7,AU
TX-0009319,C-02119,Mateo Nguyen,mateo.nguyen9319@example.com,08/12/2024,128560.00,USD,cancelled,8,DE
TX-0009320,C-02120,Ava Patel,ava.patel9320@example.com,09/05/2024,173875.00,USD,completed,1,US
TX-0009321,C-02121,Noah Kim,noah.kim9321@example.com,10/10/2024,1184.00,USD,pending,2,CA
TX-0009322,C-02122,Mia Martin,mia.martin9322@example.com,11/03/2024,38874.00,USD,refunded,3,GB
TX-0009323,C-02123,Liam Smith,liam.smith9323@example.com,12/08/2024,11693.00,USD,cancelled,4,AU
TX-0009324,C-02124,Sofia Brown,sofia.brown9324@example.com,01/01/2024,166430.00,USD,completed,5,DE
TX-0009325,C-02125,Ethan Wilson,ethan.wilson9325@example.com,02/06/2024,240657.00,USD,pending,6,US
TX-0009326,C-02126,Zoe Garcia,zoe.garcia9326@example.com,03/11/2024,63001.00,USD,refunded,7,CA
TX-0009327,C-02127,Mateo Nguyen,mateo.nguyen9327@example.com,04/04/2024,8340.00,USD,cancelled,8,GB
TX-0009328,C-02128,Ava Patel,ava.patel9328@example.com,05/09/2024,242596.00,USD,completed,1,AU
TX-0009329,C-02129,Noah Kim,noah.kim9329@example.com,06/02/2024,129247.00,USD,pending,2,DE
TX-0009330,C-02130,Mia Martin,mia.martin9330@example.com,07/07/2024,16425.00,USD,refunded,3,US
TX-0009331,C-02131,Liam Smith,liam.smith9331@example.com,08/12/2024,3935.00,USD,cancelled,4,CA
TX-0009332,C-02132,Sofia Brown,sofia.brown9332@example.com,09/05/2024,52864.00,USD,completed,5,GB
TX-0009333,C-02133,Ethan Wilson,ethan.wilson9333@example.com,10/10/2024,78034.00,USD,pending,6,AU
TX-0009334,C-02134,Zoe Garcia,zoe.garcia9334@example.com,11/03/2024,61943.00,USD,refunded,7,DE
TX-0009335,C-02135,Mateo Nguyen,mateo.nguyen9335@example.com,12/08/2024,247787.00,USD,cancelled,8,US
TX-0009336,C-02136,Ava Patel,ava.patel9336@example.com,01/01/2024,26086.00,USD,completed,1,CA
TX-0009337,C-02137,Noah Kim,noah.kim9337@example.com,02/06/2024,111159.00,USD,pending,2,GB
TX-0009338,C-02138,Mia Martin,mia.martin9338@example.com,03/11/2024,55433.00,USD,refunded,3,AU
TX-0009339,C-02139,Liam Smith,liam.smith9339@example.com,04/04/2024,24261.00,USD,cancelled,4,DE
TX-0009340,C-02140,Sofia Brown,sofia.brown9340@example.com,05/09/2024,40907.00,USD,completed,5,US
TX-0009341,C-02141,Ethan Wilson,ethan.wilson9341@example.com,06/02/2024,98702.00,USD,pending,6,CA
TX-0009342,C-02142,Zoe Garcia,zoe.garcia9342@example.com,07/07/2024,67679.00,USD,refunded,7,USA
TX-0009343,C-02143,Mateo Nguyen,mateo.nguyen9343@example.com,08/12/2024,248526.00,USD,cancelled,8,AU
TX-0009344,C-02144,Ava Patel,ava.patel9344@example.com,09/05/2024,171366.00,USD,completed,1,DE
TX-0009345,C-02145,Noah Kim,noah.kim.invalid,10/10/2024,8332.00,USD,pending,2,US
TX-0009346,C-02146,Mia Martin,mia.martin9346@example.com,11/03/2024,84875.00,USD,refunded,3,CA
TX-0009347,C-02147,Liam Smith,liam.smith9347@example.com,12/08/2024,204790.00,USD,cancelled,4,GB
TX-0009348,C-02148,Sofia Brown,sofia.brown9348@example.com,01/01/2024,221596.00,USD,completed,5,AU
TX-0009349,C-02149,Ethan Wilson,ethan.wilson9349@example.com,02/06/2024,152022.00,USD,pending,6,DE
TX-0009350,C-02150,Zoe Garcia,zoe.garcia9350@example.com,03/11/2024,4981.00,USD,refunded,7,US
TX-0009351,C-02151,Mateo Nguyen,mateo.nguyen9351@example.com,04/04/2024,10521.00,USD,cancelled,8,CA
TX-0009352,C-02152,Ava Patel,ava.patel9352@example.com,05/09/2024,70872.00,USD,completed,1,GB
TX-0009353,C-02153,Noah Kim,noah.kim9353@example.com,06/02/2024,167161.00,USD,pending,2,AU
TX-0009354,C-02154,Mia Martin,mia.martin9354@example.com,07/07/2024,249602.00,USD,refunded,3,DE
TX-0009355,C-02155,Liam Smith,liam.smith9355@example.com,08/12/2024,165378.00,USD,cancelled,4,US
TX-0009356,C-02156,Sofia Brown,sofia.brown9356@example.com,09/05/2024,108932.00,USD,completed,5,CA
TX-0009357,C-02157,Ethan Wilson,ethan.wilson9357@example.com,10/10/2024,137975.00,USD,pending,6,GB
TX-0009358,C-02158,Zoe Garcia,zoe.garcia9358@example.com,11/03/2024,141293.00,USD,refunded,7,AU
TX-0009359,C-02159,Mateo Nguyen,mateo.nguyen9359@example.com,12/08/2024,104108.00,USD,unknown,8,DE
TX-0009360,C-02160,Ava Patel,ava.patel9360@example.com,01/01/2024,60324.00,USD,completed,1,US
TX-0009361,C-02161,Noah Kim,noah.kim9361@example.com,02/06/2024,18377.00,USD,pending,2,CA
TX-0009362,C-02162,Mia Martin,mia.martin9362@example.com,03/11/2024,208540.00,USD,refunded,3,GB
TX-0009363,C-02163,Liam Smith,liam.smith9363@example.com,04/04/2024,10204.00,USD,cancelled,4,AU
TX-0009364,C-02164,Sofia Brown,sofia.brown9364@example.com,05/09/2024,91782.00,USD,completed,5,DE
TX-0009365,C-02165,Ethan Wilson,ethan.wilson9365@example.com,06/02/2024,223142.00,USD,pending,6,US
TX-0009366,C-02166,Zoe Garcia,zoe.garcia9366@example.com,07/07/2024,,USD,refunded,7,CA
TX-0009367,C-02167,Mateo Nguyen,mateo.nguyen9367@example.com,08/12/2024,66767.00,USD,cancelled,8,GB
TX-0009368,C-02168,Ava Patel,ava.patel9368@example.com,09/05/2024,213124.00,USD,completed,1,AU
TX-0009369,C-02169,Noah Kim,noah.kim9369@example.com,10/10/2024,200090.00,USD,pending,2,DE
TX-0009370,C-02170,Mia Martin,mia.martin9370@example.com,11/03/2024,177681.00,USD,refunded,3,US
TX-0009371,C-02171,Liam Smith,liam.smith9371@example.com,12/08/2024,22821.00,USD,cancelled,4,CA
TX-0009372,C-02172,Sofia Brown,sofia.brown9372@example.com,01/01/2024,25037.00,USD,completed,5,GB
TX-0009373,C-02173,Ethan Wilson,ethan.wilson9373@example.com,02/06/2024,58177.00,USD,pending,6,AU
TX-0009374,C-02174,Zoe Garcia,zoe.garcia9374@example.com,03/11/2024,88553.00,USD,refunded,7,DE
TX-0009375,C-02175,Mateo Nguyen,mateo.nguyen9375@example.com,04/04/2024,147940.00,USD,cancelled,8,US
TX-0009376,C-02176,Ava Patel,ava.patel9376@example.com,05/09/2024,173376.00,USD,completed,1,CA
TX-0009377,C-02177,Noah Kim,noah.kim9377@example.com,06/02/2024,249660.00,USD,pending,2,GB
TX-0009378,C-02178,Mia Martin,mia.martin9378@example.com,07/07/2024,224401.00,USD,refunded,3,AU
TX-0009379,C-02179,  LIAM SMITH  ,liam.smith9379@example.com,08/12/2024,102474.00,USD,cancelled,4,DE
TX-0009380,C-02180,Sofia Brown,sofia.brown9380@example.com,09/05/2024,75821.00,USD,completed,5,US
TX-0009381,C-02181,Ethan Wilson,ethan.wilson9381@example.com,10/10/2024,159330.00,USD,pending,6,CA
TX-0009382,C-02182,Zoe Garcia,zoe.garcia9382@example.com,11/03/2024,163297.00,USD,refunded,7,GB
TX-0009383,C-02183,Mateo Nguyen,mateo.nguyen9383@example.com,12/08/2024,146016.00,USD,cancelled,8,AU
TX-0009384,C-02184,Ava Patel,ava.patel9384@example.com,01/01/2024,48637.00,USD,completed,1,DE
TX-0009385,C-02185,Noah Kim,noah.kim9385@example.com,02/06/2024,4295.00,USD,pending,2,US
TX-0009386,C-02186,Mia Martin,mia.martin9386@example.com,03/11/2024,62422.00,USD,refunded,3,CA
TX-0009387,C-02187,Liam Smith,liam.smith9387@example.com,04/04/2024,8610.00,usd,cancelled,4,GB
TX-0009388,C-02188,Sofia Brown,sofia.brown9388@example.com,05/09/2024,104610.00,USD,completed,5,AU
TX-0009389,C-02189,Ethan Wilson,ethan.wilson9389@example.com,06/02/2024,170850.00,USD,pending,6,DE
TX-0009390,C-02190,Zoe Garcia,zoe.garcia9390@example.com,07/07/2024,166607.00,USD,refunded,7,US
TX-0009391,C-02191,Mateo Nguyen,mateo.nguyen9391@example.com,08/12/2024,217907.00,USD,cancelled,8,CA
TX-0009392,C-02192,Ava Patel,ava.patel9392@example.com,09/05/2024,10092.00,USD,completed,1,GB
TX-0009393,C-02193,Noah Kim,noah.kim9393@example.com,10/10/2024,237285.00,USD,pending,2,AU
TX-0009394,C-02194,Mia Martin,mia.martin9394@example.com,11/03/2024,12633.00,USD,refunded,3,DE
TX-0009395,C-02195,Liam Smith,liam.smith9395@example.com,12/08/2024,19399.00,USD,cancelled,4,US
TX-0009396,C-02196,Sofia Brown,sofia.brown9396@example.com,01/01/2024,164082.00,USD,completed,5,CA
TX-0009397,C-02197,Ethan Wilson,ethan.wilson9397@example.com,02/06/2024,97893.00,USD,pending,6,GB
TX-0009398,C-02198,zoe garcia,zoe.garcia9398@example.com,03/11/2024,183901.00,USD,refunded,7,AU
TX-0009399,C-02199,Mateo Nguyen,mateo.nguyen9399@example.com,04/04/2024,48474.00,USD,cancelled,8,DE
TX-0009400,C-02200,Ava Patel,ava.patel9400@example.com,05/09/2024,112692.00,USD,completed,1,US
TX-0009401,C-02201,Noah Kim,noah.kim9401@example.com,06/02/2024,17901.00,USD,pending,2,CA
TX-0009402,C-02202,Mia Martin,mia.martin9402@example.com,07/07/2024,41171.00,USD,refunded,3,GB
TX-0009403,C-02203,Liam Smith,liam.smith9403@example.com,08/12/2024,241502.00,USD,cancelled,4,AU
TX-0009404,C-02204,Sofia Brown,sofia.brown9404@example.com,09/05/2024,244389.00,USD,completed,5,DE
TX-0009405,C-02205,Ethan Wilson,ethan.wilson9405@example.com,10/10/2024,72900.00,USD,pending,6,US
TX-0009406,C-02206,Zoe Garcia,zoe.garcia9406@example.com,11/03/2024,239133.00,USD,refunded,7,CA
TX-0009407,C-02207,Mateo Nguyen,mateo.nguyen9407@example.com,12/08/2024,51331.00,USD,cancelled,8,GB
TX-0009408,C-02208,Ava Patel,ava.patel9408@example.com,01/01/2024,156306.00,USD,completed,1,AU
TX-0009409,C-02209,Noah Kim,,02/06/2024,9896.00,USD,pending,2,DE
TX-0009410,C-02210,Mia Martin,mia.martin9410@example.com,03/11/2024,120728.00,USD,refunded,3,US
TX-0009411,C-02211,Liam Smith,liam.smith9411@example.com,04/04/2024,200417.00,USD,cancelled,4,CA
TX-0009412,C-02212,Sofia Brown,sofia.brown9412@example.com,05/09/2024,12443.00, USD ,completed,5,GB
TX-0009413,C-02213,Ethan Wilson,ethan.wilson9413@example.com,06/02/2024,214431.00,USD,pending,6,AU
TX-0009414,C-02214,Zoe Garcia,zoe.garcia9414@example.com,07/07/2024,45385.00,USD,refunded,7,DE
TX-0009415,C-02215,Mateo Nguyen,mateo.nguyen9415@example.com,08/12/2024,50322.00,USD,cancelled,8,US
TX-0009416,C-02216,Ava Patel,ava.patel9416@example.com,09/05/2024,88930.00,USD,completed,1,CA
TX-0009417,C-02217,Noah Kim,noah.kim9417@example.com,10/10/2024,93577.00,USD,pending,2,GB
TX-0009418,C-02218,Mia Martin,mia.martin9418@example.com,11/03/2024,22320.00,USD,refunded,3,AU
TX-0009419,C-02219,Liam Smith,liam.smith9419@example.com,12/08/2024,102642.00,USD,cancelled,4,DE
TX-0009420,C-02220,Sofia Brown,sofia.brown9420@example.com,01/01/2024,77745.00,USD,COMPLETE,5,US
TX-0009421,C-02221,Ethan Wilson,ethan.wilson9421@example.com,02/06/2024,92197.00,USD,pending,6,CA
TX-0009422,C-02222,Zoe Garcia,zoe.garcia9422@example.com,03/11/2024,45324.00,USD,refunded,7,GB
TX-0009423,C-02223,Mateo Nguyen,mateo.nguyen9423@example.com,04/04/2024,167411.00,USD,cancelled,8,AU
TX-0009424,C-02224,Ava Patel,ava.patel9424@example.com,05/09/2024,21622.00,USD,completed,1,DE
TX-0009425,C-02225,Noah Kim,noah.kim9425@example.com,06/02/2024,3298.00,USD,pending,2,US
TX-0009426,C-02226,Mia Martin,mia.martin9426@example.com,07/07/2024,68180.00,USD,refunded,3,CA
TX-0009427,C-02227,Liam Smith,liam.smith9427@example.com,08/12/2024,75714.00,USD,cancelled,4,GB
TX-0009428,C-02228,Sofia Brown,sofia.brown9428@example.com,09/05/2024,151814.00,USD,completed,5,AU
TX-0009429,C-02229,Ethan Wilson,ethan.wilson9429@example.com,10/10/2024,119465.00,USD,pending,6,DE
TX-0009430,C-02230,Zoe Garcia,zoe.garcia9430@example.com,11/03/2024,48056.00,USD,refunded,7,US
TX-0009431,C-02231,Mateo Nguyen,mateo.nguyen9431@example.com,12/08/2024,33891.00,USD,cancelled,8,CA
TX-0009432,C-02232,Ava Patel,ava.patel9432@example.com,01/01/2024,149088.00,USD,completed,1,gb
TX-0009433,C-02233,Noah Kim,noah.kim9433@example.com,02/06/2024,36375.00,USD,pending,2,AU
TX-0009434,C-02234,Mia Martin,mia.martin.invalid,03/11/2024,167882.00,USD,refunded,3,DE
TX-0009435,C-02235,Liam Smith,liam.smith9435@example.com,04/04/2024,60257.00,USD,cancelled,4,US
TX-0009436,C-02236,Sofia Brown,sofia.brown9436@example.com,05/09/2024,109923.00,USD,completed,5,CA
TX-0009437,C-02237,Ethan Wilson,ethan.wilson9437@example.com,06/02/2024,169858.00,USD,pending,6,GB
TX-0009438,C-02238,Zoe Garcia,zoe.garcia9438@example.com,07/07/2024,191326.00,USD,refunded,7,AU
TX-0009439,C-02239,Mateo Nguyen,mateo.nguyen9439@example.com,08/12/2024,38782.00,USD,cancelled,8,DE
TX-0009440,C-02240,Ava Patel,ava.patel9440@example.com,09/05/2024,245247.00,USD,completed,1,US
TX-0009441,C-02241,Noah Kim,noah.kim9441@example.com,10/10/2024,3759.00,USD,pending,2,CA
TX-0009442,C-02242,Mia Martin,mia.martin9442@example.com,11/03/2024,142327.00,USD,refunded,3,GB
TX-0009443,C-02243,Liam Smith,liam.smith9443@example.com,12/08/2024,33447.00,USD,cancelled,4,AU
TX-0009444,C-02244,Sofia Brown,sofia.brown9444@example.com,01/01/2024,117122.00,USD,completed,5,DE
TX-0009445,C-02245,Ethan Wilson,ethan.wilson9445@example.com,02/06/2024,127222.00,USD,pending,6,US
TX-0009446,C-02246,Zoe Garcia,zoe.garcia9446@example.com,03/11/2024,138546.00,USD,refunded,7,CA
TX-0009447,C-02247,Mateo Nguyen,mateo.nguyen9447@example.com,04/04/2024,84678.00,USD,cancelled,8,GB
TX-0009448,C-02248,Ava Patel,ava.patel9448@example.com,05/09/2024,139983.00,USD,completed,1,AU
TX-0009449,C-02249,Noah Kim,noah.kim9449@example.com,06/02/2024,209810.00,USD,pending,2,DE
TX-0009450,C-02250,Mia Martin,mia.martin9450@example.com,07/07/2024,59602.00,USD,refunded,3,US
TX-0009451,C-02251,Liam Smith,liam.smith9451@example.com,08/12/2024,87912.00,USD,cancelled,4,CA
TX-0009452,C-02252,Sofia Brown,sofia.brown9452@example.com,09/05/2024,115998.00,USD,completed,5,GB
TX-0009453,C-02253,Ethan Wilson,ethan.wilson9453@example.com,10/10/2024,209213.00,USD,pending,6,AU
TX-0009454,C-02254,Zoe Garcia,zoe.garcia9454@example.com,11/03/2024,89670.00,USD,refunded,7,DE
TX-0009455,C-02255,Mateo Nguyen,mateo.nguyen9455@example.com,12/08/2024,40004.00,USD,cancelled,8,US
TX-0009456,C-02256,Ava Patel,ava.patel9456@example.com,01/01/2024,6506.00,USD,completed,1,CA
TX-0009457,C-02257,Noah Kim,noah.kim9457@example.com,02/06/2024,191584.00,USD,pending,2,GB
TX-0009458,C-02258,Mia Martin,mia.martin9458@example.com,03/11/2024,232268.00,USD,refunded,3,AU
TX-0009459,C-02259,Liam Smith,liam.smith9459@example.com,04/04/2024,36440.00,USD,cancelled,4,DE
TX-0009460,C-02260,Sofia Brown,sofia.brown9460@example.com,05/09/2024,192042.00,USD,completed,5,US
TX-0009461,C-02261,Ethan Wilson,ethan.wilson9461@example.com,06/02/2024,224392.00,USD,pending,6,CA
TX-0009462,C-02262,Zoe Garcia,zoe.garcia9462@example.com,07/07/2024,80883.00,USD,refunded,7,GB
TX-0009463,C-02263,Mateo Nguyen,mateo.nguyen9463@example.com,08/12/2024,126093.00,USD,cancelled,8,AU
TX-0009464,C-02264,Ava Patel,ava.patel9464@example.com,09/05/2024,248963.00,USD,completed,1,DE
TX-0009465,C-02265,Noah Kim,noah.kim9465@example.com,10/10/2024,75439.00,USD,pending,2,US
TX-0009466,C-02266,Mia Martin,mia.martin9466@example.com,11/03/2024,227258.00,USD,refunded,3,CA
TX-0009467,C-02267,Liam Smith,liam.smith9467@example.com,12/08/2024,44877.00,USD,cancelled,4,GB
TX-0009468,C-02268,Sofia Brown,sofia.brown9468@example.com,01/01/2024,105516.00,USD,completed,5,AU
TX-0009469,C-02269,Ethan Wilson,ethan.wilson9469@example.com,02/06/2024,153212.00,USD,pending,6,DE
TX-0009470,C-02270,Zoe Garcia,zoe.garcia9470@example.com,03/11/2024,238265.00,USD,refunded,7,US
TX-0009471,C-02271,Mateo Nguyen,mateo.nguyen9471@example.com,04/04/2024,233250.00,USD,cancelled,8,CA
TX-0009472,C-02272,Ava Patel,ava.patel9472@example.com,05/09/2024,204506.00,USD,completed,1,GB
TX-0009473,C-02273,Noah Kim,noah.kim9473@example.com,06/02/2024,89615.00,USD,pending,2,AU
TX-0009474,C-02274,Mia Martin,mia.martin9474@example.com,07/07/2024,92040.00,USD,refunded,3,DE
TX-0009475,C-02275,Liam Smith,liam.smith9475@example.com,08/12/2024,177978.00,USD,cancelled,4,US
TX-0009476,C-02276,Sofia Brown,sofia.brown9476@example.com,09/05/2024,18539.00,USD,completed,5,CA
TX-0009477,C-02277,Ethan Wilson,ethan.wilson9477@example.com,10/10/2024,68674.00,USD,pending,6,GB
TX-0009478,C-02278,Zoe Garcia,zoe.garcia9478@example.com,11/03/2024,6380.00,USD,refunded,7,AU
TX-0009479,C-02279,Mateo Nguyen,mateo.nguyen9479@example.com,12/08/2024,234226.00,USD,cancelled,8,DE
TX-0009480,C-02280,Ava Patel,ava.patel9480@example.com,01/01/2024,199318.00,USD,completed,1,US
TX-0009481,C-02281,Noah Kim,noah.kim9481@example.com,02/06/2024,120118.00,USD,pending,2,CA
TX-0009482,C-02282,Mia Martin,mia.martin9482@example.com,03/11/2024,66841.00,USD,refunded,3,GB
TX-0009483,C-02283,Liam Smith,liam.smith9483@example.com,04/04/2024,180620.00,USD,cancelled,4,AU
TX-0009484,C-02284,Sofia Brown,sofia.brown9484@example.com,05/09/2024,195244.00,USD,completed,5,DE
TX-0009485,C-02285,Ethan Wilson,ethan.wilson9485@example.com,06/02/2024,42161.00,USD,pending,6,US
TX-0009486,C-02286,Zoe Garcia,zoe.garcia9486@example.com,07/07/2024,102983.00,USD,refunded,7,CA
TX-0009487,C-02287,Mateo Nguyen,mateo.nguyen9487@example.com,08/12/2024,161532.00,USD,cancelled,8,GB
TX-0009488,C-02288,Ava Patel,ava.patel9488@example.com,09/05/2024,30570.00,USD,completed,1,AU
TX-0009489,C-02289,Noah Kim,noah.kim9489@example.com,10/10/2024,195524.00,USD,pending,2,DE
TX-0009490,C-02290,Mia Martin,mia.martin9490@example.com,11/03/2024,180438.00,USD,refunded,3,US
TX-0009491,C-02291,Liam Smith,liam.smith9491@example.com,12/08/2024,51351.00,USD,cancelled,4,CA
TX-0009492,C-02292,  SOFIA BROWN  ,sofia.brown9492@example.com,01/01/2024,85286.00,USD,completed,5,GB
TX-0009493,C-02293,Ethan Wilson,ethan.wilson9493@example.com,02/06/2024,214357.00,USD,pending,6,AU
TX-0009494,C-02294,Zoe Garcia,zoe.garcia9494@example.com,03/11/2024,177185.00,USD,refunded,7,DE
TX-0009495,C-02295,Mateo Nguyen,mateo.nguyen9495@example.com,04/04/2024,-1718.00,USD,cancelled,8,US
TX-0009496,C-02296,Ava Patel,ava.patel9496@example.com,05/09/2024,150891.00,USD,completed,1,CA
TX-0009497,C-02297,Noah Kim,noah.kim9497@example.com,06/02/2024,49408.00,USD,pending,2,GB
TX-0009498,C-02298,Mia Martin,mia.martin9498@example.com,07/07/2024,20181.00,USD,refunded,3,AU
TX-0009499,C-02299,Liam Smith,liam.smith9499@example.com,08/12/2024,187745.00,USD,cancelled,4,DE
TX-0009500,C-02300,Sofia Brown,sofia.brown9500@example.com,09/05/2024,52690.00,USD,completed,5,US
TX-0009501,C-02301,Ethan Wilson,ethan.wilson9501@example.com,10/10/2024,143888.00,USD,pending,6,CA
TX-0009502,C-02302,Zoe Garcia,zoe.garcia9502@example.com,11/03/2024,109960.00,USD,refunded,7,GB
TX-0009503,C-02303,Mateo Nguyen,mateo.nguyen9503@example.com,12/08/2024,187422.00,USD,cancelled,8,AU
TX-0009504,C-02304,Ava Patel,ava.patel9504@example.com,01/01/2024,164858.00,USD,completed,1,DE
TX-0009505,C-02305,Noah Kim,noah.kim9505@example.com,02/06/2024,230663.00,USD,pending,2,US
TX-0009506,C-02306,Mia Martin,,03/11/2024,13300.00,USD,refunded,3,CA
TX-0009507,C-02307,Liam Smith,liam.smith9507@example.com,04/04/2024,86959.00,USD,cancelled,4,GB
TX-0009508,C-02308,Sofia Brown,sofia.brown9508@example.com,05/09/2024,212324.00,USD,completed,5,AU
TX-0009509,C-02309,Ethan Wilson,ethan.wilson9509@example.com,06/02/2024,86017.00,USD,pending,6,DE
TX-0009510,C-02310,Zoe Garcia,zoe.garcia9510@example.com,07/07/2024,89156.00,USD,refunded,7,US
TX-0009511,C-02311,Mateo Nguyen,mateo.nguyen9511@example.com,08/12/2024,185362.00,USD,cancelled,8,CA
TX-0009512,C-02312,Ava Patel,ava.patel9512@example.com,09/05/2024,161917.00,USD,completed,1,GB
TX-0009513,C-02313,Noah Kim,noah.kim9513@example.com,10/10/2024,60919.00,USD,pending,2,AU
TX-0009514,C-02314,Mia Martin,mia.martin9514@example.com,11/03/2024,18630.00,USD,refunded,3,DE
TX-0009515,C-02315,Liam Smith,liam.smith9515@example.com,12/08/2024,180073.00,USD,cancelled,4,USA
TX-0009516,C-02316,Sofia Brown,sofia.brown9516@example.com,01/01/2024,240557.00,USD,completed,5,CA
TX-0009517,C-02317,Ethan Wilson,ethan.wilson9517@example.com,02/06/2024,124243.00,USD,pending,6,GB
TX-0009518,C-02318,Zoe Garcia,zoe.garcia9518@example.com,03/11/2024,127991.00,USD,refunded,7,AU
TX-0009519,C-02319,Mateo Nguyen,mateo.nguyen9519@example.com,04/04/2024,13833.00,USD,cancelled,8,DE
TX-0009520,C-02320,Ava Patel,ava.patel9520@example.com,05/09/2024,216078.00,USD,completed,1,US
TX-0009521,C-02321,Noah Kim,noah.kim9521@example.com,06/02/2024,162288.00,USD,pending,2,CA
TX-0009522,C-02322,Mia Martin,mia.martin9522@example.com,07/07/2024,32327.00,USD,refunded,3,GB
TX-0009523,C-02323,Liam Smith,liam.smith.invalid,08/12/2024,246548.00,USD,cancelled,4,AU
TX-0009524,C-02324,Sofia Brown,sofia.brown9524@example.com,09/05/2024,29499.00,USD,completed,5,DE
TX-0009525,C-02325,ethan wilson,ethan.wilson9525@example.com,10/10/2024,88973.00,USD,pending,6,US
TX-0009526,C-02326,Zoe Garcia,zoe.garcia9526@example.com,11/03/2024,13168.00,USD,refunded,7,CA
TX-0009527,C-02327,Mateo Nguyen,mateo.nguyen9527@example.com,12/08/2024,220889.00,USD,cancelled,8,GB
TX-0009528,C-02328,Ava Patel,ava.patel9528@example.com,01/01/2024,10484.00,USD,completed,1,AU
TX-0009529,C-02329,Noah Kim,noah.kim9529@example.com,02/06/2024,95149.00,USD,pending,2,DE
TX-0009530,C-02330,Mia Martin,mia.martin9530@example.com,03/11/2024,34107.00,USD,refunded,3,US
TX-0009531,C-02331,Liam Smith,liam.smith9531@example.com,04/04/2024,7251.00,USD,cancelled,4,CA
TX-0009532,C-02332,Sofia Brown,sofia.brown9532@example.com,05/09/2024,106820.00,USD,completed,5,GB
TX-0009533,C-02333,Ethan Wilson,ethan.wilson9533@example.com,06/02/2024,127724.00,USD,pending,6,AU
TX-0009534,C-02334,Zoe Garcia,zoe.garcia9534@example.com,07/07/2024,228913.00,USD,refunded,7,DE
TX-0009535,C-02335,Mateo Nguyen,mateo.nguyen9535@example.com,08/12/2024,60997.00,USD,cancelled,8,US
TX-0009536,C-02336,Ava Patel,ava.patel9536@example.com,09/05/2024,238051.00,usd,completed,1,CA
TX-0009537,C-02337,Noah Kim,noah.kim9537@example.com,10/10/2024,34670.00,USD,pending,2,GB
TX-0009538,C-02338,Mia Martin,mia.martin9538@example.com,11/03/2024,201293.00,USD,refunded,3,AU
TX-0009539,C-02339,Liam Smith,liam.smith9539@example.com,12/08/2024,61031.00,USD,cancelled,4,DE
TX-0009540,C-02340,Sofia Brown,sofia.brown9540@example.com,01/01/2024,38631.00,USD,completed,5,US
TX-0009541,C-02341,Ethan Wilson,ethan.wilson9541@example.com,02/06/2024,111905.00,USD,pending,6,CA
TX-0009542,C-02342,Zoe Garcia,zoe.garcia9542@example.com,03/11/2024,206841.00,USD,refunded,7,GB
TX-0009543,C-02343,Mateo Nguyen,mateo.nguyen9543@example.com,04/04/2024,146686.00,USD,cancelled,8,AU
TX-0009544,C-02344,Ava Patel,ava.patel9544@example.com,05/09/2024,32147.00,USD,completed,1,DE
TX-0009545,C-02345,Noah Kim,noah.kim9545@example.com,06/02/2024,32163.00,USD,pending,2,US
TX-0009546,C-02346,Mia Martin,mia.martin9546@example.com,07/07/2024,94108.00,USD,refunded,3,CA
TX-0009547,C-02347,Liam Smith,liam.smith9547@example.com,08/12/2024,192754.00,USD,cancelled,4,GB
TX-0009548,C-02348,Sofia Brown,sofia.brown9548@example.com,09/05/2024,104255.00,USD,completed,5,AU
TX-0009549,C-02349,Ethan Wilson,ethan.wilson9549@example.com,10/10/2024,97003.00,USD,pending,6,DE
TX-0009550,C-02350,Zoe Garcia,zoe.garcia9550@example.com,11/03/2024,169636.00,USD,unknown,7,US
TX-0009551,C-02351,Mateo Nguyen,mateo.nguyen9551@example.com,12/08/2024,121594.00,USD,cancelled,8,CA
TX-0009552,C-02352,Ava Patel,ava.patel9552@example.com,01/01/2024,41221.00,USD,completed,1,GB
TX-0009553,C-02353,Noah Kim,noah.kim9553@example.com,02/06/2024,101708.00,USD,pending,2,AU
TX-0009554,C-02354,Mia Martin,mia.martin9554@example.com,03/11/2024,14984.00,USD,refunded,3,DE
TX-0009555,C-02355,Liam Smith,liam.smith9555@example.com,04/04/2024,163043.00,USD,cancelled,4,US
TX-0009556,C-02356,Sofia Brown,sofia.brown9556@example.com,05/09/2024,29106.00,USD,completed,5,CA
TX-0009557,C-02357,Ethan Wilson,ethan.wilson9557@example.com,06/02/2024,2811.00,USD,pending,6,GB
TX-0009558,C-02358,Zoe Garcia,zoe.garcia9558@example.com,07/07/2024,149014.00,USD,refunded,7,AU
TX-0009559,C-02359,Mateo Nguyen,mateo.nguyen9559@example.com,08/12/2024,153135.00,USD,cancelled,8,DE
TX-0009560,C-02360,Ava Patel,ava.patel9560@example.com,09/05/2024,184971.00,USD,completed,1,US
TX-0009561,C-02361,Noah Kim,noah.kim9561@example.com,10/10/2024,163881.00,USD,pending,2,CA
TX-0009562,C-02362,Mia Martin,mia.martin9562@example.com,11/03/2024,158917.00,USD,refunded,3,GB
TX-0009563,C-02363,Liam Smith,liam.smith9563@example.com,12/08/2024,177265.00,USD,cancelled,4,au
TX-0009564,C-02364,Sofia Brown,sofia.brown9564@example.com,01/01/2024,163075.00,USD,completed,5,DE
TX-0009565,C-02365,Ethan Wilson,ethan.wilson9565@example.com,02/06/2024,156671.00,USD,pending,6,US
TX-0009566,C-02366,Zoe Garcia,zoe.garcia9566@example.com,03/11/2024,153259.00,USD,refunded,7,CA
TX-0009567,C-02367,Mateo Nguyen,mateo.nguyen9567@example.com,04/04/2024,105710.00,USD,cancelled,8,GB
TX-0009568,C-02368,Ava Patel,ava.patel9568@example.com,05/09/2024,64155.00,USD,completed,1,AU
TX-0009569,C-02369,Noah Kim,noah.kim9569@example.com,06/02/2024,57324.00,USD,pending,2,DE
TX-0009570,C-02370,Mia Martin,mia.martin9570@example.com,07/07/2024,50682.00,USD,refunded,3,US
TX-0009571,C-02371,Liam Smith,liam.smith9571@example.com,08/12/2024,5121.00,USD,cancelled,4,CA
TX-0009572,C-02372,Sofia Brown,sofia.brown9572@example.com,09/05/2024,201305.00,USD,completed,5,GB
TX-0009573,C-02373,Ethan Wilson,ethan.wilson9573@example.com,10/10/2024,126829.00,USD,pending,6,AU
TX-0009574,C-02374,Zoe Garcia,zoe.garcia9574@example.com,11/03/2024,134777.00,USD,refunded,7,DE
TX-0009575,C-02375,Mateo Nguyen,mateo.nguyen9575@example.com,12/08/2024,86511.00,USD,cancelled,8,US
TX-0009576,C-02376,Ava Patel,ava.patel9576@example.com,01/01/2024,6954.00,USD,completed,1,CA
TX-0009577,C-02377,Noah Kim,noah.kim9577@example.com,02/06/2024,230718.00,USD,COMPLETE,2,GB
TX-0009578,C-02378,Mia Martin,mia.martin9578@example.com,03/11/2024,227326.00,USD,refunded,3,AU
TX-0009579,C-02379,Liam Smith,liam.smith9579@example.com,04/04/2024,248082.00,USD,cancelled,4,DE
TX-0009580,C-02380,Sofia Brown,sofia.brown9580@example.com,05/09/2024,106155.00,USD,completed,5,US
TX-0009581,C-02381,Ethan Wilson,ethan.wilson9581@example.com,06/02/2024,95684.00,USD,pending,6,CA
TX-0009582,C-02382,Zoe Garcia,zoe.garcia9582@example.com,07/07/2024,93038.00,USD,refunded,7,GB
TX-0009583,C-02383,Mateo Nguyen,mateo.nguyen9583@example.com,08/12/2024,142185.00,USD,cancelled,8,AU
TX-0009584,C-02384,Ava Patel,ava.patel9584@example.com,09/05/2024,140991.00,USD,completed,1,DE
TX-0009585,C-02385,Noah Kim,noah.kim9585@example.com,10/10/2024,17950.00,USD,pending,2,US
TX-0009586,C-02386,Mia Martin,mia.martin9586@example.com,11/03/2024,194566.00,USD,refunded,3,CA
TX-0009587,C-02387,Liam Smith,liam.smith9587@example.com,12/08/2024,22484.00,USD,cancelled,4,GB
TX-0009588,C-02388,Sofia Brown,sofia.brown9588@example.com,01/01/2024,9021.00,USD,completed,5,AU
TX-0009589,C-02389,Ethan Wilson,ethan.wilson9589@example.com,02/06/2024,,USD,pending,6,DE
TX-0009590,C-02390,Zoe Garcia,zoe.garcia9590@example.com,03/11/2024,221519.00,USD,refunded,7,US
TX-0009591,C-02391,Mateo Nguyen,mateo.nguyen9591@example.com,04/04/2024,180023.00,USD,cancelled,8,CA
TX-0009592,C-02392,Ava Patel,ava.patel9592@example.com,05/09/2024,31025.00,USD,completed,1,GB
TX-0009593,C-02393,Noah Kim,noah.kim9593@example.com,06/02/2024,158888.00, USD ,pending,2,AU
TX-0009594,C-02394,Mia Martin,mia.martin9594@example.com,07/07/2024,5826.00,USD,refunded,3,DE
TX-0009595,C-02395,Liam Smith,liam.smith9595@example.com,08/12/2024,109959.00,USD,cancelled,4,US
TX-0009596,C-02396,Sofia Brown,sofia.brown9596@example.com,09/05/2024,21666.00,USD,completed,5,CA
TX-0009597,C-02397,Ethan Wilson,ethan.wilson9597@example.com,10/10/2024,37888.00,USD,pending,6,GB
TX-0009598,C-02398,Zoe Garcia,zoe.garcia9598@example.com,11/03/2024,148202.00,USD,refunded,7,AU
TX-0009599,C-02399,Mateo Nguyen,mateo.nguyen9599@example.com,12/08/2024,164344.00,USD,cancelled,8,DE
TX-0009600,C-02400,Ava Patel,ava.patel9600@example.com,01/01/2024,181675.00,USD,completed,1,US
TX-0009601,C-00001,Noah Kim,noah.kim9601@example.com,02/06/2024,11819.00,USD,pending,2,CA
TX-0009602,C-00002,Mia Martin,mia.martin9602@example.com,03/11/2024,128498.00,USD,refunded,3,GB
TX-0009603,C-00003,Liam Smith,,04/04/2024,98327.00,USD,cancelled,4,AU
TX-0009604,C-00004,Sofia Brown,sofia.brown9604@example.com,05/09/2024,177435.00,USD,completed,5,DE
TX-0009605,C-00005,  ETHAN WILSON  ,ethan.wilson9605@example.com,06/02/2024,117873.00,USD,pending,6,US
TX-0009606,C-00006,Zoe Garcia,zoe.garcia9606@example.com,07/07/2024,35291.00,USD,refunded,7,CA
TX-0009607,C-00007,Mateo Nguyen,mateo.nguyen9607@example.com,08/12/2024,53955.00,USD,cancelled,8,GB
TX-0009608,C-00008,Ava Patel,ava.patel9608@example.com,09/05/2024,24802.00,USD,completed,1,AU
TX-0009609,C-00009,Noah Kim,noah.kim9609@example.com,10/10/2024,181025.00,USD,pending,2,DE
TX-0009610,C-00010,Mia Martin,mia.martin9610@example.com,11/03/2024,241293.00,USD,refunded,3,US
TX-0009611,C-00011,Liam Smith,liam.smith9611@example.com,12/08/2024,235835.00,USD,cancelled,4,CA
TX-0009612,C-00012,Sofia Brown,sofia.brown.invalid,01/01/2024,92012.00,USD,completed,5,GB
TX-0009613,C-00013,Ethan Wilson,ethan.wilson9613@example.com,02/06/2024,176529.00,USD,pending,6,AU
TX-0009614,C-00014,Zoe Garcia,zoe.garcia9614@example.com,03/11/2024,59777.00,USD,refunded,7,DE
TX-0009615,C-00015,Mateo Nguyen,mateo.nguyen9615@example.com,04/04/2024,155574.00,USD,cancelled,8,US
TX-0009616,C-00016,Ava Patel,ava.patel9616@example.com,05/09/2024,242205.00,USD,completed,1,CA
TX-0009617,C-00017,Noah Kim,noah.kim9617@example.com,06/02/2024,217239.00,USD,pending,2,GB
TX-0009618,C-00018,Mia Martin,mia.martin9618@example.com,07/07/2024,49053.00,USD,refunded,3,AU
TX-0009619,C-00019,Liam Smith,liam.smith9619@example.com,08/12/2024,106893.00,USD,cancelled,4,DE
TX-0009620,C-00020,Sofia Brown,sofia.brown9620@example.com,09/05/2024,86992.00,USD,completed,5,US
TX-0009621,C-00021,Ethan Wilson,ethan.wilson9621@example.com,10/10/2024,97185.00,USD,pending,6,CA
TX-0009622,C-00022,Zoe Garcia,zoe.garcia9622@example.com,11/03/2024,24885.00,USD,refunded,7,GB
TX-0009623,C-00023,Mateo Nguyen,mateo.nguyen9623@example.com,12/08/2024,235884.00,USD,cancelled,8,AU
TX-0009624,C-00024,Ava Patel,ava.patel9624@example.com,01/01/2024,118215.00,USD,completed,1,DE
TX-0009625,C-00025,Noah Kim,noah.kim9625@example.com,02/06/2024,234414.00,USD,pending,2,US
TX-0009626,C-00026,Mia Martin,mia.martin9626@example.com,03/11/2024,243874.00,USD,refunded,3,CA
TX-0009627,C-00027,Liam Smith,liam.smith9627@example.com,04/04/2024,42850.00,USD,cancelled,4,GB
TX-0009628,C-00028,Sofia Brown,sofia.brown9628@example.com,05/09/2024,236559.00,USD,completed,5,AU
TX-0009629,C-00029,Ethan Wilson,ethan.wilson9629@example.com,06/02/2024,77292.00,USD,pending,6,DE
TX-0009630,C-00030,Zoe Garcia,zoe.garcia9630@example.com,07/07/2024,135538.00,USD,refunded,7,US
TX-0009631,C-00031,Mateo Nguyen,mateo.nguyen9631@example.com,08/12/2024,101072.00,USD,cancelled,8,CA
TX-0009632,C-00032,Ava Patel,ava.patel9632@example.com,09/05/2024,150900.00,USD,completed,1,GB
TX-0009633,C-00033,Noah Kim,noah.kim9633@example.com,10/10/2024,159639.00,USD,pending,2,AU
TX-0009634,C-00034,Mia Martin,mia.martin9634@example.com,11/03/2024,6877.00,USD,refunded,3,DE
TX-0009635,C-00035,Liam Smith,liam.smith9635@example.com,12/08/2024,226130.00,USD,cancelled,4,US
TX-0009636,C-00036,Sofia Brown,sofia.brown9636@example.com,01/01/2024,168948.00,USD,completed,5,CA
TX-0009637,C-00037,Ethan Wilson,ethan.wilson9637@example.com,02/06/2024,858.00,USD,pending,6,GB
TX-0009638,C-00038,Zoe Garcia,zoe.garcia9638@example.com,03/11/2024,241705.00,USD,refunded,7,AU
TX-0009639,C-00039,Mateo Nguyen,mateo.nguyen9639@example.com,04/04/2024,20134.00,USD,cancelled,8,DE
TX-0009640,C-00040,Ava Patel,ava.patel9640@example.com,05/09/2024,21762.00,USD,completed,1,US
TX-0009641,C-00041,Noah Kim,noah.kim9641@example.com,06/02/2024,128511.00,USD,pending,2,CA
TX-0009642,C-00042,Mia Martin,mia.martin9642@example.com,07/07/2024,28098.00,USD,refunded,3,GB
TX-0009643,C-00043,Liam Smith,liam.smith9643@example.com,08/12/2024,227270.00,USD,cancelled,4,AU
TX-0009644,C-00044,Sofia Brown,sofia.brown9644@example.com,09/05/2024,120857.00,USD,completed,5,DE
TX-0009645,C-00045,Ethan Wilson,ethan.wilson9645@example.com,10/10/2024,48832.00,USD,pending,6,US
TX-0009646,C-00046,Zoe Garcia,zoe.garcia9646@example.com,11/03/2024,111700.00,USD,refunded,7,CA
TX-0009647,C-00047,Mateo Nguyen,mateo.nguyen9647@example.com,12/08/2024,182662.00,USD,cancelled,8,GB
TX-0009648,C-00048,Ava Patel,ava.patel9648@example.com,01/01/2024,43521.00,USD,completed,1,AU
TX-0009649,C-00049,Noah Kim,noah.kim9649@example.com,02/06/2024,74098.00,USD,pending,2,DE
TX-0009650,C-00050,Mia Martin,mia.martin9650@example.com,03/11/2024,13913.00,USD,refunded,3,US
TX-0009651,C-00051,Liam Smith,liam.smith9651@example.com,04/04/2024,165749.00,USD,cancelled,4,CA
TX-0009652,C-00052,sofia brown,sofia.brown9652@example.com,05/09/2024,220837.00,USD,completed,5,GB
TX-0009653,C-00053,Ethan Wilson,ethan.wilson9653@example.com,06/02/2024,118851.00,USD,pending,6,AU
TX-0009654,C-00054,Zoe Garcia,zoe.garcia9654@example.com,07/07/2024,194344.00,USD,refunded,7,DE
TX-0009655,C-00055,Mateo Nguyen,mateo.nguyen9655@example.com,08/12/2024,105709.00,USD,cancelled,8,US
TX-0009656,C-00056,Ava Patel,ava.patel9656@example.com,09/05/2024,199796.00,USD,completed,1,CA
TX-0009657,C-00057,Noah Kim,noah.kim9657@example.com,10/10/2024,146991.00,USD,pending,2,GB
TX-0009658,C-00058,Mia Martin,mia.martin9658@example.com,11/03/2024,217444.00,USD,refunded,3,AU
TX-0009659,C-00059,Liam Smith,liam.smith9659@example.com,12/08/2024,126268.00,USD,cancelled,4,DE
TX-0009660,C-00060,Sofia Brown,sofia.brown9660@example.com,01/01/2024,179318.00,USD,completed,5,US
TX-0009661,C-00061,Ethan Wilson,ethan.wilson9661@example.com,02/06/2024,198103.00,USD,pending,6,CA
TX-0009662,C-00062,Zoe Garcia,zoe.garcia9662@example.com,03/11/2024,15714.00,USD,refunded,7,GB
TX-0009663,C-00063,Mateo Nguyen,mateo.nguyen9663@example.com,04/04/2024,35852.00,USD,cancelled,8,AU
TX-0009664,C-00064,Ava Patel,ava.patel9664@example.com,05/09/2024,240748.00,USD,completed,1,DE
TX-0009665,C-00065,Noah Kim,noah.kim9665@example.com,06/02/2024,168129.00,USD,pending,2,US
TX-0009666,C-00066,Mia Martin,mia.martin9666@example.com,07/07/2024,133228.00,USD,refunded,3,CA
TX-0009667,C-00067,Liam Smith,liam.smith9667@example.com,08/12/2024,89075.00,USD,cancelled,4,GB
TX-0009668,C-00068,Sofia Brown,sofia.brown9668@example.com,09/05/2024,214280.00,USD,completed,5,AU
TX-0009669,C-00069,Ethan Wilson,ethan.wilson9669@example.com,10/10/2024,89666.00,USD,pending,6,DE
TX-0009670,C-00070,Zoe Garcia,zoe.garcia9670@example.com,11/03/2024,164138.00,USD,refunded,7,US
TX-0009671,C-00071,Mateo Nguyen,mateo.nguyen9671@example.com,12/08/2024,74704.00,USD,cancelled,8,CA
TX-0009672,C-00072,Ava Patel,ava.patel9672@example.com,01/01/2024,10617.00,USD,completed,1,GB
TX-0009673,C-00073,Noah Kim,noah.kim9673@example.com,02/06/2024,116415.00,USD,pending,2,AU
TX-0009674,C-00074,Mia Martin,mia.martin9674@example.com,03/11/2024,59996.00,USD,refunded,3,DE
TX-0009675,C-00075,Liam Smith,liam.smith9675@example.com,04/04/2024,245920.00,USD,cancelled,4,US
TX-0009676,C-00076,Sofia Brown,sofia.brown9676@example.com,05/09/2024,11469.00,USD,completed,5,CA
TX-0009677,C-00077,Ethan Wilson,ethan.wilson9677@example.com,06/02/2024,138708.00,USD,pending,6,GB
TX-0009678,C-00078,Zoe Garcia,zoe.garcia9678@example.com,07/07/2024,157731.00,USD,refunded,7,AU
TX-0009679,C-00079,Mateo Nguyen,mateo.nguyen9679@example.com,08/12/2024,84785.00,USD,cancelled,8,DE
TX-0009680,C-00080,Ava Patel,ava.patel9680@example.com,09/05/2024,214633.00,USD,completed,1,US
TX-0009681,C-00081,Noah Kim,noah.kim9681@example.com,10/10/2024,149208.00,USD,pending,2,CA
TX-0009682,C-00082,Mia Martin,mia.martin9682@example.com,11/03/2024,141062.00,USD,refunded,3,GB
TX-0009683,C-00083,Liam Smith,liam.smith9683@example.com,12/08/2024,242539.00,USD,cancelled,4,AU
TX-0009684,C-00084,Sofia Brown,sofia.brown9684@example.com,01/01/2024,168716.00,USD,completed,5,DE
TX-0009685,C-00085,Ethan Wilson,ethan.wilson9685@example.com,02/06/2024,238299.00,usd,pending,6,US
TX-0009686,C-00086,Zoe Garcia,zoe.garcia9686@example.com,03/11/2024,181829.00,USD,refunded,7,CA
TX-0009687,C-00087,Mateo Nguyen,mateo.nguyen9687@example.com,04/04/2024,131857.00,USD,cancelled,8,GB
TX-0009688,C-00088,Ava Patel,ava.patel9688@example.com,05/09/2024,100059.00,USD,completed,1,USA
TX-0009689,C-00089,Noah Kim,noah.kim9689@example.com,06/02/2024,136127.00,USD,pending,2,DE
TX-0009690,C-00090,Mia Martin,mia.martin9690@example.com,07/07/2024,129925.00,USD,refunded,3,US
TX-0009691,C-00091,Liam Smith,liam.smith9691@example.com,08/12/2024,235648.00,USD,cancelled,4,CA
TX-0009692,C-00092,Sofia Brown,sofia.brown9692@example.com,09/05/2024,80840.00,USD,completed,5,GB
TX-0009693,C-00093,Ethan Wilson,ethan.wilson9693@example.com,10/10/2024,224351.00,USD,pending,6,AU
TX-0009694,C-00094,Zoe Garcia,zoe.garcia9694@example.com,11/03/2024,233761.00,USD,refunded,7,de
TX-0009695,C-00095,Mateo Nguyen,mateo.nguyen9695@example.com,12/08/2024,2937.00,USD,cancelled,8,US
TX-0009696,C-00096,Ava Patel,ava.patel9696@example.com,01/01/2024,48877.00,USD,completed,1,CA
TX-0009697,C-00097,Noah Kim,noah.kim9697@example.com,02/06/2024,231319.00,USD,pending,2,GB
TX-0009698,C-00098,Mia Martin,mia.martin9698@example.com,03/11/2024,98544.00,USD,refunded,3,AU
TX-0009699,C-00099,Liam Smith,liam.smith9699@example.com,04/04/2024,166375.00,USD,cancelled,4,DE
TX-0009700,C-00100,Sofia Brown,,05/09/2024,93906.00,USD,completed,5,US
TX-0009701,C-00101,Ethan Wilson,ethan.wilson.invalid,06/02/2024,44678.00,USD,pending,6,CA
TX-0009702,C-00102,Zoe Garcia,zoe.garcia9702@example.com,07/07/2024,221152.00,USD,refunded,7,GB
TX-0009703,C-00103,Mateo Nguyen,mateo.nguyen9703@example.com,08/12/2024,90507.00,USD,cancelled,8,AU
TX-0009704,C-00104,Ava Patel,ava.patel9704@example.com,09/05/2024,154835.00,USD,completed,1,DE
TX-0009705,C-00105,Noah Kim,noah.kim9705@example.com,10/10/2024,115313.00,USD,pending,2,US
TX-0009706,C-00106,Mia Martin,mia.martin9706@example.com,11/03/2024,-3912.00,USD,refunded,3,CA
TX-0009707,C-00107,Liam Smith,liam.smith9707@example.com,12/08/2024,79175.00,USD,cancelled,4,GB
TX-0009708,C-00108,Sofia Brown,sofia.brown9708@example.com,01/01/2024,76954.00,USD,completed,5,AU
TX-0009709,C-00109,Ethan Wilson,ethan.wilson9709@example.com,02/06/2024,57942.00,USD,pending,6,DE
TX-0009710,C-00110,Zoe Garcia,zoe.garcia9710@example.com,03/11/2024,47888.00,USD,refunded,7,US
TX-0009711,C-00111,Mateo Nguyen,mateo.nguyen9711@example.com,04/04/2024,208107.00,USD,cancelled,8,CA
TX-0009712,C-00112,Ava Patel,ava.patel9712@example.com,05/09/2024,100368.00,USD,completed,1,GB
TX-0009713,C-00113,Noah Kim,noah.kim9713@example.com,06/02/2024,118298.00,USD,pending,2,AU
TX-0009714,C-00114,Mia Martin,mia.martin9714@example.com,07/07/2024,139308.00,USD,refunded,3,DE
TX-0009715,C-00115,Liam Smith,liam.smith9715@example.com,08/12/2024,30978.00,USD,cancelled,4,US
TX-0009716,C-00116,Sofia Brown,sofia.brown9716@example.com,09/05/2024,53314.00,USD,completed,5,CA
TX-0009717,C-00117,Ethan Wilson,ethan.wilson9717@example.com,10/10/2024,73535.00,USD,pending,6,GB
TX-0009718,C-00118,  ZOE GARCIA  ,zoe.garcia9718@example.com,11/03/2024,153828.00,USD,refunded,7,AU
TX-0009719,C-00119,Mateo Nguyen,mateo.nguyen9719@example.com,12/08/2024,181340.00,USD,cancelled,8,DE
TX-0009720,C-00120,Ava Patel,ava.patel9720@example.com,01/01/2024,38065.00,USD,completed,1,US
TX-0009721,C-00121,Noah Kim,noah.kim9721@example.com,02/06/2024,60575.00,USD,pending,2,CA
TX-0009722,C-00122,Mia Martin,mia.martin9722@example.com,03/11/2024,241935.00,USD,refunded,3,GB
TX-0009723,C-00123,Liam Smith,liam.smith9723@example.com,04/04/2024,115141.00,USD,cancelled,4,AU
TX-0009724,C-00124,Sofia Brown,sofia.brown9724@example.com,05/09/2024,112758.00,USD,completed,5,DE
TX-0009725,C-00125,Ethan Wilson,ethan.wilson9725@example.com,06/02/2024,7582.00,USD,pending,6,US
TX-0009726,C-00126,Zoe Garcia,zoe.garcia9726@example.com,07/07/2024,64426.00,USD,refunded,7,CA
TX-0009727,C-00127,Mateo Nguyen,mateo.nguyen9727@example.com,08/12/2024,8238.00,USD,cancelled,8,GB
TX-0009728,C-00128,Ava Patel,ava.patel9728@example.com,09/05/2024,47729.00,USD,completed,1,AU
TX-0009729,C-00129,Noah Kim,noah.kim9729@example.com,10/10/2024,14350.00,USD,pending,2,DE
TX-0009730,C-00130,Mia Martin,mia.martin9730@example.com,11/03/2024,39387.00,USD,refunded,3,US
TX-0009731,C-00131,Liam Smith,liam.smith9731@example.com,12/08/2024,148280.00,USD,cancelled,4,CA
TX-0009732,C-00132,Sofia Brown,sofia.brown9732@example.com,01/01/2024,153548.00,USD,completed,5,GB
TX-0009733,C-00133,Ethan Wilson,ethan.wilson9733@example.com,02/06/2024,47930.00,USD,pending,6,AU
TX-0009734,C-00134,Zoe Garcia,zoe.garcia9734@example.com,03/11/2024,41520.00,USD,COMPLETE,7,DE
TX-0009735,C-00135,Mateo Nguyen,mateo.nguyen9735@example.com,04/04/2024,95820.00,USD,cancelled,8,US
TX-0009736,C-00136,Ava Patel,ava.patel9736@example.com,05/09/2024,75663.00,USD,completed,1,CA
TX-0009737,C-00137,Noah Kim,noah.kim9737@example.com,06/02/2024,219830.00,USD,pending,2,GB
TX-0009738,C-00138,Mia Martin,mia.martin9738@example.com,07/07/2024,234267.00,USD,refunded,3,AU
TX-0009739,C-00139,Liam Smith,liam.smith9739@example.com,08/12/2024,243552.00,USD,cancelled,4,DE
TX-0009740,C-00140,Sofia Brown,sofia.brown9740@example.com,09/05/2024,4979.00,USD,completed,5,US
TX-0009741,C-00141,Ethan Wilson,ethan.wilson9741@example.com,10/10/2024,81455.00,USD,unknown,6,CA
TX-0009742,C-00142,Zoe Garcia,zoe.garcia9742@example.com,11/03/2024,215194.00,USD,refunded,7,GB
TX-0009743,C-00143,Mateo Nguyen,mateo.nguyen9743@example.com,12/08/2024,84906.00,USD,cancelled,8,AU
TX-0009744,C-00144,Ava Patel,ava.patel9744@example.com,01/01/2024,203315.00,USD,completed,1,DE
TX-0009745,C-00145,Noah Kim,noah.kim9745@example.com,02/06/2024,122663.00,USD,pending,2,US
TX-0009746,C-00146,Mia Martin,mia.martin9746@example.com,03/11/2024,128873.00,USD,refunded,3,CA
TX-0009747,C-00147,Liam Smith,liam.smith9747@example.com,04/04/2024,234148.00,USD,cancelled,4,GB
TX-0009748,C-00148,Sofia Brown,sofia.brown9748@example.com,05/09/2024,166045.00,USD,completed,5,AU
TX-0009749,C-00149,Ethan Wilson,ethan.wilson9749@example.com,06/02/2024,183908.00,USD,pending,6,DE
TX-0009750,C-00150,Zoe Garcia,zoe.garcia9750@example.com,07/07/2024,202189.00,USD,refunded,7,US
TX-0009751,C-00151,Mateo Nguyen,mateo.nguyen9751@example.com,08/12/2024,112998.00,USD,cancelled,8,CA
TX-0009752,C-00152,Ava Patel,ava.patel9752@example.com,09/05/2024,110445.00,USD,completed,1,GB
TX-0009753,C-00153,Noah Kim,noah.kim9753@example.com,10/10/2024,212525.00,USD,pending,2,AU
TX-0009754,C-00154,Mia Martin,mia.martin9754@example.com,11/03/2024,17933.00,USD,refunded,3,DE
TX-0009755,C-00155,Liam Smith,liam.smith9755@example.com,12/08/2024,50641.00,USD,cancelled,4,US
TX-0009756,C-00156,Sofia Brown,sofia.brown9756@example.com,01/01/2024,47928.00,USD,completed,5,CA
TX-0009757,C-00157,Ethan Wilson,ethan.wilson9757@example.com,02/06/2024,133163.00,USD,pending,6,GB
TX-0009758,C-00158,Zoe Garcia,zoe.garcia9758@example.com,03/11/2024,99709.00,USD,refunded,7,AU
TX-0009759,C-00159,Mateo Nguyen,mateo.nguyen9759@example.com,04/04/2024,5483.00,USD,cancelled,8,DE
TX-0009760,C-00160,Ava Patel,ava.patel9760@example.com,05/09/2024,142374.00,USD,completed,1,US
TX-0009761,C-00161,Noah Kim,noah.kim9761@example.com,06/02/2024,35063.00,USD,pending,2,CA
TX-0009762,C-00162,Mia Martin,mia.martin9762@example.com,07/07/2024,26625.00,USD,refunded,3,GB
TX-0009763,C-00163,Liam Smith,liam.smith9763@example.com,08/12/2024,68797.00,USD,cancelled,4,AU
TX-0009764,C-00164,Sofia Brown,sofia.brown9764@example.com,09/05/2024,226898.00,USD,completed,5,DE
TX-0009765,C-00165,Ethan Wilson,ethan.wilson9765@example.com,10/10/2024,60906.00,USD,pending,6,US
TX-0009766,C-00166,Zoe Garcia,zoe.garcia9766@example.com,11/03/2024,83523.00,USD,refunded,7,CA
TX-0009767,C-00167,Mateo Nguyen,mateo.nguyen9767@example.com,12/08/2024,102103.00,USD,cancelled,8,GB
TX-0009768,C-00168,Ava Patel,ava.patel9768@example.com,01/01/2024,165682.00,USD,completed,1,AU
TX-0009769,C-00169,Noah Kim,noah.kim9769@example.com,02/06/2024,240494.00,USD,pending,2,DE
TX-0009770,C-00170,Mia Martin,mia.martin9770@example.com,03/11/2024,165782.00,USD,refunded,3,US
TX-0009771,C-00171,Liam Smith,liam.smith9771@example.com,04/04/2024,104140.00,USD,cancelled,4,CA
TX-0009772,C-00172,Sofia Brown,sofia.brown9772@example.com,05/09/2024,144116.00,USD,completed,5,GB
TX-0009773,C-00173,Ethan Wilson,ethan.wilson9773@example.com,06/02/2024,200049.00,USD,pending,6,AU
TX-0009774,C-00174,Zoe Garcia,zoe.garcia9774@example.com,07/07/2024,189459.00, USD ,refunded,7,DE
TX-0009775,C-00175,Mateo Nguyen,mateo.nguyen9775@example.com,08/12/2024,219669.00,USD,cancelled,8,US
TX-0009776,C-00176,Ava Patel,ava.patel9776@example.com,09/05/2024,52054.00,USD,completed,1,CA
TX-0009777,C-00177,Noah Kim,noah.kim9777@example.com,10/10/2024,7764.00,USD,pending,2,GB
TX-0009778,C-00178,Mia Martin,mia.martin9778@example.com,11/03/2024,117871.00,USD,refunded,3,AU
TX-0009779,C-00179,liam smith,liam.smith9779@example.com,12/08/2024,121412.00,USD,cancelled,4,DE
TX-0009780,C-00180,Sofia Brown,sofia.brown9780@example.com,01/01/2024,115839.00,USD,completed,5,US
TX-0009781,C-00181,Ethan Wilson,ethan.wilson9781@example.com,02/06/2024,148158.00,USD,pending,6,CA
TX-0009782,C-00182,Zoe Garcia,zoe.garcia9782@example.com,03/11/2024,138034.00,USD,refunded,7,GB
TX-0009783,C-00183,Mateo Nguyen,mateo.nguyen9783@example.com,04/04/2024,26251.00,USD,cancelled,8,AU
TX-0009784,C-00184,Ava Patel,ava.patel9784@example.com,05/09/2024,157708.00,USD,completed,1,DE
TX-0009785,C-00185,Noah Kim,noah.kim9785@example.com,06/02/2024,73747.00,USD,pending,2,US
TX-0009786,C-00186,Mia Martin,mia.martin9786@example.com,07/07/2024,162369.00,USD,refunded,3,CA
TX-0009787,C-00187,Liam Smith,liam.smith9787@example.com,08/12/2024,63609.00,USD,cancelled,4,GB
TX-0009788,C-00188,Sofia Brown,sofia.brown9788@example.com,09/05/2024,188246.00,USD,completed,5,AU
TX-0009789,C-00189,Ethan Wilson,ethan.wilson9789@example.com,10/10/2024,210658.00,USD,pending,6,DE
TX-0009790,C-00190,Zoe Garcia,zoe.garcia.invalid,11/03/2024,16166.00,USD,refunded,7,US
TX-0009791,C-00191,Mateo Nguyen,mateo.nguyen9791@example.com,12/08/2024,231275.00,USD,cancelled,8,CA
TX-0009792,C-00192,Ava Patel,ava.patel9792@example.com,01/01/2024,236684.00,USD,completed,1,GB
TX-0009793,C-00193,Noah Kim,noah.kim9793@example.com,02/06/2024,202051.00,USD,pending,2,AU
TX-0009794,C-00194,Mia Martin,mia.martin9794@example.com,03/11/2024,122269.00,USD,refunded,3,DE
TX-0009795,C-00195,Liam Smith,liam.smith9795@example.com,04/04/2024,118471.00,USD,cancelled,4,US
TX-0009796,C-00196,Sofia Brown,sofia.brown9796@example.com,05/09/2024,63874.00,USD,completed,5,CA
TX-0009797,C-00197,Ethan Wilson,,06/02/2024,206760.00,USD,pending,6,GB
TX-0009798,C-00198,Zoe Garcia,zoe.garcia9798@example.com,07/07/2024,116889.00,USD,refunded,7,AU
TX-0009799,C-00199,Mateo Nguyen,mateo.nguyen9799@example.com,08/12/2024,152907.00,USD,cancelled,8,DE
TX-0009800,C-00200,Ava Patel,ava.patel9800@example.com,09/05/2024,83726.00,USD,completed,1,US
TX-0009801,C-00201,Noah Kim,noah.kim9801@example.com,10/10/2024,100897.00,USD,pending,2,CA
TX-0009802,C-00202,Mia Martin,mia.martin9802@example.com,11/03/2024,27728.00,USD,refunded,3,GB
TX-0009803,C-00203,Liam Smith,liam.smith9803@example.com,12/08/2024,95348.00,USD,cancelled,4,AU
TX-0009804,C-00204,Sofia Brown,sofia.brown9804@example.com,01/01/2024,21980.00,USD,completed,5,DE
TX-0009805,C-00205,Ethan Wilson,ethan.wilson9805@example.com,02/06/2024,33421.00,USD,pending,6,US
TX-0009806,C-00206,Zoe Garcia,zoe.garcia9806@example.com,03/11/2024,169390.00,USD,refunded,7,CA
TX-0009807,C-00207,Mateo Nguyen,mateo.nguyen9807@example.com,04/04/2024,59741.00,USD,cancelled,8,GB
TX-0009808,C-00208,Ava Patel,ava.patel9808@example.com,05/09/2024,125631.00,USD,completed,1,AU
TX-0009809,C-00209,Noah Kim,noah.kim9809@example.com,06/02/2024,94997.00,USD,pending,2,DE
TX-0009810,C-00210,Mia Martin,mia.martin9810@example.com,07/07/2024,156911.00,USD,refunded,3,US
TX-0009811,C-00211,Liam Smith,liam.smith9811@example.com,08/12/2024,121021.00,USD,cancelled,4,CA
TX-0009812,C-00212,Sofia Brown,sofia.brown9812@example.com,09/05/2024,,USD,completed,5,GB
TX-0009813,C-00213,Ethan Wilson,ethan.wilson9813@example.com,10/10/2024,69741.00,USD,pending,6,AU
TX-0009814,C-00214,Zoe Garcia,zoe.garcia9814@example.com,11/03/2024,234904.00,USD,refunded,7,DE
TX-0009815,C-00215,Mateo Nguyen,mateo.nguyen9815@example.com,12/08/2024,2071.00,USD,cancelled,8,US
TX-0009816,C-00216,Ava Patel,ava.patel9816@example.com,01/01/2024,67413.00,USD,completed,1,CA
TX-0009817,C-00217,Noah Kim,noah.kim9817@example.com,02/06/2024,176103.00,USD,pending,2,GB
TX-0009818,C-00218,Mia Martin,mia.martin9818@example.com,03/11/2024,96827.00,USD,refunded,3,AU
TX-0009819,C-00219,Liam Smith,liam.smith9819@example.com,04/04/2024,21995.00,USD,cancelled,4,DE
TX-0009820,C-00220,Sofia Brown,sofia.brown9820@example.com,05/09/2024,228712.00,USD,completed,5,US
TX-0009821,C-00221,Ethan Wilson,ethan.wilson9821@example.com,06/02/2024,81982.00,USD,pending,6,CA
TX-0009822,C-00222,Zoe Garcia,zoe.garcia9822@example.com,07/07/2024,241654.00,USD,refunded,7,GB
TX-0009823,C-00223,Mateo Nguyen,mateo.nguyen9823@example.com,08/12/2024,115385.00,USD,cancelled,8,AU
TX-0009824,C-00224,Ava Patel,ava.patel9824@example.com,09/05/2024,111880.00,USD,completed,1,DE
TX-0009825,C-00225,Noah Kim,noah.kim9825@example.com,10/10/2024,196556.00,USD,pending,2,us
TX-0009826,C-00226,Mia Martin,mia.martin9826@example.com,11/03/2024,103539.00,USD,refunded,3,CA
TX-0009827,C-00227,Liam Smith,liam.smith9827@example.com,12/08/2024,222366.00,USD,cancelled,4,GB
TX-0009828,C-00228,Sofia Brown,sofia.brown9828@example.com,01/01/2024,17447.00,USD,completed,5,AU
TX-0009829,C-00229,Ethan Wilson,ethan.wilson9829@example.com,02/06/2024,210054.00,USD,pending,6,DE
TX-0009830,C-00230,Zoe Garcia,zoe.garcia9830@example.com,03/11/2024,86829.00,USD,refunded,7,US
TX-0009831,C-00231,  MATEO NGUYEN  ,mateo.nguyen9831@example.com,04/04/2024,88569.00,USD,cancelled,8,CA
TX-0009832,C-00232,Ava Patel,ava.patel9832@example.com,05/09/2024,58007.00,USD,completed,1,GB
TX-0009833,C-00233,Noah Kim,noah.kim9833@example.com,06/02/2024,205247.00,USD,pending,2,AU
TX-0009834,C-00234,Mia Martin,mia.martin9834@example.com,07/07/2024,109439.00,usd,refunded,3,DE
TX-0009835,C-00235,Liam Smith,liam.smith9835@example.com,08/12/2024,118104.00,USD,cancelled,4,US
TX-0009836,C-00236,Sofia Brown,sofia.brown9836@example.com,09/05/2024,127609.00,USD,completed,5,CA
TX-0009837,C-00237,Ethan Wilson,ethan.wilson9837@example.com,10/10/2024,89556.00,USD,pending,6,GB
TX-0009838,C-00238,Zoe Garcia,zoe.garcia9838@example.com,11/03/2024,210360.00,USD,refunded,7,AU
TX-0009839,C-00239,Mateo Nguyen,mateo.nguyen9839@example.com,12/08/2024,93476.00,USD,cancelled,8,DE
TX-0009840,C-00240,Ava Patel,ava.patel9840@example.com,01/01/2024,140036.00,USD,completed,1,US
TX-0009841,C-00241,Noah Kim,noah.kim9841@example.com,02/06/2024,86827.00,USD,pending,2,CA
TX-0009842,C-00242,Mia Martin,mia.martin9842@example.com,03/11/2024,12637.00,USD,refunded,3,GB
TX-0009843,C-00243,Liam Smith,liam.smith9843@example.com,04/04/2024,76701.00,USD,cancelled,4,AU
TX-0009844,C-00244,Sofia Brown,sofia.brown9844@example.com,05/09/2024,73359.00,USD,completed,5,DE
TX-0009845,C-00245,Ethan Wilson,ethan.wilson9845@example.com,06/02/2024,27555.00,USD,pending,6,US
TX-0009846,C-00246,Zoe Garcia,zoe.garcia9846@example.com,07/07/2024,179385.00,USD,refunded,7,CA
TX-0009847,C-00247,Mateo Nguyen,mateo.nguyen9847@example.com,08/12/2024,175434.00,USD,cancelled,8,GB
TX-0009848,C-00248,Ava Patel,ava.patel9848@example.com,09/05/2024,233136.00,USD,completed,1,AU
TX-0009849,C-00249,Noah Kim,noah.kim9849@example.com,10/10/2024,230207.00,USD,pending,2,DE
TX-0009850,C-00250,Mia Martin,mia.martin9850@example.com,11/03/2024,238094.00,USD,refunded,3,US
TX-0009851,C-00251,Liam Smith,liam.smith9851@example.com,12/08/2024,245554.00,USD,cancelled,4,CA
TX-0009852,C-00252,Sofia Brown,sofia.brown9852@example.com,01/01/2024,102900.00,USD,completed,5,GB
TX-0009853,C-00253,Ethan Wilson,ethan.wilson9853@example.com,02/06/2024,15045.00,USD,pending,6,AU
TX-0009854,C-00254,Zoe Garcia,zoe.garcia9854@example.com,03/11/2024,103117.00,USD,refunded,7,DE
TX-0009855,C-00255,Mateo Nguyen,mateo.nguyen9855@example.com,04/04/2024,85644.00,USD,cancelled,8,US
TX-0009856,C-00256,Ava Patel,ava.patel9856@example.com,05/09/2024,152894.00,USD,completed,1,CA
TX-0009857,C-00257,Noah Kim,noah.kim9857@example.com,06/02/2024,135844.00,USD,pending,2,GB
TX-0009858,C-00258,Mia Martin,mia.martin9858@example.com,07/07/2024,92307.00,USD,refunded,3,AU
TX-0009859,C-00259,Liam Smith,liam.smith9859@example.com,08/12/2024,231230.00,USD,cancelled,4,DE
TX-0009860,C-00260,Sofia Brown,sofia.brown9860@example.com,09/05/2024,158831.00,USD,completed,5,US
TX-0009861,C-00261,Ethan Wilson,ethan.wilson9861@example.com,10/10/2024,72044.00,USD,pending,6,USA
TX-0009862,C-00262,Zoe Garcia,zoe.garcia9862@example.com,11/03/2024,31064.00,USD,refunded,7,GB
TX-0009863,C-00263,Mateo Nguyen,mateo.nguyen9863@example.com,12/08/2024,238732.00,USD,cancelled,8,AU
TX-0009864,C-00264,Ava Patel,ava.patel9864@example.com,01/01/2024,68443.00,USD,completed,1,DE
TX-0009865,C-00265,Noah Kim,noah.kim9865@example.com,02/06/2024,96512.00,USD,pending,2,US
TX-0009866,C-00266,Mia Martin,mia.martin9866@example.com,03/11/2024,41281.00,USD,refunded,3,CA
TX-0009867,C-00267,Liam Smith,liam.smith9867@example.com,04/04/2024,127849.00,USD,cancelled,4,GB
TX-0009868,C-00268,Sofia Brown,sofia.brown9868@example.com,05/09/2024,134685.00,USD,completed,5,AU
TX-0009869,C-00269,Ethan Wilson,ethan.wilson9869@example.com,06/02/2024,73820.00,USD,pending,6,DE
TX-0009870,C-00270,Zoe Garcia,zoe.garcia9870@example.com,07/07/2024,91073.00,USD,refunded,7,US
TX-0009871,C-00271,Mateo Nguyen,mateo.nguyen9871@example.com,08/12/2024,146189.00,USD,cancelled,8,CA
TX-0009872,C-00272,Ava Patel,ava.patel9872@example.com,09/05/2024,18344.00,USD,completed,1,GB
TX-0009873,C-00273,Noah Kim,noah.kim9873@example.com,10/10/2024,113275.00,USD,pending,2,AU
TX-0009874,C-00274,Mia Martin,mia.martin9874@example.com,11/03/2024,175977.00,USD,refunded,3,DE
TX-0009875,C-00275,Liam Smith,liam.smith9875@example.com,12/08/2024,79713.00,USD,cancelled,4,US
TX-0009876,C-00276,Sofia Brown,sofia.brown9876@example.com,01/01/2024,157654.00,USD,completed,5,CA
TX-0009877,C-00277,Ethan Wilson,ethan.wilson9877@example.com,02/06/2024,109429.00,USD,pending,6,GB
TX-0009878,C-00278,Zoe Garcia,zoe.garcia9878@example.com,03/11/2024,104534.00,USD,refunded,7,AU
TX-0009879,C-00279,Mateo Nguyen,mateo.nguyen.invalid,04/04/2024,223118.00,USD,cancelled,8,DE
TX-0009880,C-00280,Ava Patel,ava.patel9880@example.com,05/09/2024,223926.00,USD,completed,1,US
TX-0009881,C-00281,Noah Kim,noah.kim9881@example.com,06/02/2024,191188.00,USD,pending,2,CA
TX-0009882,C-00282,Mia Martin,mia.martin9882@example.com,07/07/2024,86020.00,USD,refunded,3,GB
TX-0009883,C-00283,Liam Smith,liam.smith9883@example.com,08/12/2024,120803.00,USD,cancelled,4,AU
TX-0009884,C-00284,Sofia Brown,sofia.brown9884@example.com,09/05/2024,206445.00,USD,completed,5,DE
TX-0009885,C-00285,Ethan Wilson,ethan.wilson9885@example.com,10/10/2024,46353.00,USD,pending,6,US
TX-0009886,C-00286,Zoe Garcia,zoe.garcia9886@example.com,11/03/2024,125745.00,USD,refunded,7,CA
TX-0009887,C-00287,Mateo Nguyen,mateo.nguyen9887@example.com,12/08/2024,66453.00,USD,cancelled,8,GB
TX-0009888,C-00288,Ava Patel,ava.patel9888@example.com,01/01/2024,117429.00,USD,completed,1,AU
TX-0009889,C-00289,Noah Kim,noah.kim9889@example.com,02/06/2024,163755.00,USD,pending,2,DE
TX-0009890,C-00290,Mia Martin,mia.martin9890@example.com,03/11/2024,42804.00,USD,refunded,3,US
TX-0009891,C-00291,Liam Smith,liam.smith9891@example.com,04/04/2024,182914.00,USD,COMPLETE,4,CA
TX-0009892,C-00292,Sofia Brown,sofia.brown9892@example.com,05/09/2024,136171.00,USD,completed,5,GB
TX-0009893,C-00293,Ethan Wilson,ethan.wilson9893@example.com,06/02/2024,227673.00,USD,pending,6,AU
TX-0009894,C-00294,Zoe Garcia,,07/07/2024,83795.00,USD,refunded,7,DE
TX-0009895,C-00295,Mateo Nguyen,mateo.nguyen9895@example.com,08/12/2024,220198.00,USD,cancelled,8,US
TX-0009896,C-00296,Ava Patel,ava.patel9896@example.com,09/05/2024,14367.00,USD,completed,1,CA
TX-0009897,C-00297,Noah Kim,noah.kim9897@example.com,10/10/2024,244556.00,USD,pending,2,GB
TX-0009898,C-00298,Mia Martin,mia.martin9898@example.com,11/03/2024,132294.00,USD,refunded,3,AU
TX-0009899,C-00299,Liam Smith,liam.smith9899@example.com,12/08/2024,171973.00,USD,cancelled,4,DE
TX-0009900,C-00300,Sofia Brown,sofia.brown9900@example.com,01/01/2024,107090.00,USD,completed,5,US
TX-0009901,C-00301,Ethan Wilson,ethan.wilson9901@example.com,02/06/2024,178227.00,USD,pending,6,CA
TX-0009902,C-00302,Zoe Garcia,zoe.garcia9902@example.com,03/11/2024,209591.00,USD,refunded,7,GB
TX-0009903,C-00303,Mateo Nguyen,mateo.nguyen9903@example.com,04/04/2024,97679.00,USD,cancelled,8,AU
TX-0009904,C-00304,Ava Patel,ava.patel9904@example.com,05/09/2024,187760.00,USD,completed,1,DE
TX-0009905,C-00305,Noah Kim,noah.kim9905@example.com,06/02/2024,247706.00,USD,pending,2,US
TX-0009906,C-00306,mia martin,mia.martin9906@example.com,07/07/2024,145241.00,USD,refunded,3,CA
TX-0009907,C-00307,Liam Smith,liam.smith9907@example.com,08/12/2024,196600.00,USD,cancelled,4,GB
TX-0009908,C-00308,Sofia Brown,sofia.brown9908@example.com,09/05/2024,135319.00,USD,completed,5,AU
TX-0009909,C-00309,Ethan Wilson,ethan.wilson9909@example.com,10/10/2024,215008.00,USD,pending,6,DE
TX-0009910,C-00310,Zoe Garcia,zoe.garcia9910@example.com,11/03/2024,237886.00,USD,refunded,7,US
TX-0009911,C-00311,Mateo Nguyen,mateo.nguyen9911@example.com,12/08/2024,70154.00,USD,cancelled,8,CA
TX-0009912,C-00312,Ava Patel,ava.patel9912@example.com,01/01/2024,243634.00,USD,completed,1,GB
TX-0009913,C-00313,Noah Kim,noah.kim9913@example.com,02/06/2024,66113.00,USD,pending,2,AU
TX-0009914,C-00314,Mia Martin,mia.martin9914@example.com,03/11/2024,177573.00,USD,refunded,3,DE
TX-0009915,C-00315,Liam Smith,liam.smith9915@example.com,04/04/2024,39235.00,USD,cancelled,4,US
TX-0009916,C-00316,Sofia Brown,sofia.brown9916@example.com,05/09/2024,86880.00,USD,completed,5,CA
TX-0009917,C-00317,Ethan Wilson,ethan.wilson9917@example.com,06/02/2024,-3383.00,USD,pending,6,GB
TX-0009918,C-00318,Zoe Garcia,zoe.garcia9918@example.com,07/07/2024,221781.00,USD,refunded,7,AU
TX-0009919,C-00319,Mateo Nguyen,mateo.nguyen9919@example.com,08/12/2024,33954.00,USD,cancelled,8,DE
TX-0009920,C-00320,Ava Patel,ava.patel9920@example.com,09/05/2024,185815.00,USD,completed,1,US
TX-0009921,C-00321,Noah Kim,noah.kim9921@example.com,10/10/2024,185807.00,USD,pending,2,CA
TX-0009922,C-00322,Mia Martin,mia.martin9922@example.com,11/03/2024,145539.00,USD,refunded,3,GB
TX-0009923,C-00323,Liam Smith,liam.smith9923@example.com,12/08/2024,170282.00,USD,cancelled,4,AU
TX-0009924,C-00324,Sofia Brown,sofia.brown9924@example.com,01/01/2024,20577.00,USD,completed,5,DE
TX-0009925,C-00325,Ethan Wilson,ethan.wilson9925@example.com,02/06/2024,32359.00,USD,pending,6,US
TX-0009926,C-00326,Zoe Garcia,zoe.garcia9926@example.com,03/11/2024,178168.00,USD,refunded,7,CA
TX-0009927,C-00327,Mateo Nguyen,mateo.nguyen9927@example.com,04/04/2024,96112.00,USD,cancelled,8,GB
TX-0009928,C-00328,Ava Patel,ava.patel9928@example.com,05/09/2024,151777.00,USD,completed,1,AU
TX-0009929,C-00329,Noah Kim,noah.kim9929@example.com,06/02/2024,107160.00,USD,pending,2,DE
TX-0009930,C-00330,Mia Martin,mia.martin9930@example.com,07/07/2024,122137.00,USD,refunded,3,US
TX-0009931,C-00331,Liam Smith,liam.smith9931@example.com,08/12/2024,18562.00,USD,cancelled,4,CA
TX-0009932,C-00332,Sofia Brown,sofia.brown9932@example.com,09/05/2024,50054.00,USD,unknown,5,GB
TX-0009933,C-00333,Ethan Wilson,ethan.wilson9933@example.com,10/10/2024,133858.00,USD,pending,6,AU
TX-0009934,C-00334,Zoe Garcia,zoe.garcia9934@example.com,11/03/2024,96737.00,USD,refunded,7,DE
TX-0009935,C-00335,Mateo Nguyen,mateo.nguyen9935@example.com,12/08/2024,212963.00,USD,cancelled,8,US
TX-0009936,C-00336,Ava Patel,ava.patel9936@example.com,01/01/2024,54264.00,USD,completed,1,CA
TX-0009937,C-00337,Noah Kim,noah.kim9937@example.com,02/06/2024,227905.00,USD,pending,2,GB
TX-0009938,C-00338,Mia Martin,mia.martin9938@example.com,03/11/2024,62253.00,USD,refunded,3,AU
TX-0009939,C-00339,Liam Smith,liam.smith9939@example.com,04/04/2024,101409.00,USD,cancelled,4,DE
TX-0009940,C-00340,Sofia Brown,sofia.brown9940@example.com,05/09/2024,82700.00,USD,completed,5,US
TX-0009941,C-00341,Ethan Wilson,ethan.wilson9941@example.com,06/02/2024,91815.00,USD,pending,6,CA
TX-0009942,C-00342,Zoe Garcia,zoe.garcia9942@example.com,07/07/2024,247106.00,USD,refunded,7,GB
TX-0009943,C-00343,Mateo Nguyen,mateo.nguyen9943@example.com,08/12/2024,87161.00,USD,cancelled,8,AU
TX-0009944,C-00344,  AVA PATEL  ,ava.patel9944@example.com,09/05/2024,184135.00,USD,completed,1,DE
TX-0009945,C-00345,Noah Kim,noah.kim9945@example.com,10/10/2024,453.00,USD,pending,2,US
TX-0009946,C-00346,Mia Martin,mia.martin9946@example.com,11/03/2024,47726.00,USD,refunded,3,CA
TX-0009947,C-00347,Liam Smith,liam.smith9947@example.com,12/08/2024,52743.00,USD,cancelled,4,GB
TX-0009948,C-00348,Sofia Brown,sofia.brown9948@example.com,01/01/2024,134947.00,USD,completed,5,AU
TX-0009949,C-00349,Ethan Wilson,ethan.wilson9949@example.com,02/06/2024,18948.00,USD,pending,6,DE
TX-0009950,C-00350,Zoe Garcia,zoe.garcia9950@example.com,03/11/2024,64266.00,USD,refunded,7,US
TX-0009951,C-00351,Mateo Nguyen,mateo.nguyen9951@example.com,04/04/2024,152513.00,USD,cancelled,8,CA
TX-0009952,C-00352,Ava Patel,ava.patel9952@example.com,05/09/2024,155371.00,USD,completed,1,GB
TX-0009953,C-00353,Noah Kim,noah.kim9953@example.com,06/02/2024,128302.00,USD,pending,2,AU
TX-0009954,C-00354,Mia Martin,mia.martin9954@example.com,07/07/2024,239732.00,USD,refunded,3,DE
TX-0009955,C-00355,Liam Smith,liam.smith9955@example.com,08/12/2024,83415.00, USD ,cancelled,4,US
TX-0009956,C-00356,Sofia Brown,sofia.brown9956@example.com,09/05/2024,60323.00,USD,completed,5,ca
TX-0009957,C-00357,Ethan Wilson,ethan.wilson9957@example.com,10/10/2024,229381.00,USD,pending,6,GB
TX-0009958,C-00358,Zoe Garcia,zoe.garcia9958@example.com,11/03/2024,213771.00,USD,refunded,7,AU
TX-0009959,C-00359,Mateo Nguyen,mateo.nguyen9959@example.com,12/08/2024,37418.00,USD,cancelled,8,DE
TX-0009960,C-00360,Ava Patel,ava.patel9960@example.com,01/01/2024,8542.00,USD,completed,1,US
TX-0009961,C-00361,Noah Kim,noah.kim9961@example.com,02/06/2024,186283.00,USD,pending,2,CA
TX-0009962,C-00362,Mia Martin,mia.martin9962@example.com,03/11/2024,2166.00,USD,refunded,3,GB
TX-0009963,C-00363,Liam Smith,liam.smith9963@example.com,04/04/2024,248876.00,USD,cancelled,4,AU
TX-0009964,C-00364,Sofia Brown,sofia.brown9964@example.com,05/09/2024,149670.00,USD,completed,5,DE
TX-0009965,C-00365,Ethan Wilson,ethan.wilson9965@example.com,06/02/2024,2405.00,USD,pending,6,US
TX-0009966,C-00366,Zoe Garcia,zoe.garcia9966@example.com,07/07/2024,91247.00,USD,refunded,7,CA
TX-0009967,C-00367,Mateo Nguyen,mateo.nguyen9967@example.com,08/12/2024,113891.00,USD,cancelled,8,GB
TX-0009968,C-00368,Ava Patel,ava.patel.invalid,09/05/2024,140395.00,USD,completed,1,AU
TX-0009969,C-00369,Noah Kim,noah.kim9969@example.com,10/10/2024,223342.00,USD,pending,2,DE
TX-0009970,C-00370,Mia Martin,mia.martin9970@example.com,11/03/2024,211219.00,USD,refunded,3,US
TX-0009971,C-00371,Liam Smith,liam.smith9971@example.com,12/08/2024,162742.00,USD,cancelled,4,CA
TX-0009972,C-00372,Sofia Brown,sofia.brown9972@example.com,01/01/2024,169662.00,USD,completed,5,GB
TX-0009973,C-00373,Ethan Wilson,ethan.wilson9973@example.com,02/06/2024,73116.00,USD,pending,6,AU
TX-0009974,C-00374,Zoe Garcia,zoe.garcia9974@example.com,03/11/2024,244635.00,USD,refunded,7,DE
TX-0009975,C-00375,Mateo Nguyen,mateo.nguyen9975@example.com,04/04/2024,96252.00,USD,cancelled,8,US
TX-0009976,C-00376,Ava Patel,ava.patel9976@example.com,05/09/2024,27222.00,USD,completed,1,CA
TX-0009977,C-00377,Noah Kim,noah.kim9977@example.com,06/02/2024,221537.00,USD,pending,2,GB
TX-0009978,C-00378,Mia Martin,mia.martin9978@example.com,07/07/2024,40010.00,USD,refunded,3,AU
TX-0009979,C-00379,Liam Smith,liam.smith9979@example.com,08/12/2024,223278.00,USD,cancelled,4,DE
TX-0009980,C-00380,Sofia Brown,sofia.brown9980@example.com,09/05/2024,226184.00,USD,completed,5,US
TX-0009981,C-00381,Ethan Wilson,ethan.wilson9981@example.com,10/10/2024,93879.00,USD,pending,6,CA
TX-0009982,C-00382,Zoe Garcia,zoe.garcia9982@example.com,11/03/2024,72824.00,USD,refunded,7,GB
TX-0009983,C-00383,Mateo Nguyen,mateo.nguyen9983@example.com,12/08/2024,84153.00,usd,cancelled,8,AU
TX-0009984,C-00384,Ava Patel,ava.patel9984@example.com,01/01/2024,59444.00,USD,completed,1,DE
TX-0009985,C-00385,Noah Kim,noah.kim9985@example.com,02/06/2024,145613.00,USD,pending,2,US
TX-0009986,C-00386,Mia Martin,mia.martin9986@example.com,03/11/2024,28483.00,USD,refunded,3,CA
TX-0009987,C-00387,Liam Smith,liam.smith9987@example.com,04/04/2024,196339.00,USD,cancelled,4,GB
TX-0009988,C-00388,Sofia Brown,sofia.brown9988@example.com,05/09/2024,242021.00,USD,completed,5,AU
TX-0009989,C-00389,Ethan Wilson,ethan.wilson9989@example.com,06/02/2024,228045.00,USD,pending,6,DE
TX-0009990,C-00390,Zoe Garcia,zoe.garcia9990@example.com,07/07/2024,140144.00,USD,refunded,7,US
TX-0009991,C-00391,Mateo Nguyen,,08/12/2024,220561.00,USD,cancelled,8,CA
TX-0009992,C-00392,Ava Patel,ava.patel9992@example.com,09/05/2024,7516.00,USD,completed,1,GB
TX-0009993,C-00393,Noah Kim,noah.kim9993@example.com,10/10/2024,218038.00,USD,pending,2,AU
TX-0009994,C-00394,Mia Martin,mia.martin9994@example.com,11/03/2024,119727.00,USD,refunded,3,DE
TX-0009995,C-00395,Liam Smith,liam.smith9995@example.com,12/08/2024,4693.00,USD,cancelled,4,US
TX-0009996,C-00396,Sofia Brown,sofia.brown9996@example.com,01/01/2024,89235.00,USD,completed,5,CA
TX-0009997,C-00397,Ethan Wilson,ethan.wilson9997@example.com,02/06/2024,132631.00,USD,pending,6,GB
TX-0009998,C-00398,Zoe Garcia,zoe.garcia9998@example.com,03/11/2024,73258.00,USD,refunded,7,AU
TX-0009999,C-00399,Mateo Nguyen,mateo.nguyen9999@example.com,04/04/2024,136179.00,USD,cancelled,8,DE
TX-0010000,C-00400,Ava Patel,ava.patel10000@example.com,05/09/2024,37547.00,USD,completed,1,US
TX-0008342,C-01142,Zoe Garcia,,03/11/2024,189344.00,USD,refunded,7,GB
TX-0003265,C-00865,Noah Kim,noah.kim3265@example.com,02/06/2024,177548.00,USD,pending,2,US
TX-0002962,C-00562,Mia Martin,mia.martin2962@example.com,11/03/2024,76805.00,USD,refunded,3,GB
TX-0004389,C-01989,Ethan Wilson,ethan.wilson4389@example.com,10/10/2024,88717.00,USD,pending,6,DE
TX-0000935,C-00935,Mateo Nguyen,mateo.nguyen935@example.com,12/08/2024,82359.00,USD,cancelled,8,US
TX-0001522,C-01522,Mia Martin,mia.martin1522@example.com,11/03/2024,92320.00,USD,refunded,3,GB
TX-0008680,C-01480,Ava Patel,ava.patel8680@example.com,05/09/2024,28196.00,USD,completed,1,US
TX-0004546,C-02146,Mia Martin,mia.martin4546@example.com,11/03/2024,25508.00,USD,refunded,3,CA
TX-0003160,C-00760,Ava Patel,ava.patel3160@example.com,05/09/2024,171208.00,USD,completed,1,US
TX-0007863,C-00663,Mateo Nguyen,mateo.nguyen7863@example.com,04/04/2024,45230.00,USD,cancelled,8,AU
TX-0002359,C-02359,Mateo Nguyen,mateo.nguyen2359@example.com,08/12/2024,221431.00,USD,cancelled,8,DE
TX-0000655,C-00655,Mateo Nguyen,mateo.nguyen655@example.com,08/12/2024,157171.00,USD,cancelled,8,us
TX-0007709,C-00509,Ethan Wilson,ethan.wilson7709@example.com,06/02/2024,105696.00,USD,pending,6,DE
TX-0006443,C-01643,Liam Smith,liam.smith6443@example.com,12/08/2024,33957.00,USD,cancelled,4,AU
TX-0006825,C-02025,Noah Kim,noah.kim6825@example.com,10/10/2024,225868.00,USD,pending,2,US
TX-0001456,C-01456,Ava Patel,ava.patel1456@example.com,05/09/2024,207517.00,USD,completed,1,CA
TX-0008741,C-01541,Ethan Wilson,ethan.wilson8741@example.com,06/02/2024,133131.00,USD,pending,6,CA
TX-0003840,C-01440,Ava Patel,ava.patel3840@example.com,01/01/2024,142647.00,USD,completed,1,US
TX-0001763,C-01763,Liam Smith,liam.smith1763@example.com,12/08/2024,112918.00,USD,cancelled,4,AU
TX-0001694,C-01694,Zoe Garcia,zoe.garcia1694@example.com,03/11/2024,119014.00,USD,refunded,7,DE
TX-0001363,C-01363,Liam Smith,liam.smith1363@example.com,08/12/2024,237232.00,USD,cancelled,4,AU
TX-0004032,C-01632,Ava Patel,ava.patel4032@example.com,01/01/2024,146389.00,USD,completed,1,GB
TX-0009882,C-00282,Mia Martin,mia.martin9882@example.com,07/07/2024,86020.00,USD,refunded,3,GB
TX-0002816,C-00416,Ava Patel,ava.patel2816@example.com,09/05/2024,170946.00,USD,completed,1,CA
TX-0000478,C-00478,Zoe Garcia,zoe.garcia478@example.com,11/03/2024,2335.00,USD,refunded,7,AU
TX-0008952,C-01752,Ava Patel,ava.patel8952@example.com,01/01/2024,109925.00,USD,completed,1,GB
TX-0001892,C-01892,Sofia Brown,sofia.brown1892@example.com,09/05/2024,222455.00,USD,completed,5,GB
TX-0005235,C-00435,Liam Smith,liam.smith5235@example.com,04/04/2024,172323.00,USD,cancelled,4,US
TX-0002958,C-00558,Zoe Garcia,zoe.garcia2958@example.com,07/07/2024,126682.00,USD,refunded,7,AU
TX-0007273,C-00073,Noah Kim,noah.kim7273@example.com,02/06/2024,45917.00,USD,pending,2,AU
TX-0005046,C-00246,Zoe Garcia,zoe.garcia5046@example.com,07/07/2024,168266.00,USD,refunded,7,CA
TX-0008229,C-01029,Ethan Wilson,ethan.wilson8229@example.com,10/10/2024,-3043.00,USD,pending,6,DE
TX-0009119,C-01919,Mateo Nguyen,mateo.nguyen9119@example.com,12/08/2024,78282.00,USD,cancelled,8,DE
TX-0009676,C-00076,Sofia Brown,sofia.brown9676@example.com,05/09/2024,11469.00,USD,completed,5,CA
TX-0003167,C-00767,Mateo Nguyen,mateo.nguyen3167@example.com,12/08/2024,143833.00,USD,cancelled,8,GB
TX-0005583,C-00783,Mateo Nguyen,mateo.nguyen5583@example.com,04/04/2024,27791.00,USD,cancelled,8,AU
TX-0009133,C-01933,Ethan Wilson,ethan.wilson9133@example.com,02/06/2024,155284.00,USD,pending,6,AU
TX-0006307,C-01507,Liam Smith,liam.smith6307@example.com,08/12/2024,168717.00,USD,cancelled,4,GB
TX-0009300,C-02100,Sofia Brown,sofia.brown9300@example.com,01/01/2024,188541.00,USD,completed,5,US
TX-0001655,C-01655,Mateo Nguyen,mateo.nguyen1655@example.com,12/08/2024,56722.00,USD,cancelled,8,US
TX-0004279,C-01879,Mateo Nguyen,mateo.nguyen4279@example.com,08/12/2024,18895.00,USD,cancelled,8,DE
TX-0003583,C-01183,Mateo Nguyen,mateo.nguyen3583@example.com,08/12/2024,67423.00,USD,cancelled,8,AU
TX-0008154,C-00954,Mia Martin,mia.martin8154@example.com,07/07/2024,206643.00,USD,refunded,3,DE
TX-0003358,C-00958,Zoe Garcia,zoe.garcia3358@example.com,11/03/2024,203756.00,USD,refunded,7,AU
TX-0008751,C-01551,Mateo Nguyen,mateo.nguyen8751@example.com,04/04/2024,235552.00,USD,cancelled,8,CA
TX-0005967,C-01167,Mateo Nguyen,mateo.nguyen5967@example.com,04/04/2024,39810.00,USD,cancelled,8,GB
TX-0002903,C-00503,Mateo Nguyen,mateo.nguyen2903@example.com,12/08/2024,98180.00,USD,cancelled,8,AU
TX-0007865,C-00665,Noah Kim,noah.kim7865@example.com,06/02/2024,37612.00,USD,pending,2,US
TX-0001869,C-01869,Ethan Wilson,ethan.wilson.invalid,10/10/2024,23096.00,USD,pending,6,DE
TX-0000254,C-00254,zoe garcia,zoe.garcia254@example.com,03/11/2024,216486.00,USD,refunded,7,DE
TX-0000761,C-00761,Noah Kim,noah.kim761@example.com,06/02/2024,189206.00,USD,pending,2,CA
TX-0008438,C-01238,Zoe Garcia,zoe.garcia8438@example.com,03/11/2024,34434.00,USD,refunded,7,AU
TX-0001230,C-01230,Zoe Garcia,zoe.garcia1230@example.com,07/07/2024,214452.00,USD,refunded,7,US
TX-0005614,C-00814,Zoe Garcia,zoe.garcia5614@example.com,11/03/2024,222977.00,USD,refunded,7,DE
TX-0003318,C-00918,Zoe Garcia,zoe.garcia3318@example.com,07/07/2024,35539.00,USD,refunded,7,AU
TX-0003020,C-00620,Sofia Brown,sofia.brown3020@example.com,09/05/2024,67948.00,USD,completed,5,US
TX-0005860,C-01060,Sofia Brown,sofia.brown5860@example.com,05/09/2024,19277.00,USD,completed,5,US
TX-0003973,C-01573,Ethan Wilson,ethan.wilson3973@example.com,02/06/2024,27119.00,USD,pending,6,AU
TX-0001939,C-01939,Liam Smith,liam.smith1939@example.com,08/12/2024,144988.00,USD,cancelled,4,DE
TX-0001804,C-01804,Sofia Brown,sofia.brown1804@example.com,05/09/2024,199426.00,USD,completed,5,DE
TX-0008066,C-00866,Mia Martin,mia.martin8066@example.com,03/11/2024,143450.00,USD,refunded,3,CA
TX-0001790,C-01790,Zoe Garcia,zoe.garcia1790@example.com,03/11/2024,201412.00,USD,refunded,7,US
TX-0008963,C-01763,Liam Smith,liam.smith8963@example.com,12/08/2024,22721.00,USD,cancelled,4,AU
TX-0005778,C-00978,Mia Martin,mia.martin5778@example.com,07/07/2024,3429.00,USD,refunded,3,AU
TX-0000019,C-00019,Liam Smith,liam.smith19@example.com,08/12/2024,192868.00,USD,cancelled,4,DE
TX-0001449,C-01449,Noah Kim,noah.kim1449@example.com,10/10/2024,956.00,USD,pending,2,DE
TX-0008037,C-00837,Ethan Wilson,ethan.wilson8037@example.com,10/10/2024,194481.00,USD,pending,6,GB
TX-0009298,C-02098,Mia Martin,mia.martin9298@example.com,11/03/2024,152133.00,USD,refunded,3,AU
TX-0005162,C-00362,Mia Martin,mia.martin.invalid,03/11/2024,104987.00,USD,refunded,3,GB
TX-0006577,C-01777,Noah Kim,noah.kim6577@example.com,02/06/2024,141405.00,USD,pending,2,GB
TX-0000386,C-00386,Mia Martin,mia.martin386@example.com,03/11/2024,92608.00,USD,refunded,3,CA
TX-0009503,C-02303,Mateo Nguyen,mateo.nguyen9503@example.com,12/08/2024,187422.00,USD,cancelled,8,AU
TX-0002717,C-00317,Ethan Wilson,ethan.wilson2717@example.com,06/02/2024,135808.00,USD,pending,6,GB
TX-0005315,C-00515,Liam Smith,liam.smith5315@example.com,12/08/2024,170511.00,USD,cancelled,4,US
TX-0000575,C-00575,Mateo Nguyen,mateo.nguyen575@example.com,12/08/2024,73311.00,USD,cancelled,8,US
TX-0000804,C-00804,Sofia Brown,sofia.brown804@example.com,01/01/2024,247138.00,USD,completed,5,DE
TX-0007560,C-00360,Ava Patel,ava.patel7560@example.com,01/01/2024,172661.00,USD,completed,1,US
TX-0008631,C-01431,Mateo Nguyen,mateo.nguyen8631@example.com,04/04/2024,82020.00,USD,cancelled,8,CA
TX-0004330,C-01930,Mia Martin,mia.martin4330@example.com,11/03/2024,23732.00,USD,refunded,3,US
TX-0000227,C-00227,Liam Smith,liam.smith227@example.com,12/08/2024,76280.00,USD,cancelled,4,GB
TX-0008603,C-01403,Liam Smith,liam.smith8603@example.com,12/08/2024,248500.00,USD,cancelled,4,AU
TX-0006610,C-01810,Mia Martin,mia.martin6610@example.com,11/03/2024,234966.00,USD,refunded,3,US
TX-0009521,C-02321,Noah Kim,noah.kim9521@example.com,06/02/2024,162288.00,USD,pending,2,CA
TX-0008978,C-01778,Mia Martin,mia.martin8978@example.com,03/11/2024,161252.00,USD,refunded,3,AU
TX-0005073,C-00273,Noah Kim,noah.kim.invalid,10/10/2024,53946.00,USD,pending,2,AU
TX-0008142,C-00942,Zoe Garcia,zoe.garcia8142@example.com,07/07/2024,233724.00,USD,refunded,7,GB
TX-0005083,C-00283,Liam Smith,liam.smith5083@example.com,08/12/2024,206064.00,USD,cancelled,4,AU
TX-0007526,C-00326,Zoe Garcia,zoe.garcia7526@example.com,03/11/2024,233885.00,USD,refunded,7,CA
TX-0009817,C-00217,Noah Kim,noah.kim9817@example.com,02/06/2024,176103.00,USD,pending,2,GB
TX-0002521,C-00121,Noah Kim,noah.kim2521@example.com,02/06/2024,70234.00,USD,pending,2,CA
TX-0005499,C-00699,Liam Smith,liam.smith5499@example.com,04/04/2024,193171.00,USD,cancelled,4,DE
TX-0009850,C-00250,Mia Martin,mia.martin9850@example.com,11/03/2024,238094.00,USD,refunded,3,US
TX-0003631,C-01231,Mateo Nguyen,mateo.nguyen3631@example.com,08/12/2024,58686.00,USD,cancelled,8,CA
TX-0000165,C-00165,Ethan Wilson,ethan.wilson165@example.com,10/10/2024,149919.00,USD,pending,6,US
TX-0002390,C-02390,Zoe Garcia,zoe.garcia2390@example.com,03/11/2024,46229.00,USD,refunded,7,US
TX-0001595,C-01595,Liam Smith,liam.smith1595@example.com,12/08/2024,79220.00,USD,cancelled,4,US
TX-0000351,C-00351,Mateo Nguyen,mateo.nguyen351@example.com,04/04/2024,242066.00,USD,cancelled,8,CA
TX-0003852,C-01452,Sofia Brown,sofia.brown3852@example.com,01/01/2024,13472.00,USD,completed,5,GB
TX-0006488,C-01688,Ava Patel,ava.patel6488@example.com,09/05/2024,111198.00,USD,completed,1,AU
TX-0000506,C-00506,Mia Martin,mia.martin506@example.com,03/11/2024,205042.00,USD,refunded,3,CA
TX-0007632,C-00432,Ava Patel,ava.patel7632@example.com,01/01/2024,90525.00,USD,completed,1,GB
TX-0006367,C-01567,Mateo Nguyen,mateo.nguyen6367@example.com,08/12/2024,77230.00,USD,cancelled,8,GB
TX-0005220,C-00420,Sofia Brown,sofia.brown5220@example.com,01/01/2024,60688.00,USD,completed,5,US
TX-0008545,C-01345,Noah Kim,noah.kim8545@example.com,02/06/2024,18563.00,USD,pending,2,US
TX-0003391,C-00991,Mateo Nguyen,mateo.nguyen3391@example.com,08/12/2024,29763.00,USD,cancelled,8,CA
TX-0003719,C-01319,Mateo Nguyen,mateo.nguyen3719@example.com,12/08/2024,5047.00,USD,cancelled,8,DE
TX-0002218,C-02218,Mia Martin,mia.martin2218@example.com,11/03/2024,71578.00,USD,refunded,3,AU
TX-0009712,C-00112,Ava Patel,ava.patel9712@example.com,05/09/2024,100368.00,USD,completed,1,GB
TX-0009244,C-02044,Sofia Brown,sofia.brown9244@example.com,05/09/2024,247559.00,USD,completed,5,DE
TX-0000771,C-00771,Liam Smith,liam.smith771@example.com,04/04/2024,114574.00,USD,cancelled,4,CA
TX-0006087,C-01287,Mateo Nguyen,mateo.nguyen6087@example.com,04/04/2024,56865.00,USD,cancelled,8,GB
TX-0009500,C-02300,Sofia Brown,sofia.brown9500@example.com,09/05/2024,52690.00,USD,completed,5,US
TX-0002598,C-00198,Zoe Garcia,zoe.garcia2598@example.com,07/07/2024,94321.00,USD,refunded,7,AU
TX-0008497,C-01297,Noah Kim,noah.kim8497@example.com,02/06/2024,27412.00,USD,pending,2,GB
TX-0000137,C-00137,Noah Kim,noah.kim137@example.com,06/02/2024,84967.00,USD,pending,2,GB
TX-0007814,C-00614,Zoe Garcia,zoe.garcia7814@example.com,03/11/2024,32729.00,USD,refunded,7,DE
TX-0004997,C-00197,Ethan Wilson,ethan.wilson4997@example.com,06/02/2024,60354.00,USD,pending,6,GB
TX-0007942,C-00742,Zoe Garcia,zoe.garcia7942@example.com,11/03/2024,99332.00,USD,refunded,7,GB
TX-0009453,C-02253,Ethan Wilson,ethan.wilson9453@example.com,10/10/2024,209213.00,USD,pending,6,AU
TX-0007922,C-00722,Mia Martin,mia.martin7922@example.com,03/11/2024,104650.00,USD,refunded,3,GB
TX-0003650,C-01250,Mia Martin,mia.martin3650@example.com,03/11/2024,209505.00,USD,refunded,3,US
TX-0007556,C-00356,Sofia Brown,sofia.brown7556@example.com,09/05/2024,144508.00,USD,completed,5,CA
TX-0002979,C-00579,Liam Smith,liam.smith2979@example.com,04/04/2024,43077.00,USD,cancelled,4,DE
TX-0002782,C-00382,Zoe Garcia,zoe.garcia2782@example.com,11/03/2024,143799.00,USD,refunded,7,GB
TX-0002646,C-00246,Zoe Garcia,zoe.garcia2646@example.com,07/07/2024,136451.00,USD,refunded,7,CA
TX-0000589,C-00589,Ethan Wilson,ethan.wilson589@example.com,02/06/2024,3019.00,USD,pending,6,DE
TX-0009560,C-02360,Ava Patel,ava.patel9560@example.com,09/05/2024,184971.00,USD,completed,1,US
TX-0007346,C-00146,Mia Martin,mia.martin7346@example.com,03/11/2024,35401.00,USD,refunded,3,CA
TX-0006877,C-02077,Ethan Wilson,ethan.wilson6877@example.com,02/06/2024,167038.00,USD,pending,6,GB
TX-0003443,C-01043,Liam Smith,liam.smith3443@example.com,12/08/2024,200184.00,USD,cancelled,4,AU
TX-0000700,C-00700,Sofia Brown,sofia.brown700@example.com,05/09/2024,227807.00,USD,completed,5,US
TX-0006955,C-02155,Liam Smith,liam.smith6955@example.com,08/12/2024,125127.00,USD,cancelled,4,US
TX-0004459,C-02059,Liam Smith,liam.smith4459@example.com,08/12/2024,178162.00,USD,cancelled,4,DE
TX-0000971,C-00971,Liam Smith,liam.smith971@example.com,12/08/2024,192527.00,USD,cancelled,4,CA
TX-0004966,C-00166,Zoe Garcia,zoe.garcia4966@example.com,11/03/2024,235637.00,USD,unknown,7,CA
TX-0004580,C-02180,Sofia Brown,sofia.brown4580@example.com,09/05/2024,191712.00,USD,completed,5,US
TX-0000699,C-00699,Liam Smith,liam.smith699@example.com,04/04/2024,134326.00,USD,cancelled,4,DE
TX-0007740,C-00540,Sofia Brown,sofia.brown7740@example.com,01/01/2024,69951.00,USD,completed,5,US
TX-0002122,C-02122,Mia Martin,mia.martin2122@example.com,11/03/2024,79237.00,USD,refunded,3,GB
TX-0009857,C-00257,Noah Kim,noah.kim9857@example.com,06/02/2024,135844.00,USD,pending,2,GB
TX-0009906,C-00306,mia martin,mia.martin9906@example.com,07/07/2024,145241.00,USD,refunded,3,CA
TX-0008250,C-01050,Mia Martin,mia.martin8250@example.com,07/07/2024,64300.00,USD,refunded,3,US
TX-0008036,C-00836,Sofia Brown,sofia.brown8036@example.com,09/05/2024,23133.00,USD,completed,5,CA
TX-0000319,C-00319,Mateo Nguyen,mateo.nguyen319@example.com,08/12/2024,121091.00,USD,cancelled,8,DE
TX-0003775,C-01375,Mateo Nguyen,mateo.nguyen3775@example.com,08/12/2024,54502.00,USD,cancelled,8,US
TX-0008277,C-01077,Ethan Wilson,ethan.wilson.invalid,10/10/2024,236224.00,USD,pending,6,GB
TX-0004935,C-00135,Mateo Nguyen,mateo.nguyen4935@example.com,04/04/2024,209182.00,USD,cancelled,8,US
TX-0002731,C-00331,Liam Smith,liam.smith2731@example.com,08/12/2024,181718.00,USD,cancelled,4,CA
TX-0004240,C-01840,Ava Patel,ava.patel4240@example.com,05/09/2024,218995.00,USD,completed,1,US
TX-0009692,C-00092,Sofia Brown,sofia.brown9692@example.com,09/05/2024,80840.00,USD,completed,5,GB
TX-0000220,C-00220,Sofia Brown,sofia.brown220@example.com,05/09/2024,22121.00,USD,completed,5,US
TX-0007370,C-00170,Mia Martin,mia.martin7370@example.com,03/11/2024,206370.00,USD,refunded,3,US
TX-0009885,C-00285,Ethan Wilson,ethan.wilson9885@example.com,10/10/2024,46353.00,USD,pending,6,US
TX-0007462,C-00262,Zoe Garcia,zoe.garcia7462@example.com,11/03/2024,82242.00,USD,refunded,7,GB
TX-0008744,C-01544,Ava Patel,ava.patel8744@example.com,09/05/2024,29333.00,USD,completed,1,DE
TX-0003385,C-00985,Noah Kim,noah.kim3385@example.com,02/06/2024,94009.00,USD,pending,2,US
TX-0002012,C-02012,Sofia Brown,sofia.brown2012@example.com,09/05/2024,226449.00,USD,completed,5,GB
TX-0001768,C-01768,Ava Patel,ava.patel1768@example.com,05/09/2024,164733.00,USD,completed,1,AU
TX-0007994,C-00794,Mia Martin,mia.martin7994@example.com,03/11/2024,112376.00,USD,refunded,3,DE
TX-0005544,C-00744,Ava Patel,ava.patel5544@example.com,01/01/2024,25399.00,USD,completed,1,DE
TX-0007914,C-00714,Mia Martin,mia.martin7914@example.com,07/07/2024,120414.00,USD,refunded,3,DE
TX-0001629,C-01629,Ethan Wilson,ethan.wilson1629@example.com,10/10/2024,238894.00, USD ,pending,6,DE
TX-0009896,C-00296,Ava Patel,ava.patel9896@example.com,09/05/2024,14367.00,USD,completed,1,CA
TX-0006658,C-01858,Mia Martin,mia.martin6658@example.com,11/03/2024,193878.00,USD,refunded,3,AU
TX-0005088,C-00288,Ava Patel,ava.patel5088@example.com,01/01/2024,208935.00,USD,completed,1,AU
TX-0008750,C-01550,Zoe Garcia,zoe.garcia8750@example.com,03/11/2024,5184.00,USD,refunded,7,US
TX-0001170,C-01170,Mia Martin,mia.martin1170@example.com,07/07/2024,197491.00,USD,refunded,3,US
TX-0006793,C-01993,Noah Kim,noah.kim6793@example.com,02/06/2024,72456.00,USD,pending,2,AU
TX-0003932,C-01532,Sofia Brown,sofia.brown3932@example.com,09/05/2024,60074.00,USD,completed,5,GB
TX-0001978,C-01978,Mia Martin,mia.martin1978@example.com,11/03/2024,26581.00,USD,refunded,3,AU
TX-0009795,C-00195,Liam Smith,liam.smith9795@example.com,04/04/2024,118471.00,USD,cancelled,4,US
TX-0008194,C-00994,Mia Martin,mia.martin8194@example.com,11/03/2024,89980.00,USD,refunded,3,DE
TX-0005440,C-00640,Ava Patel,ava.patel5440@example.com,05/09/2024,203026.00,USD,completed,1,US
TX-0008139,C-00939,Liam Smith,liam.smith8139@example.com,04/04/2024,190502.00,USD,cancelled,4,DE
TX-0003640,C-01240,Ava Patel,ava.patel3640@example.com,05/09/2024,184753.00,USD,completed,1,US
TX-0004770,C-02370,Mia Martin,mia.martin4770@example.com,07/07/2024,142839.00,USD,refunded,3,US
TX-0003103,C-00703,Mateo Nguyen,mateo.nguyen3103@example.com,08/12/2024,199397.00,USD,cancelled,8,AU
TX-0006637,C-01837,Ethan Wilson,ethan.wilson6637@example.com,02/06/2024,182411.00,USD,pending,6,GB
TX-0005275,C-00475,Liam Smith,liam.smith5275@example.com,08/12/2024,-2522.00,USD,cancelled,4,US
TX-0003873,C-01473,Noah Kim,noah.kim3873@example.com,10/10/2024,247784.00,USD,pending,2,AU
TX-0003919,C-01519,Mateo Nguyen,mateo.nguyen3919@example.com,08/12/2024,100496.00,USD,cancelled,8,DE
TX-0006959,C-02159,Mateo Nguyen,mateo.nguyen6959@example.com,12/08/2024,62906.00,USD,cancelled,8,DE
TX-0005947,C-01147,Liam Smith,liam.smith5947@example.com,08/12/2024,36089.00,USD,cancelled,4,GB
TX-0003732,C-01332,Sofia Brown,sofia.brown3732@example.com,01/01/2024,13075.00,USD,completed,5,GB
TX-0002300,C-02300,Sofia Brown,sofia.brown2300@example.com,09/05/2024,52150.00,USD,completed,5,US
TX-0009698,C-00098,Mia Martin,mia.martin9698@example.com,03/11/2024,98544.00,USD,refunded,3,AU
TX-0005150,C-00350,Zoe Garcia,zoe.garcia5150@example.com,03/11/2024,16891.00,USD,refunded,7,US
TX-0003494,C-01094,Zoe Garcia,zoe.garcia3494@example.com,03/11/2024,75316.00,USD,refunded,7,DE
TX-0004348,C-01948,Sofia Brown,sofia.brown4348@example.com,05/09/2024,245818.00,USD,completed,5,AU
TX-0001515,C-01515,Liam Smith,liam.smith1515@example.com,04/04/2024,22464.00,USD,cancelled,4,US
TX-0001327,C-01327,Mateo Nguyen,mateo.nguyen1327@example.com,08/12/2024,220839.00,USD,cancelled,8,GB
TX-0002533,C-00133,Ethan Wilson,ethan.wilson2533@example.com,02/06/2024,220202.00,usd,pending,6,AU
TX-0000363,C-00363,Liam Smith,liam.smith363@example.com,04/04/2024,184377.00,USD,cancelled,4,AU
TX-0004646,C-02246,Zoe Garcia,zoe.garcia4646@example.com,03/11/2024,5613.00,USD,refunded,7,CA
TX-0004669,C-02269,Ethan Wilson,ethan.wilson4669@example.com,02/06/2024,113781.00,USD,pending,6,DE
TX-0001272,C-01272,Ava Patel,ava.patel1272@example.com,01/01/2024,179174.00,USD,completed,1,GB
TX-0001787,C-01787,Liam Smith,liam.smith1787@example.com,12/08/2024,117757.00,USD,cancelled,4,GB
TX-0008559,C-01359,Mateo Nguyen,mateo.nguyen8559@example.com,04/04/2024,82048.00,USD,cancelled,8,DE
TX-0000145,C-00145,Noah Kim,noah.kim145@example.com,02/06/2024,234918.00,USD,pending,2,US
TX-0003299,C-00899,Liam Smith,liam.smith3299@example.com,12/08/2024,29475.00,USD,cancelled,4,DE
